file,nrBest,proportionBest,entropyNrActions
nr_47_id_14_00a8f523edd070b35e374d78ae059ab616289ef4_Player_GTSPOON.csv,640,0.3121951219512195,1.6141622690006874
