file,nrBest,proportionBest,entropyNrActions
nr_23_id_30_01b23fc8e0b14ce9a3d730c594e2f14fba399658_SweeperAnalyzer_GTSPOON.csv,152,0.07414634146341463,2.0713994235570015
