file,nrBest,proportionBest,entropyNrActions
nr_203_id_17_040a1f29aa1a9023fd30a614c76d3038dd7ebff0_ProductList_GTSPOON.csv,1749,0.853170731707317,0.7919072372848992
