file,nrBest,proportionBest,entropyNrActions
nr_100_id_9_0136dada6e8be84a4507109c83884f1597fdecad_GitWrapper_GTSPOON.csv,185,0.09024390243902439,2.48762906267724
