file,nrBest,proportionBest,entropyNrActions
nr_351_id_21_091b564b04e2b57f39d8b653379f1f70ce752ac5_LongHashMapTest_GTSPOON.csv,1321,0.644390243902439,1.4966901951801284
