file,nrBest,proportionBest,entropyNrActions
nr_585_id_12_066f0e3cec4d5be19fe71102d42aeab49c381233_UserServlet_GTSPOON.csv,1135,0.5536585365853659,2.0058414453485662
