file,nrBest,proportionBest,entropyNrActions
nr_516_id_12_0598b02d25cfe671871db167c6b5b58801c9f29c_ImportBuilder_GTSPOON.csv,1301,0.6346341463414634,1.6340352458231742
