file,nrBest,proportionBest,entropyNrActions
nr_91_id_38_3b7bfd9a1b05ac7e154493deb422a8647410c798_MainActivity_GTSPOON.csv,79,0.03853658536585366,3.1555372978434955
