file,nrBest,proportionBest,entropyNrActions
nr_401_id_29_1757c0c0e55af8f401880cb8e71a17d36ef264f5_Settings_GTSPOON.csv,907,0.4424390243902439,2.4266886263573237
