file,nrBest,proportionBest,entropyNrActions
nr_455_id_26_0f355d30a0a6ed2b0989faefcb287e952d1a4209_FireRing_GTSPOON.csv,1935,0.9439024390243902,0.3138831499815311
