file,nrBest,proportionBest,entropyNrActions
nr_197_id_2_005db37fb0c5a1c05d266d66608a64bff0465889_DateAttributeHandler_GTSPOON.csv,1925,0.9390243902439024,0.37107878106902087
