file,nrBest,proportionBest,entropyNrActions
nr_244_id_32_159a3b3bcbe8a7037964fd25c10f55461bc021e3_TestProblems_GTSPOON.csv,1937,0.9448780487804878,0.29763688253653936
