file,nrBest,proportionBest,entropyNrActions
nr_28_id_6_00371679b95d704487a923182fc3309133259cf1_ScrollOfKeeping_GTSPOON.csv,828,0.40390243902439027,1.2429227909646108
