file,nrBest,proportionBest,entropyNrActions
nr_633_id_8_04f6bee887815a83e99c60b781c756d595640c47_GenerateJsVisitor_GTSPOON.csv,2,0.000975609756097561,3.2407002105293437
