file,nrBest,proportionBest,entropyNrActions
nr_252_id_31_11c788390b445ba0257a3e066f2d286d3ae78500_Ringer_GTSPOON.csv,155,0.07560975609756097,3.1432936714509934
