file,nrBest,proportionBest,entropyNrActions
nr_326_id_18_067b347b02728a2b0addf54a7d0ed183c047a58e_SipFactoryImpl_GTSPOON.csv,1277,0.6229268292682927,1.6444533842512152
