file,nrBest,proportionBest,entropyNrActions
nr_507_id_25_11fdf2e01d95b874f493e0249a58e9d49eb9216b_Config_GTSPOON.csv,566,0.2760975609756098,2.262252020873397
