file,nrBest,proportionBest,entropyNrActions
nr_94_id_17_01d43c123481d87bcdb3ba22b3b371b03c094f84_DBUtils_GTSPOON.csv,1608,0.784390243902439,0.9073886539275997
