file,nrBest,proportionBest,entropyNrActions
nr_311_id_20_060c910d30bcea440353e3483289fa1527160c8a_frmRule_GTSPOON.csv,8,0.003902439024390244,3.988499227975262
