file,nrBest,proportionBest,entropyNrActions
nr_235_id_6_01839d5a428d7a148b553a902e06c9380ab0f553_SharedLibrary_GTSPOON.csv,1843,0.8990243902439025,0.578856118778456
