file,nrBest,proportionBest,entropyNrActions
nr_26_id_12_00564bdc8403430b2da9788f3d56ac254d2a281c_XmlSearch_GTSPOON.csv,1812,0.8839024390243903,0.6268661584603363
