file,nrBest,proportionBest,entropyNrActions
nr_414_id_9_04c61f6381f15c074ee9297581a599f1bff6da1a_TestUpgradeStore_GTSPOON.csv,1150,0.5609756097560976,1.8340169794106151
