file,nrBest,proportionBest,entropyNrActions
nr_508_id_26_11506a49c6091a87a275a47cc397c86256a2b2d1_PrisonPearlPlugin_GTSPOON.csv,12,0.005853658536585366,2.0931235611438233
