file,nrBest,proportionBest,entropyNrActions
nr_21_id_18_00431e958172476e9ebacfefb7a88055b74b70ed_JCRCalendarDao_GTSPOON.csv,60,0.02926829268292683,2.5333434341193564
