file,nrBest,proportionBest,entropyNrActions
nr_147_id_23_0464ae25d86ff52e702dbba6b67cb5488081e49e_KieBuilderTest_GTSPOON.csv,1085,0.5292682926829269,1.8953869632066964
