file,nrBest,proportionBest,entropyNrActions
nr_61_id_11_00b20cdee6350c6e497c507d0b08af6e03baaacc_MyPet_GTSPOON.csv,616,0.30048780487804877,2.6016117270775787
