file,nrBest,proportionBest,entropyNrActions
nr_263_id_34_252bf93b7d4c50016e0130748bc6af1a6094f8f7_AliasExecutor_GTSPOON.csv,444,0.21658536585365853,2.164434740239799
