file,nrBest,proportionBest,entropyNrActions
nr_729_id_1_084cf7733bc363b48d24101bd065f106f2ea3cc2_DataLogger_GTSPOON.csv,1097,0.5351219512195122,1.9407980693940554
