file,nrBest,proportionBest,entropyNrActions
nr_392_id_31_1baa3985948d0e49f8e4289b3d088b0fc6902cf5_HalfEdge_GTSPOON.csv,68,0.033170731707317075,3.492586933235442
