file,nrBest,proportionBest,entropyNrActions
nr_323_id_32_1c34aa737d1bb2f717ded431899e0855d873bd41_Login_GTSPOON.csv,108,0.05268292682926829,1.4186469466293985
