file,nrBest,proportionBest,entropyNrActions
nr_251_id_16_049c115e8ed08e0d0e70773787100fc43957d9f2_CVSHistory_GTSPOON.csv,786,0.38341463414634147,2.6903988433195893
