file,nrBest,proportionBest,entropyNrActions
nr_256_id_3_01b73049c61495bac4ae855e6837e79feb5965f2_HBaseClientFactory_GTSPOON.csv,1718,0.8380487804878048,0.8832641280144715
