file,nrBest,proportionBest,entropyNrActions
nr_218_id_35_2a002c2b2d259f5e6560531955b92fc6dd4c4412_OpenTSDB_GTSPOON.csv,70,0.03414634146341464,1.1411667978245783
