file,nrBest,proportionBest,entropyNrActions
nr_528_id_4_0218f72e301e963591755941276beec7e1174d5b_LongCodecFactory_GTSPOON.csv,2025,0.9878048780487805,0.08017086387498366
