file,nrBest,proportionBest,entropyNrActions
nr_197_id_14_02d5cc1b1e9230a03aa7259211ff158eb0673969_TrainingPoint_GTSPOON.csv,1277,0.6229268292682927,1.607904445380494
