file,nrBest,proportionBest,entropyNrActions
nr_526_id_30_1fef781f14615395a917f5cef1bc6c6946700e27_KeyguardViewMediator_GTSPOON.csv,43,0.020975609756097562,3.0600356526998853
