file,nrBest,proportionBest,entropyNrActions
nr_499_id_33_3bc503e4539c492dd8f1d06f03a729d3171320ba_CompilerMessagesPanel_GTSPOON.csv,57,0.027804878048780488,1.5870608625792502
