file,nrBest,proportionBest,entropyNrActions
nr_434_id_31_1e705bf0ab005885a5218ecf5d85115a5d752e82_AbstractField_GTSPOON.csv,550,0.2682926829268293,2.67688867590124
