file,nrBest,proportionBest,entropyNrActions
nr_62_id_28_02b155bbbe9bbe0104f633d047d8c4fc64e176c2_IGroup_GTSPOON.csv,2015,0.9829268292682927,0.10520570474832268
