file,nrBest,proportionBest,entropyNrActions
nr_314_id_22_07cabb6496045fac38fbe26a5adbcef23f561812_Messages_GTSPOON.csv,286,0.13951219512195123,1.3196742915457453
