file,nrBest,proportionBest,entropyNrActions
nr_113_id_37_3345236ee133b7055658d88c8e6a5eebaab9b1e9_MenuDetailFragment_GTSPOON.csv,686,0.33463414634146343,2.3253481817556465
