file,nrBest,proportionBest,entropyNrActions
nr_459_id_18_08a70bcb776ab49fb4807f4ec908fe05075eafdc_GwycraftTab_GTSPOON.csv,2025,0.9878048780487805,0.08031158664077977
