file,nrBest,proportionBest,entropyNrActions
nr_193_id_31_0d6ff7b57086748732e0881b5f2a053f5f8b8536_TestRunner_2_GTSPOON.csv,91,0.04439024390243902,1.7770848132570098
