file,nrBest,proportionBest,entropyNrActions
nr_392_id_29_169e7b61721ed93362c940742a38bc310b434f49_AnswerTemplate_GTSPOON.csv,2005,0.9780487804878049,0.13933473429607635
