file,nrBest,proportionBest,entropyNrActions
nr_474_id_12_052656eb36281bfe3daed82d95f237abea4365f6_AllTests_GTSPOON.csv,914,0.4458536585365854,0.555303564839675
