file,nrBest,proportionBest,entropyNrActions
nr_378_id_36_61441858fc2220fbcec023a9def2925242d467f9_CVSAction_GTSPOON.csv,1484,0.7239024390243902,1.1379492798813557
