file,nrBest,proportionBest,entropyNrActions
nr_12_id_12_0024403cd8a4b6b776b17a09a14c31cc514d5a2c_Synchronizer_GTSPOON.csv,185,0.09024390243902439,2.3015674030386757
