file,nrBest,proportionBest,entropyNrActions
nr_114_id_25_03dcd9f78d1a76c2421cdfed0cd0e9d475717f8d_Score_GTSPOON.csv,1901,0.9273170731707318,0.430561211747637
