file,nrBest,proportionBest,entropyNrActions
nr_436_id_28_13419a70be24a370da8a38b4f88151e40b410fa5_JAXBSchemaSupport_GTSPOON.csv,1739,0.8482926829268292,0.8412715560734565
