file,nrBest,proportionBest,entropyNrActions
nr_784_id_2_01abcb6045678e596a647f2674ab001446b6d98b_GridIndexToNC_GTSPOON.csv,268,0.13073170731707318,2.640855138982874
