file,nrBest,proportionBest,entropyNrActions
nr_419_id_6_028cb0be582588b5a9c18e16004ae10a352d3c0d_SurefireBooter_GTSPOON.csv,256,0.1248780487804878,3.108699166787047
