file,nrBest,proportionBest,entropyNrActions
nr_349_id_27_0f2a4253f52c1d74f66454a0b2c12cde5b770887_Utils_GTSPOON.csv,1938,0.9453658536585365,0.32666152599211545
