file,nrBest,proportionBest,entropyNrActions
nr_318_id_29_12a77d178339f3a9b90a80ed1fbc9b930e264c74_GroovyClassLoader_GTSPOON.csv,94,0.045853658536585365,3.1779009272598717
