file,nrBest,proportionBest,entropyNrActions
nr_333_id_24_0a56c13feeed3b84b7407ad453c59795c05442e7_GameScreen_GTSPOON.csv,524,0.255609756097561,3.1277872019607784
