file,nrBest,proportionBest,entropyNrActions
nr_203_id_12_023db32249ae181fc4c11b52c2d732124d95f845_JavaInterrogator_GTSPOON.csv,1716,0.8370731707317073,0.9112915738447845
