file,nrBest,proportionBest,entropyNrActions
nr_22_id_8_002f32a879fa9edb544448e8009259ceb7ab8d15_YamlConfig_GTSPOON.csv,120,0.05853658536585366,1.2544132062928897
