file,nrBest,proportionBest,entropyNrActions
nr_115_id_23_033ee5040ad3c9344ab35f4f498f36d44a8faa6f_UIMessages_GTSPOON.csv,1651,0.8053658536585366,0.8029481313999726
