file,nrBest,proportionBest,entropyNrActions
nr_352_id_36_5a3b2885e6a2f0c668c065897af5d17278ff8746_ScriptRuntime_GTSPOON.csv,171,0.08341463414634147,2.595586840956565
