file,nrBest,proportionBest,entropyNrActions
nr_432_id_23_0d63824294e814467c9c5f922e1ea139057562ab_Wunder_GTSPOON.csv,162,0.07902439024390244,3.149444345581207
