file,nrBest,proportionBest,entropyNrActions
nr_301_id_14_047dfd58f57c392ccaf08b0b5c703615e2f3222b_HWireServer_GTSPOON.csv,960,0.4682926829268293,2.1308321096276353
