file,nrBest,proportionBest,entropyNrActions
nr_43_id_13_00c33bd3568c69208ef39d5260609680573f6a7b_ApplicationConnection_GTSPOON.csv,132,0.06439024390243903,3.500494309657121
