file,nrBest,proportionBest,entropyNrActions
nr_435_id_21_0b030358c281f4a004aa404eaa31658259b12b9b_Deb_GTSPOON.csv,195,0.0951219512195122,2.4942370113150636
