file,nrBest,proportionBest,entropyNrActions
nr_91_id_17_01c54d19d8b970c1a54b515d0259a7965b4ba9bc_RepositoryInstaller_GTSPOON.csv,1634,0.7970731707317074,0.9225245651510833
