file,nrBest,proportionBest,entropyNrActions
nr_263_id_15_04cc2e25b4e7223a6a7c2e6549ab1dc0166e739f_System_GTSPOON.csv,10,0.004878048780487805,1.2227723370424093
