file,nrBest,proportionBest,entropyNrActions
nr_404_id_12_046547aa610ffeff5f6b64fc5737097172d89b4a_LoginActivity_GTSPOON.csv,1625,0.7926829268292683,1.0199920492145056
