file,nrBest,proportionBest,entropyNrActions
nr_203_id_26_07a95d990fba1e517896c69af0d3317ddaf3813f_LiferayDataSource_GTSPOON.csv,121,0.059024390243902436,2.7920390613604207
