file,nrBest,proportionBest,entropyNrActions
nr_442_id_18_08453f7f9d0c67f9242825a2cac916626f216391_BanManager_GTSPOON.csv,133,0.06487804878048781,3.403649541679756
