file,nrBest,proportionBest,entropyNrActions
nr_299_id_37_83bf248e65a00e37ff4ba7102c81040bfa70f200_WelcomeActivity_GTSPOON.csv,2000,0.975609756097561,0.1602721628773067
