file,nrBest,proportionBest,entropyNrActions
nr_272_id_26_0995e19cc3694079ccd1f20f471abf815b22dfea_XBRLImport_GTSPOON.csv,664,0.32390243902439025,2.632858135969306
