file,nrBest,proportionBest,entropyNrActions
nr_55_id_16_013323f8f4d7411832ad588cec0773c4a696f9bb_SnippetView_GTSPOON.csv,145,0.07073170731707316,2.5502156137068392
