file,nrBest,proportionBest,entropyNrActions
nr_170_id_19_043468055f7487e2c935ed2451c1af7fa6260c5b_EmailSyncAdapter_GTSPOON.csv,61,0.02975609756097561,3.5017941722566857
