file,nrBest,proportionBest,entropyNrActions
nr_118_id_25_040174cba5c7ca7d608e4ef613114f061a67c4a5_ServletDataDto_GTSPOON.csv,196,0.09560975609756098,2.56602023463774
