file,nrBest,proportionBest,entropyNrActions
nr_391_id_19_095fd0cc9ce5b5a44923402b4c8c39dc12f4e83a_Wave_GTSPOON.csv,1565,0.7634146341463415,1.151317961632917
