file,nrBest,proportionBest,entropyNrActions
nr_519_id_12_05a8218ae422bf0655ca73a6567dd6a2f93f9c77_PlaceManagerImpl_GTSPOON.csv,122,0.05951219512195122,1.1360089545039345
