file,nrBest,proportionBest,entropyNrActions
nr_290_id_37_7fcd272901d862d25aad8edc6f6095142e040ae1_AbstractDesktop_GTSPOON.csv,58,0.02829268292682927,2.632695796309162
