file,nrBest,proportionBest,entropyNrActions
nr_345_id_17_06e55813a804c4eeac53ff5f0941a629d1fcc3a6_Scanner_GTSPOON.csv,1450,0.7073170731707317,1.2291869433150358
