file,nrBest,proportionBest,entropyNrActions
nr_554_id_35_694964b8a19edd5dd5e8f19814d88bc282cc2b57_AssetIterator_GTSPOON.csv,189,0.09219512195121951,2.4497536079509277
