file,nrBest,proportionBest,entropyNrActions
nr_242_id_5_01fcf490b45f7469c942b14c1926915bc621b2aa_ModelManager_GTSPOON.csv,171,0.08341463414634147,2.8538562001735905
