file,nrBest,proportionBest,entropyNrActions
nr_253_id_27_0b162cb9dc56fe5d50a53460d9e90a5047c47e5e_PluginManager_GTSPOON.csv,1210,0.5902439024390244,1.6882598642766076
