file,nrBest,proportionBest,entropyNrActions
nr_115_id_19_02ca51e11a2516525cc1bc45f6690ce1f0a4d08e_OrderResource_GTSPOON.csv,1910,0.9317073170731708,0.415742268732367
