file,nrBest,proportionBest,entropyNrActions
nr_447_id_15_0851eb7a32977844cb979d913da01c01e3cd0c1a_LibUSBTest_GTSPOON.csv,313,0.1526829268292683,2.2109774936992475
