file,nrBest,proportionBest,entropyNrActions
nr_120_id_9_017226baf23b1c66be16372ea12400a6c239c7c3_ParameterBase_GTSPOON.csv,1525,0.7439024390243902,1.2142744535205119
