file,nrBest,proportionBest,entropyNrActions
nr_421_id_19_0a011175a7210b1a2b8644bdfc066dd118259a04_NioFileRegionTest_GTSPOON.csv,2000,0.975609756097561,0.1525879291793702
