file,nrBest,proportionBest,entropyNrActions
nr_305_id_15_059d9eb77a54cf2768f4cff867868ab6490d4c91_RESTHelper_GTSPOON.csv,160,0.07804878048780488,1.9735978531378238
