file,nrBest,proportionBest,entropyNrActions
nr_31_id_14_007ff74b1d53fee51f22785a65a491608ab93f50_TestDataFileLoader_GTSPOON.csv,57,0.027804878048780488,0.8577704408371329
