file,nrBest,proportionBest,entropyNrActions
nr_512_id_28_16f086c9934fa6e380256a92db310cb8c448d3f3_SequencePanel_GTSPOON.csv,400,0.1951219512195122,2.7391112086515577
