file,nrBest,proportionBest,entropyNrActions
nr_110_id_7_01361fb228ed97ce76f49039cc3d27af3d18d13a_TelaPrincipal_GTSPOON.csv,90,0.04390243902439024,1.1186760984087631
