file,nrBest,proportionBest,entropyNrActions
nr_189_id_36_2ec2ba6127accd8c473bbc72f2a9c814491f0508_ClientBO_GTSPOON.csv,157,0.07658536585365854,2.9801404619149188
