file,nrBest,proportionBest,entropyNrActions
nr_147_id_21_03fd14c1c673ba059f4c135b4be806b37c05e19d_LWC_GTSPOON.csv,1243,0.6063414634146341,1.6752881954670273
