file,nrBest,proportionBest,entropyNrActions
nr_63_id_28_02b46403c686915399751e288a663f1c4818803f_NestGraphicsDisplay_GTSPOON.csv,1843,0.8990243902439025,0.5711717836198216
