file,nrBest,proportionBest,entropyNrActions
nr_502_id_35_6026321655f128cdfab0e8a7c43ad45d7ef3b105_Launcher_GTSPOON.csv,153,0.07463414634146341,1.909893218310071
