file,nrBest,proportionBest,entropyNrActions
nr_37_id_18_008f390b9c35e26c791326bebbfc3496589e68f4_HSpiceOut_GTSPOON.csv,10,0.004878048780487805,3.0316187308998312
