file,nrBest,proportionBest,entropyNrActions
nr_417_id_12_048aad42ee24696a1c9b5a2c4081909f4dd063c8_TableShare_GTSPOON.csv,1272,0.6204878048780488,1.6292916397578563
