file,nrBest,proportionBest,entropyNrActions
nr_180_id_23_05d3019d86e631f21bb181e6ec3a8e8154dcb68f_BookingsService_GTSPOON.csv,146,0.07121951219512195,2.7748590722470103
