file,nrBest,proportionBest,entropyNrActions
nr_147_id_24_046f5b5d6d8bf9d6b985a49a04b00d735e2d6f46_DOMObserverImpl_GTSPOON.csv,1829,0.8921951219512195,0.6185046891607403
