file,nrBest,proportionBest,entropyNrActions
nr_80_id_39_87109e924233e2b2c7611d7633fa4d508b29b0f5_DGMInferencingTests_GTSPOON.csv,370,0.18048780487804877,1.5065509273209607
