file,nrBest,proportionBest,entropyNrActions
nr_146_id_16_02ded333e8305bec3933fcbb9ac14bc634957f57_Client_GTSPOON.csv,1662,0.8107317073170732,1.0990505555156709
