file,nrBest,proportionBest,entropyNrActions
nr_339_id_25_0b9fc70187cb20c6eb44588f32e55d167d7a4c96_UniquePixel_GTSPOON.csv,787,0.38390243902439025,2.528733640642177
