file,nrBest,proportionBest,entropyNrActions
nr_493_id_28_162958670c607d04cbf5d4d659a92ad2ffae53af_TimedStopwatch_GTSPOON.csv,2022,0.9863414634146341,0.10107724882976989
