file,nrBest,proportionBest,entropyNrActions
nr_54_id_6_0067057c31720f64926d6ee3d841b15dc197d2df_TabWidget_GTSPOON.csv,1302,0.6351219512195122,1.5944283993339519
