file,nrBest,proportionBest,entropyNrActions
nr_344_id_29_14353e1b227194103a4606bfe2b132e2076315e1_TestUtils_GTSPOON.csv,192,0.09365853658536585,1.5885633822472665
