file,nrBest,proportionBest,entropyNrActions
nr_46_id_31_0376f7235af6290fdb90f7f37954123548b0cd1c_KeyTypeTest_GTSPOON.csv,5,0.0024390243902439024,1.12898610639752
