file,nrBest,proportionBest,entropyNrActions
nr_431_id_25_0f11d5071f375cbf4498b2ffa0329642958137ce_ProfileCreator_GTSPOON.csv,928,0.4526829268292683,2.158401543142102
