file,nrBest,proportionBest,entropyNrActions
nr_439_id_27_143229f5446a81c2015a04b9d4ec9cfd14260cf7_Ajp13Parser_GTSPOON.csv,30,0.014634146341463415,3.2022214374445763
