file,nrBest,proportionBest,entropyNrActions
nr_527_id_7_0573619a60ca934cbd93177adff8f8878889e914_ChatMenu_GTSPOON.csv,1040,0.5073170731707317,1.9395602721461642
