file,nrBest,proportionBest,entropyNrActions
nr_414_id_32_23b8ff05df38464c698e32e6e03739781afd26f3_SQL_DB_GTSPOON.csv,167,0.08146341463414634,2.8222473008791176
