file,nrBest,proportionBest,entropyNrActions
nr_281_id_12_031297b1b02a3924dff17f8e685ff7abfa75a888_ClojureBackend_GTSPOON.csv,134,0.06536585365853659,1.2474539121793264
