file,nrBest,proportionBest,entropyNrActions
nr_357_id_21_0960ac760e284015e0e9e7897f74f376e06d3a66_JarCommand_GTSPOON.csv,1559,0.7604878048780488,1.252403696219655
