file,nrBest,proportionBest,entropyNrActions
nr_474_id_14_06c5da8c1fedf5b61e3db3a9800c1b68c5c9376b_PHOG_GTSPOON.csv,240,0.11707317073170732,3.0907694644404726
