file,nrBest,proportionBest,entropyNrActions
nr_249_id_19_0632f2adc685338edb0bbc5a34eff3669dc70245_OrientEdge_GTSPOON.csv,1015,0.4951219512195122,1.8736705389670105
