file,nrBest,proportionBest,entropyNrActions
nr_492_id_4_01fddd4b6d74db40ec111668fdda58168df784b0_RunProcess_GTSPOON.csv,145,0.07073170731707316,2.8667701070739593
