file,nrBest,proportionBest,entropyNrActions
nr_305_id_12_034fce8ab87890a3800fbf1c07fbc498132e5e54_View_AnimationTest_GTSPOON.csv,1286,0.6273170731707317,1.5019894881590201
