file,nrBest,proportionBest,entropyNrActions
nr_482_id_13_070a97889615f625bfaa3f7194e6830a4ac189a1_CuckooSubFBJTAAgent_GTSPOON.csv,1932,0.9424390243902439,0.3629746169552503
