file,nrBest,proportionBest,entropyNrActions
nr_304_id_7_0324017aa0a02b6b8381da00eaeb4a78879bb034_Snippet_GTSPOON.csv,612,0.29853658536585365,2.7138839087809115
