file,nrBest,proportionBest,entropyNrActions
nr_344_id_29_14353e1b227194103a4606bfe2b132e2076315e1_Utils_GTSPOON.csv,200,0.0975609756097561,2.5647737226342304
