file,nrBest,proportionBest,entropyNrActions
nr_129_id_23_03f40578f4562fef6ff120960fb082878664d5bf_BatteryStatsProxy_GTSPOON.csv,1723,0.8404878048780487,0.8077489403264907
