file,nrBest,proportionBest,entropyNrActions
nr_199_id_27_08f252428ee2427d9dffc581e526b5a09c6c04c9_Indexer_GTSPOON.csv,1838,0.8965853658536586,0.6288433898657487
