file,nrBest,proportionBest,entropyNrActions
nr_389_id_7_0407523a82ead76266ab8927b13222c6a6773c22_CyclicAutomata_GTSPOON.csv,2025,0.9878048780487805,0.09159069613626225
