file,nrBest,proportionBest,entropyNrActions
nr_409_id_33_3363e89ce4c775ccbf6151218ad6934abd9f86f6_TreasureBox_GTSPOON.csv,912,0.4448780487804878,1.3893231197555185
