file,nrBest,proportionBest,entropyNrActions
nr_478_id_12_05328350dd9b3716598d85d86d2b72d131245e99_ListItem_GTSPOON.csv,126,0.06146341463414634,2.3973589096805137
