file,nrBest,proportionBest,entropyNrActions
nr_392_id_30_1850e37b2329524fb1cee479cd0f81a91d96d047_SWORDErrorDocument_GTSPOON.csv,1756,0.8565853658536585,0.7871769644750499
