file,nrBest,proportionBest,entropyNrActions
nr_419_id_20_08108088648f90cbc56aa5be9df8a5d25f045b60_SimpleTTLTests_GTSPOON.csv,302,0.1473170731707317,2.7221337918875586
