file,nrBest,proportionBest,entropyNrActions
nr_226_id_18_045f604764e777158bc63ce5386d79bbba31a97b_ModelRowElement_GTSPOON.csv,1292,0.6302439024390244,1.710891834748444
