file,nrBest,proportionBest,entropyNrActions
nr_380_id_20_076605db8555a8e30dd1e414ad8d7e18aac1150c_TableLCA_Test_GTSPOON.csv,210,0.1024390243902439,2.063046457934308
