file,nrBest,proportionBest,entropyNrActions
nr_294_id_29_1188a4531d1ff1f1f0287600a194b3534c1f30a0_KeyFieldBasedComparator_GTSPOON.csv,1100,0.5365853658536586,1.9486604796843352
