file,nrBest,proportionBest,entropyNrActions
nr_23_id_15_005bd402e582440c012f2dc571710cf352356914_JCanvas_GTSPOON.csv,76,0.037073170731707315,3.7341317929457523
