file,nrBest,proportionBest,entropyNrActions
nr_333_id_14_04eba7bc888a7d8b6578037c5d7b7542a14a9edc_Network_GTSPOON.csv,2000,0.975609756097561,0.16645182656601498
