file,nrBest,proportionBest,entropyNrActions
nr_122_id_23_0397e9d30129e4c32a6ab1a3c47b45d6660d1a76_TileQuarry_GTSPOON.csv,210,0.1024390243902439,2.325324563301306
