file,nrBest,proportionBest,entropyNrActions
nr_150_id_27_06b5fa34fb1caa12e718d2519fb24cb6672d9d36_TaskLibrary_GTSPOON.csv,2020,0.9853658536585366,0.09574973253061993
