file,nrBest,proportionBest,entropyNrActions
nr_316_id_26_0af04bd28d17f931098b8a6549932942cca74b2c_WindowMenu_GTSPOON.csv,212,0.10341463414634146,1.8019015862430148
