file,nrBest,proportionBest,entropyNrActions
nr_407_id_19_09dbbd1e9e6b15e0240a9359dd003097d1f9d6c7_SetCommand_GTSPOON.csv,1931,0.9419512195121951,0.3754730644882146
