file,nrBest,proportionBest,entropyNrActions
nr_516_id_26_11a32eb0c043ed65a91b73483694e1c1b1f64579_OwnershipResourceTest_GTSPOON.csv,166,0.08097560975609756,2.4185996287409957
