file,nrBest,proportionBest,entropyNrActions
nr_73_id_17_01538570674c320ee2084a4bc80b539a048a9d72_LocalModificationCheckerTest_GTSPOON.csv,1425,0.6951219512195121,0.8702296498538525
