file,nrBest,proportionBest,entropyNrActions
nr_412_id_3_02b5843cd2a6fec30771437df5ff02989386f399_SessionManager_GTSPOON.csv,1404,0.6848780487804879,1.3252935382882662
