file,nrBest,proportionBest,entropyNrActions
nr_145_id_6_01022effe15e5e78ded2ae0ae24b005c02c52b25_Village_GTSPOON.csv,40,0.01951219512195122,2.6404355055387407
