file,nrBest,proportionBest,entropyNrActions
nr_245_id_4_00e64ab40d6fa2b5ad1c4837eff8371064d00d49_Pdh_GTSPOON.csv,1269,0.6190243902439024,1.6147396357339991
