file,nrBest,proportionBest,entropyNrActions
nr_355_id_29_1487301399291a8d7fb481a15bdae3e9f41b269b_Util_GTSPOON.csv,262,0.1278048780487805,2.272990719076618
