file,nrBest,proportionBest,entropyNrActions
nr_255_id_29_0ef985a703d647934eb5ea05994d675d91cf6b93_RowKeySchema_GTSPOON.csv,1737,0.8473170731707317,0.8202861555734781
