file,nrBest,proportionBest,entropyNrActions
nr_61_id_16_014f9d3ac4e22dd539937f5351dc70418b82a768_BaseModel_GTSPOON.csv,1730,0.8439024390243902,0.7011565596248313
