file,nrBest,proportionBest,entropyNrActions
nr_501_id_15_0923084a4955e9c8ce4c01ffec5b42620052eb4f_Induccion_GTSPOON.csv,95,0.046341463414634146,2.163224744243837
