file,nrBest,proportionBest,entropyNrActions
nr_466_id_36_77a6cde019bb583fc03ff23f0c1a2112f5ba884a_Err_GTSPOON.csv,65,0.03170731707317073,1.9865827674385246
