file,nrBest,proportionBest,entropyNrActions
nr_526_id_28_178e54f7f0b6cd899b67867154a8f514f8985333_EvalUtil_GTSPOON.csv,200,0.0975609756097561,2.5620445799939833
