file,nrBest,proportionBest,entropyNrActions
nr_567_id_35_6c458d5990305e31851f6a5f218359fa8726599e_VAPrinceWilliamCountyAParser_GTSPOON.csv,52,0.025365853658536587,1.719655587703407
