file,nrBest,proportionBest,entropyNrActions
nr_440_id_31_1eba03aa3772cd33fa18ba010b62cc0a89422b38_Maze_GTSPOON.csv,1829,0.8921951219512195,0.5875787450516842
