file,nrBest,proportionBest,entropyNrActions
nr_122_id_14_018a9b556f4aa8ebc27342214624c9d3223eb3bc_FunctionalGoTo_GTSPOON.csv,721,0.3517073170731707,2.3087344607424924
