file,nrBest,proportionBest,entropyNrActions
nr_246_id_8_0219ae021c2a042a79534e8063b7a15914a46163_CacheController_GTSPOON.csv,178,0.08682926829268292,2.574736429676903
