file,nrBest,proportionBest,entropyNrActions
nr_156_id_6_0116b5a17914a7b49601cc18c6a11138109c25ab_SQLTest_GTSPOON.csv,140,0.06829268292682927,2.53529216167194
