file,nrBest,proportionBest,entropyNrActions
nr_68_id_39_71956b808311831865eb22bf420429ba58682d6e_MCUpdater_GTSPOON.csv,61,0.02975609756097561,3.6460194828620716
