file,nrBest,proportionBest,entropyNrActions
nr_461_id_30_1c1c7f81b002e1f77072cfcadb2b83c8fa37cd81_TestApp_GTSPOON.csv,158,0.07707317073170732,2.544457237699031
