file,nrBest,proportionBest,entropyNrActions
nr_171_id_29_09d3c12442e8007cfb5afe9f5bbfa7564bd09809_TcpIpJoiner_GTSPOON.csv,76,0.037073170731707315,3.544044834416595
