file,nrBest,proportionBest,entropyNrActions
nr_171_id_23_05526332666bc5142f8cf29a941435527c20fb9c_RequireThisCheckTest_GTSPOON.csv,982,0.4790243902439024,1.4937880831325472
