file,nrBest,proportionBest,entropyNrActions
nr_578_id_7_06029cea8718a42b4968b33ddf092b4e7c6a1e21_ExecutionVisitor_GTSPOON.csv,183,0.08926829268292683,2.6086092571909063
