file,nrBest,proportionBest,entropyNrActions
nr_151_id_19_03bda6f8712be612dd345f930b5073f5a1de2314_Ignore_GTSPOON.csv,1682,0.8204878048780487,0.9380781697808483
