file,nrBest,proportionBest,entropyNrActions
nr_6_id_15_0017f21578357b5661cd9332b8bc8177cedf0c87_MainMenuScreen_GTSPOON.csv,171,0.08341463414634147,2.733728926684548
