file,nrBest,proportionBest,entropyNrActions
nr_562_id_8_0489ad1332e6c48f4ca2e421ad611a3bc386b6ee_StopManager_GTSPOON.csv,1063,0.5185365853658537,2.236199308380253
