file,nrBest,proportionBest,entropyNrActions
nr_421_id_5_0383aeca7966564c7179fd894597409ae3e780e1_TransactionImpl_GTSPOON.csv,1274,0.6214634146341463,1.6198138005529163
