file,nrBest,proportionBest,entropyNrActions
nr_164_id_1_01f310dd69c994c6439a3bfa6088611172758851_Infobox_GTSPOON.csv,1923,0.9380487804878048,0.38566135311720573
