file,nrBest,proportionBest,entropyNrActions
nr_271_id_7_02dc47be096f10cd664d3e928155f646d3f19753_MethodScheduler_GTSPOON.csv,1700,0.8292682926829268,0.9836310837450316
