file,nrBest,proportionBest,entropyNrActions
nr_304_id_25_0a1919f6f1764551ba21dcb89a3a1447c994fe6d_Handler_GTSPOON.csv,293,0.14292682926829267,1.3677117099046088
