file,nrBest,proportionBest,entropyNrActions
nr_654_id_1_0768a421f9c3e0da51048760283a769953b600e1_DateSetPreferencePage_GTSPOON.csv,1462,0.713170731707317,1.087901819638401
