file,nrBest,proportionBest,entropyNrActions
nr_441_id_12_04be2111c97393448bb8c2d149a227102e15b1ec_ID3v23Tag_GTSPOON.csv,639,0.31170731707317073,2.464999075137767
