file,nrBest,proportionBest,entropyNrActions
nr_272_id_10_027d96403ae4bae7d5585cda845ec8f91c3f1339_BasicOptionsImpl_GTSPOON.csv,1822,0.8887804878048781,0.6211890778639804
