file,nrBest,proportionBest,entropyNrActions
nr_47_id_39_46109a2ab3b2f360067662e36e2754e8c453b3df_AbstractMETSIngester_GTSPOON.csv,449,0.21902439024390244,2.488992689530551
