file,nrBest,proportionBest,entropyNrActions
nr_113_id_6_00c980f78de213e5d6bc41f49990063e549cd2b2_InfoBar_GTSPOON.csv,1901,0.9273170731707318,0.4406518712331747
