file,nrBest,proportionBest,entropyNrActions
nr_744_id_1_08709defd6a840f37a4f5c18b599cf1ef58de234_PrompterImpl_GTSPOON.csv,1753,0.8551219512195122,0.7730770799933739
