file,nrBest,proportionBest,entropyNrActions
nr_60_id_27_02c85cdea0be215dda429341d6fd1984ef39d622_GnuGoMover_GTSPOON.csv,1666,0.8126829268292682,0.7810897361521241
