file,nrBest,proportionBest,entropyNrActions
nr_390_id_29_16942cfa5495022ad6ba400860d9e77721735f50_FileHandler_GTSPOON.csv,1415,0.6902439024390243,1.3831287178507374
