file,nrBest,proportionBest,entropyNrActions
nr_211_id_23_06d2e94973ec949453890766fd4e723a8da0e685_InstalledAppDetails_GTSPOON.csv,135,0.06585365853658537,2.8763519833506175
