file,nrBest,proportionBest,entropyNrActions
nr_433_id_30_1a1b022600b2473a10b630bf69532d653d739979_ConstantsForAPI_GTSPOON.csv,1736,0.8468292682926829,0.6644718072361898
