file,nrBest,proportionBest,entropyNrActions
nr_523_id_12_05b5823d46a3b1439c035d6343cee8fe5635b13e_JDOUserGroupDAOImplTest_GTSPOON.csv,121,0.059024390243902436,2.1060571850730208
