file,nrBest,proportionBest,entropyNrActions
nr_67_id_25_02199d944c65d07a5b88d9902b5dece8ca21f056_JSONAPI_GTSPOON.csv,103,0.05024390243902439,3.1150930798342484
