file,nrBest,proportionBest,entropyNrActions
nr_252_id_15_04b068b149b7645fb007d2bfb5302567819124f0_BaseImageList_GTSPOON.csv,978,0.4770731707317073,2.2204467593596227
