file,nrBest,proportionBest,entropyNrActions
nr_264_id_21_06ec290013351b8fab872039fa8139980cd9fd1a_PropertyExamples_GTSPOON.csv,1143,0.5575609756097561,1.8141068530573468
