file,nrBest,proportionBest,entropyNrActions
nr_348_id_34_309380137a1c55fed437b9c088d531c09f221e1f_TasksUtil_GTSPOON.csv,1929,0.9409756097560975,0.4041055581368938
