file,nrBest,proportionBest,entropyNrActions
nr_189_id_8_01a32d6361e24469516d1b440bd0b7841ef1bd28_MapSizeOperation_GTSPOON.csv,2029,0.9897560975609756,0.07562427881817815
