file,nrBest,proportionBest,entropyNrActions
nr_167_id_18_033c2e1c91e77eec52e7801a049ff3f0852b2c96_TodoTodaySheet_GTSPOON.csv,1555,0.7585365853658537,1.1984139416441335
