file,nrBest,proportionBest,entropyNrActions
nr_422_id_1_04de9761f24c6a446ff6cf11643ae74b9e39ff20_JTermiosImpl64b_GTSPOON.csv,817,0.3985365853658537,2.0966433509062155
