file,nrBest,proportionBest,entropyNrActions
nr_442_id_35_574354d577c8e20e94a7ef82c996500cd364914c_Style_GTSPOON.csv,1826,0.8907317073170732,0.6332997231091393
