file,nrBest,proportionBest,entropyNrActions
nr_506_id_14_073764ddb1ccdbba23361eb69412877e38f66726_GenerateMojo_GTSPOON.csv,6,0.002926829268292683,2.0120744133144637
