file,nrBest,proportionBest,entropyNrActions
nr_484_id_36_7c9dfb1681ca616bb1060caa0fac265997977192_Zombie_GTSPOON.csv,2000,0.975609756097561,0.1513674354634234
