file,nrBest,proportionBest,entropyNrActions
nr_386_id_20_077c4ad11e3e39ec870b92fbfcf064a3530c9c18_AddEntityPanel_GTSPOON.csv,1317,0.6424390243902439,1.6588463248131675
