file,nrBest,proportionBest,entropyNrActions
nr_314_id_38_cf7be70481b5374238b145e71ff82ae369250b0e_FilterModel_GTSPOON.csv,1129,0.5507317073170732,2.0639630753363822
