file,nrBest,proportionBest,entropyNrActions
nr_388_id_11_055801f57ae51345c385533a21fe1487e9dcc046_GraphCodeGenerator_GTSPOON.csv,1288,0.6282926829268293,1.6261957490829342
