file,nrBest,proportionBest,entropyNrActions
nr_301_id_19_073265a19ee0d7822c873f68882943926a42c64f_HTMLEntityString_GTSPOON.csv,1133,0.5526829268292683,1.8267491154094089
