file,nrBest,proportionBest,entropyNrActions
nr_190_id_23_061b6b66314ca26e259d4f0842f60b3ff1abd219_RouteInstructions_GTSPOON.csv,45,0.02195121951219512,3.467742718273954
