file,nrBest,proportionBest,entropyNrActions
nr_167_id_17_034d9db22fc93134ab6429036e88e7d07ed6c211_GameController_GTSPOON.csv,722,0.3521951219512195,2.6233008699093703
