file,nrBest,proportionBest,entropyNrActions
nr_353_id_4_01628e1c8c695cf0ab76f9f6701b2b301b468376_Enemy_GTSPOON.csv,1918,0.935609756097561,0.4090576447999091
