file,nrBest,proportionBest,entropyNrActions
nr_265_id_17_0554052e51ce5af9bf41db5be3892f5a1bf3305d_JODB_GTSPOON.csv,20,0.00975609756097561,3.172090026910852
