file,nrBest,proportionBest,entropyNrActions
nr_53_id_12_00a4098619631e9e74201b3d079e0c377512b037_DefaultEntitlementMigrationApi_GTSPOON.csv,26,0.012682926829268294,2.791004353320965
