file,nrBest,proportionBest,entropyNrActions
nr_527_id_30_2012957c54abe7e41ffa247dd69835e7c4449055_PodcastsLoaderPlatform_GTSPOON.csv,1900,0.926829268292683,0.43199987903185316
