file,nrBest,proportionBest,entropyNrActions
nr_515_id_12_0595069bf220b7349173939b5f07e0fef328d84b_DefaultHTTPClient_GTSPOON.csv,356,0.17365853658536584,1.34534408147177
