file,nrBest,proportionBest,entropyNrActions
nr_357_id_13_051bff79803939000e187fc31c752002ee375bda_SlotQuernGrain_GTSPOON.csv,2025,0.9878048780487805,0.0886172680118716
