file,nrBest,proportionBest,entropyNrActions
nr_145_id_12_019a09376e2c7ac654d0f008b495d4db07b9cfd5_Launcher_GTSPOON.csv,183,0.08926829268292683,2.504129822494688
