file,nrBest,proportionBest,entropyNrActions
nr_297_id_28_0d65232f4da5ea803960409931f0c3480aec4d82_JavascriptGenerator_GTSPOON.csv,66,0.03219512195121951,2.7975030304931554
