file,nrBest,proportionBest,entropyNrActions
nr_391_id_12_044190ca1489fb30f3684207e283a9423faab157_BFSPuzzleStrategy_GTSPOON.csv,331,0.16146341463414635,0.8642051596278394
