file,nrBest,proportionBest,entropyNrActions
nr_12_id_34_011830898d87643c954ae4fe704eca6cc7aaf523_Parameters_GTSPOON.csv,84,0.04097560975609756,3.353911631515458
