file,nrBest,proportionBest,entropyNrActions
nr_497_id_31_22cbad875a2d7b52e9dc997436e656441ec04fdc_MainActivity_GTSPOON.csv,143,0.06975609756097562,3.461185823887206
