file,nrBest,proportionBest,entropyNrActions
nr_46_id_20_00cb64dc93528eea0e054fdcf44929824a425666_ComparisonTest_GTSPOON.csv,178,0.08682926829268292,2.700531682670945
