file,nrBest,proportionBest,entropyNrActions
nr_474_id_17_09997a5005a53577084dd70da30e46bdf608d0a1_RegularImmutableBiMap_GTSPOON.csv,840,0.4097560975609756,2.1679443971776906
