file,nrBest,proportionBest,entropyNrActions
nr_277_id_8_025114e749bd13404933fc628bf05e327eaf6b97_WarehouseService_GTSPOON.csv,407,0.19853658536585367,0.6018079755516056
