file,nrBest,proportionBest,entropyNrActions
nr_531_id_15_098ab6e07d06f27577d26992f5cffef116556100_TypeBasedPointerAnalysis_GTSPOON.csv,1582,0.7717073170731708,1.0552728120626265
