file,nrBest,proportionBest,entropyNrActions
nr_502_id_12_0563728a75fc778073a0b7c116b28d75a1e655af_GoGuiMenuBar_GTSPOON.csv,40,0.01951219512195122,2.4659491414172567
