file,nrBest,proportionBest,entropyNrActions
nr_319_id_27_0dd220e1e7b0dafb0c6a3891656808b8ad28ce14_MappedClass_GTSPOON.csv,163,0.07951219512195122,2.6121912794006454
