file,nrBest,proportionBest,entropyNrActions
nr_218_id_36_37d0205f7f094658c7b0c07d4c61f5062a3ed6be_Action_GTSPOON.csv,1661,0.8102439024390244,0.900325119897222
