file,nrBest,proportionBest,entropyNrActions
nr_202_id_32_123b8068d1e8dc917657cbe149172defe9fb794c_Output_GTSPOON.csv,1938,0.9453658536585365,0.31156327397255557
