file,nrBest,proportionBest,entropyNrActions
nr_332_id_25_0b34783c39bf546904252f6fecff363715db8638_SakaiMailet_GTSPOON.csv,595,0.29024390243902437,2.4519079649403674
