file,nrBest,proportionBest,entropyNrActions
nr_235_id_30_0e8ea579c557ed84d6787aa4fa36c2686cff62a5_CityLanterns_GTSPOON.csv,1739,0.8482926829268292,0.6519997337383968
