file,nrBest,proportionBest,entropyNrActions
nr_220_id_30_0d5f5306ce49e6371d69f60b314dbd31a3b60168_TextileLanguageTest_GTSPOON.csv,210,0.1024390243902439,2.280856403901225
