file,nrBest,proportionBest,entropyNrActions
nr_315_id_3_02028004cb634186814a8d2fcb10bd45d15f3dcb_OmdlOutputAdapter_GTSPOON.csv,1484,0.7239024390243902,1.2162560545498018
