file,nrBest,proportionBest,entropyNrActions
nr_347_id_19_083a03239e0e7f37cf7b3d1906df52a705ebe016_ModuleManagerWindow_GTSPOON.csv,189,0.09219512195121951,2.8674551564923654
