file,nrBest,proportionBest,entropyNrActions
nr_491_id_32_2b78514a150ec407241c3b65c35074de2ad7d2d2_AutoExpControl_GTSPOON.csv,28,0.013658536585365854,3.9526517380095267
