file,nrBest,proportionBest,entropyNrActions
nr_153_id_24_049603aff57c12c4e82ac9107167b029ba7149bc_Gamemode_GTSPOON.csv,920,0.44878048780487806,2.04686973551938
