file,nrBest,proportionBest,entropyNrActions
nr_354_id_16_067523e33db791d7e29273094e11afc33ee515e9_LcdColor_GTSPOON.csv,1216,0.593170731707317,1.548642179563751
