file,nrBest,proportionBest,entropyNrActions
nr_230_id_24_072da3c6286056866e8a6276a0d244891547b7ef_SWFFile_GTSPOON.csv,713,0.34780487804878046,1.3818887091141685
