file,nrBest,proportionBest,entropyNrActions
nr_47_id_23_01a00d14620991ed3c86866a9be791ebb3aecb55_ImportTablePanel_GTSPOON.csv,163,0.07951219512195122,2.5683299099484844
