file,nrBest,proportionBest,entropyNrActions
nr_662_id_8_0523b5421eace9eb87502ef4bba8174f2247705b_ModDamage_GTSPOON.csv,245,0.11951219512195121,2.8738878970420743
