file,nrBest,proportionBest,entropyNrActions
nr_332_id_8_02bcc4a754ddf205014c292f9f30ee82e0962e94_XmlFormatter_GTSPOON.csv,1460,0.7121951219512195,1.3866316473157028
