file,nrBest,proportionBest,entropyNrActions
nr_278_id_18_0595fc9f73e52bc93b598d620fa392b228a62f7c_CmdAddxp_GTSPOON.csv,1913,0.9331707317073171,0.4130853991421825
