file,nrBest,proportionBest,entropyNrActions
nr_448_id_23_0df94e6be85a7317d66df5fdc34c33a7e9582272_DateAndTime_GTSPOON.csv,1938,0.9453658536585365,0.33588262646051636
