file,nrBest,proportionBest,entropyNrActions
nr_194_id_11_026ce2a5ca2ba5aeb021eeb8d79010170046b602_MenuListener_GTSPOON.csv,359,0.17512195121951218,1.6428950387170245
