file,nrBest,proportionBest,entropyNrActions
nr_374_id_28_1097e3d7533fda2437da0fb98f6b08c63d9f2b03_BrowserProvider2_GTSPOON.csv,62,0.03024390243902439,2.980160468998611
