file,nrBest,proportionBest,entropyNrActions
nr_203_id_32_1251da9cf7697b1a02c29aa990c7f5992b5b9e05_ImagesParser_GTSPOON.csv,480,0.23414634146341465,3.4811987232743613
