file,nrBest,proportionBest,entropyNrActions
nr_81_id_25_02aedd78653054711ce511352c4215bd27e2d155_QueryMultiplexer_GTSPOON.csv,886,0.4321951219512195,1.6768918720893782
