file,nrBest,proportionBest,entropyNrActions
nr_290_id_28_0d2c7e06d41fb97352f69355195f52d9da12d366_RubotoActivity_GTSPOON.csv,593,0.2892682926829268,2.21339024667749
