file,nrBest,proportionBest,entropyNrActions
nr_173_id_5_018221ed66396692f919036055cccb0c766cfa9e_LingpipeKeytermUpdater_GTSPOON.csv,1921,0.9370731707317074,0.3896714485904546
