file,nrBest,proportionBest,entropyNrActions
nr_262_id_9_03264165d7126248e4f95e83ead8096753705db4_UtilityCommands_GTSPOON.csv,358,0.1746341463414634,1.2539869844033884
