file,nrBest,proportionBest,entropyNrActions
nr_76_id_38_339298f9640268f9374dc4a92a448b36367e679f_NormalizerTest_GTSPOON.csv,5,0.0024390243902439024,1.4311844547124188
