file,nrBest,proportionBest,entropyNrActions
nr_3_id_11_0002398b0d0990edd82593c317c7f51dc483ffe9_X10toCAstTranslator_GTSPOON.csv,171,0.08341463414634147,2.946925122496336
