file,nrBest,proportionBest,entropyNrActions
nr_107_id_38_4717539c9614fd61aa127b5e5ce4320310ee64ea_TARDISCreeperChecker_GTSPOON.csv,57,0.027804878048780488,0.7529420396285029
