file,nrBest,proportionBest,entropyNrActions
nr_294_id_28_0d4f99354b9ca2c15406e1bf7903155a26985040_LiveGfx_GTSPOON.csv,59,0.02878048780487805,1.4062157657571703
