file,nrBest,proportionBest,entropyNrActions
nr_444_id_31_1f2a4078d1281c163887ef0d17410e4b6077f353_DSpaceObjectManager_GTSPOON.csv,6,0.002926829268292683,0.5323887704961999
