file,nrBest,proportionBest,entropyNrActions
nr_476_id_36_7a853d55374c2e675222dd021a4cd869a13e73dc_SyncManager_GTSPOON.csv,167,0.08146341463414634,2.6104335795461173
