file,nrBest,proportionBest,entropyNrActions
nr_298_id_9_038a8117fbbcec936f7c1786ef6710169b6676b0_Robot_GTSPOON.csv,167,0.08146341463414634,2.646770732496795
