file,nrBest,proportionBest,entropyNrActions
nr_482_id_7_05098530de3a0ddf8fe80d8cdc791457e59f9fc8_DensityFunction_GTSPOON.csv,1938,0.9453658536585365,0.34879613197982773
