file,nrBest,proportionBest,entropyNrActions
nr_370_id_19_08c5ffe56384f0b74c59cfcc56b599049349865a_UI_GTSPOON.csv,437,0.21317073170731707,3.0028315578110223
