file,nrBest,proportionBest,entropyNrActions
nr_195_id_11_02714d5c0104537a47dc1c70d549f9ccbcc193d9_MainPage_GTSPOON.csv,1374,0.6702439024390244,1.4510365844713244
