file,nrBest,proportionBest,entropyNrActions
nr_6_id_9_002168625d2da777c2ec11a629148c7c664bef8e_AdviceInfo_GTSPOON.csv,1747,0.8521951219512195,0.7947186361867532
