file,nrBest,proportionBest,entropyNrActions
nr_388_id_11_055801f57ae51345c385533a21fe1487e9dcc046_GraphImpl_GTSPOON.csv,204,0.09951219512195122,2.4543027327581606
