file,nrBest,proportionBest,entropyNrActions
nr_460_id_25_1057b17ec1fa597a462857e59f0b80a77daa234a_Tasks_GTSPOON.csv,2005,0.9780487804878049,0.15527126453517937
