file,nrBest,proportionBest,entropyNrActions
nr_407_id_29_17974de6e2a9c112121bd2ccb51949001d8df8dc_Profile_GTSPOON.csv,1440,0.7024390243902439,1.183325258283115
