file,nrBest,proportionBest,entropyNrActions
nr_80_id_37_2393ec1ead2775c0732000f6857811512e42c003_DbUnitRunnerTest_GTSPOON.csv,112,0.054634146341463415,3.7547938126877236
