file,nrBest,proportionBest,entropyNrActions
nr_289_id_34_2890af9520e6850f8141b27534f42f42a2e9b503_DocumentTest_GTSPOON.csv,210,0.1024390243902439,2.3321589612411087
