file,nrBest,proportionBest,entropyNrActions
nr_117_id_22_0292114889f0c76934008dd4e81546b1c8360591_PDGControlNode_GTSPOON.csv,1936,0.944390243902439,0.33938250627262345
