file,nrBest,proportionBest,entropyNrActions
nr_258_id_14_03dd081ab4070a5c790deca9ee17030dd2c6e13b_Procedure_GTSPOON.csv,1634,0.7970731707317074,0.9685879425827794
