file,nrBest,proportionBest,entropyNrActions
nr_519_id_25_127e2ede8afd931c4da0d1013f6f1884b3688c8d_TokenBuffer_GTSPOON.csv,187,0.09121951219512195,2.5831107512463305
