file,nrBest,proportionBest,entropyNrActions
nr_286_id_24_08c74932bc6cfae347f710b8f6e0d7257de4912d_PlayerSQLiteDAO_GTSPOON.csv,1847,0.9009756097560976,0.5657610284295241
