file,nrBest,proportionBest,entropyNrActions
nr_388_id_12_04361769a3d0dde70e11f86026ccbd52e1f580d8_FileResource_GTSPOON.csv,1319,0.6434146341463415,1.5540016035911828
