file,nrBest,proportionBest,entropyNrActions
nr_267_id_38_b22761fb2aa61931441ac63085e556c55bdf06fd_ClassUtils_GTSPOON.csv,1441,0.7029268292682926,1.375648876398338
