file,nrBest,proportionBest,entropyNrActions
nr_296_id_16_05703bcb882aa1c94689fc09815f7bdbab58ac6b_MyDatabases_GTSPOON.csv,1250,0.6097560975609756,1.6423697028458055
