file,nrBest,proportionBest,entropyNrActions
nr_446_id_25_0fe134c97e3663f1908dc86d93d5f11085d81306_DSLMappingEntryTest_GTSPOON.csv,1302,0.6351219512195122,1.4818177311821463
