file,nrBest,proportionBest,entropyNrActions
nr_25_id_11_003b2a439464c97bd9eb04fdd782a1bd24997d49_UserManagerTest_GTSPOON.csv,2019,0.9848780487804878,0.10244673646296171
