file,nrBest,proportionBest,entropyNrActions
nr_447_id_9_0526059e72d918d2ef2675430b870e2cce7e5ee3_Essentials_GTSPOON.csv,200,0.0975609756097561,2.7754265139251393
