file,nrBest,proportionBest,entropyNrActions
nr_264_id_1_031648d603c03a231cccd6844c292c95094d23aa_SimpleDOReader_GTSPOON.csv,272,0.1326829268292683,2.6123351399999883
