file,nrBest,proportionBest,entropyNrActions
nr_272_id_5_023a0038ce43ae2a36f7c20f779c9cfcfd4331e8_FetchUtil_GTSPOON.csv,1819,0.8873170731707317,0.42141450610894116
