file,nrBest,proportionBest,entropyNrActions
nr_490_id_18_09479ba42d3b961894730a6550e26657b64f8125_JoystickSystem_GTSPOON.csv,2027,0.988780487804878,0.07939350089429606
