file,nrBest,proportionBest,entropyNrActions
nr_71_id_6_008634c44981a98e8eb818667aa336d23bde6326_EpidemicServer_GTSPOON.csv,173,0.08439024390243903,2.50221459244161
