file,nrBest,proportionBest,entropyNrActions
nr_308_id_31_15693ac210ed82d4009e262a65737e3d3a5c0b0d_WebLabClient_GTSPOON.csv,1079,0.5263414634146342,2.193864825166198
