file,nrBest,proportionBest,entropyNrActions
nr_12_id_21_00709278da6b9f7fd5c462a1674443c5b9836e97_DockController_GTSPOON.csv,528,0.2575609756097561,2.6053405729358086
