file,nrBest,proportionBest,entropyNrActions
nr_36_id_30_02c9ed018e84da795de511fa9422ea1a6a99e0d6_CargoTest_GTSPOON.csv,702,0.34243902439024393,2.3615059682949506
