file,nrBest,proportionBest,entropyNrActions
nr_544_id_7_05a4677042f6cfad36df19c19848fc605b4b7796_RestS3Service_GTSPOON.csv,199,0.09707317073170732,2.525912468713251
