file,nrBest,proportionBest,entropyNrActions
nr_518_id_2_0115164f971b716748e935058e2961d6df1f686e_Log_GTSPOON.csv,1470,0.7170731707317073,1.3224447866247804
