file,nrBest,proportionBest,entropyNrActions
nr_297_id_17_05f9c7463405cc40d2fcff079ea4eecd22781441_TestFunctions_GTSPOON.csv,1844,0.8995121951219512,0.5641221463858939
