file,nrBest,proportionBest,entropyNrActions
nr_78_id_14_0120a8cd2576a0cc40ff1a78303aa2375a8b9d95_VDMPPDebugConstants_GTSPOON.csv,2015,0.9829268292682927,0.1047847065935152
