file,nrBest,proportionBest,entropyNrActions
nr_198_id_23_0648b39ed719cf3d11b0f1f045e8d92f5ab8986b_Preferences_GTSPOON.csv,40,0.01951219512195122,2.5068745151171
