file,nrBest,proportionBest,entropyNrActions
nr_14_id_11_0019525f09f9ac357b83e17305a4e331839a9047_UploadContactsController_GTSPOON.csv,1832,0.8936585365853659,0.6213244937795379
