file,nrBest,proportionBest,entropyNrActions
nr_174_id_10_017d513f44d06954a4c9a88550cb1f1282bbbf3c_PointQuadTree_GTSPOON.csv,188,0.09170731707317073,1.38217231216357
