file,nrBest,proportionBest,entropyNrActions
nr_325_id_34_2d64958a266cfa246125dafa74b36be46cc0123a_NoteManagerTest_GTSPOON.csv,1757,0.8570731707317073,0.6961319907937786
