file,nrBest,proportionBest,entropyNrActions
nr_214_id_29_0c5a1523235dba432b66bdb9cece84f755d4b110_CallDB_GTSPOON.csv,38,0.018536585365853658,1.563855907341836
