file,nrBest,proportionBest,entropyNrActions
nr_86_id_11_0117c62452592ef3c3c69285beec0a73ba04541c_FeedReaderTest_GTSPOON.csv,2005,0.9780487804878049,0.1267208493595892
