file,nrBest,proportionBest,entropyNrActions
nr_5_id_27_0053b1ddf748ae965ebf65a229616c55bb5aaeeb_Index_GTSPOON.csv,2015,0.9829268292682927,0.11409954808075636
