file,nrBest,proportionBest,entropyNrActions
nr_77_id_27_036525145c7c9a8a686060b1178a0c38a28f015b_ConnectionImpl_GTSPOON.csv,20,0.00975609756097561,1.9501743361931838
