file,nrBest,proportionBest,entropyNrActions
nr_144_id_29_08686c2961963832a7c4f201aa491ab8b256e5fe_Auth_GTSPOON.csv,108,0.05268292682926829,2.3510193600253206
