file,nrBest,proportionBest,entropyNrActions
nr_245_id_9_02e669d06b7077d01e63d1384cf69fc56648e9f0_ModuleFactory_GTSPOON.csv,91,0.04439024390243902,2.979776524430714
