file,nrBest,proportionBest,entropyNrActions
nr_265_id_8_023d7052cf301935745fbd85a6d6d1910c001cc7_FastMasterEqn_GTSPOON.csv,173,0.08439024390243903,2.2497184848001712
