file,nrBest,proportionBest,entropyNrActions
nr_61_id_33_088508bd374b630e75b4ea9364bfbdaae1a30586_UserData_GTSPOON.csv,20,0.00975609756097561,2.7779941310227345
