file,nrBest,proportionBest,entropyNrActions
nr_199_id_26_079f10a286223855ac8fe6501a37763a09a4fde1_XslfoDocumentBuilder_GTSPOON.csv,86,0.041951219512195125,2.420542087586732
