file,nrBest,proportionBest,entropyNrActions
nr_212_id_4_00bf7969d3b0e76d0d0b3dc191370b2c41ea2186_WeatherCheckTask_GTSPOON.csv,2016,0.9834146341463414,0.1222295817081298
