file,nrBest,proportionBest,entropyNrActions
nr_62_id_24_01e061720f2a53951be0e3830efcfc4d4cbd1bab_Plugin_GTSPOON.csv,1545,0.7536585365853659,0.794409975890955
