file,nrBest,proportionBest,entropyNrActions
nr_114_id_35_1880fb34370cb510a83c660679c5076779a5c911_ProgramManager_GTSPOON.csv,1176,0.5736585365853658,1.7648848304760791
