file,nrBest,proportionBest,entropyNrActions
nr_465_id_35_59b2ea16357da5f2368a316c8bb7203dd43ef533_ZMQTest_GTSPOON.csv,756,0.36878048780487804,1.881704732037538
