file,nrBest,proportionBest,entropyNrActions
nr_311_id_29_124c6ac8748779462d2ffe9c3f3121c0b198b6c7_DirectorAppTest_GTSPOON.csv,665,0.32439024390243903,1.5989987425045102
