file,nrBest,proportionBest,entropyNrActions
nr_244_id_6_018e2a67a90d0362058345ab7cc4203113340ce9_LocalFloor_GTSPOON.csv,55,0.026829268292682926,0.7392773224913732
