file,nrBest,proportionBest,entropyNrActions
nr_244_id_17_04f5bd83ea21507771f8233a0324da7a16476a6c_AddItemScreen_GTSPOON.csv,1641,0.8004878048780488,1.0523410570901524
