file,nrBest,proportionBest,entropyNrActions
nr_463_id_14_06a32cb4356f1328d7941443b928b5bc6516c827_XMLEntityScanner_GTSPOON.csv,181,0.08829268292682926,3.1555857090101647
