file,nrBest,proportionBest,entropyNrActions
nr_125_id_27_056d72d6a52791b45298b8938ea9560a8094ca3b_TestJSONObjectJdk15_GTSPOON.csv,875,0.4268292682926829,0.7806316427609881
