file,nrBest,proportionBest,entropyNrActions
nr_534_id_5_046786f09327e05f1757b0295143d50c2692013b_BlockBreakEventListener_GTSPOON.csv,160,0.07804878048780488,2.172511558299677
