file,nrBest,proportionBest,entropyNrActions
nr_137_id_7_017bf61dc9dc104c3bd9985d729d07668993a776_SmsMmsMessage_GTSPOON.csv,29,0.014146341463414635,1.80414988191441
