file,nrBest,proportionBest,entropyNrActions
nr_371_id_22_091306f3bee05b2625a188a38d6c3cf4e16999a5_AlertActionUtils_GTSPOON.csv,96,0.04682926829268293,1.7029410637889097
