file,nrBest,proportionBest,entropyNrActions
nr_227_id_18_046063ccaa7a91a1a6007081b4b3948bc55edb83_TestApp_GTSPOON.csv,2010,0.9804878048780488,0.13390582764751507
