file,nrBest,proportionBest,entropyNrActions
nr_477_id_30_1cc627d7cc7b54b920132bfcc816f515bd208c23_TableView_GTSPOON.csv,171,0.08341463414634147,2.722288924141256
