file,nrBest,proportionBest,entropyNrActions
nr_373_id_16_06c272190115994e0fbfa51584baaed913144586_XmlDumpReader_GTSPOON.csv,409,0.19951219512195123,2.969410852407388
