file,nrBest,proportionBest,entropyNrActions
nr_267_id_17_05597247ccdfd60532b05f80ba534c9be8b4cfd7_CellDB_GTSPOON.csv,1383,0.6746341463414635,1.7073001900768014
