file,nrBest,proportionBest,entropyNrActions
nr_578_id_30_22b8a60c8fe6882b29f90c7064509f1ac83a2dc4_AlarmController_GTSPOON.csv,1397,0.6814634146341464,1.4362806178126752
