file,nrBest,proportionBest,entropyNrActions
nr_221_id_19_0564e8faeaae07d1a9179a39d7ab5b82743a8d9a_StoreFactory_GTSPOON.csv,1737,0.8473170731707317,0.6941095228732954
