file,nrBest,proportionBest,entropyNrActions
nr_303_id_19_074061c2f5b63892190414b47139eef6ae5dbf37_Parser_GTSPOON.csv,1645,0.802439024390244,0.8869613692506181
