file,nrBest,proportionBest,entropyNrActions
nr_380_id_36_62013841d529bae11590ea12e73f062516f46a21_Canvas_GTSPOON.csv,24,0.011707317073170732,2.766613544191522
