file,nrBest,proportionBest,entropyNrActions
nr_413_id_6_028690fa705a3ba3404a6a963209849bbea9bd83_ListSnowProfileResource_GTSPOON.csv,1939,0.9458536585365853,0.33071754775349815
