file,nrBest,proportionBest,entropyNrActions
nr_465_id_1_0530904ea3e96bf08b90ec4cd12665249307fddc_DTree_GTSPOON.csv,188,0.09170731707317073,2.874034137668549
