file,nrBest,proportionBest,entropyNrActions
nr_456_id_21_0b9c3dfb386643072e5585a24e4fdb976975507c_LayoutAnalysisCategory_GTSPOON.csv,1754,0.855609756097561,0.7292535650103016
