file,nrBest,proportionBest,entropyNrActions
nr_335_id_25_0b53692921647bb943dd858dfb339851379f6233_LayoutCanvas_GTSPOON.csv,375,0.18292682926829268,2.6113884317051266
