file,nrBest,proportionBest,entropyNrActions
nr_449_id_21_0b8168689fe1cbdb8a9070cf635e2bafd5e7f79b_CmsTool_GTSPOON.csv,1484,0.7239024390243902,1.2171692856611669
