file,nrBest,proportionBest,entropyNrActions
nr_328_id_19_07edef70de14b7489a9b6e2b664863d0e7fd606b_MailGatewaySmtp_GTSPOON.csv,1805,0.8804878048780488,0.6929587414738189
