file,nrBest,proportionBest,entropyNrActions
nr_400_id_25_0dcc9831b7a91cd324271a0dd880132b19cd12a2_FixedMessage_GTSPOON.csv,1839,0.8970731707317073,0.5251776269145997
