file,nrBest,proportionBest,entropyNrActions
nr_209_id_27_094341051d2883cb3bec42ef0fc263103935eb39_Utils_GTSPOON.csv,1578,0.7697560975609756,1.0501494841810186
