file,nrBest,proportionBest,entropyNrActions
nr_121_id_19_030d4c1b512296d6c89f7066dc5246d03159fa83_LuceneIndex_GTSPOON.csv,300,0.14634146341463414,2.3833419928520687
