file,nrBest,proportionBest,entropyNrActions
nr_605_id_8_04c826f1f7ec8ac3e7ed2e13662c21085f3d8c04_PlayerDeath_GTSPOON.csv,2012,0.9814634146341463,0.12740608705321738
