file,nrBest,proportionBest,entropyNrActions
nr_260_id_23_08788ca908aaccd8419fd0803ed487e3ce8a17ff_ThemeStyles_GTSPOON.csv,1651,0.8053658536585366,0.7191145580148021
