file,nrBest,proportionBest,entropyNrActions
nr_179_id_26_06bda46286a0c1d631843b5c89fb64a3d7703dba_ForumSessionUtils_GTSPOON.csv,152,0.07414634146341463,1.9365929452373614
