file,nrBest,proportionBest,entropyNrActions
nr_400_id_25_0dcc9831b7a91cd324271a0dd880132b19cd12a2_CraftEventListener_GTSPOON.csv,2007,0.9790243902439024,0.13676736707080642
