file,nrBest,proportionBest,entropyNrActions
nr_282_id_18_059dc2ec394b0b8b1253900b0d1165077f54f962_SendBitcoinNowAction_GTSPOON.csv,1556,0.7590243902439024,0.8116263087348745
