file,nrBest,proportionBest,entropyNrActions
nr_221_id_20_04530cc14d9f2c96eb31863fc686e83713563c9e_BasicMesh_GTSPOON.csv,826,0.4029268292682927,2.3713915590846515
