file,nrBest,proportionBest,entropyNrActions
nr_293_id_16_0556e771e5897b3d99c56fcbb24e99ff738d0e27_RXTXPort_GTSPOON.csv,170,0.08292682926829269,2.984935809168959
