file,nrBest,proportionBest,entropyNrActions
nr_47_id_30_0382f0423eaa4013a20cfd1fb5c32d184949a1e3_ActionTest_GTSPOON.csv,201,0.09804878048780488,1.4563485452550815
