file,nrBest,proportionBest,entropyNrActions
nr_127_id_16_02725d878b0e839ca14219570677821b97d3332c_WhiteBoardCastActivity_GTSPOON.csv,197,0.09609756097560976,2.2447402389379723
