file,nrBest,proportionBest,entropyNrActions
nr_516_id_28_171bf8d3082ff1149b537bf9774fb729145d668d_CharScreenController_GTSPOON.csv,1630,0.7951219512195122,0.9805231951735041
