file,nrBest,proportionBest,entropyNrActions
nr_313_id_30_13470872c8db1919755dbccaebb352eb1652e0f8_DenizenListener_GTSPOON.csv,1815,0.8853658536585366,0.6867485600636042
