file,nrBest,proportionBest,entropyNrActions
nr_267_id_11_037a06a2d5c3f64a4e66937ced38ab11605c9efb_TestMaxJmeWrite_GTSPOON.csv,473,0.23073170731707318,0.9223346873312563
