file,nrBest,proportionBest,entropyNrActions
nr_470_id_25_10c3460ee80c731f64cbe92254ec531cc9786285_AuraBaseServlet_GTSPOON.csv,938,0.4575609756097561,1.9040076511000867
