file,nrBest,proportionBest,entropyNrActions
nr_196_id_13_02c3c191cdee51b384f942ccd81a00c43e61e1bf_JKit_GTSPOON.csv,832,0.4058536585365854,1.317306851490632
