file,nrBest,proportionBest,entropyNrActions
nr_41_id_10_005d447e99bbc06d027dc6654b006aa14c5a7b36_ResultMetadata_GTSPOON.csv,1178,0.5746341463414634,1.7910132846736615
