file,nrBest,proportionBest,entropyNrActions
nr_352_id_21_09271061c74836ea71ad1dec105b42a3b3213cea_LockableActivity_GTSPOON.csv,930,0.45365853658536587,1.9672808465999285
