file,nrBest,proportionBest,entropyNrActions
nr_516_id_36_823ef64ce3f61fbf69d1f2ea1a8e90e3a345c708_ASSIGN_GTSPOON.csv,130,0.06341463414634146,3.0454103004097988
