file,nrBest,proportionBest,entropyNrActions
nr_149_id_1_01aa70a245907d103d19b645ae29789f89b88a5f_JavaScriptLoader_GTSPOON.csv,79,0.03853658536585366,3.1031735336229582
