file,nrBest,proportionBest,entropyNrActions
nr_111_id_23_032ec55724eaafd5191bab5ac49e476c983046c7_Launcher_GTSPOON.csv,117,0.05707317073170732,2.7324925589961984
