file,nrBest,proportionBest,entropyNrActions
nr_188_id_5_01997f379b11bb4c5d15459ff0a637f16e703e77_TestBulkEditHelper_GTSPOON.csv,1735,0.8463414634146341,0.7616426221665674
