file,nrBest,proportionBest,entropyNrActions
nr_515_id_1_05be94be3874f8f23ecee8cfc36d9830d363f8b5_ItemListTag_GTSPOON.csv,1201,0.5858536585365853,1.7498705138025226
