file,nrBest,proportionBest,entropyNrActions
nr_537_id_3_037a72f688508afec23d36c6db43e27ef5d9ee93_DNDTree_GTSPOON.csv,928,0.4526829268292683,2.2392169200225567
