file,nrBest,proportionBest,entropyNrActions
nr_184_id_4_00a227596d5a1d5b68943fda80f3680b72601005_InstantSearchEngine_GTSPOON.csv,1277,0.6229268292682927,1.6048516919384612
