file,nrBest,proportionBest,entropyNrActions
nr_68_id_10_008d5a5ebcca08204e643aa47a31b365a6522adb_ImapConnection_GTSPOON.csv,15,0.007317073170731708,2.7222685881658673
