file,nrBest,proportionBest,entropyNrActions
nr_78_id_29_04b93de599db6975498d5a602c68024f786eb620_BinaryExpr_GTSPOON.csv,860,0.4195121951219512,2.5505609925404555
