file,nrBest,proportionBest,entropyNrActions
nr_444_id_14_067119b828aba9ea3eaec34275454c886a054d6b_JsFunctions_GTSPOON.csv,143,0.06975609756097562,2.158771049691879
