file,nrBest,proportionBest,entropyNrActions
nr_53_id_32_04788f3ec7bbd69f88fcb497b219127282913307_JsonPath_GTSPOON.csv,145,0.07073170731707316,2.4224809001516063
