file,nrBest,proportionBest,entropyNrActions
nr_75_id_26_02e7e7665e4e0e920b74340bd9602df9bcaa6ff8_CliGitCommit_GTSPOON.csv,1001,0.48829268292682926,2.177138428031089
