file,nrBest,proportionBest,entropyNrActions
nr_502_id_15_09241b4361e6fb771cd08cf15b7196b325b537bc_Main_GTSPOON.csv,500,0.24390243902439024,2.657442343748307
