file,nrBest,proportionBest,entropyNrActions
nr_39_id_28_01d7edd1212d030591768d83b1d09a65fe3f9b2d_Hypothesizer_GTSPOON.csv,43,0.020975609756097562,2.7301407346101216
