file,nrBest,proportionBest,entropyNrActions
nr_435_id_23_0d9a36bf7571dd051309139b616a13358255fe77_DebatingActivity_GTSPOON.csv,160,0.07804878048780488,2.897723098778027
