file,nrBest,proportionBest,entropyNrActions
nr_8_id_12_00128840eba32b8d1f924d7811c401ff1cc6efb9_ClassTest_GTSPOON.csv,1117,0.5448780487804878,1.3265908357217702
