file,nrBest,proportionBest,entropyNrActions
nr_139_id_25_048735ac4a0774cd94adc59c0706b7eccc431988_Accelerometer_GTSPOON.csv,1165,0.5682926829268292,1.0103818473401638
