file,nrBest,proportionBest,entropyNrActions
nr_526_id_33_3e8ac537faa1cc82344c1aeb19a23e4779cbc688_JsarMojo_GTSPOON.csv,1751,0.8541463414634146,0.7648979346348681
