file,nrBest,proportionBest,entropyNrActions
nr_335_id_12_039f67f107dc499b1627fdba11dce0c934dfa656_ActivePaths_GTSPOON.csv,414,0.20195121951219513,2.8112197324521944
