file,nrBest,proportionBest,entropyNrActions
nr_391_id_31_1b656f6b318e2dc2ed366524c3d088db5470880c_httpdProxyHandler_GTSPOON.csv,96,0.04682926829268293,3.2322764024025674
