file,nrBest,proportionBest,entropyNrActions
nr_331_id_30_1459a400ee93beb2d11f84f3fb88a97fe4889cfd_CArrayType_GTSPOON.csv,1850,0.9024390243902439,0.5483109965343804
