file,nrBest,proportionBest,entropyNrActions
nr_591_id_7_062243877de0f955c37a473e775a4057df714b87_IRichTextArea_GTSPOON.csv,1738,0.8478048780487805,0.6774696617824939
