file,nrBest,proportionBest,entropyNrActions
nr_86_id_19_023f46f9bad6fd16de0a5492ea53a75383d89ed7_Testing_GTSPOON.csv,1622,0.791219512195122,1.0144769080940321
