file,nrBest,proportionBest,entropyNrActions
nr_275_id_23_08d1512009a17aabde3ba47bd094242ae70e3a7e_HostStore_GTSPOON.csv,6,0.002926829268292683,2.470991848170449
