file,nrBest,proportionBest,entropyNrActions
nr_393_id_30_1862700f2079228e8ab3b58e397ec5c2de51f6e5_AccessRightController_GTSPOON.csv,149,0.07268292682926829,2.829752628559806
