file,nrBest,proportionBest,entropyNrActions
nr_441_id_7_04af5f855bddc7269cee3b26efe044071111060e_RubyString_GTSPOON.csv,210,0.1024390243902439,2.336924124399457
