file,nrBest,proportionBest,entropyNrActions
nr_392_id_12_04482d4f61d89287e3158ed17c3368549ee8b699_NestedView_GTSPOON.csv,355,0.17317073170731706,1.2745424670889525
