file,nrBest,proportionBest,entropyNrActions
nr_126_id_26_04999d882b076cfc3761bd6eb6aeb5cb1359972b_EmailTemplate_GTSPOON.csv,855,0.4170731707317073,1.0961000061024546
