file,nrBest,proportionBest,entropyNrActions
nr_639_id_6_03f19c85245db0d9664746b3cc7072d911fecf83_MoveLeftWithBounds_GTSPOON.csv,1786,0.871219512195122,0.6787930300707548
