file,nrBest,proportionBest,entropyNrActions
nr_350_id_13_050ad2c24f1a8162da21194ec5e406431e09b6ec_CaseViewer_GTSPOON.csv,428,0.20878048780487804,2.5075646033109162
