file,nrBest,proportionBest,entropyNrActions
nr_324_id_36_54284f73281a546aecccbb524e059d18bd023549_Step5Panel_GTSPOON.csv,2000,0.975609756097561,0.16988567590021617
