file,nrBest,proportionBest,entropyNrActions
nr_468_id_12_0513dd36142de9436e880f019b328bd5a65d30c2_Keep2Share_PremiumFileRunner_GTSPOON.csv,1574,0.7678048780487805,1.0598557049790096
