file,nrBest,proportionBest,entropyNrActions
nr_212_id_24_06784e52d029859805d29532a1448c611e2c57ff_ButtonTag_GTSPOON.csv,1848,0.9014634146341464,0.550581119825848
