file,nrBest,proportionBest,entropyNrActions
nr_68_id_16_016fb94687f5b42f885661a19159a314997da203_DeployListGenerator_GTSPOON.csv,1715,0.8365853658536585,0.9178688957925456
