file,nrBest,proportionBest,entropyNrActions
nr_467_id_10_0478cc20c4815572aeebbf29452790c0698bb4c1_HaplotypeDisplay_GTSPOON.csv,457,0.2229268292682927,2.4368590940265498
