file,nrBest,proportionBest,entropyNrActions
nr_490_id_9_05915403cb56e7da0720cdc388de38265d82a8d6_EduMania_GTSPOON.csv,78,0.03804878048780488,0.6083437007367507
