file,nrBest,proportionBest,entropyNrActions
nr_316_id_6_01f6f18625fbcede939ab596f14e0263b76d2700_McvComponentGroup_GTSPOON.csv,10,0.004878048780487805,2.0373466678994623
