file,nrBest,proportionBest,entropyNrActions
nr_227_id_1_02b6b891870e0961f621f7e7c87d9db2f5434d0e_Java5HacksHelper_GTSPOON.csv,1586,0.7736585365853659,1.0075332782475994
