file,nrBest,proportionBest,entropyNrActions
nr_351_id_29_145cde74957e65795759e36302e0c080f7d98b21_SimpleKeyBindingManager_GTSPOON.csv,700,0.34146341463414637,2.4758963255749773
