file,nrBest,proportionBest,entropyNrActions
nr_480_id_12_053391ef5675840ebb36185ac78eec46d13bc1d4_PhoneGapSettings_GTSPOON.csv,1705,0.8317073170731707,0.946915801049008
