file,nrBest,proportionBest,entropyNrActions
nr_160_id_16_032b9efa3d5392f526617fb6ae3c17f82451086d_Game_GTSPOON.csv,1009,0.4921951219512195,1.9301488567887684
