file,nrBest,proportionBest,entropyNrActions
nr_152_id_29_08b47a3fb1f439339f0ae31012739d772a3f01c6_InheritedDefinition_GTSPOON.csv,1020,0.4975609756097561,1.6112329025529932
