file,nrBest,proportionBest,entropyNrActions
nr_152_id_23_0491142007c8a39dc2f970f3ab1e43d6e07a58f0_SPIMAutoCalibrator_GTSPOON.csv,75,0.036585365853658534,4.347170704232785
