file,nrBest,proportionBest,entropyNrActions
nr_214_id_18_0430fc1bbe659f60376486e3e400c0c9fd19bde0_AddLogoDialog_GTSPOON.csv,136,0.06634146341463415,2.8054750138758973
