file,nrBest,proportionBest,entropyNrActions
nr_131_id_15_025ccefc286304bd0a0e30978f779d7544f8bfce_ExecutedMojo_GTSPOON.csv,190,0.09268292682926829,1.5986354563009315
