file,nrBest,proportionBest,entropyNrActions
nr_87_id_6_009e717468e3ce467ddf7456efa83a49b34a588e_AtmosphereConfig_GTSPOON.csv,1912,0.9326829268292683,0.4139191285388813
