file,nrBest,proportionBest,entropyNrActions
nr_286_id_11_03b92c8ff94e728bbf92d18d6644529245c39ee7_Skill_GTSPOON.csv,1757,0.8570731707317073,0.7450784578560404
