file,nrBest,proportionBest,entropyNrActions
nr_273_id_7_02dfdb242ebe60a3fbce04b52176190f186a3f47_TestEvent_GTSPOON.csv,1637,0.7985365853658537,0.9656571189603901
