file,nrBest,proportionBest,entropyNrActions
nr_387_id_37_b0c6a8f31528773021e354065b1f75c0b6df3674_TPCCSimulation_GTSPOON.csv,628,0.30634146341463414,2.387834069575617
