file,nrBest,proportionBest,entropyNrActions
nr_582_id_2_014467559a19af943d62a933df7e4875509ebbcc_ConfigHandler_GTSPOON.csv,1478,0.7209756097560975,1.3213484697466562
