file,nrBest,proportionBest,entropyNrActions
nr_181_id_33_163b0106d679cd3006d9e105ffa75ba5f1b1ad19_SwitchYardException_GTSPOON.csv,1810,0.8829268292682927,0.44073947255099044
