file,nrBest,proportionBest,entropyNrActions
nr_521_id_14_0770697cd297aed4a25b1799090b6db4d5ebb042_CrassusGUI_GTSPOON.csv,1915,0.9341463414634147,0.3992011789902806
