file,nrBest,proportionBest,entropyNrActions
nr_431_id_20_08476d18b463a2cbe17aed8e35872af3c9a0bf8a_EditorUtil_GTSPOON.csv,133,0.06487804878048781,2.3329731914144514
