file,nrBest,proportionBest,entropyNrActions
nr_332_id_12_03936517edbc209888bd4ac2253fa26753810671_SimulatorGuiManager_GTSPOON.csv,60,0.02926829268292683,1.9027388473612419
