file,nrBest,proportionBest,entropyNrActions
nr_221_id_13_0328e2381fd61ae2dc53e150259d9cb76311989b_Instances_GTSPOON.csv,1125,0.5487804878048781,2.1191259215554368
