file,nrBest,proportionBest,entropyNrActions
nr_264_id_8_023aa2533a70affe651db101569787db25a451ad_ClassGenerator_GTSPOON.csv,180,0.08780487804878048,2.575211681560792
