file,nrBest,proportionBest,entropyNrActions
nr_141_id_25_04a44792d99f2f9db6e799f222018e880cff4096_CModelManager_GTSPOON.csv,72,0.0351219512195122,2.9426317354989324
