file,nrBest,proportionBest,entropyNrActions
nr_478_id_30_1ce5cf7e8cc88947453d99868c651bb07a3e626a_Hello_GTSPOON.csv,200,0.0975609756097561,0.7684424586043462
