file,nrBest,proportionBest,entropyNrActions
nr_344_id_21_08eebd876db2823be0aa972a9493ed83a398730b_SerialInterface_GTSPOON.csv,240,0.11707317073170732,0.9378705904791512
