file,nrBest,proportionBest,entropyNrActions
nr_267_id_20_05104f9a43fa8e197c0b526c1e05503452bcdbd2_ColonyPanel_GTSPOON.csv,199,0.09707317073170732,2.4517090551532297
