file,nrBest,proportionBest,entropyNrActions
nr_88_id_29_052ba3446b5b483e692184db71b8ee4a58d44516_UploadThread_GTSPOON.csv,1030,0.5024390243902439,2.105562304788857
