file,nrBest,proportionBest,entropyNrActions
nr_262_id_25_08b4deff685cb897306573bf186de7bc3c7d78d2_AppsDb_GTSPOON.csv,858,0.41853658536585364,2.179954310459664
