file,nrBest,proportionBest,entropyNrActions
nr_324_id_29_131070017946652eca8e0ab09df7cdbfb875fe75_Simulation_GTSPOON.csv,1711,0.8346341463414634,0.7224159384724168
