file,nrBest,proportionBest,entropyNrActions
nr_233_id_15_045dd8226e37c8309ccbee8b5690f0c73a192cbf_DbStructFactory_GTSPOON.csv,1832,0.8936585365853659,0.6027344450732537
