file,nrBest,proportionBest,entropyNrActions
nr_145_id_18_02d2612890593aecef7e5e7933d3ea5bb244b179_Config_GTSPOON.csv,1315,0.6414634146341464,1.586894337120663
