file,nrBest,proportionBest,entropyNrActions
nr_365_id_26_0c719fa660e39e7b55b83d36eaf2fbb131391c0b_LabeledOMPoly_GTSPOON.csv,184,0.0897560975609756,2.2199404688364277
