file,nrBest,proportionBest,entropyNrActions
nr_107_id_22_025f5df8a80dd84b2c4511a8956b1471d7803286_CFunction_GTSPOON.csv,8,0.003902439024390244,2.9574913533858966
