file,nrBest,proportionBest,entropyNrActions
nr_485_id_13_072e730b754ef3f3c4887268c8d349dc2e5a7118_ListHelper_GTSPOON.csv,387,0.18878048780487805,0.8861194345320844
