file,nrBest,proportionBest,entropyNrActions
nr_124_id_11_018cae81d053d3ce41f417ded27744eb12b359e4_DartCore_GTSPOON.csv,1142,0.5570731707317074,1.786598064472493
