file,nrBest,proportionBest,entropyNrActions
nr_552_id_11_07e1f6b29c36e005a66220452915409d6a5e2c3d_Menu_GTSPOON.csv,1839,0.8970731707317073,0.5852213719505821
