file,nrBest,proportionBest,entropyNrActions
nr_453_id_13_06b630f326d21181a9f6f0f12110d96116b34ded_RepositoryDialog_GTSPOON.csv,351,0.17121951219512196,2.44726872839977
