file,nrBest,proportionBest,entropyNrActions
nr_74_id_18_013997c4f00ffae8f6a0cf3271a070e6102a4217_Cell_GTSPOON.csv,1378,0.6721951219512196,1.296495153141298
