file,nrBest,proportionBest,entropyNrActions
nr_43_id_15_00b6ea67f3d74380476d40638567032e2a82496a_DisciplineRepositoryimpl_GTSPOON.csv,2025,0.9878048780487805,0.0882519911259089
