file,nrBest,proportionBest,entropyNrActions
nr_186_id_6_0144ae488012b143168ab496c65a652bc338f0b7_ScriptConsoleViewer_GTSPOON.csv,445,0.21707317073170732,2.766865973110335
