file,nrBest,proportionBest,entropyNrActions
nr_332_id_5_02b62aa92704b28a65193eb516d8344742c16224_DjangoRegressionTests_GTSPOON.csv,1244,0.6068292682926829,1.8254146859565998
