file,nrBest,proportionBest,entropyNrActions
nr_108_id_37_30f43e2cb75af3d1da143fa81d9207f2a1bf4223_Line_GTSPOON.csv,1330,0.6487804878048781,1.454158773148265
