file,nrBest,proportionBest,entropyNrActions
nr_26_id_8_00348f8ad632b75d3be3374004118928a08d9342_LockssAuthServiceBean_GTSPOON.csv,147,0.07170731707317073,1.2460181712071072
