file,nrBest,proportionBest,entropyNrActions
nr_524_id_6_03392869eb39d7a3b77ea028a6b8975da8a89655_Economy_iConomy6_GTSPOON.csv,329,0.16048780487804878,3.0157046039534348
