file,nrBest,proportionBest,entropyNrActions
nr_400_id_34_38290ec494471c30dd5e1d2cfc368364f17d95a6_Main2_GTSPOON.csv,157,0.07658536585365854,2.9968695199910984
