file,nrBest,proportionBest,entropyNrActions
nr_19_id_28_00f6ff351fc1d60f8aed679981255c3b58d3f8e8_ImageConverter_GTSPOON.csv,1225,0.5975609756097561,1.633293315386089
