file,nrBest,proportionBest,entropyNrActions
nr_46_id_21_0190b904c6ae5c3a85e54d21aeb56fa3be557b11_Game_GTSPOON.csv,250,0.12195121951219512,3.400022675914663
