file,nrBest,proportionBest,entropyNrActions
nr_333_id_17_0698316fd713fe89c5ba25c05c3608d55cc8895e_Print_GTSPOON.csv,1401,0.6834146341463415,1.3470435521444366
