file,nrBest,proportionBest,entropyNrActions
nr_412_id_19_09ebc3d811fb41e4327bd7d3c822c0508ffd3e87_TrayIcons_GTSPOON.csv,1926,0.9395121951219512,0.3795519157023548
