file,nrBest,proportionBest,entropyNrActions
nr_398_id_20_07ac20a8533556767845cbeec287f64e7b37a31e_UpgradeManager_GTSPOON.csv,1741,0.8492682926829268,0.8179084380977839
