file,nrBest,proportionBest,entropyNrActions
nr_508_id_12_057ab91a3373719c820fc6e9e0a7f7957e41e6d4_AStar_GTSPOON.csv,1837,0.8960975609756098,0.6203209224288718
