file,nrBest,proportionBest,entropyNrActions
nr_336_id_8_02c53421b310af87f346517a3d534e7c2dd20ca6_XmlBeansEntityBuilder_GTSPOON.csv,1292,0.6302439024390244,1.6056196866096446
