file,nrBest,proportionBest,entropyNrActions
nr_533_id_15_09975f38da100789a4db648ab761c276a7b5536a_TPRCommand_GTSPOON.csv,5,0.0024390243902439024,3.232865271087018
