file,nrBest,proportionBest,entropyNrActions
nr_84_id_20_019a7363d7df153f9de588c8995a400959c1fb7b_LoaderTest_GTSPOON.csv,2000,0.975609756097561,0.16270912538102122
