file,nrBest,proportionBest,entropyNrActions
nr_524_id_33_3e2d79c0977727b67fc24a0f9e02bf897a621859_SourcingAdmin_GTSPOON.csv,145,0.07073170731707316,2.596504747567052
