file,nrBest,proportionBest,entropyNrActions
nr_224_id_21_05a21b03b730e6af881da4379d8443d35c724edb_DOHRobot_GTSPOON.csv,18,0.00878048780487805,3.900761453560773
