file,nrBest,proportionBest,entropyNrActions
nr_103_id_21_02f2639a8b1e193f3b20eb3b676a8523635dd05e_CytoPanelAction_GTSPOON.csv,1919,0.9360975609756098,0.3839927916923414
