file,nrBest,proportionBest,entropyNrActions
nr_420_id_29_1872960485aaf69308cdd5a51f29cc592e1d41f8_DBManager_GTSPOON.csv,1824,0.8897560975609756,0.5779263936609852
