file,nrBest,proportionBest,entropyNrActions
nr_528_id_14_078f151a8a502c5383db926b5404ef069317a863_CyrusLanguage_GTSPOON.csv,112,0.054634146341463415,2.9585356456022804
