file,nrBest,proportionBest,entropyNrActions
nr_355_id_12_03dfb94b75aafc6f1604dc7e811a39c1a5da9919_Pair_GTSPOON.csv,1825,0.8902439024390244,0.6141702067897697
