file,nrBest,proportionBest,entropyNrActions
nr_229_id_16_044513931d31a4b86f622b1af36e9ce947672be7_ImageFilterTinyPlanet_GTSPOON.csv,1551,0.7565853658536585,1.032846039121513
