file,nrBest,proportionBest,entropyNrActions
nr_147_id_30_095404a9a5b35e6c3a0bea0f2802bb1606237fc1_CQuestion_GTSPOON.csv,144,0.0702439024390244,1.99957203546665
