file,nrBest,proportionBest,entropyNrActions
nr_32_id_19_00e8880f8183d30eae617cea1bb77626774b424e_DateSection_GTSPOON.csv,2020,0.9853658536585366,0.10665034461977059
