file,nrBest,proportionBest,entropyNrActions
nr_314_id_14_04b80b90c0524b855f58f4e4eb104efd852ddf4f_ClientInfo_GTSPOON.csv,1301,0.6346341463414634,1.5348531058188497
