file,nrBest,proportionBest,entropyNrActions
nr_79_id_18_0166f0ebb4b937a9cfc2079cadd23707886e8bf7_SMap_GTSPOON.csv,1717,0.8375609756097561,0.7613435123136177
