file,nrBest,proportionBest,entropyNrActions
nr_189_id_8_01a32d6361e24469516d1b440bd0b7841ef1bd28_MapReplicationOperation_GTSPOON.csv,1545,0.7536585365853659,1.2209620240757344
