file,nrBest,proportionBest,entropyNrActions
nr_475_id_16_08800ea27fd381ac7ad65cdd04bde3f494d6c331_DocParserTest_GTSPOON.csv,140,0.06829268292682927,2.7972423345646322
