file,nrBest,proportionBest,entropyNrActions
nr_60_id_5_00957115c1c029ec4cb062ae896a0ed6e52553ad_PluginManager_GTSPOON.csv,604,0.2946341463414634,2.9654086471187533
