file,nrBest,proportionBest,entropyNrActions
nr_298_id_13_0458f8a10618e471cc201f38d200a66fd1e0662c_AddEnsembleFeature_GTSPOON.csv,1436,0.7004878048780487,1.4104256897842542
