file,nrBest,proportionBest,entropyNrActions
nr_34_id_40_60205ff37a0101955e2334b03328e2f678ee4be7_Pathfinder_GTSPOON.csv,29,0.014146341463414635,2.371919562263294
