file,nrBest,proportionBest,entropyNrActions
nr_91_id_35_11b05a5e1abe7a23ac30de1c2d8043c109b5774d_CosmoConstants_GTSPOON.csv,2030,0.9902439024390244,0.06524591586870708
