file,nrBest,proportionBest,entropyNrActions
nr_246_id_25_0804816b21151be60880fd4c16079e041ea34151_ShowRentalViewModel_GTSPOON.csv,1728,0.8429268292682927,0.6915006956251982
