file,nrBest,proportionBest,entropyNrActions
nr_25_id_23_00c7e53f94567648a16624a2e2c0ab42e7c3b691_Entity_GTSPOON.csv,1906,0.9297560975609757,0.4203493113627793
