file,nrBest,proportionBest,entropyNrActions
nr_57_id_31_04892a732653be684e01f9ca8f38346b83d1c0ba_DataFacade_GTSPOON.csv,1280,0.624390243902439,1.648730158881593
