file,nrBest,proportionBest,entropyNrActions
nr_247_id_31_1174a2e8bdad56b6af28dc280e942f5ae6a948db_Parser_GTSPOON.csv,705,0.3439024390243902,2.2613922681810554
