file,nrBest,proportionBest,entropyNrActions
nr_543_id_34_4a146b35441486ef4511b159a899a09530d9c783_CalendarTest_GTSPOON.csv,1570,0.7658536585365854,0.9768218790413279
