file,nrBest,proportionBest,entropyNrActions
nr_476_id_25_10e5165a6c77c3e250bba60e29653ea7e32b13b1_OpenIDUtilsTest_GTSPOON.csv,2000,0.975609756097561,0.16720032955281383
