file,nrBest,proportionBest,entropyNrActions
nr_285_id_15_054a5c5d09205da505f4262309bb95c9a8d23d16_EventHookGSGraveStone_GTSPOON.csv,1915,0.9341463414634147,0.4183698525572299
