file,nrBest,proportionBest,entropyNrActions
nr_225_id_22_05ad3f9ec4d9c245443c8a5a53f99b6af067d6c9_BefehlEssenBoden_GTSPOON.csv,1910,0.9317073170731708,0.43398458985162597
