file,nrBest,proportionBest,entropyNrActions
nr_65_id_16_015ebe2f07034b9630370d71b82319380aeaf993_Letter_GTSPOON.csv,40,0.01951219512195122,1.5585688433351401
