file,nrBest,proportionBest,entropyNrActions
nr_265_id_31_12647f5ade736d1747ef92a73bc6a955342b9483_RapidStoneFileRunner_GTSPOON.csv,2005,0.9780487804878049,0.1267208493595892
