file,nrBest,proportionBest,entropyNrActions
nr_52_id_18_00d4b0f532ca0eba98f1894f3a63fc1b900e6116_ContainerPanel_GTSPOON.csv,152,0.07414634146341463,2.5241861511337986
