file,nrBest,proportionBest,entropyNrActions
nr_119_id_24_03a46f213d07abc9826da0bca89adf108bf020c3_JRubyEngine_GTSPOON.csv,32,0.015609756097560976,1.664073834339605
