file,nrBest,proportionBest,entropyNrActions
nr_83_id_17_0182bb85c3f5b54ad65ac1137a9e0f9689237229_JavaMaker_GTSPOON.csv,81,0.03951219512195122,1.4744178943171984
