file,nrBest,proportionBest,entropyNrActions
nr_60_id_28_029b88a0ae162ccfb27e7912ccc52f2e47d7473a_ImageExplorer_GTSPOON.csv,100,0.04878048780487805,2.0465920885183633
