file,nrBest,proportionBest,entropyNrActions
nr_131_id_30_08464ed34112bff5722ec421a54681c95a796d82_LocatedOpenDocumentFile_GTSPOON.csv,19,0.009268292682926829,0.7941112681853185
