file,nrBest,proportionBest,entropyNrActions
nr_261_id_14_03ec9f0d545d98764d35d24200e439378907bbf8_mail_GTSPOON.csv,1714,0.8360975609756097,0.7393160446738202
