file,nrBest,proportionBest,entropyNrActions
nr_439_id_23_0dba615575f159561b9b25ff94fe8dc27e471dad_Main_GTSPOON.csv,1639,0.7995121951219513,0.8271192455460353
