file,nrBest,proportionBest,entropyNrActions
nr_289_id_6_01d1ebbdcf35b53325988c1aee94278e9864aedb_Startup_GTSPOON.csv,2012,0.9814634146341463,0.11577351254345614
