file,nrBest,proportionBest,entropyNrActions
nr_272_id_15_04fb30ab037ff5ed0988a559e65873f4dcf9109d_HVWrap_GTSPOON.csv,1530,0.7463414634146341,1.2218803996845993
