file,nrBest,proportionBest,entropyNrActions
nr_41_id_40_7adbad23b1293e0408dea170881911da78b57278_Env_GTSPOON.csv,210,0.1024390243902439,2.3205594001429577
