file,nrBest,proportionBest,entropyNrActions
nr_457_id_1_0519bbf7101b816b5cd31250337ffd49311ee27d_HashItemSet_GTSPOON.csv,1831,0.8931707317073171,0.6206534646045558
