file,nrBest,proportionBest,entropyNrActions
nr_91_id_1_01085f994d42b4201e4ec61b0897adcc1ad229e7_RolesConstants_GTSPOON.csv,1742,0.8497560975609756,0.6018629833836141
