file,nrBest,proportionBest,entropyNrActions
nr_461_id_23_0e5fa157eb1f2298578aa40171920a7db2fe89e1_Parser_GTSPOON.csv,129,0.06292682926829268,2.7600140118652146
