file,nrBest,proportionBest,entropyNrActions
nr_305_id_18_06120c38f9c8194225460ffb37921f9a079765b4_WebResourceUtils_GTSPOON.csv,1605,0.7829268292682927,0.840871435160002
