file,nrBest,proportionBest,entropyNrActions
nr_278_id_30_113ccff68f89a62d99250233016510eeefd0859b_DownloadLogAdapter_GTSPOON.csv,1827,0.891219512195122,0.6460502241925099
