file,nrBest,proportionBest,entropyNrActions
nr_494_id_26_10bf4c37895bb5293faec97f646e841f03e2a97e_Hello_GTSPOON.csv,28,0.013658536585365854,2.7729312501646914
