file,nrBest,proportionBest,entropyNrActions
nr_122_id_33_10113fd67b4a7b3e637c5587d868cfb80aefc57e_StatementTest_GTSPOON.csv,1841,0.8980487804878049,0.5549234303198622
