file,nrBest,proportionBest,entropyNrActions
nr_463_id_34_3f6abe58fea8de7ca8e02000a629d814996cb1a4_Filter_GTSPOON.csv,75,0.036585365853658534,2.4013858022069745
