file,nrBest,proportionBest,entropyNrActions
nr_701_id_3_04cc1b6391d29a5d738ae8083d118c77f02f6eca_LoadEvaluator_GTSPOON.csv,1908,0.9307317073170732,0.4202935037012213
