file,nrBest,proportionBest,entropyNrActions
nr_253_id_10_02580b12edebb809157cd695c027e54775dd79d3_Stream_GTSPOON.csv,20,0.00975609756097561,2.4078767408588124
