file,nrBest,proportionBest,entropyNrActions
nr_54_id_8_0079c4b8b335ae9d1dfe1267ba1d045e5629f61b_ImageGeometry_GTSPOON.csv,152,0.07414634146341463,2.629749562592952
