file,nrBest,proportionBest,entropyNrActions
nr_457_id_3_0302db3ede91445bd8120164e49722276f860284_CalendarAppWidgetModel_GTSPOON.csv,1033,0.5039024390243902,1.8319842188812927
