file,nrBest,proportionBest,entropyNrActions
nr_559_id_9_066ed2d08b7063c8d0cc5c98a0d08fa13c2a2b92_Consts_GTSPOON.csv,400,0.1951219512195122,0.6386179068264097
