file,nrBest,proportionBest,entropyNrActions
nr_177_id_14_0263b353f0200fd6a6b86c85ba1ec047d40b7b11_ArgumentString_GTSPOON.csv,2018,0.984390243902439,0.11408544275680817
