file,nrBest,proportionBest,entropyNrActions
nr_428_id_14_06396f452528685672047e9f93c0d15dc357cab5_ProfileManager_GTSPOON.csv,1359,0.6629268292682927,1.4865167873545642
