file,nrBest,proportionBest,entropyNrActions
nr_399_id_15_075e95db5c1695bf3c282d69ff13598e8989722b_UserDaoHibernate_GTSPOON.csv,1934,0.9434146341463414,0.3751718445320638
