file,nrBest,proportionBest,entropyNrActions
nr_450_id_17_09260d6b3a7e6be5ffd7f4365f56d284198b2597_PopupMenu_GTSPOON.csv,1805,0.8804878048780488,0.6409743981885603
