file,nrBest,proportionBest,entropyNrActions
nr_479_id_21_0c2400cb6d8ed844b970f42eb9b0d9a31965477d_JainSipUtils_GTSPOON.csv,1756,0.8565853658536585,0.7370520260707646
