file,nrBest,proportionBest,entropyNrActions
nr_358_id_29_14be51b23fad1fd31d1dd0f46c456d810289d6a5_SQLQueryImpl_GTSPOON.csv,762,0.37170731707317073,2.420145296685595
