file,nrBest,proportionBest,entropyNrActions
nr_417_id_20_080878e21632fd8017c359e77015fdc0f242a62d_TaskListAdapter_GTSPOON.csv,1346,0.6565853658536586,1.763786790573307
