file,nrBest,proportionBest,entropyNrActions
nr_315_id_18_0644f1a2e5d00235956aa3dc618b8d9999b96e4c_Compiler_GTSPOON.csv,126,0.06146341463414634,2.9893995371905806
