file,nrBest,proportionBest,entropyNrActions
nr_131_id_21_03a464f48a681043a42232395abe11cff24c0b5c_ViewActivitiesActivity_GTSPOON.csv,1646,0.8029268292682927,1.0081512153516117
