file,nrBest,proportionBest,entropyNrActions
nr_517_id_34_46eefae92d8f89b215f63385ca124034f226ac02_FixLeaseTerms_GTSPOON.csv,1921,0.9370731707317074,0.41284645730726693
