file,nrBest,proportionBest,entropyNrActions
nr_647_id_3_045cd20b2148f20c0961c11d63340211dcd875b7_BugzillaSearchPage_GTSPOON.csv,191,0.09317073170731707,2.6656106890967464
