file,nrBest,proportionBest,entropyNrActions
nr_315_id_16_05b046725cf917c87b0843fe44c482f51cfc3c81_Client_GTSPOON.csv,1015,0.4951219512195122,2.0527890450717283
