file,nrBest,proportionBest,entropyNrActions
nr_500_id_28_168a1907baf702b8a1d90447cfff715fd0a55e92_UDJPartyProvider_GTSPOON.csv,1557,0.7595121951219512,1.0958155878912064
