file,nrBest,proportionBest,entropyNrActions
nr_402_id_17_07e0a48cc27cc5af2cbc433448420d4999c98e40_NextTest_GTSPOON.csv,2000,0.975609756097561,0.16441129123903364
