file,nrBest,proportionBest,entropyNrActions
nr_150_id_15_02ef0970750514266fa3a6a8a436e23b1b612492_OAISetServiceBean_GTSPOON.csv,1802,0.8790243902439024,0.6968462677686516
