file,nrBest,proportionBest,entropyNrActions
nr_27_id_23_00e25292ee100f33e05be215d6de479e2cda2ad0_Database_GTSPOON.csv,637,0.31073170731707317,2.695777852202575
