file,nrBest,proportionBest,entropyNrActions
nr_74_id_38_30953a60aafe8d5f7047222493c891fbc1ab6651_ImageCache_GTSPOON.csv,153,0.07463414634146341,2.1741233954127352
