file,nrBest,proportionBest,entropyNrActions
nr_86_id_29_0509c8a86dee448006c9297185797c04a0e88ba0_Database_GTSPOON.csv,1383,0.6746341463414635,1.3481824614620879
