file,nrBest,proportionBest,entropyNrActions
nr_54_id_13_00e292dc64aae5a98a7f2ba030af7d3ffeac9185_Logger_GTSPOON.csv,2025,0.9878048780487805,0.08712971942728255
