file,nrBest,proportionBest,entropyNrActions
nr_514_id_9_05e1b307edb98c126f77a482f8f590b268b43079_ChangePasswordValidator_GTSPOON.csv,1,0.0004878048780487805,1.0247277065180245
