file,nrBest,proportionBest,entropyNrActions
nr_258_id_20_04edc9d7bb475d014489686aac0b0ce30ae617a5_Block_GTSPOON.csv,1620,0.7902439024390244,1.0520364960864574
