file,nrBest,proportionBest,entropyNrActions
nr_392_id_17_07b4f3d4e64e7d6434d2ca2fb708b95690452d90_NameUtil_GTSPOON.csv,6,0.002926829268292683,0.6072458817108641
