file,nrBest,proportionBest,entropyNrActions
nr_497_id_28_164fa6b70b0fe4a2947f997a1b82d80935a85fc3_AutoEditStrategy_GTSPOON.csv,5,0.0024390243902439024,3.3920528158384196
