file,nrBest,proportionBest,entropyNrActions
nr_319_id_19_0784c26d9fdfb8cace0eca78847a520bd576b7d7_User_GTSPOON.csv,1515,0.7390243902439024,1.220607634136627
