file,nrBest,proportionBest,entropyNrActions
nr_505_id_33_3c3e5067678e4f4ae180300cc099ea35725fdde6_MixtureComponent_GTSPOON.csv,1203,0.5868292682926829,1.7748410527867926
