file,nrBest,proportionBest,entropyNrActions
nr_18_id_33_022a5c00ee4e298b0e7f5d2f0f05655cc9885a71_StatisticsService_GTSPOON.csv,1110,0.5414634146341464,1.9773961024040054
