file,nrBest,proportionBest,entropyNrActions
nr_307_id_9_03a024b3d655889fc515c95513cfdb4831880c49_MD25Motor_GTSPOON.csv,1550,0.7560975609756098,0.9802622546576139
