file,nrBest,proportionBest,entropyNrActions
nr_552_id_5_048c3dc8fff8590cf9d867d006d89341f9201911_EditItemServlet_GTSPOON.csv,388,0.18926829268292683,2.5513364307024604
