file,nrBest,proportionBest,entropyNrActions
nr_12_id_6_0019ad047749690d5fde01e0a374af668b5f5d4a_Person_GTSPOON.csv,1928,0.9404878048780487,0.37590264526598866
