file,nrBest,proportionBest,entropyNrActions
nr_410_id_20_07d4458af8e4b1e3f342eb18ff3023873f2ce085_ZHTradePostGUI_GTSPOON.csv,162,0.07902439024390244,2.695915805353227
