file,nrBest,proportionBest,entropyNrActions
nr_443_id_15_083ce0a69128ca6d1528de488467423bf0880234_LittleMensQuest_GTSPOON.csv,1822,0.8887804878048781,0.6201016456660206
