file,nrBest,proportionBest,entropyNrActions
nr_64_id_3_0074ee6fa899612c8ffa96942230e00f92199e69_GC_GTSPOON.csv,928,0.4526829268292683,2.0848901643172395
