file,nrBest,proportionBest,entropyNrActions
nr_123_id_9_018600641742f139c922f5e1d28ad53fdc7e724e_WorldGuardUtil_GTSPOON.csv,1506,0.7346341463414634,1.1060984860381728
