file,nrBest,proportionBest,entropyNrActions
nr_180_id_16_035a640bbe910bc765de5dedd38eb31cb7ba8a78_Defs_GTSPOON.csv,1644,0.8019512195121952,0.8625357835320449
