file,nrBest,proportionBest,entropyNrActions
nr_67_id_38_2b8064ce9a1dec17c9873f274c8680c5e8378722_Assert_GTSPOON.csv,347,0.16926829268292684,2.715022616887808
