file,nrBest,proportionBest,entropyNrActions
nr_394_id_27_11c2d2031b2258f205fb30bc4ef09d96e433d0b2_CalendarUtils_GTSPOON.csv,339,0.1653658536585366,2.0409430775108803
