file,nrBest,proportionBest,entropyNrActions
nr_487_id_7_051a7c6ede90cc4261d3977b7b0f2a746f87a281_SessionService_GTSPOON.csv,2005,0.9780487804878049,0.14987006949926426
