file,nrBest,proportionBest,entropyNrActions
nr_48_id_5_00769b7e0e6b0a1685f093c9b4b01d2057246bc3_BasicSymbol_GTSPOON.csv,1478,0.7209756097560975,1.2677408390769274
