file,nrBest,proportionBest,entropyNrActions
nr_167_id_29_0995e9f66e700b559e623d4dca61179ae29638b7_PyJavaClass_GTSPOON.csv,129,0.06292682926829268,3.1251183474260613
