file,nrBest,proportionBest,entropyNrActions
nr_117_id_3_00cf22e598e90715a96b09944aee4c684665b52b_ExceptionHandler_GTSPOON.csv,1934,0.9434146341463414,0.3288531904621518
