file,nrBest,proportionBest,entropyNrActions
nr_247_id_38_a673e4f271410d353762afe24b24b6c7343d31a1_RouteReassignmentMove_GTSPOON.csv,980,0.47804878048780486,0.3800532894147327
