file,nrBest,proportionBest,entropyNrActions
nr_545_id_2_0126e654d1a603237826709bf6dbb1139b36019b_FunctionFactory_GTSPOON.csv,1907,0.9302439024390244,0.40790805815334674
