file,nrBest,proportionBest,entropyNrActions
nr_347_id_2_00b56127bf3781fb80cc66648d95c8ac8a81e08a_ConfigurationUI_GTSPOON.csv,1475,0.7195121951219512,1.3160434932042606
