file,nrBest,proportionBest,entropyNrActions
nr_3_id_24_000e834879f23431534712b9c6638bf1e174d664_GmailMessageList_GTSPOON.csv,1410,0.6878048780487804,1.4080355786811036
