file,nrBest,proportionBest,entropyNrActions
nr_389_id_12_04387239da87ebfe9437c1f79663caf650437d56_ImportCss_GTSPOON.csv,1924,0.9385365853658536,0.3107872358466517
