file,nrBest,proportionBest,entropyNrActions
nr_322_id_22_081d1fa7d90b2e2060b8fe7ac6cc945dbca868a9_UIText_GTSPOON.csv,215,0.1048780487804878,1.657464880455244
