file,nrBest,proportionBest,entropyNrActions
nr_95_id_28_04473e8c9cc55b371cc9c506d085284740281554_AbstractGNUSourceCodeParser_GTSPOON.csv,38,0.018536585365853658,2.910233789868765
