file,nrBest,proportionBest,entropyNrActions
nr_95_id_12_01133ae4a0378ad5f5ee29cb8283c7a1136a285e_Being_GTSPOON.csv,1752,0.8546341463414634,0.7847258587025219
