file,nrBest,proportionBest,entropyNrActions
nr_224_id_5_01d18c64d5419842a2a855e1f85d7deff5a6454b_AbstractShape_GTSPOON.csv,1730,0.8439024390243902,0.7076293303685871
