file,nrBest,proportionBest,entropyNrActions
nr_376_id_20_07570478bee8f2bb42077eedae93589d000991aa_Deck_GTSPOON.csv,178,0.08682926829268292,2.609654186095796
