file,nrBest,proportionBest,entropyNrActions
nr_115_id_35_18c504f419285ee0e03bf41b774a4607c65b38c6_LessEngine_GTSPOON.csv,1300,0.6341463414634146,1.6321344388323797
