file,nrBest,proportionBest,entropyNrActions
nr_430_id_11_05e8bdb1f6b459bd8541f4fac09513f020874a32_OPDSTaskExecutor_GTSPOON.csv,1926,0.9395121951219512,0.3844701428075198
