file,nrBest,proportionBest,entropyNrActions
nr_285_id_6_01c96a30857f3bc87668b31a17ea6bb6524b3299_ImageCache_GTSPOON.csv,1720,0.8390243902439024,0.7220892700868156
