file,nrBest,proportionBest,entropyNrActions
nr_392_id_22_096a881a19c51233129974e95b36a4136b19c912_CSSLookAndFeel_GTSPOON.csv,646,0.3151219512195122,1.8415082733285768
