file,nrBest,proportionBest,entropyNrActions
nr_274_id_28_0c35438a08fd5ae2fb000c2f193f21ea992ecd09_BrowserTable_GTSPOON.csv,96,0.04682926829268293,3.404954760935402
