file,nrBest,proportionBest,entropyNrActions
nr_515_id_7_05505f821773451c8d7a77a30ecb851f03b4f7f1_StopManager_GTSPOON.csv,1194,0.5824390243902439,1.7562938238496324
