file,nrBest,proportionBest,entropyNrActions
nr_167_id_10_01737f58eadeb432d283d8b865099ac6704c16b7_BaseNode_GTSPOON.csv,1467,0.715609756097561,1.268248043439859
