file,nrBest,proportionBest,entropyNrActions
nr_112_id_5_00fc4f8f0717d1058f7e0eeb4b87f8c9852803d9_DataIndex_GTSPOON.csv,132,0.06439024390243903,1.7142086943013173
