file,nrBest,proportionBest,entropyNrActions
nr_77_id_16_018ae39c5dd02be8d322d479b35c117b7ee2664e_Rectangle_GTSPOON.csv,1665,0.8121951219512196,0.9335961212678506
