file,nrBest,proportionBest,entropyNrActions
nr_475_id_12_0529b618f10753626c23424793bb44863646554a_OpentapsTestCase_GTSPOON.csv,160,0.07804878048780488,2.6522418246692956
