file,nrBest,proportionBest,entropyNrActions
nr_324_id_15_0607dccb93a407440e861895db43e5fc5b062cf7_Spawn_GTSPOON.csv,998,0.4868292682926829,2.0211613796704953
