file,nrBest,proportionBest,entropyNrActions
nr_110_id_17_020b1543370b112fffffba430af87f9a396988b9_ClipmapLevel_GTSPOON.csv,53,0.025853658536585365,2.805110704049988
