file,nrBest,proportionBest,entropyNrActions
nr_117_id_26_045e5e9797a207870c12c3bdc3810106479e76fc_GuiDlsTypesystem_GTSPOON.csv,81,0.03951219512195122,0.8446024179831078
