file,nrBest,proportionBest,entropyNrActions
nr_219_id_20_0433955bcb7d2b7bd1c83b50cb606070ec2a24b0_PDFController_GTSPOON.csv,1615,0.7878048780487805,0.7386706096915199
