file,nrBest,proportionBest,entropyNrActions
nr_63_id_39_67c7a45c4317ae24a9a323284999dac82427bb7a_XMLSchemaValidator_GTSPOON.csv,150,0.07317073170731707,3.1964833370978267
