file,nrBest,proportionBest,entropyNrActions
nr_350_id_13_050ad2c24f1a8162da21194ec5e406431e09b6ec_Main_GTSPOON.csv,888,0.43317073170731707,2.139823646157716
