file,nrBest,proportionBest,entropyNrActions
nr_567_id_11_081730b3133a645498851bcdd6a04e650fd1b7d7_ServerMethods_GTSPOON.csv,849,0.4141463414634146,2.0819184534580204
