file,nrBest,proportionBest,entropyNrActions
nr_475_id_35_5a4f6842c5752721de973b9692361ea5d482eb22_KeyStoreTrustEngine_GTSPOON.csv,10,0.004878048780487805,1.275354146319483
