file,nrBest,proportionBest,entropyNrActions
nr_168_id_1_020b0e00533a809e1fb2914e26966d8795085b7a_ChunkProviderServerHook_GTSPOON.csv,1473,0.7185365853658536,1.285890055714388
