file,nrBest,proportionBest,entropyNrActions
nr_8_id_34_00b5cddda7ab08414e9dea45dd2e407e577500d9_PathType_GTSPOON.csv,1464,0.7141463414634146,1.2430076804220695
