file,nrBest,proportionBest,entropyNrActions
nr_196_id_2_005ce6962a0263850c67f2ad7b9f382899388e80_Format6Encoder_GTSPOON.csv,1741,0.8492682926829268,0.8740139504567619
