file,nrBest,proportionBest,entropyNrActions
nr_87_id_25_02f86a0838450ea73ce9d7010fa3f5959898d59c_BufferedOutputFile_GTSPOON.csv,100,0.04878048780487805,2.9513974612319673
