file,nrBest,proportionBest,entropyNrActions
nr_616_id_1_06e13adb6974eca644c47d377340e7651ccb8471_NowPlayingScreen_GTSPOON.csv,153,0.07463414634146341,2.200666312937188
