file,nrBest,proportionBest,entropyNrActions
nr_451_id_5_03b95675590273e999ed4c54a794535898100c1c_MultipleChoiceQuestionViewAdapter_GTSPOON.csv,1647,0.8034146341463415,0.9640159393020128
