file,nrBest,proportionBest,entropyNrActions
nr_544_id_4_022423e200ae95a00393c3e4551a1985705795d8_QueryableIndexStorageAdapter_GTSPOON.csv,304,0.14829268292682926,3.0094387750047504
