file,nrBest,proportionBest,entropyNrActions
nr_503_id_3_0342fe554ac538fef3ba7ab99b7637fcb615034a_GsonObject_GTSPOON.csv,1931,0.9419512195121951,0.35975376283975197
