file,nrBest,proportionBest,entropyNrActions
nr_205_id_22_051de691c0c779b4bc22df6de592c1f9a4c85140_GuiManager3D_GTSPOON.csv,1656,0.8078048780487805,0.9056231406283327
