file,nrBest,proportionBest,entropyNrActions
nr_71_id_25_024d22239ea21c8ae28594aca77cb688506758e2_CAHRS_GTSPOON.csv,1836,0.895609756097561,0.6026173288110094
