file,nrBest,proportionBest,entropyNrActions
nr_377_id_26_0cd8ba1a100fb4567a6bff33b20767aee30e59fa_TradeSign_GTSPOON.csv,383,0.18682926829268293,3.145104028359971
