file,nrBest,proportionBest,entropyNrActions
nr_331_id_24_0a47f6a7c85e10db2e8eac1fe660b9c0ddd2494e_guess_GTSPOON.csv,938,0.4575609756097561,1.5096406412772583
