file,nrBest,proportionBest,entropyNrActions
nr_441_id_24_0d443eb92d6f726498225170152b0d79a3468e80_WorkspaceServiceTest_GTSPOON.csv,142,0.06926829268292684,2.9294690132892702
