file,nrBest,proportionBest,entropyNrActions
nr_193_id_26_075c5a9c2b35518bfdda799e7bf6e5885d663b43_ToolTipHandler_GTSPOON.csv,1390,0.6780487804878049,1.4757616420514266
