file,nrBest,proportionBest,entropyNrActions
nr_298_id_33_25f258fabacd275a290b6f5ca77b6056a51a5119_DialpadImageButton_GTSPOON.csv,108,0.05268292682926829,1.3659736498434494
