file,nrBest,proportionBest,entropyNrActions
nr_268_id_9_033554dc1278b177c7849e278d17bae5c2e49be8_transferURL_GTSPOON.csv,1378,0.6721951219512196,1.7416758511745132
