file,nrBest,proportionBest,entropyNrActions
nr_393_id_13_05c0ab07b4c8da3fe782ea675176303548a396db_AddEdgeStateMonitor_GTSPOON.csv,1746,0.8517073170731707,0.8052037588831593
