file,nrBest,proportionBest,entropyNrActions
nr_376_id_24_0b8a81ef6d1e05dab89770e01c448d5e83498df1_mod_pocketDim_GTSPOON.csv,495,0.24146341463414633,2.5227167123557233
