file,nrBest,proportionBest,entropyNrActions
nr_132_id_16_0280d9a25884747b3bc9447531e4e375f65bec70_ComboPercentageBar_GTSPOON.csv,1221,0.595609756097561,1.779791767160885
