file,nrBest,proportionBest,entropyNrActions
nr_312_id_34_2b7ed55a5a46dab46c7567bbdde0b6027bc08f39_GtpEngine_GTSPOON.csv,1456,0.7102439024390244,1.3420498911477916
