file,nrBest,proportionBest,entropyNrActions
nr_361_id_21_097eb0155bc60e497c382f37fbe11ba253c36651_EditLayerAction_GTSPOON.csv,1900,0.926829268292683,0.45320425847204027
