file,nrBest,proportionBest,entropyNrActions
nr_41_id_1_006a107738878c017c483cf92fc8064445596207_FileService_GTSPOON.csv,1830,0.8926829268292683,0.5792114369199924
