file,nrBest,proportionBest,entropyNrActions
nr_143_id_18_02c4623e787c14b6fe2bf03da0f3411f0322fade_SomeGames_GTSPOON.csv,1539,0.7507317073170732,1.0127341646433716
