file,nrBest,proportionBest,entropyNrActions
nr_674_id_1_0797623a6f470864317da91528136cb7790cc343_RepositoryManager_GTSPOON.csv,199,0.09707317073170732,2.4476252546872574
