file,nrBest,proportionBest,entropyNrActions
nr_183_id_11_025464ee0b9316e7c7a5598d6598966c98ad5c6c_MCNSAChat2_GTSPOON.csv,1520,0.7414634146341463,1.0729393926951083
