file,nrBest,proportionBest,entropyNrActions
nr_32_id_5_005f78aba9c6873075ecbd8040c607fe5c9074fd_TeiidDriver_GTSPOON.csv,1939,0.9458536585365853,0.3443055797161175
