file,nrBest,proportionBest,entropyNrActions
nr_42_id_31_032202933c6d68123124b7b048dd6eecc06a3257_X10PrettyPrinterVisitor_GTSPOON.csv,5,0.0024390243902439024,3.707006500604695
