file,nrBest,proportionBest,entropyNrActions
nr_5_id_30_004c56f0e918da1346807889fc81e8b555a3984b_Issue_GTSPOON.csv,196,0.09560975609756098,2.521719157880064
