file,nrBest,proportionBest,entropyNrActions
nr_172_id_17_037286796bb780d6e9d01b6fd4d571122ad9087b_AggregateInfo_GTSPOON.csv,464,0.22634146341463415,2.3481396910171517
