file,nrBest,proportionBest,entropyNrActions
nr_257_id_11_036637af0854549aa5cf764ba3b669b8306b3a09_MultipleOutServiceTest_GTSPOON.csv,1839,0.8970731707317073,0.6128913230928321
