file,nrBest,proportionBest,entropyNrActions
nr_9_id_14_002678644e3f92eb8a16afa18cd049489f6998f9_MemberManager_GTSPOON.csv,2025,0.9878048780487805,0.08863048853224073
