file,nrBest,proportionBest,entropyNrActions
nr_582_id_3_03ce0eb9ef860bbf88883beae50b02f653044d61_ISnippetImpl_GTSPOON.csv,1005,0.4902439024390244,2.006707671235456
