file,nrBest,proportionBest,entropyNrActions
nr_154_id_23_04a3c8307757f63ea6bb7e2fd8e92251c112bdb3_ResultActivity_GTSPOON.csv,1661,0.8102439024390244,0.9285843963989399
