file,nrBest,proportionBest,entropyNrActions
nr_23_id_7_0032a6ae6f5670b5b1c661786a07f9c997645c41_HierarchicalIcons_GTSPOON.csv,1543,0.7526829268292683,1.1602332064294636
