file,nrBest,proportionBest,entropyNrActions
nr_725_id_5_0610dec81c84c620bbcb78183472141f05447e23_Text_GTSPOON.csv,190,0.09268292682926829,2.1692327303748673
