file,nrBest,proportionBest,entropyNrActions
nr_75_id_12_00e4d83407d01b77dd4142a191ee39c9c96fad13_PlayerLstn_GTSPOON.csv,2005,0.9780487804878049,0.1470080839125632
