file,nrBest,proportionBest,entropyNrActions
nr_399_id_15_075e95db5c1695bf3c282d69ff13598e8989722b_DutyList_GTSPOON.csv,831,0.4053658536585366,2.096382281232991
