file,nrBest,proportionBest,entropyNrActions
nr_15_id_14_0043cbcd4cb4a49cce2906221cd65051150f3c14_AccountController_GTSPOON.csv,1824,0.8897560975609756,0.6341060842505258
