file,nrBest,proportionBest,entropyNrActions
nr_592_id_11_08683e06078f24b26981666b5adf0bbabc8c10e4_GenMath_GTSPOON.csv,200,0.0975609756097561,2.4389346555041502
