file,nrBest,proportionBest,entropyNrActions
nr_400_id_21_0a62320804eb3f292155a800452e339528aace9b_SyncArchive_GTSPOON.csv,189,0.09219512195121951,2.9286688135891206
