file,nrBest,proportionBest,entropyNrActions
nr_397_id_6_0265e86e5514fa7b542c47bb5dffa161d40c1d20_PyFile_GTSPOON.csv,40,0.01951219512195122,2.8842062039942618
