file,nrBest,proportionBest,entropyNrActions
nr_281_id_25_09837db6224122a95842b7de5445be7e5fc544e5_AddEMFObjectIndividual_GTSPOON.csv,373,0.18195121951219512,1.5673972486910124
