file,nrBest,proportionBest,entropyNrActions
nr_475_id_18_08de45b34bc0282cf86f94a326ff4ea35d8bee30_Tester_GTSPOON.csv,2000,0.975609756097561,0.1590375208507564
