file,nrBest,proportionBest,entropyNrActions
nr_472_id_26_0fb06c36238110b3fa1660580127dfbd05d58fb9_Connection_GTSPOON.csv,15,0.007317073170731708,0.6504581491565732
