file,nrBest,proportionBest,entropyNrActions
nr_186_id_16_0373b71f86aa5a3838047d979d4ed21b25b9adf5_MediaManager_GTSPOON.csv,1725,0.8414634146341463,0.824428825713808
