file,nrBest,proportionBest,entropyNrActions
nr_287_id_11_03ba915263da4844342604a8e7ae500a13bc1ec7_MineStock_GTSPOON.csv,640,0.3121951219512195,2.0450337107886045
