file,nrBest,proportionBest,entropyNrActions
nr_521_id_4_0215ebed40371526d79a37bdbfa488659c635968_MergeState_GTSPOON.csv,299,0.14585365853658536,2.403914093004316
