file,nrBest,proportionBest,entropyNrActions
nr_43_id_29_028fef37ef7b76dbf50874a144fad587148202fd_LogAspect_GTSPOON.csv,1900,0.926829268292683,0.42253006672629306
