file,nrBest,proportionBest,entropyNrActions
nr_207_id_12_0247548400235f49e363bf8098a570421367691d_SecondBaseSkewIntegrationTest_GTSPOON.csv,1841,0.8980487804878049,0.529714302102817
