file,nrBest,proportionBest,entropyNrActions
nr_179_id_7_01ecdf6f24e51278680d218111cdf91901cdc195_ConfigEnum_GTSPOON.csv,679,0.33121951219512197,2.393213523842105
