file,nrBest,proportionBest,entropyNrActions
nr_328_id_11_04485e6cb27cdff8139e0e05a2d9da43546e7ca0_Application_GTSPOON.csv,2025,0.9878048780487805,0.07318389823715905
