file,nrBest,proportionBest,entropyNrActions
nr_29_id_32_0221f23157490e962860a7acc7e1d7f9c199e328_DefaultArtifact_GTSPOON.csv,60,0.02926829268292683,2.367374569490541
