file,nrBest,proportionBest,entropyNrActions
nr_267_id_14_04020e01f2ac3ff43fa39d2e20642ab1f4645e6b_LocalizableObject_GTSPOON.csv,1474,0.7190243902439024,1.3389769775768858
