file,nrBest,proportionBest,entropyNrActions
nr_307_id_36_4f60466612468b9b9555fafd68f64c1562d0512c_BowCommand_GTSPOON.csv,1980,0.9658536585365853,0.22182321371944533
