file,nrBest,proportionBest,entropyNrActions
nr_332_id_35_3f0314b41fef7b680548cce0fab4e14565a5b2e3_DrawerLayout_GTSPOON.csv,18,0.00878048780487805,2.830642711302447
