file,nrBest,proportionBest,entropyNrActions
nr_153_id_25_04fbd3ab6cb58590789b07e579f050fbdf1effd2_AppsDb_GTSPOON.csv,858,0.41853658536585364,2.179954310459664
