file,nrBest,proportionBest,entropyNrActions
nr_372_id_22_09148f0c0d445b708e817a8e6f33985643381e83_AddressBookResultHandler_GTSPOON.csv,1469,0.7165853658536585,1.36280289235007
