file,nrBest,proportionBest,entropyNrActions
nr_242_id_10_0243b104f119efabc506200903c542a98bea3f1b_PersonProxy_GTSPOON.csv,1829,0.8921951219512195,0.3855176842792645
