file,nrBest,proportionBest,entropyNrActions
nr_7_id_30_005af56c17310d5a162ede6612932eb9f18e054c_TracClientManager_GTSPOON.csv,1615,0.7878048780487805,0.5991030109445425
