file,nrBest,proportionBest,entropyNrActions
nr_113_id_7_013bcb961903e2eec2f7f0b499e44725ace5960c_Sessions_GTSPOON.csv,1724,0.8409756097560975,0.8405793514215656
