file,nrBest,proportionBest,entropyNrActions
nr_52_id_33_07caf96c8aeeb303948ae31b16f50f8b5c06d995_ImapProtocol_GTSPOON.csv,198,0.09658536585365854,2.8115189376651313
