file,nrBest,proportionBest,entropyNrActions
nr_685_id_5_05ba0aa428848870aba2752ca14f6d1b06d6ad13_Message_GTSPOON.csv,1661,0.8102439024390244,0.9658587026420616
