file,nrBest,proportionBest,entropyNrActions
nr_303_id_27_0d35adb312946b0b3606630584f6107e0b34fc5a_PlanFragment_GTSPOON.csv,2020,0.9853658536585366,0.09824644123135831
