file,nrBest,proportionBest,entropyNrActions
nr_11_id_23_005e17223822d8005b611b7699b08d806187e821_BasicTask_GTSPOON.csv,900,0.43902439024390244,2.031563846260348
