file,nrBest,proportionBest,entropyNrActions
nr_438_id_14_06542ff99558f6aa817f764c6f7bcf8167ac5f46_DatabaseHandler_GTSPOON.csv,1220,0.5951219512195122,1.527844597887454
