file,nrBest,proportionBest,entropyNrActions
nr_181_id_15_03712857e5a77909c4384d0e2e98c3269d0b1e09_GxCreditControlRequestImpl_GTSPOON.csv,1472,0.7180487804878048,1.2114262647587037
