file,nrBest,proportionBest,entropyNrActions
nr_140_id_7_0189d2c659583c8e795e2377885e1c558180088d_ViewNodeDetailsActivity_GTSPOON.csv,1454,0.7092682926829268,1.3399784183635044
