file,nrBest,proportionBest,entropyNrActions
nr_188_id_24_05a22da0421001111fd72e4b002bb20c004397ad_BaseServiceDslTest_GTSPOON.csv,1111,0.5419512195121952,1.6573446368500364
