file,nrBest,proportionBest,entropyNrActions
nr_459_id_13_06c8c5a7532180bd93ddc97587a0100b15834ee1_GameOverWinnerView_GTSPOON.csv,1564,0.7629268292682927,1.0771193307527624
