file,nrBest,proportionBest,entropyNrActions
nr_532_id_11_0797253e1ed05f362cfd628855e350ed538a07da_ImportTablePanel_GTSPOON.csv,136,0.06634146341463415,2.9474045262991915
