file,nrBest,proportionBest,entropyNrActions
nr_222_id_11_02e3268b859e5800f010a66a255bf5756213e614_SolrResourceLoader_GTSPOON.csv,755,0.36829268292682926,2.2156591114570983
