file,nrBest,proportionBest,entropyNrActions
nr_374_id_1_0447223cea62411cfb153494a784d34f57d48f1a_ContentCategoryAction_GTSPOON.csv,1921,0.9370731707317074,0.305019389962752
