file,nrBest,proportionBest,entropyNrActions
nr_269_id_1_03272b13393b407d92aea93264c37f60a3655ae5_CamelTransport_GTSPOON.csv,1616,0.7882926829268293,0.9728732028110653
