file,nrBest,proportionBest,entropyNrActions
nr_482_id_33_3a3f74ae424acf15679f39f7468f5e7d95c198e9_ServletWrapper_GTSPOON.csv,818,0.39902439024390246,2.385268436883356
