file,nrBest,proportionBest,entropyNrActions
nr_245_id_7_02a750dd6478689612d2c49a552c229919bd9553_ContactStatusLoaderTest_GTSPOON.csv,1749,0.853170731707317,0.7755769962307455
