file,nrBest,proportionBest,entropyNrActions
nr_342_id_21_08e1e6130f95b56c0e0002b2a551b01a2179cc64_ZeroconfServiceThread_GTSPOON.csv,1276,0.6224390243902439,1.6442700727567952
