file,nrBest,proportionBest,entropyNrActions
nr_245_id_32_15ad062f5e1034c9a6df8735ba1236fec6b19d36_LongPolling_GTSPOON.csv,40,0.01951219512195122,0.5294312761895693
