file,nrBest,proportionBest,entropyNrActions
nr_414_id_29_17beaa2c580937a555b74096e265abd2376ca723_St9River_GTSPOON.csv,1136,0.5541463414634147,1.9863600592792108
