file,nrBest,proportionBest,entropyNrActions
nr_215_id_8_01d209c787d2a9e7dd8f6b2004a2f6ceea919322_Interpreter_GTSPOON.csv,10,0.004878048780487805,3.0319375089269007
