file,nrBest,proportionBest,entropyNrActions
nr_147_id_22_03836368bffb0a3ad7490c1c51fb67d695987236_ObsControllerTest_GTSPOON.csv,1484,0.7239024390243902,1.2169708381879394
