file,nrBest,proportionBest,entropyNrActions
nr_478_id_19_0b3e4cff016b2f7aefb974c05dc3c620cd1f2262_Terminal_GTSPOON.csv,1829,0.8921951219512195,0.6133852668906039
