file,nrBest,proportionBest,entropyNrActions
nr_367_id_35_45ca459cebf81e5615b6b233ec2413654ffed330_I2PTunnelHTTPClient_GTSPOON.csv,2,0.000975609756097561,2.8473061013342242
