file,nrBest,proportionBest,entropyNrActions
nr_698_id_4_02b5626e251f29d407a6c9656e0b992b4d884738_SavedHttpServletRequest_GTSPOON.csv,728,0.3551219512195122,2.1979107728392027
