file,nrBest,proportionBest,entropyNrActions
nr_277_id_24_089e22d511ed1d0a446f5196ed52eea88b6151e3_Utils_GTSPOON.csv,210,0.1024390243902439,2.3321589612411087
