file,nrBest,proportionBest,entropyNrActions
nr_5_id_23_00330353513e03294e19b57b261427363f5a0e20_ErrorDialog_GTSPOON.csv,188,0.09170731707317073,2.1510268376946544
