file,nrBest,proportionBest,entropyNrActions
nr_192_id_13_02bc371abbe3e16509b51ca887307fd2a818ce0f_cgBase_GTSPOON.csv,95,0.046341463414634146,3.024650636931421
