file,nrBest,proportionBest,entropyNrActions
nr_53_id_17_00f919f5fc0fb79966cd9a5b86b36c347419b7e0_PlayerHandler_GTSPOON.csv,1822,0.8887804878048781,0.6276056521003972
