file,nrBest,proportionBest,entropyNrActions
nr_375_id_34_3407248d938d5ed6fc13e4e8938b46f377db6747_LoanServiceTest_GTSPOON.csv,170,0.08292682926829269,1.3258970120511244
