file,nrBest,proportionBest,entropyNrActions
nr_296_id_15_058162107b3f16164d97c696d0cd3ba4011ce077_RenderCurrent_GTSPOON.csv,2021,0.9858536585365854,0.10164157816124332
