file,nrBest,proportionBest,entropyNrActions
nr_91_id_9_010fc0ab5933f3aa001b868be9d164f2bd31f231_JSON_GTSPOON.csv,831,0.4053658536585366,2.0390123776888704
