file,nrBest,proportionBest,entropyNrActions
nr_535_id_6_034ab15dde22f1a423f81cb118855552a3e7e59c_RealType_GTSPOON.csv,714,0.34829268292682924,2.8768623857953193
