file,nrBest,proportionBest,entropyNrActions
nr_52_id_3_00644fe15d885f11e714d27f021f5bc528a3abfd_STRCommands_GTSPOON.csv,1361,0.6639024390243903,1.4506990362935064
