file,nrBest,proportionBest,entropyNrActions
nr_131_id_13_01d89501b46e1c61706037045bb247d62cd0fad4_YoutubePlayerPanel_GTSPOON.csv,1939,0.9458536585365853,0.3370826995321669
