file,nrBest,proportionBest,entropyNrActions
nr_470_id_6_02da742d6b402235146dc82035eed5ea04da721f_Main_GTSPOON.csv,200,0.0975609756097561,2.5602666747536036
