file,nrBest,proportionBest,entropyNrActions
nr_173_id_13_028c8bd52924866c369e4ed0b5518dc592c8e3b1_Map_GTSPOON.csv,1371,0.6687804878048781,1.4847706961674003
