file,nrBest,proportionBest,entropyNrActions
nr_14_id_8_0026400039de54105c9a8ae455684061e50f16f1_DBASTPanel_GTSPOON.csv,1273,0.6209756097560976,1.6958662627687056
