file,nrBest,proportionBest,entropyNrActions
nr_125_id_12_0170e8c55ead9783569ad9e2030a45376a30c902_UndoableRemoveNode_GTSPOON.csv,1816,0.8858536585365854,0.6288738959638674
