file,nrBest,proportionBest,entropyNrActions
nr_45_id_6_0051e16223d7eb1b49e6331dd13d32de4a4243b7_LocationFactory_GTSPOON.csv,139,0.06780487804878049,1.031961434395529
