file,nrBest,proportionBest,entropyNrActions
nr_795_id_2_01b1689b504173ba1263d7e28533ef20779c4591_AgendaFragment_GTSPOON.csv,1638,0.7990243902439025,1.0235485113994751
