file,nrBest,proportionBest,entropyNrActions
nr_108_id_31_0816fa48eea677ec8a7d3183243609077b0d121e_MultiClient_GTSPOON.csv,1654,0.806829268292683,1.0368810389477594
