file,nrBest,proportionBest,entropyNrActions
nr_91_id_8_00c1d9b96074254de5be9480ee3b21b03b9f7978_MQCreate_GTSPOON.csv,349,0.1702439024390244,1.3423774728682005
