file,nrBest,proportionBest,entropyNrActions
nr_176_id_1_022099b5af6354cd900964df162ba3f020dac809_ExecutorInjectTest_GTSPOON.csv,1655,0.8073170731707318,0.9399698371348563
