file,nrBest,proportionBest,entropyNrActions
nr_133_id_6_00f09fad32d2d091d82b0846da064f9f92610d54_Post_GTSPOON.csv,1469,0.7165853658536585,1.1863510598398965
