file,nrBest,proportionBest,entropyNrActions
nr_343_id_25_0bdc3272c9c04301e241057aaeadb2e52b698b13_Tree_GTSPOON.csv,12,0.005853658536585366,3.0157620090160275
