file,nrBest,proportionBest,entropyNrActions
nr_251_id_8_0223149f50cbce0943a373406d9675af31be238c_AttributeProcessor_GTSPOON.csv,169,0.0824390243902439,2.6287610277837303
