file,nrBest,proportionBest,entropyNrActions
nr_242_id_32_1574e3542ad55e27fc50c0d269f83c98d46f69b4_WeasisLauncher_GTSPOON.csv,135,0.06585365853658537,3.1922600866536275
