file,nrBest,proportionBest,entropyNrActions
nr_124_id_24_03b9c7d083af189b51050819b93f4226b160541c_FacebookActivity_GTSPOON.csv,393,0.19170731707317074,2.398499594416317
