file,nrBest,proportionBest,entropyNrActions
nr_71_id_24_0228096eb7fb8073650ad4846c2e2344055673fc_MockInjectionTest_GTSPOON.csv,1653,0.8063414634146342,0.8866989133693199
