file,nrBest,proportionBest,entropyNrActions
nr_267_id_15_04e4ae83fd4b4888152516e042c7e3248bee538b_QuestionsControl_GTSPOON.csv,1939,0.9458536585365853,0.277845065728024
