file,nrBest,proportionBest,entropyNrActions
nr_70_id_22_016c02a6e282cacdee3551163066e1b4a9811dd2_GroupListPanel_GTSPOON.csv,1301,0.6346341463414634,1.575494601453864
