file,nrBest,proportionBest,entropyNrActions
nr_34_id_23_0101d823b9d45a27a9a40f07a5d0fec1f9fdd9f0_HCATImpl_GTSPOON.csv,1010,0.4926829268292683,1.9938834555513312
