file,nrBest,proportionBest,entropyNrActions
nr_313_id_16_05a5ccbdf8836608e59af2f95bf16668efa1927e_Test_GTSPOON.csv,2010,0.9804878048780488,0.14214397587807817
