file,nrBest,proportionBest,entropyNrActions
nr_292_id_32_18d4f3b04b0cf6495771a794de9490a48d0762e4_PolyBase_GTSPOON.csv,157,0.07658536585365854,3.23225223103253
