file,nrBest,proportionBest,entropyNrActions
nr_308_id_23_09ef9e2e5f3b696e133e9d21116b93ec896f7b26_Timer_GTSPOON.csv,1554,0.7580487804878049,1.1537882314151535
