file,nrBest,proportionBest,entropyNrActions
nr_77_id_11_00e792e3b4fe5ca971369b57404be7b16f756006_CssRewriter_GTSPOON.csv,1735,0.8463414634146341,0.7674022909663841
