file,nrBest,proportionBest,entropyNrActions
nr_112_id_15_01e91166a366631478214cedd7563611f2e9383b_ImageHelper_GTSPOON.csv,1824,0.8897560975609756,0.6650338036426032
