file,nrBest,proportionBest,entropyNrActions
nr_134_id_21_03ac2a834809752013aec623025ee0c2f2b2a4ee_AbstractSession_GTSPOON.csv,200,0.0975609756097561,2.5724820914021835
