file,nrBest,proportionBest,entropyNrActions
nr_219_id_27_09a76a92545365529135eda65cce94f2cf782558_HadoopFileOutputDialog_GTSPOON.csv,12,0.005853658536585366,2.845961262532817
