file,nrBest,proportionBest,entropyNrActions
nr_519_id_27_1782d0077b5ff1a7311012812e73eae6efcb83c8_DocBookUtilities_GTSPOON.csv,134,0.06536585365853659,2.8043164351391696
