file,nrBest,proportionBest,entropyNrActions
nr_495_id_34_4441c4c975c9639e3027f8ae21050c671145fc9f_LoginForm_GTSPOON.csv,36,0.0175609756097561,1.187011051291416
