file,nrBest,proportionBest,entropyNrActions
nr_9_id_1_000f9a4be0fdb9380ca787476253e1709dea1a57_SilkSpawners_GTSPOON.csv,1192,0.5814634146341463,1.7361353564748412
