file,nrBest,proportionBest,entropyNrActions
nr_543_id_33_4089868b60929f1dc00188f0214bdcbcae4c9a05_UnionType_GTSPOON.csv,104,0.050731707317073174,3.618386720592341
