file,nrBest,proportionBest,entropyNrActions
nr_330_id_24_0a46e370ee3f3e420ce8d693b5f521d3fc42cb83_HelloWorld_GTSPOON.csv,1645,0.802439024390244,0.6939040346745837
