file,nrBest,proportionBest,entropyNrActions
nr_64_id_10_008a5615ca18b8ed9811041f97be4cd4192b2c62_LockTableNode_GTSPOON.csv,938,0.4575609756097561,0.6506586010295983
