file,nrBest,proportionBest,entropyNrActions
nr_279_id_8_0254cf40d1a109d806023dd9c01cfb6faa5f0d3f_Hoot_GTSPOON.csv,1931,0.9419512195121951,0.3687356295459444
