file,nrBest,proportionBest,entropyNrActions
nr_356_id_19_085baa529d53a5fd924f71e54e784ac321f8446e_DBSApiFileLogic_GTSPOON.csv,120,0.05853658536585366,2.7671344157445334
