file,nrBest,proportionBest,entropyNrActions
nr_272_id_32_17854b4fc6b1edd3702bc9eb1fc975984fb1819b_mod_Ares_GTSPOON.csv,360,0.17560975609756097,2.2681253614629533
