file,nrBest,proportionBest,entropyNrActions
nr_269_id_2_00889ec83e61706e73822e9eb35282842c7e3ef9_MainActivity_GTSPOON.csv,1161,0.5663414634146341,1.5853255424431527
