file,nrBest,proportionBest,entropyNrActions
nr_157_id_5_0161167e1793be3a7893811b7767827f99c5ab33_UserService_GTSPOON.csv,1446,0.7053658536585365,1.3348893236347628
