file,nrBest,proportionBest,entropyNrActions
nr_389_id_24_0bd5f22e3f5d8b089851fab6e963ef5cce132b7b_FileWeb_GTSPOON.csv,1457,0.7107317073170731,1.4107772292209675
