file,nrBest,proportionBest,entropyNrActions
nr_148_id_36_23f2c37494bc03541e593683f1dead5c9ebcaf02_Script_GTSPOON.csv,1800,0.8780487804878049,0.4832146487193226
