file,nrBest,proportionBest,entropyNrActions
nr_101_id_8_00df87f425680206289c16e5b5c86432e0b8febd_OptimizeGeometry_GTSPOON.csv,2025,0.9878048780487805,0.08098782779254557
