file,nrBest,proportionBest,entropyNrActions
nr_455_id_14_0695699032e620ad8442edf02f9058cafc854917_Factory_GTSPOON.csv,1786,0.871219512195122,0.6377534091696399
