file,nrBest,proportionBest,entropyNrActions
nr_139_id_16_02b602d0627dcdcdc918063fa7efc81358575b69_NestedPropertyJoinType_GTSPOON.csv,2020,0.9853658536585366,0.10585084905863128
