file,nrBest,proportionBest,entropyNrActions
nr_226_id_22_05c2f77b3ccf9cf55c2b3168419df20e509cb775_ConfigManager_GTSPOON.csv,498,0.24292682926829268,3.1391521089141214
