file,nrBest,proportionBest,entropyNrActions
nr_67_id_7_00b66dcfa5b2be4b4c3499c9318d6be77efb1587_Settings_GTSPOON.csv,1283,0.6258536585365854,1.5534279483468811
