file,nrBest,proportionBest,entropyNrActions
nr_512_id_3_0350c689661fad55e2408e44f290c233fb00f1e9_ControllerClassLoader_GTSPOON.csv,25,0.012195121951219513,0.4251661043344417
