file,nrBest,proportionBest,entropyNrActions
nr_498_id_2_010a662f56ac3924474515e54acaeeea5d14058b_SuTool_GTSPOON.csv,476,0.23219512195121952,2.9412141025971006
