file,nrBest,proportionBest,entropyNrActions
nr_225_id_25_0742a11bc9e4004223cfd6d8dc2655f53a6c25e6_ArrayHandling_GTSPOON.csv,125,0.06097560975609756,3.928973461644863
