file,nrBest,proportionBest,entropyNrActions
nr_130_id_13_01d7b664209767e54416325e45856f399669dc36_MainViewIn3D_GTSPOON.csv,886,0.4321951219512195,0.8728388639255942
