file,nrBest,proportionBest,entropyNrActions
nr_575_id_5_04cf1595102f341b3b4a8a938c0e2def698517d7_Krb5Login_GTSPOON.csv,1666,0.8126829268292682,0.9093817991200202
