file,nrBest,proportionBest,entropyNrActions
nr_368_id_18_06ff102e3ae8254fe0d0698eeef4d51da1c453e4_BlueSoldier_GTSPOON.csv,1914,0.9336585365853659,0.4186376833447649
