file,nrBest,proportionBest,entropyNrActions
nr_434_id_7_0496a1ed4203f73252a70844e6c2ac9392be297f_AbstractPiece_GTSPOON.csv,1735,0.8463414634146341,0.8164557174291507
