file,nrBest,proportionBest,entropyNrActions
nr_66_id_20_013778516cf44364f5185d41050559bae921300e_EclipseFileService_GTSPOON.csv,938,0.4575609756097561,1.732911277483915
