file,nrBest,proportionBest,entropyNrActions
nr_445_id_32_266880ce4446e37a86c7276d0799516f79e643ff_XMLSpider_GTSPOON.csv,72,0.0351219512195122,3.355469369549491
