file,nrBest,proportionBest,entropyNrActions
nr_162_id_29_0944d8fed2086116cc0a2559545d88c67f774d93_PageRegistry_GTSPOON.csv,812,0.3960975609756098,2.3975789315833076
