file,nrBest,proportionBest,entropyNrActions
nr_447_id_21_0b69717afea66f01101585ed9dbe76ea6b4457dd_FileReader_GTSPOON.csv,844,0.4117073170731707,2.184943031045858
