file,nrBest,proportionBest,entropyNrActions
nr_339_id_6_021282d6ec54cd800da0757bd0bc360912e06ff6_GraphicalShell_GTSPOON.csv,1457,0.7107317073170731,1.0906098985315889
