file,nrBest,proportionBest,entropyNrActions
nr_252_id_34_23b24e257c1a2a77b5eb14cad72dfc07132f1543_GFCommandStack_GTSPOON.csv,1534,0.7482926829268293,1.24074059012443
