file,nrBest,proportionBest,entropyNrActions
nr_169_id_4_00927c4baf8755a60f3f600d5b35c1972599324e_EditorContextImpl_GTSPOON.csv,185,0.09024390243902439,2.6086517357227756
