file,nrBest,proportionBest,entropyNrActions
nr_151_id_21_040f2560967a15be5bede195279d10d7e9a07d15_HtmlStatus_GTSPOON.csv,1653,0.8063414634146342,0.8792066221669985
