file,nrBest,proportionBest,entropyNrActions
nr_384_id_29_1663296a27b56be682dab64f11651e1201649fbc_Table_GTSPOON.csv,185,0.09024390243902439,2.6094515893211567
