file,nrBest,proportionBest,entropyNrActions
nr_72_id_22_0186c404653f2d872b632237a9ed20ba52d79aa2_StringUtils_GTSPOON.csv,2020,0.9853658536585366,0.09824644123135831
