file,nrBest,proportionBest,entropyNrActions
nr_503_id_21_0c9fcc48041f57fbb74679f27380a8947e2d8610_VanishPerms_GTSPOON.csv,1808,0.8819512195121951,0.656377574895198
