file,nrBest,proportionBest,entropyNrActions
nr_409_id_28_1201b01e0bacece1a00b0d75cdbf324f5fd86c6c_Mp4Tag_GTSPOON.csv,306,0.14926829268292682,1.3527075068315417
