file,nrBest,proportionBest,entropyNrActions
nr_111_id_27_04deaa7512fe8a25b042a3138bf38faca40cf918_RequestBean_GTSPOON.csv,27,0.013170731707317073,2.5592540476762737
