file,nrBest,proportionBest,entropyNrActions
nr_324_id_32_1c4811c2f986c11a612c02bcb49a5a79d69496be_PhotoViewHandler_GTSPOON.csv,28,0.013658536585365854,2.840683254717196
