file,nrBest,proportionBest,entropyNrActions
nr_316_id_19_07714dd23068061a2ae20a46f25126e8a3ec93f6_ShellModuleSpaceHost_GTSPOON.csv,1827,0.891219512195122,0.6332858704582266
