file,nrBest,proportionBest,entropyNrActions
nr_391_id_25_0d90503b1b0e29ec0060938341457f8548ca4ac8_BigInt_GTSPOON.csv,739,0.36048780487804877,2.467691441211701
