file,nrBest,proportionBest,entropyNrActions
nr_512_id_8_042debc78a44b44948909adaa1bcf9384da2b9b9_cmdReply_GTSPOON.csv,1911,0.9321951219512196,0.4522379490029247
