file,nrBest,proportionBest,entropyNrActions
nr_143_id_24_04432489f683a30bedeb9046aee140b7077c402b_Help_GTSPOON.csv,2010,0.9804878048780488,0.1298483807369203
