file,nrBest,proportionBest,entropyNrActions
nr_632_id_4_026b45af22db85a62a186e71882036530a6ceb0e_PAListener_GTSPOON.csv,1839,0.8970731707317073,0.626932046254457
