file,nrBest,proportionBest,entropyNrActions
nr_141_id_8_013cd28a975e436906f58fc61798ea6f5d1cb5f0_QQController_GTSPOON.csv,1205,0.5878048780487805,1.5567922388298057
