file,nrBest,proportionBest,entropyNrActions
nr_308_id_21_08195a56fd2b78589c8d06fd8ad4efbf62980502_ImporterGML_GTSPOON.csv,1108,0.5404878048780488,1.867039198026271
