file,nrBest,proportionBest,entropyNrActions
nr_238_id_17_04d613065968ba9a28bc96a376fa8339cca10078_SidedInvHandler_GTSPOON.csv,1647,0.8034146341463415,1.0466558949297033
