file,nrBest,proportionBest,entropyNrActions
nr_381_id_28_10e64f90c03ece602124a53355ff46c012454102_OpenGdmsFilePanel_GTSPOON.csv,200,0.0975609756097561,0.4689789530419361
