file,nrBest,proportionBest,entropyNrActions
nr_249_id_35_307a6f5d4050070ef6717457799bb70b13ea05ea_PreparedQuery_GTSPOON.csv,160,0.07804878048780488,2.7403229400796745
