file,nrBest,proportionBest,entropyNrActions
nr_125_id_11_01927ebe696bae23e820e0b4bd42cb2126387b63_DemoActivity_GTSPOON.csv,1574,0.7678048780487805,1.1163540719499254
