file,nrBest,proportionBest,entropyNrActions
nr_420_id_23_0d0f6ab41eef118737ce69159fa0da816239ed11_XmlDataDaoImpl_GTSPOON.csv,1905,0.9292682926829269,0.4164853180022252
