file,nrBest,proportionBest,entropyNrActions
nr_445_id_25_0fddf59d70315b761542c8058c0f15ebf640a59d_ProblemCollector_GTSPOON.csv,385,0.1878048780487805,1.5774033798077423
