file,nrBest,proportionBest,entropyNrActions
nr_366_id_26_0c75a8ed8d95d2f5278826222ca5ec4e96b2aee4_Tab_GTSPOON.csv,154,0.07512195121951219,3.426982953804653
