file,nrBest,proportionBest,entropyNrActions
nr_148_id_19_03a8bbdd424025da684ea116f52180bf299b8b12_MyCellEditor_GTSPOON.csv,1356,0.6614634146341464,1.50512606350298
