file,nrBest,proportionBest,entropyNrActions
nr_230_id_6_017e900d1b892de269e91b0b524f32c747f1ebec_InstallWorker_GTSPOON.csv,1656,0.8078048780487805,0.9258823766508625
