file,nrBest,proportionBest,entropyNrActions
nr_248_id_14_03a1de05d94207da52c661dec00d913002427676_WVmlImage_GTSPOON.csv,25,0.012195121951219513,1.933902412450649
