file,nrBest,proportionBest,entropyNrActions
nr_90_id_28_041b1b8ad5c8d40c375000e0f3d67b6220269127_AuthorizationBroker_GTSPOON.csv,1568,0.7648780487804878,1.129266047146928
