file,nrBest,proportionBest,entropyNrActions
nr_45_id_13_00c78048c658bae03904b3e59e8e7640eb93572d_InternerTest_GTSPOON.csv,1731,0.844390243902439,0.8024370633692239
