file,nrBest,proportionBest,entropyNrActions
nr_311_id_14_04b386ad3e69caddd048a2a725711b772c4e4989_ProcessEngines_GTSPOON.csv,1653,0.8063414634146342,0.9593966553856678
