file,nrBest,proportionBest,entropyNrActions
nr_43_id_24_0143c11225c4b1aa22027ca4794e04c840637f44_NowPlusPresenceTableTest_GTSPOON.csv,1055,0.5146341463414634,1.909096016466223
