file,nrBest,proportionBest,entropyNrActions
nr_390_id_4_018aeb4133332f7cd6e80b5b5e0fb65d5acb8bfc_Util_GTSPOON.csv,1029,0.5019512195121951,2.109772535318699
