file,nrBest,proportionBest,entropyNrActions
nr_2_id_32_000e8b5c6a210fc6557041f57921e951a7ced567_PhoneWindowManager_GTSPOON.csv,20,0.00975609756097561,3.9438763291103935
