file,nrBest,proportionBest,entropyNrActions
nr_231_id_25_0780f6e18b6d061632890630ac2fa1da6fdf9322_JXList_GTSPOON.csv,203,0.09902439024390244,2.6043986976943545
