file,nrBest,proportionBest,entropyNrActions
nr_369_id_6_023959bf6c383822283e3cfca68599a2d1efcb10_DatabaseProcessTest_GTSPOON.csv,1305,0.6365853658536585,1.6861592166963462
