file,nrBest,proportionBest,entropyNrActions
nr_358_id_3_0259802f25e216ee1a7f4b26a417f0d137118c71_AdRequest_GTSPOON.csv,1925,0.9390243902439024,0.396450318426977
