file,nrBest,proportionBest,entropyNrActions
nr_503_id_12_056c10e478ea14b03e87e792cbdb17b201f15025_Usuario_GTSPOON.csv,1928,0.9404878048780487,0.3575166124784131
