file,nrBest,proportionBest,entropyNrActions
nr_70_id_20_014ef753175b637787bc10d7e34180a636efc199_Player_GTSPOON.csv,1718,0.8380487804878048,0.8611208751082879
