file,nrBest,proportionBest,entropyNrActions
nr_62_id_7_00a5b99229e41c173afd3071f15aaa725f531814_AutoCompleteTextView_GTSPOON.csv,168,0.08195121951219513,2.6400674115641705
