file,nrBest,proportionBest,entropyNrActions
nr_336_id_33_2b90bc49db39a286edaa5186b7b990214178f159_NewSearchEngine_GTSPOON.csv,25,0.012195121951219513,2.0847291851009553
