file,nrBest,proportionBest,entropyNrActions
nr_442_id_30_1ad213a7c0c93e839690b98f0db04746774560d2_UIFieldEditableForm_GTSPOON.csv,1834,0.8946341463414634,0.5987695554365754
