file,nrBest,proportionBest,entropyNrActions
nr_219_id_18_04445199df056091347148b1f172877342f2c3a0_ConsumerResource_GTSPOON.csv,173,0.08439024390243903,2.8860597257115366
