file,nrBest,proportionBest,entropyNrActions
nr_347_id_22_089bc89a383c06e8b71c60bf93844b414e11c127_UIIcon_GTSPOON.csv,1666,0.8126829268292682,0.9072598432396423
