file,nrBest,proportionBest,entropyNrActions
nr_117_id_20_025e8e0dba82ce7ec384789eba4a45947785b03b_Character_GTSPOON.csv,1909,0.931219512195122,0.4248511292412539
