file,nrBest,proportionBest,entropyNrActions
nr_95_id_25_034fde10075727d7dd0059f2dc4c6be3e1a73a4d_UploadService_GTSPOON.csv,479,0.23365853658536587,1.7455685635195586
