file,nrBest,proportionBest,entropyNrActions
nr_58_id_38_25c7fbbcd703616a1a2107a9b3810bbb61768e0b_ClassCache_GTSPOON.csv,496,0.24195121951219511,2.025550664321425
