file,nrBest,proportionBest,entropyNrActions
nr_423_id_13_0634318587019972e865bfbc9cf3e46e0af617d4_TabBean_GTSPOON.csv,2025,0.9878048780487805,0.09079120057512294
