file,nrBest,proportionBest,entropyNrActions
nr_257_id_4_00ef4afad27bcb63f3da733fa46e3472f8408d23_ReportTest_GTSPOON.csv,1272,0.6204878048780488,1.6391994187236758
