file,nrBest,proportionBest,entropyNrActions
nr_438_id_35_568467e18d8b4d8bb143b6d3abf41bd4f70349bf_Bookmarks_GTSPOON.csv,140,0.06829268292682927,1.8598086432738228
