file,nrBest,proportionBest,entropyNrActions
nr_275_id_17_05828b4b33132d55655dcf84663af7b4ad40c8ea_RecordSearchList_GTSPOON.csv,230,0.11219512195121951,2.772353282198466
