file,nrBest,proportionBest,entropyNrActions
nr_435_id_2_00e5da8a232db6847b931777ea7d927059c7a62e_BackupTubeCommon_GTSPOON.csv,1843,0.8990243902439025,0.5768416894299024
