file,nrBest,proportionBest,entropyNrActions
nr_376_id_16_06cb326fe2db086a3421a6a7097484accdb32ce5_IOFSwitch_GTSPOON.csv,1563,0.7624390243902439,0.8645453784099154
