file,nrBest,proportionBest,entropyNrActions
nr_345_id_31_17fc0088b74922b27c7d64359a3be67b1faeae99_TransferScript_GTSPOON.csv,2025,0.9878048780487805,0.08129879205834865
