file,nrBest,proportionBest,entropyNrActions
nr_331_id_26_0b7a9c693e6bd976c46f98376a62384619c7c2e2_EncryptOutputProcessor_GTSPOON.csv,673,0.3282926829268293,1.7335992167340317
