file,nrBest,proportionBest,entropyNrActions
nr_421_id_34_3b188e2709639e228986dd473f15436dad7e8595_StartServer_GTSPOON.csv,2000,0.975609756097561,0.16462403348751636
