file,nrBest,proportionBest,entropyNrActions
nr_208_id_19_0505ea3ac725217e5832d4cd6ffec644fa8335f0_NonBlockingHashMap_GTSPOON.csv,5,0.0024390243902439024,3.1950749145206863
