file,nrBest,proportionBest,entropyNrActions
nr_117_id_23_03763411b2d9fc0ac2153dfd05934c840092f615_OpenJEEResourceAction_GTSPOON.csv,720,0.35121951219512193,2.701464433838906
