file,nrBest,proportionBest,entropyNrActions
nr_116_id_39_bd712975adf4eb1836b5d3aecc97327b7fe9a849_HttpRequest_GTSPOON.csv,1188,0.5795121951219512,1.7347705937132334
