file,nrBest,proportionBest,entropyNrActions
nr_577_id_5_04d1f0e135f6901b941a464361f1bb09acc7f718_FileLoggerForm_GTSPOON.csv,1638,0.7990243902439025,1.0770092055180052
