file,nrBest,proportionBest,entropyNrActions
nr_242_id_18_04be4f8a5d986bf2688e1a9116acc98e2f255402_J2SEDeviceDisplay_GTSPOON.csv,5,0.0024390243902439024,2.244132543913288
