file,nrBest,proportionBest,entropyNrActions
nr_399_id_36_67a927c829ef00f41cbaa2c2d925c830004c0262_OI_GTSPOON.csv,1659,0.8092682926829269,0.9285802099945134
