file,nrBest,proportionBest,entropyNrActions
nr_342_id_15_0647b180d0143c1ab7377b2bcabc726467507862_ModelDteApiAdapter_GTSPOON.csv,170,0.08292682926829269,2.721174794304328
