file,nrBest,proportionBest,entropyNrActions
nr_224_id_12_027448e08a3df50a2ae9513d972fa60b047f6766_Utils_GTSPOON.csv,159,0.0775609756097561,3.392913231517744
