file,nrBest,proportionBest,entropyNrActions
nr_200_id_16_03b1eac60e30140833767a3d3084c66f44b08ec1_LESizer_GTSPOON.csv,915,0.44634146341463415,2.5647755551280698
