file,nrBest,proportionBest,entropyNrActions
nr_254_id_32_16351a1a3de62a9be2d5bca6bb803d481990682b_StackCalculator_GTSPOON.csv,207,0.10097560975609757,1.2230653081949572
