file,nrBest,proportionBest,entropyNrActions
nr_321_id_34_2cb3c9c27c5d836ca5917caa10c34574752775a0_PersonViewFragment_GTSPOON.csv,2,0.000975609756097561,2.3219445623854638
