file,nrBest,proportionBest,entropyNrActions
nr_577_id_10_058c65708e1df8de628b9b81599481aa62b79771_CachingTree_GTSPOON.csv,75,0.036585365853658534,2.5805723626434043
