file,nrBest,proportionBest,entropyNrActions
nr_361_id_27_10107deb140e071406b5b7f166e7d0632415efd5_Show_GTSPOON.csv,1825,0.8902439024390244,0.3936432313411918
