file,nrBest,proportionBest,entropyNrActions
nr_473_id_28_14bfc5169a8009f1b3818dc6982b74471fc52b38_FooAsmProxyFactory_GTSPOON.csv,1079,0.5263414634146342,2.278544272289561
