file,nrBest,proportionBest,entropyNrActions
nr_74_id_15_011dd9f36109d2b06e08fdd3587b41633b5a6ee7_Gui_GTSPOON.csv,5,0.0024390243902439024,1.3337602205118833
