file,nrBest,proportionBest,entropyNrActions
nr_516_id_33_3d49c15315fe8d2de7f797445e01a0b640d98984_YammerConnector_GTSPOON.csv,120,0.05853658536585366,2.8274367238573452
