file,nrBest,proportionBest,entropyNrActions
nr_630_id_2_01596abc197431e9740dfc41f7830ce453c728ef_FirstLevel_GTSPOON.csv,402,0.19609756097560976,2.6268676616480686
