file,nrBest,proportionBest,entropyNrActions
nr_575_id_36_90c8ba4113c310190e3835681356d55d5759c510_JsClassLoaderMojo_GTSPOON.csv,1620,0.7902439024390244,0.9820452761391649
