file,nrBest,proportionBest,entropyNrActions
nr_304_id_5_0282a3a55e45be9e0388b72c0778ad4572de4e1e_TestModelsFromFiles_GTSPOON.csv,730,0.35609756097560974,1.0976981770500358
