file,nrBest,proportionBest,entropyNrActions
nr_395_id_28_116ab7661353f46689b914654900a99782815f04_DefaultTagProvider_GTSPOON.csv,20,0.00975609756097561,1.9154489999546525
