file,nrBest,proportionBest,entropyNrActions
nr_461_id_11_06568d4b783a8a92e89c327eb79204436791ffb4_MultilineConstraintFigure_GTSPOON.csv,2015,0.9829268292682927,0.11789301781618156
