file,nrBest,proportionBest,entropyNrActions
nr_141_id_17_02b803ec8dba95c9323a99632fa3859f48d6fe01_ActivityBase_GTSPOON.csv,252,0.12292682926829268,1.4376220624780855
