file,nrBest,proportionBest,entropyNrActions
nr_449_id_7_04bfd0c0495772c8f1d5847e6316bb53e31b19ce_Version_GTSPOON.csv,777,0.37902439024390244,1.005672584631427
