file,nrBest,proportionBest,entropyNrActions
nr_343_id_4_015b7e59ebca09630f4850f00978dae5f972eb18_FlatFileItemReader_GTSPOON.csv,1600,0.7804878048780488,1.1076601819438177
