file,nrBest,proportionBest,entropyNrActions
nr_142_id_17_02be18afa1b8be2672d3ba62683cc54990e9da2f_Sprite_GTSPOON.csv,1730,0.8439024390243902,0.6894634555506888
