file,nrBest,proportionBest,entropyNrActions
nr_166_id_33_14ee8431445c0d8da1b15f5dfba1b217aa22058e_Wallpaper_GTSPOON.csv,1224,0.5970731707317073,1.671556615167317
