file,nrBest,proportionBest,entropyNrActions
nr_387_id_14_05a89d651ad33a64dbb721a88e2508ba59b36da1_BugzillaHit_GTSPOON.csv,1740,0.848780487804878,0.8166337537634257
