file,nrBest,proportionBest,entropyNrActions
nr_540_id_14_07b0baeb0da28e53142b823859384821e4acf6be_AddRequestDsml_GTSPOON.csv,1520,0.7414634146341463,1.171893573583639
