file,nrBest,proportionBest,entropyNrActions
nr_357_id_30_16585c429fdd17a96cdc9c39d233cec686743f7a_ToolBar_GTSPOON.csv,85,0.041463414634146344,2.399370534918842
