file,nrBest,proportionBest,entropyNrActions
nr_448_id_9_052d4e6313ce81239a9647f945db98a766737012_PMDJEditPlugin_GTSPOON.csv,1029,0.5019512195121951,1.8112921583094115
