file,nrBest,proportionBest,entropyNrActions
nr_480_id_6_02eb4346bc157a053bb37c1e58fb36e1428ae329_GroovyshCommand_GTSPOON.csv,1929,0.9409756097560975,0.3662397248955251
