file,nrBest,proportionBest,entropyNrActions
nr_404_id_1_04a40f6ab8be8348bb7b206360897ea70e42364a_FilterControlEnum_GTSPOON.csv,1756,0.8565853658536585,0.7601577154159022
