file,nrBest,proportionBest,entropyNrActions
nr_399_id_13_05d8dcd790ff4c2be12547a7f0b3813490239800_AbstractEventIconRenderer_GTSPOON.csv,1718,0.8380487804878048,0.8596482757371797
