file,nrBest,proportionBest,entropyNrActions
nr_485_id_19_0b65be5d4d0aaf5867ed414765c0c48ceeb00e18_ValidationTest_GTSPOON.csv,2030,0.9902439024390244,0.06736412716311363
