file,nrBest,proportionBest,entropyNrActions
nr_296_id_9_0382a49615e1a409b39d9176c7049e0cd7a66394_VoiceInputOutputSettings_GTSPOON.csv,1627,0.7936585365853659,1.0632478197958541
