file,nrBest,proportionBest,entropyNrActions
nr_443_id_4_01c2c432a925d1f5741941455e4d5d22e7f9ca13_DefaultLootConfig_GTSPOON.csv,1732,0.8448780487804878,0.7024159188578488
