file,nrBest,proportionBest,entropyNrActions
nr_104_id_2_00314502f48952c46d905510d6418c2d2cdf188e_Worker_GTSPOON.csv,1821,0.8882926829268293,0.6502694917544869
