file,nrBest,proportionBest,entropyNrActions
nr_381_id_22_093b3b196eb085b6e38af436bc0706a33968db77_LifecycleTests_GTSPOON.csv,1541,0.7517073170731707,0.8721188343103271
