file,nrBest,proportionBest,entropyNrActions
nr_322_id_8_02b33f194e61b2216534d1b95b6cf7c2a5763df1_EffectsRecorder_GTSPOON.csv,176,0.08585365853658537,2.5152153721080626
