file,nrBest,proportionBest,entropyNrActions
nr_8_id_7_000b9dbf2eaf1793855cfe61fc77259ba21605a5_UserConsole_GTSPOON.csv,1525,0.7439024390243902,1.2118412564190815
