file,nrBest,proportionBest,entropyNrActions
nr_251_id_10_025782be2e6beb3ffba03dc4764ae10d14ffe183_Area_GTSPOON.csv,1561,0.7614634146341464,1.1875176774953236
