file,nrBest,proportionBest,entropyNrActions
nr_571_id_7_05f74274692289c5466baca6a949b6cec2eae4c1_ImApp_GTSPOON.csv,173,0.08439024390243903,2.500994789190026
