file,nrBest,proportionBest,entropyNrActions
nr_239_id_21_06345377b68b309c9ff972eae95852180cc04b72_Micropolis_GTSPOON.csv,98,0.04780487804878049,2.861583554015553
