file,nrBest,proportionBest,entropyNrActions
nr_282_id_8_025e4a39840360107d7333b55fab3b87b1a0dba9_ServerErrorMessage_GTSPOON.csv,477,0.2326829268292683,1.9400864741345032
