file,nrBest,proportionBest,entropyNrActions
nr_146_id_19_03a7520272531c8cd2496cc9f4bdb246bc045de8_ClusterBrowserTest1_GTSPOON.csv,1294,0.631219512195122,1.6289367867426305
