file,nrBest,proportionBest,entropyNrActions
nr_473_id_25_10d31845674599e74f4323c0e863496cdc88108d_TestBlankFileRead_GTSPOON.csv,1741,0.8492682926829268,0.6662141945600241
