file,nrBest,proportionBest,entropyNrActions
nr_383_id_23_0c2cd0f5214f42bfb7976d54c18142400663c7c5_jdbc_GTSPOON.csv,2020,0.9853658536585366,0.10204864514499479
