file,nrBest,proportionBest,entropyNrActions
nr_200_id_27_08f995fc68684ef91f8f3ca33e39a92bf563c125_SiriJettyModule_GTSPOON.csv,1742,0.8497560975609756,0.6565744280258096
