file,nrBest,proportionBest,entropyNrActions
nr_426_id_20_0839c42217d5d9d93f23c80e39467d54fb84775c_ForgottenPasswordServlet_GTSPOON.csv,144,0.0702439024390244,2.629032072310749
