file,nrBest,proportionBest,entropyNrActions
nr_305_id_23_09e37010c31dbf739a0937fa522c842628548c63_PlaybackService_GTSPOON.csv,204,0.09951219512195122,2.5426744384268156
