file,nrBest,proportionBest,entropyNrActions
nr_201_id_20_03db712207a20dc79e682d7320f002e2d78c5b26_Board_GTSPOON.csv,192,0.09365853658536585,2.7433308726537633
