file,nrBest,proportionBest,entropyNrActions
nr_104_id_29_060e93d7e2b485a56aa495aaa135b028c1407154_BonusQuestion_GTSPOON.csv,1343,0.6551219512195122,1.4700940028575962
