file,nrBest,proportionBest,entropyNrActions
nr_357_id_4_0163ef36104ee54fe880214ef3a601da0bd862a4_BFVirtualStack_GTSPOON.csv,1717,0.8375609756097561,0.7483009944394962
