file,nrBest,proportionBest,entropyNrActions
nr_220_id_29_0c9811cf10c6bc4fd1b791339a3dcac3988271be_OpenVpnService_GTSPOON.csv,68,0.033170731707317075,2.0064399062864324
