file,nrBest,proportionBest,entropyNrActions
nr_334_id_19_07f0f9a48e72fbf20943a08f922c29a5212990d0_TestIndexer_GTSPOON.csv,72,0.0351219512195122,2.389032502553233
