file,nrBest,proportionBest,entropyNrActions
nr_772_id_1_08dd6570985ddcbd2910cfe7f68b9bfacb2090bd_SDG_GTSPOON.csv,172,0.08390243902439025,3.295641488215799
