file,nrBest,proportionBest,entropyNrActions
nr_389_id_25_0d79623c320224db684768d42c099eb8d93640b2_TaskEditViewPager_GTSPOON.csv,1938,0.9453658536585365,0.3365607843530938
