file,nrBest,proportionBest,entropyNrActions
nr_274_id_11_0390f7553670e2959b95c20c234dbd19de38070f_JasperExpressionReport_GTSPOON.csv,60,0.02926829268292683,0.5422509417716164
