file,nrBest,proportionBest,entropyNrActions
nr_352_id_15_067c8f49d5f8ec7c6473b4e24e292ce81ca01b91_TileEntityCrafter_GTSPOON.csv,842,0.41073170731707315,2.0856743592213274
