file,nrBest,proportionBest,entropyNrActions
nr_439_id_9_0503356236e439c047a029372ae244e56ae64eb1_BpmnParseTest_GTSPOON.csv,1568,0.7648780487804878,1.114040126695636
