file,nrBest,proportionBest,entropyNrActions
nr_53_id_40_99184655939952fb936e2d8c05c7f8ac817e9ff8_EventSourceToAMF3Encoder_GTSPOON.csv,2017,0.9839024390243902,0.1034166834936876
