file,nrBest,proportionBest,entropyNrActions
nr_452_id_17_0926ff2425cd7dbac5be06ed6b1605a840f0be89_TestActivity_GTSPOON.csv,1932,0.9424390243902439,0.36822031440494135
