file,nrBest,proportionBest,entropyNrActions
nr_205_id_17_041632dfa943c1c774cd8e44ce5336b21fb06941_ReflexTest_GTSPOON.csv,1080,0.526829268292683,1.9429913401105483
