file,nrBest,proportionBest,entropyNrActions
nr_159_id_32_0e46b3e83e0f011a515afb444667b01ff4c44c31_ElementSpec_GTSPOON.csv,1716,0.8370731707317073,0.9773467958712371
