file,nrBest,proportionBest,entropyNrActions
nr_510_id_11_0712f8e82665ceefc224262122cd70b833d21b9e_ViewFactoryUtils_GTSPOON.csv,1939,0.9458536585365853,0.3218780758970091
