file,nrBest,proportionBest,entropyNrActions
nr_188_id_21_04e6724556234052f89d45da9edee4f053f91401_StringUtilsTest_GTSPOON.csv,1800,0.8780487804878049,0.4744757376236315
