file,nrBest,proportionBest,entropyNrActions
nr_77_id_32_0709ec3f921bcd04f040c68c38119d40bac1a850_Parser_GTSPOON.csv,1254,0.6117073170731707,1.9450755462324496
