file,nrBest,proportionBest,entropyNrActions
nr_436_id_20_0865f02d0c9190f09fa8a5b5c7385096566e6bab_PaintableString_GTSPOON.csv,1923,0.9380487804878048,0.3948926229838234
