file,nrBest,proportionBest,entropyNrActions
nr_358_id_12_03e010488d31453d80757437ed9cfe3770920db6_Application_GTSPOON.csv,388,0.18926829268292683,2.6355755561839636
