file,nrBest,proportionBest,entropyNrActions
nr_279_id_17_05913c4289d1b1bc49dd3bd6130b0513af106bf8_HTMLPreProcessor_GTSPOON.csv,1752,0.8546341463414634,0.7724738712582849
