file,nrBest,proportionBest,entropyNrActions
nr_263_id_10_026c7465e2b611dd93c3fdaf6b805c725465dfd7_MyZukaRuFileRunner_GTSPOON.csv,1752,0.8546341463414634,0.7815951789543623
