file,nrBest,proportionBest,entropyNrActions
nr_243_id_28_0a85a72a9d01def1f62281496c5e9160bd556826_NewDependencyExpander_GTSPOON.csv,5,0.0024390243902439024,2.326286101708057
