file,nrBest,proportionBest,entropyNrActions
nr_110_id_12_014e09a8291c18552ee4f26d8adb8e10ee8cd78c_DynamicForm_GTSPOON.csv,729,0.35560975609756096,2.119251440691046
