file,nrBest,proportionBest,entropyNrActions
nr_307_id_14_049893bde182a2061d3996d726faf98c43d755a8_StoreGUI_GTSPOON.csv,243,0.11853658536585365,2.1060710476599596
