file,nrBest,proportionBest,entropyNrActions
nr_434_id_33_35c23b27908390b4b0b043c85f66d639489dd739_Controller_GTSPOON.csv,136,0.06634146341463415,3.2175769864621127
