file,nrBest,proportionBest,entropyNrActions
nr_347_id_23_0b36452eb151779adfa0274ae3749ef8a437a377_SimpleInliner_GTSPOON.csv,830,0.40487804878048783,2.344717053284423
