file,nrBest,proportionBest,entropyNrActions
nr_148_id_20_02f609b707633c4f94122307745a92639dab2110_WebServiceConnector_GTSPOON.csv,259,0.12634146341463415,3.1759497037781754
