file,nrBest,proportionBest,entropyNrActions
nr_483_id_2_0100945f8bb8b39d37cd098ed19757419bd89739_VendorPaneControllerImpl_GTSPOON.csv,1938,0.9453658536585365,0.35249445980659855
