file,nrBest,proportionBest,entropyNrActions
nr_355_id_11_04a2594f92097479c30845b7e8f6f6bdf56c8ea7_AbstractWordSplitter_GTSPOON.csv,331,0.16146341463414635,1.7576243275861474
