file,nrBest,proportionBest,entropyNrActions
nr_410_id_25_0e30596a6b5fbe0cdd3b7193842ab801976951e6_MailUtilTest_GTSPOON.csv,1928,0.9404878048780487,0.3281623894198694
