file,nrBest,proportionBest,entropyNrActions
nr_294_id_33_259f2644fe3fbdf942b4f341149903f85f3343ab_RedmineManagerTest_GTSPOON.csv,210,0.1024390243902439,2.325324563301306
