file,nrBest,proportionBest,entropyNrActions
nr_288_id_31_1436934dc10398aa0c2ceec6641f937336375812_ReverseEngineerXml_GTSPOON.csv,1115,0.5439024390243903,1.8072487202833367
