file,nrBest,proportionBest,entropyNrActions
nr_400_id_1_049e401f63051850d00ea58e4a729222eaa1d246_TourStopSliderInterface_GTSPOON.csv,1016,0.49560975609756097,1.8120606692220298
