file,nrBest,proportionBest,entropyNrActions
nr_181_id_28_080cee41d58681822497731bd7f9f4a09e0752d2_RegionPreserve_GTSPOON.csv,756,0.36878048780487804,1.8854124248796378
