file,nrBest,proportionBest,entropyNrActions
nr_483_id_32_2adcf04623673cb791ec58e4371b7e83ef50d571_TracksBrowser_GTSPOON.csv,726,0.3541463414634146,2.280789677469877
