file,nrBest,proportionBest,entropyNrActions
nr_61_id_4_003352b700280746b1772f25b05bd9a15a23e373_AbstractBootstrap_GTSPOON.csv,1912,0.9326829268292683,0.41714631292348087
