file,nrBest,proportionBest,entropyNrActions
nr_257_id_14_03d9baff13d3b52695ba7a1bd71674680c29cca6_StringHelper_GTSPOON.csv,1848,0.9014634146341464,0.5258377476647769
