file,nrBest,proportionBest,entropyNrActions
nr_399_id_13_05d8dcd790ff4c2be12547a7f0b3813490239800_TimelineView_GTSPOON.csv,1550,0.7560975609756098,1.1037148890996658
