file,nrBest,proportionBest,entropyNrActions
nr_487_id_26_106a265454bdcd21a91f6bce280f0e049d047997_GameplayState_GTSPOON.csv,1703,0.8307317073170731,0.8786907956948962
