file,nrBest,proportionBest,entropyNrActions
nr_57_id_34_08513c4330cc36c7784ec9f49c01cf3695811671_ESGConnectionManager_GTSPOON.csv,624,0.304390243902439,2.5799221254781766
