file,nrBest,proportionBest,entropyNrActions
nr_211_id_21_0568673e5606255ccfc42ec0aaeea81d43c39574_PhysicsDemo_GTSPOON.csv,1361,0.6639024390243903,1.3135847317186067
