file,nrBest,proportionBest,entropyNrActions
nr_112_id_30_073ba84870c9cef8d50b3a4bac0bd53f3203d6f4_HsqlDbBuilder_GTSPOON.csv,1,0.0004878048780487805,1.4103266767871436
