file,nrBest,proportionBest,entropyNrActions
nr_386_id_31_1b169ad4f0c876e8899bf7895cc1931a87d08610_DatabaseHelper_GTSPOON.csv,292,0.1424390243902439,2.161640246044518
