file,nrBest,proportionBest,entropyNrActions
nr_212_id_7_02511dcfd3d2f822ec50ea63e1d35c9416d8eb11_ComChannel_GTSPOON.csv,25,0.012195121951219513,2.9010469973808917
