file,nrBest,proportionBest,entropyNrActions
nr_107_id_17_020305cd4568bbbdf1d21d072f44c35baf26d6ed_Extractor_GTSPOON.csv,1633,0.7965853658536586,1.0440797523313519
