file,nrBest,proportionBest,entropyNrActions
nr_176_id_18_03679a3a91043c55cdb09b96a2d7054175fd694b_TrailScene_GTSPOON.csv,560,0.2731707317073171,2.822485504787053
