file,nrBest,proportionBest,entropyNrActions
nr_316_id_20_0629c94114894cf6a7e6de4b312a2768bc82fb46_BitvectorManager_GTSPOON.csv,1436,0.7004878048780487,1.5867276794331644
