file,nrBest,proportionBest,entropyNrActions
nr_90_id_26_03424165a40b1e10c9abf6b9d9fd90a64d781bcc_MVWorld_GTSPOON.csv,57,0.027804878048780488,3.3621417805075584
