file,nrBest,proportionBest,entropyNrActions
nr_88_id_7_00f3079168ed08e77f2fed97d69c150f42f4db48_UserStorage_GTSPOON.csv,1050,0.5121951219512195,1.8176464809629493
