file,nrBest,proportionBest,entropyNrActions
nr_289_id_11_03be266819de773a41975fab6c80e1d391c6886b_DBAccessor_GTSPOON.csv,1236,0.6029268292682927,1.7520613130547174
