file,nrBest,proportionBest,entropyNrActions
nr_381_id_20_0767a103fe9ec1201e241dcf99bcf1d7e09f366b_GQueryCoreTest_GTSPOON.csv,210,0.1024390243902439,2.3273000742490635
