file,nrBest,proportionBest,entropyNrActions
nr_207_id_6_015c59657d53df882d2d1625ebd94c91d6f972ab_LoopBox_GTSPOON.csv,2011,0.9809756097560975,0.11875137784267614
