file,nrBest,proportionBest,entropyNrActions
nr_124_id_17_0260819ad7f7fe5431440c11586f3466da345da0_FacingLauncherComponent_GTSPOON.csv,1810,0.8829268292682927,0.4444965584199538
