file,nrBest,proportionBest,entropyNrActions
nr_671_id_5_05997fbfc8a2b0e7983766e704cb6d3d0e2d08be_XML_GTSPOON.csv,178,0.08682926829268292,2.4015428335411864
