file,nrBest,proportionBest,entropyNrActions
nr_289_id_21_0799b715f37a7a85ef27ba1a509f3003ce7525bf_TestHarnessServlet_GTSPOON.csv,29,0.014146341463414635,2.3783541156848793
