file,nrBest,proportionBest,entropyNrActions
nr_161_id_8_017837076454aee2343780a1ba29f22fa94eb924_TypeChecker_GTSPOON.csv,179,0.0873170731707317,2.8588787517758014
