file,nrBest,proportionBest,entropyNrActions
nr_193_id_33_175dd4c9973d3bf75d4ca451154c0a4f14b64df9_Parser_GTSPOON.csv,880,0.4292682926829268,2.25636250541498
