file,nrBest,proportionBest,entropyNrActions
nr_343_id_28_0f773fb8d65ed8198fa595f75668bf437550f983_WikiResource_GTSPOON.csv,76,0.037073170731707315,2.305730515584121
