file,nrBest,proportionBest,entropyNrActions
nr_342_id_23_0b19063ffd8fa4f914b269f6f1735da8c50f23b0_ReduceTask_GTSPOON.csv,2010,0.9804878048780488,0.12416998800546644
