file,nrBest,proportionBest,entropyNrActions
nr_385_id_34_359a97990d840f11e08b5bd0862848794fb5b112_LayerAndResourceManagementTest2_GTSPOON.csv,1938,0.9453658536585365,0.2643164109340403
