file,nrBest,proportionBest,entropyNrActions
nr_464_id_11_0667270eec7ead037a257960c627cf239ad07f10_ChangeLogInterceptor_GTSPOON.csv,1561,0.7614634146341464,1.2028358010487572
