file,nrBest,proportionBest,entropyNrActions
nr_165_id_19_040caf428e2f951a75da105512a168e1fe15d6d4_GrailsDataBinder_GTSPOON.csv,175,0.08536585365853659,2.6334217620111993
