file,nrBest,proportionBest,entropyNrActions
nr_283_id_26_0a0441423482c27478abc7873ba8859a835a5472_BioSQLSequenceDB_GTSPOON.csv,188,0.09170731707317073,2.94915513492992
