file,nrBest,proportionBest,entropyNrActions
nr_260_id_14_03e9fb8498fa5811b4740f2cd80f03f511ad515a_Parser_GTSPOON.csv,160,0.07804878048780488,2.6011452179200045
