file,nrBest,proportionBest,entropyNrActions
nr_69_id_20_014c47d47cd59d759d159b1ab22084de5c513812_PyComplex_GTSPOON.csv,230,0.11219512195121951,2.3288104274744272
