file,nrBest,proportionBest,entropyNrActions
nr_39_id_23_01235c9102e3e313ba3a2b6bbe067ba030acd63e_H2Schema_GTSPOON.csv,1655,0.8073170731707318,1.0027434950743623
