file,nrBest,proportionBest,entropyNrActions
nr_407_id_4_019c84bca9a82e9af417586673b293cdec83f737_BoneCPConfig_GTSPOON.csv,60,0.02926829268292683,2.3636498968491355
