file,nrBest,proportionBest,entropyNrActions
nr_240_id_35_2e52f232b61bbe3cbad9a09f9f21a5a4e569d852_SourceFile_GTSPOON.csv,2019,0.9848780487804878,0.10396497392434247
