file,nrBest,proportionBest,entropyNrActions
nr_330_id_19_07ee62461715ac6bb9592b8ed39a5f988988c62a_ExtendedVerifier_GTSPOON.csv,1749,0.853170731707317,0.7713249404070295
