file,nrBest,proportionBest,entropyNrActions
nr_8_id_40_1d987c51198b184f1e721c98f613f1b3ea429335_BuilderTest_GTSPOON.csv,210,0.1024390243902439,2.0582812947759597
