file,nrBest,proportionBest,entropyNrActions
nr_187_id_1_0241554adce64d0671a8bcb562887b488a529dc8_find_GTSPOON.csv,2029,0.9897560975609756,0.07875024158004884
