file,nrBest,proportionBest,entropyNrActions
nr_377_id_21_09ef8c4201e07ee52bfa42d3873f8e306f831536_SimPropRegistry_GTSPOON.csv,1385,0.675609756097561,1.5333195571205955
