file,nrBest,proportionBest,entropyNrActions
nr_287_id_26_0a33d96905cc98607f65479f4166b1572e460ad2_InMemoryProducer_GTSPOON.csv,169,0.0824390243902439,2.781064701634624
