file,nrBest,proportionBest,entropyNrActions
nr_478_id_9_057daba02d989652bf363b9eca0e6132e4e34d43_HealthBar_GTSPOON.csv,1913,0.9331707317073171,0.42581124496303785
