file,nrBest,proportionBest,entropyNrActions
nr_183_id_20_038737e5362f87845b6b2f25f06d87224d8bd669_ActivityLaunchAction_GTSPOON.csv,1934,0.9434146341463414,0.3787233601229027
