file,nrBest,proportionBest,entropyNrActions
nr_352_id_7_03af034449f289201d66e869bc1bd6a03c4aad6b_Error_GTSPOON.csv,825,0.4024390243902439,0.8719951702277497
