file,nrBest,proportionBest,entropyNrActions
nr_6_id_29_006e1eb342933d1348f7f5156045bd445f70afda_MultiOperator_GTSPOON.csv,222,0.10829268292682927,2.0787332478845824
