file,nrBest,proportionBest,entropyNrActions
nr_489_id_13_073382f061a0924377f1f1ad8add7f8e9f14d885_HttpExchangeWrapperTest_GTSPOON.csv,1396,0.6809756097560976,1.3722783974461032
