file,nrBest,proportionBest,entropyNrActions
nr_119_id_36_1d56502cb98a9c6c16b65f500349b531b7ec00ba_PoolSelectionUnitV2_GTSPOON.csv,147,0.07170731707317073,2.4321931218864625
