file,nrBest,proportionBest,entropyNrActions
nr_261_id_35_31c17ec2a007397ab36015c2b02b194db271bd46_RoomListService_GTSPOON.csv,1335,0.651219512195122,1.5011357897319486
