file,nrBest,proportionBest,entropyNrActions
nr_71_id_26_02a63da3c6f514116401771801115b94c09e3749_CalendarUtilities_GTSPOON.csv,96,0.04682926829268293,3.013548945271814
