file,nrBest,proportionBest,entropyNrActions
nr_235_id_15_0465f8193cf84a05b4df0bc1b135abb69321777e_InputSplitAssigner_GTSPOON.csv,1555,0.7585365853658537,1.1805379800778733
