file,nrBest,proportionBest,entropyNrActions
nr_31_id_20_00761429d958cb5e2c86299baa48c9973541796b_RandomAccessFile_GTSPOON.csv,150,0.07317073170731707,2.9484986728142064
