file,nrBest,proportionBest,entropyNrActions
nr_347_id_15_065f33e4663881691f24a9969c8b807a89678f72_Calculator_ui_GTSPOON.csv,1520,0.7414634146341463,0.8377022609466976
