file,nrBest,proportionBest,entropyNrActions
nr_355_id_13_051557a7f4db54760393fbe1232c8788c44af599_CaesarAdapter_GTSPOON.csv,1536,0.7492682926829268,1.2161834251811239
