file,nrBest,proportionBest,entropyNrActions
nr_207_id_26_07dd1f37f58b7082f4ef7ffa92d20cd3466e4b45_Module_GTSPOON.csv,199,0.09707317073170732,3.172589093689522
