file,nrBest,proportionBest,entropyNrActions
nr_463_id_10_046cfa1bd062cc884c65822a59bf1f24969ba300_SQLiteCreateQuery_GTSPOON.csv,1829,0.8921951219512195,0.6237498787837269
