file,nrBest,proportionBest,entropyNrActions
nr_292_id_27_0cdb056687353a1d77522c30f46c9f8771279d2b_MylarTasklistPlugin_GTSPOON.csv,938,0.4575609756097561,1.8833539986470822
