file,nrBest,proportionBest,entropyNrActions
nr_240_id_28_0a6371914bc524373af5327bf860eb09101a9905_XMLAssertPsychopathImpl_GTSPOON.csv,30,0.014634146341463415,1.5036087561728047
