file,nrBest,proportionBest,entropyNrActions
nr_651_id_6_04042af0d323af71a2551b21b6ef081157b98245_ExplodeRate_GTSPOON.csv,2007,0.9790243902439024,0.13376890655436272
