file,nrBest,proportionBest,entropyNrActions
nr_277_id_32_17d12f5a916663bf19f4589b75e30e64ab91ff4e_RubotoActivity_GTSPOON.csv,20,0.00975609756097561,2.774196823874303
