file,nrBest,proportionBest,entropyNrActions
nr_115_id_30_0758c2d574018f1f9bed48822bd328ee51c72e9f_ImpressionDaoImpl_GTSPOON.csv,18,0.00878048780487805,1.0076758999636977
