file,nrBest,proportionBest,entropyNrActions
nr_64_id_19_01b276b2f3502ee9c792a31f9114a0f64c5f1b71_DataFormatter_GTSPOON.csv,208,0.10146341463414635,2.5042959072626734
