file,nrBest,proportionBest,entropyNrActions
nr_164_id_25_059f412896ac8487f5552aa6032cf55139876897_DeleteChildAction_GTSPOON.csv,1730,0.8439024390243902,0.83773925828171
