file,nrBest,proportionBest,entropyNrActions
nr_465_id_13_06d87e831789ec593a790172a9ec32425196819d_AlignmentModel_GTSPOON.csv,100,0.04878048780487805,2.48173788294739
