file,nrBest,proportionBest,entropyNrActions
nr_274_id_14_040faba5d1a5084f80a0a9f6932c3889655a3f72_DefaultEnvironment_GTSPOON.csv,127,0.06195121951219512,0.895155564845058
