file,nrBest,proportionBest,entropyNrActions
nr_530_id_15_098a045b4f2146e6f9aea9075c490f76a8adce25_ImageDownloader_GTSPOON.csv,1737,0.8473170731707317,0.840432319444481
