file,nrBest,proportionBest,entropyNrActions
nr_118_id_20_026a6a95e8ec431326e4f60eab5875f49b9b2d90_LoanBO_GTSPOON.csv,152,0.07414634146341463,2.894861458205135
