file,nrBest,proportionBest,entropyNrActions
nr_562_id_2_01357b307913f4b62ba814435932b1fd09d1e2e8_TestRichEditor_GTSPOON.csv,1555,0.7585365853658537,1.0619178558759403
