file,nrBest,proportionBest,entropyNrActions
nr_180_id_15_03709f0519cff47ed516a734c5b3e1aaea47c848_ConsoleHelper_GTSPOON.csv,1848,0.9014634146341464,0.5132144969871718
