file,nrBest,proportionBest,entropyNrActions
nr_579_id_12_0664764da6c16cffc1536067b2cb0993050a3e4b_View_GTSPOON.csv,1573,0.7673170731707317,1.1094081544750607
