file,nrBest,proportionBest,entropyNrActions
nr_41_id_19_01095341153b24fcf5ab5f537ecc77077819b1f1_DeclarePrecedence_GTSPOON.csv,1571,0.7663414634146342,1.1732237689788123
