file,nrBest,proportionBest,entropyNrActions
nr_412_id_34_3a2edc8331ce59d6cda89885813ef85f44dfd861_UploadAction_GTSPOON.csv,288,0.1404878048780488,2.370786482809766
