file,nrBest,proportionBest,entropyNrActions
nr_203_id_5_01ac6251dabd62929e7e85a9ac6526b4c2c4141c_ATask_GTSPOON.csv,1462,0.713170731707317,1.227780027652944
