file,nrBest,proportionBest,entropyNrActions
nr_214_id_16_040277641f38dccf31b9889964f361ccbd69e213_Endpoints_GTSPOON.csv,1734,0.8458536585365853,0.6734192230731235
