file,nrBest,proportionBest,entropyNrActions
nr_79_id_39_86717258044b659010733c710a8de50cd117767b_PostgresDatabase_GTSPOON.csv,11,0.005365853658536586,2.6761801110466967
