file,nrBest,proportionBest,entropyNrActions
nr_557_id_36_8bed982100a011da5b7fcba67934b5b74a692ad1_LayerModelTest_GTSPOON.csv,1200,0.5853658536585366,1.7619371802752533
