file,nrBest,proportionBest,entropyNrActions
nr_296_id_37_8289406ff9fdbe4125a582e0e44dfbe3de8b0281_FileUtils_GTSPOON.csv,1618,0.7892682926829269,0.7996168325520775
