file,nrBest,proportionBest,entropyNrActions
nr_431_id_15_07d67961b895666f52ddaba76c6268f9817372f3_NOTBuilderNode_GTSPOON.csv,1068,0.5209756097560976,1.343134037090157
