file,nrBest,proportionBest,entropyNrActions
nr_202_id_18_03ecfe4cd21ab55ae0a215c233b36d5378e16843_CommandUtils_GTSPOON.csv,823,0.40146341463414636,2.448681370935286
