file,nrBest,proportionBest,entropyNrActions
nr_132_id_35_1b3e82ef9eeb1db9d448803a9cb922ed2a6739c8_CopyTest_GTSPOON.csv,1029,0.5019512195121951,1.6670024035059194
