file,nrBest,proportionBest,entropyNrActions
nr_592_id_11_08683e06078f24b26981666b5adf0bbabc8c10e4_Version_GTSPOON.csv,1557,0.7595121951219512,1.046463759895795
