file,nrBest,proportionBest,entropyNrActions
nr_224_id_15_042814fe3fdd3c09112ab4805d800257fb4d5d69_EditionDecorator_GTSPOON.csv,120,0.05853658536585366,2.8331118605480334
