file,nrBest,proportionBest,entropyNrActions
nr_203_id_20_03dfd368e18b8e0035a32e6b09f4d3ac94a37873_TopologyFactory_GTSPOON.csv,57,0.027804878048780488,2.8949475805669143
