file,nrBest,proportionBest,entropyNrActions
nr_68_id_23_02238ce0c0a8759c0e256ca38ce5f1d6d1701233_XMLDoclet_GTSPOON.csv,144,0.0702439024390244,2.734296352243187
