file,nrBest,proportionBest,entropyNrActions
nr_158_id_25_052190b218d28c833afab648418662d210a2b383_WOSFetch_GTSPOON.csv,378,0.18439024390243902,2.6191255415665786
