file,nrBest,proportionBest,entropyNrActions
nr_88_id_6_00a0f513b1827113fd842b5fd25f7c782e66ee46_MavenProjectBuilder_GTSPOON.csv,1928,0.9404878048780487,0.3402159620844381
