file,nrBest,proportionBest,entropyNrActions
nr_195_id_11_02714d5c0104537a47dc1c70d549f9ccbcc193d9_RoundedRect_GTSPOON.csv,1724,0.8409756097560975,0.841796707850811
