file,nrBest,proportionBest,entropyNrActions
nr_260_id_10_0263db57e08274abedfba65730209783e3e63c34_SimulatorTestHarness_GTSPOON.csv,910,0.44390243902439025,2.1460884841221457
