file,nrBest,proportionBest,entropyNrActions
nr_235_id_36_3c5944819c281f5b268f6d374ee7bb6b73423f72_Template_GTSPOON.csv,60,0.02926829268292683,2.914592369521162
