file,nrBest,proportionBest,entropyNrActions
nr_206_id_14_02f986a5152b19d3897ea6dc07475791d73d53eb_ActivityShare_GTSPOON.csv,153,0.07463414634146341,2.5636949749051867
