file,nrBest,proportionBest,entropyNrActions
nr_125_id_16_02627adfa3d240d817e34af69be8d07e9c66c136_CameraSettings_GTSPOON.csv,1340,0.6536585365853659,1.4763263980211252
