file,nrBest,proportionBest,entropyNrActions
nr_287_id_22_0754f51587ceef1a66a2cb9d1fb96ea478d3878a_AntiAd_GTSPOON.csv,1525,0.7439024390243902,1.2075158267154287
