file,nrBest,proportionBest,entropyNrActions
nr_401_id_7_042a4c7f31a32befe95071b7081c13883f472f47_Resource_GTSPOON.csv,60,0.02926829268292683,2.64167275706149
