file,nrBest,proportionBest,entropyNrActions
nr_322_id_7_034a52dae401ccb2ff4375a95d8f90a9980d7455_HypergraphTest_GTSPOON.csv,2019,0.9848780487804878,0.11355560445843722
