file,nrBest,proportionBest,entropyNrActions
nr_422_id_31_1d88b33712132d8e2f217ceee57915de053d6b58_Simulation_GTSPOON.csv,35,0.01707317073170732,3.328373462900508
