file,nrBest,proportionBest,entropyNrActions
nr_277_id_25_0941ef4f8edd9e2402eb49c3d01487393a2a6b08_Recorder_GTSPOON.csv,1080,0.526829268292683,1.4205910297291164
