file,nrBest,proportionBest,entropyNrActions
nr_356_id_14_053e9ac44efcafa5d35659c192635d4b953adb27_Database_GTSPOON.csv,1082,0.5278048780487805,2.1776509620161404
