file,nrBest,proportionBest,entropyNrActions
nr_4_id_8_000dfd86b3310d3a8c38bf56f989d16d848da8b6_Alarm_GTSPOON.csv,20,0.00975609756097561,1.6216009849173767
