file,nrBest,proportionBest,entropyNrActions
nr_336_id_20_0688483304fff4a0f520ccd928e8e8e1c1e79054_DownloadServlet_GTSPOON.csv,1724,0.8409756097560975,0.8082865500139363
