file,nrBest,proportionBest,entropyNrActions
nr_214_id_21_0570c99adad83cf0e550bfed25b96b1586c93849_WebSMS_GTSPOON.csv,85,0.041463414634146344,3.0520039761045124
