file,nrBest,proportionBest,entropyNrActions
nr_208_id_26_07dd4620b7d2571d6b13333883eb99b8ba1e5712_Scene_GTSPOON.csv,1720,0.8390243902439024,0.7328979712587811
