file,nrBest,proportionBest,entropyNrActions
nr_117_id_20_025e8e0dba82ce7ec384789eba4a45947785b03b_GameElement_GTSPOON.csv,880,0.4292682926829268,2.140839944229167
