file,nrBest,proportionBest,entropyNrActions
nr_296_id_10_02bd7f3461f9048c38079b20670699c60716fa9b_PSFontUtils_GTSPOON.csv,182,0.08878048780487804,2.98067277743223
