file,nrBest,proportionBest,entropyNrActions
nr_225_id_2_006cbb25c53301b71a39b41cfb1609212c8bba96_MapPropertySource_GTSPOON.csv,2025,0.9878048780487805,0.08084710502674947
