file,nrBest,proportionBest,entropyNrActions
nr_480_id_35_5be15c79da62efe1f481d05ac231643f4dfc61c3_Util_GTSPOON.csv,5,0.0024390243902439024,2.019669878074984
