file,nrBest,proportionBest,entropyNrActions
nr_214_id_28_0967b74a62720167226e903225d47f25bacc7f92_AddressUnitTests_GTSPOON.csv,79,0.03853658536585366,1.8601864789059317
