file,nrBest,proportionBest,entropyNrActions
nr_6_id_21_002e282313b8603281b0a0a40994790da200da3e_AdoptJSFProjectFinisher_GTSPOON.csv,19,0.009268292682926829,2.2791610911144815
