file,nrBest,proportionBest,entropyNrActions
nr_621_id_8_04e416a676c36f2d7414564a4b7800425c28b049_UpdateLocksTest_GTSPOON.csv,173,0.08439024390243903,2.4985773288178095
