file,nrBest,proportionBest,entropyNrActions
nr_285_id_16_053c89759630c6f0636a063744bef7fbcb91a0db_EntityManagerImpl_GTSPOON.csv,157,0.07658536585365854,2.7442961728342725
