file,nrBest,proportionBest,entropyNrActions
nr_24_id_36_063655337d94c3c9cc2311bec936813377c83008_SimpleMenuItem_GTSPOON.csv,1747,0.8521951219512195,0.6809629000337006
