file,nrBest,proportionBest,entropyNrActions
nr_133_id_8_012c59164bfdf7e7486c6f617ae4cd7c084a4068_HudsonConnector_GTSPOON.csv,1620,0.7902439024390244,0.9560637240171869
