file,nrBest,proportionBest,entropyNrActions
nr_337_id_15_0626843dcadfe88ea8877ffeb60002593055ddde_FFmpegVideo_GTSPOON.csv,110,0.05365853658536585,3.312211534721609
