file,nrBest,proportionBest,entropyNrActions
nr_408_id_34_39a8e0af36a6eb613825a72fa4226c0a8c2d6623_BookDupeListener_GTSPOON.csv,96,0.04682926829268293,2.7369245146862364
