file,nrBest,proportionBest,entropyNrActions
nr_201_id_5_01a4f6559a56ec2e1a775711a7e459850f4b8be0_GwtTestWrapper_GTSPOON.csv,80,0.03902439024390244,2.847213090565091
