file,nrBest,proportionBest,entropyNrActions
nr_488_id_25_11536fc4371aad017f0a45dc88710ea80a178ebe_Feature_GTSPOON.csv,1260,0.6146341463414634,1.8115400719672268
