file,nrBest,proportionBest,entropyNrActions
nr_280_id_27_0c5127db546286a245fe6a490b4e035659ebca2a_RuleWrapper_GTSPOON.csv,1732,0.8448780487804878,0.8210021053582972
