file,nrBest,proportionBest,entropyNrActions
nr_659_id_5_058391aba9522d8bd8c59052d71a2ec7440f56d5_FxContentView_GTSPOON.csv,135,0.06585365853658537,3.0769476683532124
