file,nrBest,proportionBest,entropyNrActions
nr_449_id_8_03c7075a3a21c0aab9af6736cf0827d095362e0d_MarketDataSupport_GTSPOON.csv,1819,0.8873170731707317,0.4204492553899527
