file,nrBest,proportionBest,entropyNrActions
nr_540_id_5_047966d441623a26d15c2ce661a6ab2e64824149_HystrixCollapser_GTSPOON.csv,15,0.007317073170731708,2.8997528435750475
