file,nrBest,proportionBest,entropyNrActions
nr_511_id_18_09b3bd2b5cd3ab45b815a3d16174754b6d2ec51c_ProviderOptions_GTSPOON.csv,1827,0.891219512195122,0.39153711070714303
