file,nrBest,proportionBest,entropyNrActions
nr_306_id_31_154d3befe5497cfdf391dbd29fdb9983182f372d_HeaderUtils_GTSPOON.csv,210,0.1024390243902439,2.3321589612411087
