file,nrBest,proportionBest,entropyNrActions
nr_99_id_15_0186208e18635221e9e122fd8ed89f770943cf0e_BlockListener_GTSPOON.csv,1569,0.7653658536585366,1.0203879319634301
