file,nrBest,proportionBest,entropyNrActions
nr_377_id_24_0b8b68cbebdba372c7302a207e2321cd80b384ae_SyncManager_GTSPOON.csv,162,0.07902439024390244,3.2630497462048114
