file,nrBest,proportionBest,entropyNrActions
nr_234_id_14_0372a658df2547a1dbf504dab2f9bab9dbfd3617_TeXFormula_GTSPOON.csv,100,0.04878048780487805,2.0373682292627713
