file,nrBest,proportionBest,entropyNrActions
nr_537_id_37_eede8877f6111065d542bf3b29c49358b9216fe8_JRubyConstructor_GTSPOON.csv,157,0.07658536585365854,2.7563724323735155
