file,nrBest,proportionBest,entropyNrActions
nr_475_id_34_408c164827c2540a3547e45272e8fd2a8755bdab_BasicVersioner_GTSPOON.csv,95,0.046341463414634146,1.1684278852444394
