file,nrBest,proportionBest,entropyNrActions
nr_386_id_28_11152392f5c9617c110379508134f4770b2e73c3_AddVMDialog_GTSPOON.csv,819,0.39951219512195124,2.334871145692856
