file,nrBest,proportionBest,entropyNrActions
nr_250_id_13_038cbbf5c38fe459feb24c3f00de6051b49d05a6_Prim_GTSPOON.csv,1666,0.8126829268292682,0.9072598432396423
