file,nrBest,proportionBest,entropyNrActions
nr_471_id_6_02dd746834721a9215276e4e65e46a67f58ac056_Mpg123Test_GTSPOON.csv,1938,0.9453658536585365,0.34918009256049065
