file,nrBest,proportionBest,entropyNrActions
nr_118_id_26_046d53125646c86952276e24fe4c618776263f8a_ClearCaseSCM_GTSPOON.csv,746,0.36390243902439023,2.4464085860263056
