file,nrBest,proportionBest,entropyNrActions
nr_12_id_19_004b2c9e270aee396d119a153127db2f103a553e_StaticSitePage_GTSPOON.csv,1757,0.8570731707317073,0.7187943543739241
