file,nrBest,proportionBest,entropyNrActions
nr_234_id_13_0352ecd47dd7e197349701c8b1c26074b8383e77_SocketFactoryManager_GTSPOON.csv,1744,0.8507317073170731,0.805677592121394
