file,nrBest,proportionBest,entropyNrActions
nr_184_id_27_083c534227c964140b4dd1505767c555c21f40da_HomeController_GTSPOON.csv,760,0.37073170731707317,1.0882175187677712
