file,nrBest,proportionBest,entropyNrActions
nr_331_id_16_0617ee99cd0662c35761b5ffb492ba2ce696cabf_WorkingDir_GTSPOON.csv,1136,0.5541463414634147,1.7122234491624755
