file,nrBest,proportionBest,entropyNrActions
nr_57_id_30_040066be64ba9f37176a893824e2f7ef6e390da3_SurveyHomeActivity_GTSPOON.csv,216,0.10536585365853658,3.820807315745931
