file,nrBest,proportionBest,entropyNrActions
nr_323_id_20_064b754fd4591c7427962d5d6aea3e696df11301_HostedMode_GTSPOON.csv,1100,0.5365853658536586,1.866775710203264
