file,nrBest,proportionBest,entropyNrActions
nr_273_id_18_0581e2760a39b16078c015a023cb6b0cfb30e7db_Displayable_GTSPOON.csv,111,0.054146341463414634,2.6643425736980433
