file,nrBest,proportionBest,entropyNrActions
nr_51_id_30_039b817d06511cd1abdc3c88f0db899367bd17e0_User_GTSPOON.csv,2000,0.975609756097561,0.16328028536219602
