file,nrBest,proportionBest,entropyNrActions
nr_513_id_14_075d69e3cd3a0b69bde0254aa193b5ff2f03702d_Schema_GTSPOON.csv,1655,0.8073170731707318,0.9662956681780629
