file,nrBest,proportionBest,entropyNrActions
nr_172_id_12_01ec35c938dbbf9b724b6bab610e744fd178284b_ParserTest_GTSPOON.csv,1757,0.8570731707317073,0.6432898502814678
