file,nrBest,proportionBest,entropyNrActions
nr_309_id_29_123ea3e9eca03837b6689360b64d079abe5c2089_TypeInfoValidator_GTSPOON.csv,173,0.08439024390243903,3.0500962753587526
