file,nrBest,proportionBest,entropyNrActions
nr_160_id_25_057153e7002003e6c305b231efdb13065511a794_ImageIOImageData_GTSPOON.csv,1454,0.7092682926829268,1.3620181433702394
