file,nrBest,proportionBest,entropyNrActions
nr_391_id_5_03341ee65bc8c57c990c5181a3701d6108e21431_ArbitraryPluginRunner_GTSPOON.csv,1912,0.9326829268292683,0.43293416272928814
