file,nrBest,proportionBest,entropyNrActions
nr_310_id_20_06093426cff019f385b6d84a4c0ad0b21e6d964e_KinectOpenNI2Driver_GTSPOON.csv,1737,0.8473170731707317,0.7798069045411269
