file,nrBest,proportionBest,entropyNrActions
nr_210_id_23_06d08e5f74276590e1ec060bab572b7b9d674f24_DatabaseValidator_GTSPOON.csv,93,0.045365853658536584,2.316569984230844
