file,nrBest,proportionBest,entropyNrActions
nr_8_id_35_0171812e59e2520a4345b9bbadd4f7afa0a1de16_VMDebug_GTSPOON.csv,48,0.023414634146341463,1.3612459711636449
