file,nrBest,proportionBest,entropyNrActions
nr_534_id_1_05f151da5d5791ea1e12d696f86bb1dc42782ea8_ThesaurusArray_GTSPOON.csv,1912,0.9326829268292683,0.41174696276514655
