file,nrBest,proportionBest,entropyNrActions
nr_79_id_25_029634d686d711e65a97f0784cf2ab98bb173804_App_GTSPOON.csv,1,0.0004878048780487805,1.778278979548177
