file,nrBest,proportionBest,entropyNrActions
nr_578_id_1_066d7f087c888e73e93034216783e53f82922727_Babytel_GTSPOON.csv,1842,0.8985365853658537,0.5551239736409558
