file,nrBest,proportionBest,entropyNrActions
nr_189_id_8_01a32d6361e24469516d1b440bd0b7841ef1bd28_DefaultRecordStore_GTSPOON.csv,155,0.07560975609756097,2.6970801098415915
