file,nrBest,proportionBest,entropyNrActions
nr_219_id_33_1ae71bbde59783c78219b9a8eb219717f1e4e06c_ItemLogs_GTSPOON.csv,684,0.3336585365853659,2.4551165247052387
