file,nrBest,proportionBest,entropyNrActions
nr_600_id_4_0258c8ad89e63130480ff5e15d7d4a12be92ff1c_WebServiceUELTest_GTSPOON.csv,2025,0.9878048780487805,0.09285369060068471
