file,nrBest,proportionBest,entropyNrActions
nr_495_id_33_3b688fe097941e629c08bb5ce6416e6cb257738b_DropTransferHandler_GTSPOON.csv,68,0.033170731707317075,2.9962984254502905
