file,nrBest,proportionBest,entropyNrActions
nr_363_id_38_ee8c2b575edd2cb3be39712181448ed482595055_VsnetMenuItemUI_GTSPOON.csv,28,0.013658536585365854,3.174828211109798
