file,nrBest,proportionBest,entropyNrActions
nr_64_id_36_0fb0844628dca343be3b550cf24f36725350e60f_MotionData_GTSPOON.csv,1292,0.6302439024390244,1.6918816074140755
