file,nrBest,proportionBest,entropyNrActions
nr_541_id_5_047def3248e835304d668b77143f80b00adbff59_DataDir_GTSPOON.csv,397,0.19365853658536586,0.8487962535820501
