file,nrBest,proportionBest,entropyNrActions
nr_174_id_15_035e9c27f41790866076c07e1b0afd18176db95f_ClientService_GTSPOON.csv,187,0.09121951219512195,2.694066340625046
