file,nrBest,proportionBest,entropyNrActions
nr_532_id_36_8542eb14c618a1e816621cf74413d80a1c30ce08_ImportWizard_GTSPOON.csv,750,0.36585365853658536,2.110675505440182
