file,nrBest,proportionBest,entropyNrActions
nr_9_id_11_0011a705bbc34d5138d9b7e6cedf35bd5ab5564c_Progress_GTSPOON.csv,1172,0.5717073170731707,1.2239169626333777
