file,nrBest,proportionBest,entropyNrActions
nr_224_id_25_073f5e64fa14c79058fd8f37bc68d8e0b0fb96d1_CustomStack_GTSPOON.csv,58,0.02829268292682927,1.1102611204297717
