file,nrBest,proportionBest,entropyNrActions
nr_317_id_36_52dfa834afbabbb9390d823721c5316d8691027c_SmsProvider_GTSPOON.csv,109,0.05317073170731707,3.0747734122498906
