file,nrBest,proportionBest,entropyNrActions
nr_441_id_34_3d57da647d316db392435feaff1f8a5a15823d75_SHDocument_GTSPOON.csv,1054,0.5141463414634146,1.93180027804049
