file,nrBest,proportionBest,entropyNrActions
nr_157_id_4_0085ace76227c5ff25379d76f07159a8abba032b_Texture_GTSPOON.csv,210,0.1024390243902439,2.2673317873642174
