file,nrBest,proportionBest,entropyNrActions
nr_202_id_27_090f1017f3890881a486f9fb3a28d8de5ba7337b_BaseTransport_GTSPOON.csv,178,0.08682926829268292,2.5626751344685705
