file,nrBest,proportionBest,entropyNrActions
nr_436_id_33_361b88f0a1801ce634969d463f5021f4698d013b_ASTScriptVisitor_GTSPOON.csv,132,0.06439024390243903,2.3283713062161127
