file,nrBest,proportionBest,entropyNrActions
nr_331_id_9_03f464ac7361b5655050cef15be5c0d38147966d_SubsystemProviders_GTSPOON.csv,1926,0.9395121951219512,0.3154473461694755
