file,nrBest,proportionBest,entropyNrActions
nr_234_id_10_022c720b270f0a13586b9f83fafac822cd0a94f3_GrailsDataBinder_GTSPOON.csv,40,0.01951219512195122,2.6588947779244942
