file,nrBest,proportionBest,entropyNrActions
nr_124_id_5_0116d25d1b275b36104349caef790e4cc1e72244_WidgetConfigureActivity_GTSPOON.csv,1469,0.7165853658536585,1.3528054677863688
