file,nrBest,proportionBest,entropyNrActions
nr_504_id_4_0203d616017114bd4ae648b2905711a98a9e166f_AbstractAFPObject_GTSPOON.csv,1452,0.7082926829268292,1.2055520395163561
