file,nrBest,proportionBest,entropyNrActions
nr_285_id_19_06d65f4cb0fe7e4977d68c27c14854faed82b652_Chatroom_GTSPOON.csv,1848,0.9014634146341464,0.5535685898038079
