file,nrBest,proportionBest,entropyNrActions
nr_440_id_31_1eba03aa3772cd33fa18ba010b62cc0a89422b38_Board_GTSPOON.csv,1053,0.5136585365853659,2.2226596936890264
