file,nrBest,proportionBest,entropyNrActions
nr_370_id_35_460397402b7756a5fe275c1561eb618d53f744f8_InGameInfoCore_GTSPOON.csv,20,0.00975609756097561,2.469608643095946
