file,nrBest,proportionBest,entropyNrActions
nr_478_id_6_02e74b22a651d0e01bd6a3f2d9875c3765378b44_ChildCareBusinessBean_GTSPOON.csv,170,0.08292682926829269,2.6642399858434063
