file,nrBest,proportionBest,entropyNrActions
nr_250_id_5_0208fbd6855decbe2cd865d87f9272132ffd2556_QuestProgress_GTSPOON.csv,1741,0.8492682926829268,0.8261055522335183
