file,nrBest,proportionBest,entropyNrActions
nr_84_id_35_1017602683a060f112a48d13b9848bac53fd2c2c_StartWindow_GTSPOON.csv,536,0.26146341463414635,2.4303271190307703
