file,nrBest,proportionBest,entropyNrActions
nr_450_id_12_04d5b1237cdc422a8a65f3554a69f7623aec15fd_LvaType_GTSPOON.csv,2015,0.9829268292682927,0.10520570474832268
