file,nrBest,proportionBest,entropyNrActions
nr_187_id_14_02819f6c3810a86c189544732abedba8b618c84e_SyncManager_GTSPOON.csv,176,0.08585365853658537,2.680523555634156
