file,nrBest,proportionBest,entropyNrActions
nr_236_id_16_0461adb4a7c3f042fa56b7b72e31c2139ef2b389_MainTest_GTSPOON.csv,1843,0.8990243902439025,0.6108291603560303
