file,nrBest,proportionBest,entropyNrActions
nr_163_id_13_0255d51050c2a59aa5e05cda345a5a4bbbed7a11_cgeogpxes_GTSPOON.csv,1806,0.8809756097560976,0.6600842876043521
