file,nrBest,proportionBest,entropyNrActions
nr_28_id_5_0050d9e4e8fbab99a82bce6dea5991496796df81_SCClient_GTSPOON.csv,1110,0.5414634146341464,1.8575520403193337
