file,nrBest,proportionBest,entropyNrActions
nr_112_id_25_03c5f11596e58f9629aeb8cf392fafee20623aed_Loading_GTSPOON.csv,159,0.0775609756097561,2.214543293903357
