file,nrBest,proportionBest,entropyNrActions
nr_337_id_24_0a6afe5f29e3e5a9575dd11742dd849e37452c2c_GroovySnippetTest_GTSPOON.csv,1646,0.8029268292682927,0.9097367755620704
