file,nrBest,proportionBest,entropyNrActions
nr_253_id_3_01af8a12297e4ce37f0638b51bb926f632b986a2_IndexItem_GTSPOON.csv,2000,0.975609756097561,0.15806539153402532
