file,nrBest,proportionBest,entropyNrActions
nr_89_id_33_0af9378c57af9e656ebb00f2379ee2911451d8d9_OmniBoxPopup_GTSPOON.csv,209,0.10195121951219512,2.5298872997976147
