file,nrBest,proportionBest,entropyNrActions
nr_189_id_33_170b2bca3989d59b0c13ad4a8084bd92ce75e42d_SeamProject_GTSPOON.csv,161,0.07853658536585366,3.018726139585662
