file,nrBest,proportionBest,entropyNrActions
nr_96_id_35_1338e151d984129e871904b583e209772770bc78_DrawerLayout_GTSPOON.csv,18,0.00878048780487805,2.830642711302447
