file,nrBest,proportionBest,entropyNrActions
nr_194_id_7_021c4a6c2a6677a72839ab23acbbd8886ab77956_TableLib_GTSPOON.csv,1628,0.7941463414634147,1.0231829247089794
