file,nrBest,proportionBest,entropyNrActions
nr_772_id_2_01a78b151108ebf4a53cc195c1119c3f998cd966_FfmpegController_GTSPOON.csv,2,0.000975609756097561,2.662379958935949
