file,nrBest,proportionBest,entropyNrActions
nr_230_id_29_0d48b11d8384adde08f11a160878c8f3188719dc_EasySpawn_GTSPOON.csv,1800,0.8780487804878049,0.4789988333407477
