file,nrBest,proportionBest,entropyNrActions
nr_382_id_24_0bb14f41f4ef603c2a4a7477d65730c049236f88_SearchActivity_GTSPOON.csv,774,0.3775609756097561,1.044705071360765
