file,nrBest,proportionBest,entropyNrActions
nr_168_id_30_0aa87b84720efceaa6f3c623377585126961bf4e_JBossPDP_GTSPOON.csv,40,0.01951219512195122,3.1943121508434693
