file,nrBest,proportionBest,entropyNrActions
nr_208_id_21_0562713302346bfa5a32f05f088032cf51d8836e_PageRankTest_GTSPOON.csv,1838,0.8965853658536586,0.5882290797254682
