file,nrBest,proportionBest,entropyNrActions
nr_587_id_7_0617d518a7ba33b71b546fc3ed6b00819be3b267_ValidationPlugin_GTSPOON.csv,206,0.10048780487804879,1.3352142720432427
