file,nrBest,proportionBest,entropyNrActions
nr_52_id_30_03a9a97942d1fb46a5ba61dd87242eceb5c2d3d2_SalesView_GTSPOON.csv,20,0.00975609756097561,3.6082769652991598
