file,nrBest,proportionBest,entropyNrActions
nr_119_id_26_046e715f603a7c8f6428510c3f8708bd3eb54ab9_ToggleBreakpointAdapter_GTSPOON.csv,151,0.07365853658536585,3.1905408713652146
