file,nrBest,proportionBest,entropyNrActions
nr_26_id_23_00c9497e44eeb173b22168abb6d6959c5a37030e_Mcmc_GTSPOON.csv,152,0.07414634146341463,3.0210438041037926
