file,nrBest,proportionBest,entropyNrActions
nr_329_id_13_04bd79b53954af284593c2b94c2cf5c57739877b_Field_GTSPOON.csv,210,0.1024390243902439,2.3184095592003335
