file,nrBest,proportionBest,entropyNrActions
nr_226_id_30_0df9d0925d934c0a5ee96533c54ca61f16d7ba5c_jIRCTools_GTSPOON.csv,1425,0.6951219512195121,1.256234022849165
