file,nrBest,proportionBest,entropyNrActions
nr_519_id_33_3dc90f3505ab38578959b59bbec814067caf50e7_CBackend_GTSPOON.csv,180,0.08780487804878048,2.6319849520011913
