file,nrBest,proportionBest,entropyNrActions
nr_487_id_8_040b32e912c9032b6289bc470386c1a5ad69ec69_CraftBukkitUtils_GTSPOON.csv,1136,0.5541463414634147,1.833910890507187
