file,nrBest,proportionBest,entropyNrActions
nr_474_id_25_10d877a842018c603c1fa6ab82c0f72e67f65998_ToggleConnectionAction_GTSPOON.csv,1934,0.9434146341463414,0.3801950593922912
