file,nrBest,proportionBest,entropyNrActions
nr_7_id_5_0018fb9b36aafd352468263c541c8c489405fc4c_SkillData_GTSPOON.csv,1537,0.7497560975609756,1.2551733272730865
