file,nrBest,proportionBest,entropyNrActions
nr_378_id_6_024cf11de5e534bc53589a5450ede656cd2704ce_Tracing_GTSPOON.csv,1833,0.8941463414634147,0.640886378584457
