file,nrBest,proportionBest,entropyNrActions
nr_488_id_33_3aa481d78c786335857d001b2e3b37d162360ab1_FailedReporter_GTSPOON.csv,202,0.09853658536585366,1.8184511134754295
