file,nrBest,proportionBest,entropyNrActions
nr_468_id_20_090c281c1897817619fef66a3b9b31abf52a465a_PasswordUnlockScreen_GTSPOON.csv,1159,0.5653658536585365,1.9569205412234858
