file,nrBest,proportionBest,entropyNrActions
nr_79_id_12_00f03000dd1d71820f315a5730a9106eb89341f3_DefaultPassConfig_GTSPOON.csv,185,0.09024390243902439,2.448785222284396
