file,nrBest,proportionBest,entropyNrActions
nr_243_id_26_08c6ce3f4274f2e6a5b63270580785a4086c8386_TileEntityPasture_GTSPOON.csv,28,0.013658536585365854,3.2744689692721556
