file,nrBest,proportionBest,entropyNrActions
nr_548_id_30_20d4cafc665f9a0d67a024e5ac611798c46ee471_NotificationBL_GTSPOON.csv,160,0.07804878048780488,2.64826693545607
