file,nrBest,proportionBest,entropyNrActions
nr_594_id_36_9743f0629d3d69c296e4d4ac5fa3897f49c70332_Template5Z_GTSPOON.csv,20,0.00975609756097561,1.8565661825017155
