file,nrBest,proportionBest,entropyNrActions
nr_440_id_24_0d3bd4131207082ebfd61b990eb336130c646068_JewelsGame_GTSPOON.csv,350,0.17073170731707318,1.838985602443908
