file,nrBest,proportionBest,entropyNrActions
nr_198_id_10_01c0c4f6da2fdf3014c7a8e1a2639fd60e6eb013_XmlImporter_GTSPOON.csv,1427,0.6960975609756097,1.4471386894358347
