file,nrBest,proportionBest,entropyNrActions
nr_51_id_8_0077612db6f08cd7f3773158a87307a5018e9e0e_MinimizedWorkEntity_GTSPOON.csv,1848,0.9014634146341464,0.5458011301107418
