file,nrBest,proportionBest,entropyNrActions
nr_465_id_20_08f648e539323239e6f0678cea35f971e839c968_Game_GTSPOON.csv,1490,0.7268292682926829,1.1325211731454796
