file,nrBest,proportionBest,entropyNrActions
nr_205_id_22_051de691c0c779b4bc22df6de592c1f9a4c85140_EuclidianDockPanel_GTSPOON.csv,2025,0.9878048780487805,0.09214368287865454
