file,nrBest,proportionBest,entropyNrActions
nr_279_id_15_0529d8acc038c17f71102a7768f7b8e878f01108_MainActivity_GTSPOON.csv,1800,0.8780487804878049,0.47518924273724217
