file,nrBest,proportionBest,entropyNrActions
nr_50_id_35_0a59dec16262b51f42b261ab2df72a8973c24297_DatabaseTest_GTSPOON.csv,1548,0.7551219512195122,1.1272000206292718
