file,nrBest,proportionBest,entropyNrActions
nr_42_id_40_8005db5f5b1b6000c6e2f9ad5171f7e69bf6e1a7_DbFacade_GTSPOON.csv,988,0.4819512195121951,1.8882453715713252
