file,nrBest,proportionBest,entropyNrActions
nr_50_id_26_0224c6e7769c7b5149290911bbca778c7e3b495b_LazyAdapter_GTSPOON.csv,1168,0.5697560975609756,1.6894624520079826
