file,nrBest,proportionBest,entropyNrActions
nr_474_id_34_4089cbad504223573fc71782c77a24da5712379c_GenListModuleReader_GTSPOON.csv,132,0.06439024390243903,2.6970228255694977
