file,nrBest,proportionBest,entropyNrActions
nr_315_id_14_04bb3620cdde0f090f04feb5345f5f55567944fd_VMArgumentsBlock_GTSPOON.csv,1834,0.8946341463414634,0.6710607224659143
