file,nrBest,proportionBest,entropyNrActions
nr_435_id_20_0864f80b49dbc7ebbebb51a0b18834e5e91abd74_Recorder_GTSPOON.csv,1848,0.9014634146341464,0.5204419257077383
