file,nrBest,proportionBest,entropyNrActions
nr_195_id_23_0631deaf9374d3132537be41bc0a9f34328e2586_Constants_GTSPOON.csv,2015,0.9829268292682927,0.10520570474832268
