file,nrBest,proportionBest,entropyNrActions
nr_406_id_33_33318dcd0fba09aa48d773964c4f895f312958b1_LocalResourceScan_GTSPOON.csv,1818,0.8868292682926829,0.6767327469053019
