file,nrBest,proportionBest,entropyNrActions
nr_513_id_27_1756e1c27564b467eb248ca66ba117d75a138c5f_AssignmentAction_GTSPOON.csv,5,0.0024390243902439024,3.078149908448962
