file,nrBest,proportionBest,entropyNrActions
nr_12_id_9_003941a0ad2386671b6793446ef0b9b3efe9d3b3_QuestionController_GTSPOON.csv,1719,0.8385365853658536,0.8514245771825667
