file,nrBest,proportionBest,entropyNrActions
nr_439_id_19_0a63118b6976350d64e0b8da827d81f3582f339e_QueryUtil_GTSPOON.csv,1484,0.7239024390243902,0.8858721702938788
