file,nrBest,proportionBest,entropyNrActions
nr_156_id_14_021f3ac8bf756c0ad00048216b5ba0c697d42227_GoGui_GTSPOON.csv,38,0.018536585365853658,3.007031186850842
