file,nrBest,proportionBest,entropyNrActions
nr_167_id_14_023fad2a6f7c600d56222c95980d83b5e7f8b9e4_SimplyNoted_GTSPOON.csv,2005,0.9780487804878049,0.14326019261908632
