file,nrBest,proportionBest,entropyNrActions
nr_267_id_35_32a79f85e51137e80512291f41891b57ccdb9014_MetadataFactory_GTSPOON.csv,311,0.15170731707317073,2.4240317086366114
