file,nrBest,proportionBest,entropyNrActions
nr_406_id_36_69a467334219035bbe16101f0e324cc320b0c4c0_NavigationForm_GTSPOON.csv,2020,0.9853658536585366,0.10204864514499479
