file,nrBest,proportionBest,entropyNrActions
nr_161_id_4_0088750b16f876d66e101e12bc59014bbdd04b17_RouterVersion_GTSPOON.csv,2027,0.988780487804878,0.08094550492594119
