file,nrBest,proportionBest,entropyNrActions
nr_408_id_14_05f651cd55797a73a61fa587bb1941e12398679a_WSDoAllHandler_GTSPOON.csv,1745,0.8512195121951219,0.7820962991345016
