file,nrBest,proportionBest,entropyNrActions
nr_500_id_21_0c7cd590f01634b473902b5e8c4d3a360765de8b_SweetHome3D_GTSPOON.csv,742,0.3619512195121951,2.287973715218646
