file,nrBest,proportionBest,entropyNrActions
nr_122_id_39_c7bdf536fbd6038cec83c61ae7093959a7e0d675_SmsSensor_GTSPOON.csv,97,0.04731707317073171,1.46954616628016
