file,nrBest,proportionBest,entropyNrActions
nr_290_id_21_079f46948db150d4740123177097b32f06acc4df_USTranslationResult_GTSPOON.csv,1524,0.7434146341463415,1.2346836915715786
