file,nrBest,proportionBest,entropyNrActions
nr_511_id_28_16ee377bcd5fd13cd10e88da1b95a0059786306a_LatinIME_GTSPOON.csv,72,0.0351219512195122,3.0557509007946786
