file,nrBest,proportionBest,entropyNrActions
nr_90_id_12_0108917a1c6ff426ffa94e5ce18ee56384a6e76a_EventDetail_GTSPOON.csv,950,0.4634146341463415,2.0748322290104997
