file,nrBest,proportionBest,entropyNrActions
nr_424_id_17_089369417d051f4fb11b94e9a770e2c6a52b29a0_Searchable_GTSPOON.csv,2015,0.9829268292682927,0.10520570474832268
