file,nrBest,proportionBest,entropyNrActions
nr_433_id_19_0a4c3a44fe0c2e7b57d4ac7a7e78baa422e1c486_CallGraph_GTSPOON.csv,1282,0.6253658536585366,1.6048118007102758
