file,nrBest,proportionBest,entropyNrActions
nr_196_id_8_01af6394d7d4828fb8dea40e730cc8f895b6079d_OpencorePlayer_GTSPOON.csv,1499,0.7312195121951219,1.0970552361186312
