file,nrBest,proportionBest,entropyNrActions
nr_534_id_30_2055ae286c812cc0295bc2857f494fda99e5c60b_XMPPConnection_GTSPOON.csv,732,0.3570731707317073,2.5336052926891997
