file,nrBest,proportionBest,entropyNrActions
nr_10_id_25_005e62f8c7820ffdf7b5d5829693873b055bc2d4_PanoramaModule_GTSPOON.csv,95,0.046341463414634146,2.754261951687514
