file,nrBest,proportionBest,entropyNrActions
nr_191_id_7_02138b62d5845c53164acbe1c159974a990043fd_GetACSearch_GTSPOON.csv,29,0.014146341463414635,3.335702009665996
