file,nrBest,proportionBest,entropyNrActions
nr_441_id_9_051543f67c1111ab50073fcf98924917ed3c1303_ImageProcessorReader_GTSPOON.csv,903,0.4404878048780488,2.4004316279995237
