file,nrBest,proportionBest,entropyNrActions
nr_260_id_17_053ba57b3dd664631013bf659faee64f5df7227e_Functions_GTSPOON.csv,10,0.004878048780487805,1.5185408899351218
