file,nrBest,proportionBest,entropyNrActions
nr_268_id_2_0087c8352806b79d60b760e91d508403bbffdf01_NetworkModeButton_GTSPOON.csv,1252,0.6107317073170732,1.7588445485314244
