file,nrBest,proportionBest,entropyNrActions
nr_339_id_14_050b1a642acdd7145030e277410a92dc68938636_WfsDispatcher_GTSPOON.csv,1731,0.844390243902439,0.8518395825606182
