file,nrBest,proportionBest,entropyNrActions
nr_97_id_20_01f5cb6c9efca186f9857ac264021d688dbc9049_Service_GTSPOON.csv,88,0.042926829268292686,2.384204026182673
