file,nrBest,proportionBest,entropyNrActions
nr_230_id_31_105e461a1c48faa87771357b8ce4702dd30b2f3a_JsonRpcServer_GTSPOON.csv,54,0.026341463414634145,2.830056206037484
