file,nrBest,proportionBest,entropyNrActions
nr_170_id_24_0513471456465d9f50947ab39a3d35a8d1017f73_MegaJdbcMapperTest_GTSPOON.csv,1393,0.6795121951219513,1.260101200089713
