file,nrBest,proportionBest,entropyNrActions
nr_1_id_2_00002f8339043abb421297644f8c87ad46845b00_RevDetails_GTSPOON.csv,1736,0.8468292682926829,0.6815504778387435
