file,nrBest,proportionBest,entropyNrActions
nr_639_id_1_072f3cde2d80e7b018f3bba323c240012b52faf0_MailProcessor_GTSPOON.csv,1377,0.6717073170731708,1.4059704738772776
