file,nrBest,proportionBest,entropyNrActions
nr_88_id_26_03405c5d2e98667d1ada34509119579cb4e65e2b_EventSupport_GTSPOON.csv,1918,0.935609756097561,0.41551969524888305
