file,nrBest,proportionBest,entropyNrActions
nr_175_id_32_0f7d4214d8693b41868e21a2cc30c259eba619bf_HiddenProvider2_GTSPOON.csv,2020,0.9853658536585366,0.08649061231222355
