file,nrBest,proportionBest,entropyNrActions
nr_85_id_35_104160b7812d3492363b3d17bed8b41c1e882ef8_BrettView_GTSPOON.csv,1908,0.9307317073170732,0.4245840335905695
