file,nrBest,proportionBest,entropyNrActions
nr_337_id_17_06ac818e77646465c24422929faf25eb39f4db9b_AbstractSocialButton_GTSPOON.csv,1817,0.8863414634146342,0.6728527635143675
