file,nrBest,proportionBest,entropyNrActions
nr_340_id_38_e10b7f7c66a3375e8610ebccbc2b77c28e26a310_TableViewer_GTSPOON.csv,1662,0.8107317073170732,0.903980561554085
