file,nrBest,proportionBest,entropyNrActions
nr_38_id_20_009a5e2af3c3c57eb69f3e694e4a774a4bb42589_RequestTransfer_GTSPOON.csv,1292,0.6302439024390244,1.5802618485303288
