file,nrBest,proportionBest,entropyNrActions
nr_400_id_5_0355b0c037220dac47add0b12e3c4c5b17a9a408_ConsoleLayout_GTSPOON.csv,204,0.09951219512195122,2.497538780567461
