file,nrBest,proportionBest,entropyNrActions
nr_318_id_6_01fa3c9e47231a2ff179aa69ce3d0175134231c9_LibraryEntry_GTSPOON.csv,1816,0.8858536585365854,0.664815446178399
