file,nrBest,proportionBest,entropyNrActions
nr_560_id_8_0482dd0a66c46995758d4ced945c0e85ad49ff6a_ActivityBase_GTSPOON.csv,339,0.1653658536585366,2.645853058595061
