file,nrBest,proportionBest,entropyNrActions
nr_394_id_22_096d95ba110a81e672bbab5361e2e90daa965ec4_MonitorApp_GTSPOON.csv,1482,0.7229268292682927,1.03307398825108
