file,nrBest,proportionBest,entropyNrActions
nr_669_id_3_0488e54416818851475ab33da30d133afa6bf52a_MonthCalendarWidget_GTSPOON.csv,701,0.34195121951219515,2.76337128672366
