file,nrBest,proportionBest,entropyNrActions
nr_557_id_14_07f85f251ff2695664c9892061b8f6d3806a1cea_ImageManager_GTSPOON.csv,147,0.07170731707317073,2.3899701412200907
