file,nrBest,proportionBest,entropyNrActions
nr_391_id_24_0bd8feb9db727170425180fbd3c3e5aab499e411_EventNode_GTSPOON.csv,830,0.40487804878048783,0.8554719167299343
