file,nrBest,proportionBest,entropyNrActions
nr_185_id_14_0280caf639a3b31ed102c3e9b054187c0c7cf466_ExtendedDialogWindow_GTSPOON.csv,1162,0.5668292682926829,1.8316698525379997
