file,nrBest,proportionBest,entropyNrActions
nr_258_id_21_06c55b40911268208fe6d7c5a6a37a7aca41fd67_DataUpdateService_GTSPOON.csv,171,0.08341463414634147,1.2260383187603143
