file,nrBest,proportionBest,entropyNrActions
nr_121_id_15_022edc349c76fad25559688ab7e3828d9fab7052_PhoneWindowManager_GTSPOON.csv,173,0.08439024390243903,2.5828534921507362
