file,nrBest,proportionBest,entropyNrActions
nr_15_id_17_00470220648f15039ae97c5855f62d96da95e557_DialogServer_GTSPOON.csv,324,0.15804878048780488,3.3430668680779387
