file,nrBest,proportionBest,entropyNrActions
nr_236_id_16_0461adb4a7c3f042fa56b7b72e31c2139ef2b389_StackAddTest_GTSPOON.csv,1806,0.8809756097560976,0.4593329696383586
