file,nrBest,proportionBest,entropyNrActions
nr_118_id_34_1312177683a1d1a74c7f138a7de7b58c20336b82_JavaSourceWriter_GTSPOON.csv,126,0.06146341463414634,3.2894629172849825
