file,nrBest,proportionBest,entropyNrActions
nr_350_id_31_183b7c4c1a93c30b23562d36459a031a3d6ae516_AlbumResource_GTSPOON.csv,1105,0.5390243902439025,1.9297532092111909
