file,nrBest,proportionBest,entropyNrActions
nr_380_id_29_15fd9e800004939685a448e46a681ad511f84e14_AsnnSubmitEditorRenderer_GTSPOON.csv,1152,0.5619512195121952,1.7812038309370601
