file,nrBest,proportionBest,entropyNrActions
nr_106_id_7_012a4a57df99af99c18bd1abd40f06a02c6a9b59_UserCommon_GTSPOON.csv,1532,0.7473170731707317,1.2302060992284645
