file,nrBest,proportionBest,entropyNrActions
nr_596_id_4_02573974e4d08ccb40702299a572e42c4988915c_OrderService_GTSPOON.csv,1693,0.8258536585365853,0.7902465570443884
