file,nrBest,proportionBest,entropyNrActions
nr_64_id_31_05025b77792668240053269764d10c90d401fda2_imp_GTSPOON.csv,218,0.10634146341463414,2.6775029422267558
