file,nrBest,proportionBest,entropyNrActions
nr_203_id_6_0158fa15335ad79bfbb155e6b106bf6595008248_LaunchUtils_GTSPOON.csv,1915,0.9341463414634147,0.41968775407936465
