file,nrBest,proportionBest,entropyNrActions
nr_421_id_7_04726a2bd3768c24beefbcaf5810021e5a73b654_AnsiConsole_GTSPOON.csv,1934,0.9434146341463414,0.3726386941257822
