file,nrBest,proportionBest,entropyNrActions
nr_341_id_20_06a652b19f00e69175d43208f307075beac4f179_RefReplacer_GTSPOON.csv,2025,0.9878048780487805,0.08458177579985723
