file,nrBest,proportionBest,entropyNrActions
nr_312_id_18_063fa7125d6ff980a7d7c68c27563a3849a87390_SumBuilder_GTSPOON.csv,789,0.3848780487804878,2.7020030671612005
