file,nrBest,proportionBest,entropyNrActions
nr_157_id_36_265694499b132815ce07f1d263309fd15f18e8fb_ModelDteApiAdapter_GTSPOON.csv,232,0.11317073170731708,2.832746488849506
