file,nrBest,proportionBest,entropyNrActions
nr_401_id_2_00d612bca333157c26cc704e9ab0caf03b884807_SVDBIconUtils_GTSPOON.csv,1756,0.8565853658536585,0.6939406767630901
