file,nrBest,proportionBest,entropyNrActions
nr_249_id_9_02f3147399fb692c22938ee464d35f75fdab4f27_GameActivity_GTSPOON.csv,2000,0.975609756097561,0.16785695244491872
