file,nrBest,proportionBest,entropyNrActions
nr_460_id_25_1057b17ec1fa597a462857e59f0b80a77daa234a_TasksTest_GTSPOON.csv,1522,0.7424390243902439,1.012609316720986
