file,nrBest,proportionBest,entropyNrActions
nr_368_id_20_073696559d2bbf2d16416346e0ceae241cfd82f0_AddressBookProvider_GTSPOON.csv,1276,0.6224390243902439,1.7444651416679835
