file,nrBest,proportionBest,entropyNrActions
nr_320_id_14_04c7454c6caa49a22655efb795c1432a5d8cbe84_TunnelFilter_GTSPOON.csv,741,0.36146341463414633,2.6079802301968007
