file,nrBest,proportionBest,entropyNrActions
nr_73_id_6_008a48542c929dfe6140871cd7434df3feac91b1_Start_GTSPOON.csv,1494,0.728780487804878,1.1967830611112542
