file,nrBest,proportionBest,entropyNrActions
nr_298_id_29_11c6bb0157692dc46bcb5beaa84c3590291ce7ed_ProxyImpl_GTSPOON.csv,187,0.09121951219512195,2.432366835595356
