file,nrBest,proportionBest,entropyNrActions
nr_719_id_5_06059fdac813d801be9d140522c0ebf0930ec632_SendToServer_GTSPOON.csv,1825,0.8902439024390244,0.6751257350224651
