file,nrBest,proportionBest,entropyNrActions
nr_398_id_1_0499e26b52a72e96516c8799d0e1403bf8cad397_DayFragment_GTSPOON.csv,1569,0.7653658536585366,1.1042850838604898
