file,nrBest,proportionBest,entropyNrActions
nr_366_id_4_01711f142bd1683bce1eaa58a484c01dc48e81a9_code_swarm_GTSPOON.csv,155,0.07560975609756097,2.6273232959463053
