file,nrBest,proportionBest,entropyNrActions
nr_262_id_33_213b1d6dbb81e19480400186f6db227c2d767204_DescriptorFilter_GTSPOON.csv,1641,0.8004878048780488,1.0146913692409083
