file,nrBest,proportionBest,entropyNrActions
nr_104_id_29_060e93d7e2b485a56aa495aaa135b028c1407154_BonusPanel_GTSPOON.csv,552,0.26926829268292685,2.9581686579965676
