file,nrBest,proportionBest,entropyNrActions
nr_244_id_11_033434e461737dd0487b9d0ebbbdc257706c74aa_LexemeComposer_GTSPOON.csv,353,0.1721951219512195,2.0211921072129133
