file,nrBest,proportionBest,entropyNrActions
nr_72_id_22_0186c404653f2d872b632237a9ed20ba52d79aa2_Query_GTSPOON.csv,78,0.03804878048780488,2.9833808689422887
