file,nrBest,proportionBest,entropyNrActions
nr_164_id_24_04db2cf3844c63db43abeed043261d3f3fb05807_Interpreter_GTSPOON.csv,72,0.0351219512195122,2.6544210922492226
