file,nrBest,proportionBest,entropyNrActions
nr_462_id_13_06d57eec74465adbf65330b47786bde10d8e9dea_TestCase1244_GTSPOON.csv,1914,0.9336585365853659,0.4161299698118152
