file,nrBest,proportionBest,entropyNrActions
nr_401_id_12_046238aea5005eab6a99b90dac4e87c3391a9dd7_ContextUiUtil_GTSPOON.csv,1725,0.8414634146341463,0.8711910597976102
