file,nrBest,proportionBest,entropyNrActions
nr_173_id_21_048aa97ad8c879caeb6516e45111af9080b7d7b0_GtSourceGenerator_GTSPOON.csv,16,0.007804878048780488,1.5375595973095646
