file,nrBest,proportionBest,entropyNrActions
nr_188_id_3_014ca0d3f0fe2a8c2b1e641b52a4c22038c54f29_TestLockImpl_GTSPOON.csv,1483,0.7234146341463414,1.1303146720358286
