file,nrBest,proportionBest,entropyNrActions
nr_196_id_22_04e385810161429c0d949fdcbe20c8f5bec50300_MapScreen_GTSPOON.csv,1455,0.7097560975609756,1.3165706212056703
