file,nrBest,proportionBest,entropyNrActions
nr_15_id_18_002bdcb92426cc430b4cfb50ae5753c00f44d602_AgentServlet_GTSPOON.csv,1392,0.6790243902439025,1.4070870721449742
