file,nrBest,proportionBest,entropyNrActions
nr_307_id_30_1301c56a3a5dc62422930736f822d7884d9ad2b9_JarSignatureValidator_GTSPOON.csv,1096,0.5346341463414634,2.2511942815991626
