file,nrBest,proportionBest,entropyNrActions
nr_385_id_13_0594b09451bc8ccb434919923e885e185c7cb439_PluginDirectDeployerMojo_GTSPOON.csv,1465,0.7146341463414634,1.1443756226874418
