file,nrBest,proportionBest,entropyNrActions
nr_169_id_25_05b5ac14cbd2f0bb7381eb7836587e84835d62d4_RetryTemplate_GTSPOON.csv,976,0.47609756097560973,2.0237431716280296
