file,nrBest,proportionBest,entropyNrActions
nr_99_id_24_03274341b663843e51af80592576ea786e11fa2d_BugzillaStackTraceTest_GTSPOON.csv,1848,0.9014634146341464,0.478214455535922
