file,nrBest,proportionBest,entropyNrActions
nr_60_id_29_03c1ff42366c645b09479d5f3f78ffc38ff61307_QuestionService_GTSPOON.csv,22,0.010731707317073172,2.4166003324289402
