file,nrBest,proportionBest,entropyNrActions
nr_254_id_28_0b07faa778d81372b2d24ba18efe8a027ba232e2_COptions_GTSPOON.csv,1570,0.7658536585365854,1.0704044650652909
