file,nrBest,proportionBest,entropyNrActions
nr_69_id_22_0168f4338f88c6d223bbdd449d0b9ea76edd0fe8_Find_GTSPOON.csv,930,0.45365853658536587,2.526167618748858
