file,nrBest,proportionBest,entropyNrActions
nr_564_id_10_05791c92be202169e866bee80801bd99be2de2e7_BAMFileIndexWriter_GTSPOON.csv,1367,0.666829268292683,1.4206905038852242
