file,nrBest,proportionBest,entropyNrActions
nr_477_id_28_14e9f7156194e394fb287b7c3f7f686cab386236_FarragoStatement_GTSPOON.csv,2010,0.9804878048780488,0.12063176126699957
