file,nrBest,proportionBest,entropyNrActions
nr_216_id_34_1f7cd2768b5d9900158fc5afcef758651bed77c0_PFeature_GTSPOON.csv,17,0.008292682926829269,3.5448132546033797
