file,nrBest,proportionBest,entropyNrActions
nr_344_id_13_04fc045c2f7a8b135a8ccdbc0a5765b785867092_IntroductionServer_GTSPOON.csv,898,0.4380487804878049,2.1764045183771628
