file,nrBest,proportionBest,entropyNrActions
nr_471_id_26_0faf54ef641cb937c9674dce55c1636a21b79598_ReplaceVariables_GTSPOON.csv,1903,0.9282926829268293,0.39301797822962936
