file,nrBest,proportionBest,entropyNrActions
nr_395_id_22_0974051ea00ebd8946e648b2ca00e779a3f1730d_DefaultUserService_GTSPOON.csv,1800,0.8780487804878049,0.6857209751697195
