file,nrBest,proportionBest,entropyNrActions
nr_213_id_18_042db441cc7f6f114b0559c33b8128f53d08b621_AtmosphereFramework_GTSPOON.csv,163,0.07951219512195122,2.6224242968897906
