file,nrBest,proportionBest,entropyNrActions
nr_137_id_23_0421ca2c6c3529fdd37bd6f736eaa41f77b65421_AddressService_GTSPOON.csv,1465,0.7146341463414634,1.2327911412967891
