file,nrBest,proportionBest,entropyNrActions
nr_75_id_15_0122944df572e275c41f6134529d46705a7a33e2_QuadraticBezierPathInterpolator_GTSPOON.csv,1816,0.8858536585365854,0.6274911368749114
