file,nrBest,proportionBest,entropyNrActions
nr_397_id_21_0a5bb2edee0147aa0929223a35a1b804809c6bca_User_GTSPOON.csv,1129,0.5507317073170732,1.9033670212899532
