file,nrBest,proportionBest,entropyNrActions
nr_115_id_38_4e0e6d20f7034869cb2eadb3565defdad78a45f6_Map1_GTSPOON.csv,1938,0.9453658536585365,0.30491426527725185
