file,nrBest,proportionBest,entropyNrActions
nr_250_id_1_02f03b950a2dd8352294f4fc6c222af545d291bc_RacerGameActivity_GTSPOON.csv,1110,0.5414634146341464,1.6841376526393224
