file,nrBest,proportionBest,entropyNrActions
nr_22_id_12_0049a1d20e1fb42e82968c9d021caaa967351d36_JsonController_GTSPOON.csv,1746,0.8517073170731707,0.666323685719639
