file,nrBest,proportionBest,entropyNrActions
nr_541_id_10_053faa2e087046908bebc9e7cc5e704761bda924_GraphElement_GTSPOON.csv,1362,0.6643902439024391,1.4424919921925932
