file,nrBest,proportionBest,entropyNrActions
nr_174_id_6_012d4b1de1d0081de9206956f6468b9d6c2fb5d8_VisADLineStripArray_GTSPOON.csv,280,0.13658536585365855,1.3705446825813314
