file,nrBest,proportionBest,entropyNrActions
nr_374_id_27_1114c319508a85eca886a8b16dcb0a72b8413e35_GotoMethodServer_GTSPOON.csv,5,0.0024390243902439024,1.1058934959509656
