file,nrBest,proportionBest,entropyNrActions
nr_207_id_37_5cf9472642cf5d734f6f46cd1713e05b32fb9288_CommsTransport_GTSPOON.csv,1208,0.5892682926829268,1.5841762743755823
