file,nrBest,proportionBest,entropyNrActions
nr_481_id_31_215ca39531a3abb7c36507226a901302ad88b23d_UploadManager_GTSPOON.csv,1624,0.7921951219512195,1.0447557111012917
