file,nrBest,proportionBest,entropyNrActions
nr_308_id_1_03ac5700fe39ed9c333744068e8666963e27ab7c_GroupDescriptor_GTSPOON.csv,2019,0.9848780487804878,0.10463248089789698
