file,nrBest,proportionBest,entropyNrActions
nr_336_id_11_04693f1a39121978c470aa865418002ea3105915_XRayLoggerMain_GTSPOON.csv,1287,0.6278048780487805,1.6666917260031673
