file,nrBest,proportionBest,entropyNrActions
nr_67_id_37_1c1e0f38f351e19a586600b28d031522b0e6c4a1_XYMultipleSeriesRenderer_GTSPOON.csv,756,0.36878048780487804,1.9863024083262277
