file,nrBest,proportionBest,entropyNrActions
nr_409_id_7_044b48d49ffd13efcb0a3186a0813845cd3839fe_GetQuote_GTSPOON.csv,1636,0.7980487804878049,0.8897802511281865
