file,nrBest,proportionBest,entropyNrActions
nr_381_id_29_1603a3bb85761b996461403f18ba6422f44166d0_Regex_GTSPOON.csv,573,0.27951219512195125,2.418161081679633
