file,nrBest,proportionBest,entropyNrActions
nr_297_id_35_38224438fbea25a6b783dd15a2cb6711fc051148_Grammar_GTSPOON.csv,1905,0.9292682926829269,0.41884435444836665
