file,nrBest,proportionBest,entropyNrActions
nr_80_id_7_00e2526d4348f656815a887231a358018d732a8a_SpellEffectAdapter_GTSPOON.csv,1816,0.8858536585365854,0.6226524030711093
