file,nrBest,proportionBest,entropyNrActions
nr_95_id_32_089a27a51d7b980b80ff901f3f5938d66d023017_ShardSplitTest_GTSPOON.csv,1356,0.6614634146341464,1.5315926186366178
