file,nrBest,proportionBest,entropyNrActions
nr_136_id_37_3eb00d1e851321403bfc74cf3b00244c5ef12694_LBezierCurveView_GTSPOON.csv,1302,0.6351219512195122,1.3710921172107076
