file,nrBest,proportionBest,entropyNrActions
nr_216_id_26_08222ef4bd70cf87322b3c206a4b81ef720b9bfe_WikiDatabase_GTSPOON.csv,1027,0.5009756097560976,2.023968201182027
