file,nrBest,proportionBest,entropyNrActions
nr_146_id_25_04bafb05ed0b866c16a67a8221c5093fc79b4546_TdsConfigMapper_GTSPOON.csv,1057,0.515609756097561,1.9932384376692622
