file,nrBest,proportionBest,entropyNrActions
nr_225_id_32_144c1784c7b78665e5d546edd2bec32460e00f3a_ShardSplitTest_GTSPOON.csv,1356,0.6614634146341464,1.5315926186366178
