file,nrBest,proportionBest,entropyNrActions
nr_269_id_33_2204c577fb96521a787005d5f4fc4a07db07b47f_StockItem_GTSPOON.csv,162,0.07902439024390244,3.6356360719863714
