file,nrBest,proportionBest,entropyNrActions
nr_153_id_13_021bd5b318107fdd727a81c6dfc6f9f04418e9f3_JCRDataStorage_GTSPOON.csv,200,0.0975609756097561,2.4691199456176127
