file,nrBest,proportionBest,entropyNrActions
nr_24_id_28_01691e53b9d3ae54baeb791b805abaa813a053aa_CGService_GTSPOON.csv,32,0.015609756097560976,2.7586268576719326
