file,nrBest,proportionBest,entropyNrActions
nr_354_id_31_1869779c857e0d355194d6a37628a51620999d7e_FormatTools_GTSPOON.csv,138,0.06731707317073171,2.5882226753313913
