file,nrBest,proportionBest,entropyNrActions
nr_1_id_11_00004159d1667ea5ac117cc5b76876ff0a10592f_CtrlDomain_GTSPOON.csv,735,0.35853658536585364,2.2109427111355817
