file,nrBest,proportionBest,entropyNrActions
nr_520_id_12_05a9154c0680e0c868fdf350133bb31bd413b6c4_MyDatabaseConverter_GTSPOON.csv,1510,0.7365853658536585,1.182407476355184
