file,nrBest,proportionBest,entropyNrActions
nr_283_id_18_059f21d600ad431024775134e3587dc0715ab236_TestCase_GTSPOON.csv,1456,0.7102439024390244,1.3307198591593798
