file,nrBest,proportionBest,entropyNrActions
nr_354_id_34_311bddf977b6d93304d67be13257899e47f7a2a3_FieldDecorationRegistry_GTSPOON.csv,1661,0.8102439024390244,0.9292226880771887
