file,nrBest,proportionBest,entropyNrActions
nr_339_id_22_08873da55d5f324ece393e5073f0a8c54dde9675_WorkspaceNamePlugin_GTSPOON.csv,106,0.05170731707317073,0.7509196513798176
