file,nrBest,proportionBest,entropyNrActions
nr_432_id_7_0492392c12485db08ab226d834b4917954d5dd4e_CachedSMSEntry_GTSPOON.csv,1275,0.6219512195121951,1.613279556587338
