file,nrBest,proportionBest,entropyNrActions
nr_107_id_14_01636c2eeeb89cdd05653363f4dadaa13d02ad17_RubyObject_GTSPOON.csv,2,0.000975609756097561,2.599180810623603
