file,nrBest,proportionBest,entropyNrActions
nr_556_id_14_07f7a69fa0646e5feb73f4900e5a294738e3a768_Executable_GTSPOON.csv,191,0.09317073170731707,2.0386731766678707
