file,nrBest,proportionBest,entropyNrActions
nr_543_id_10_054533b73d0db12e67279ea48520bbc4c692e462_RepositoryTransport_GTSPOON.csv,1101,0.5370731707317074,1.7256808867606126
