file,nrBest,proportionBest,entropyNrActions
nr_346_id_16_065d04103428d1001953bd1d2d1d5fd1cc5bc296_Mtdf_GTSPOON.csv,1646,0.8029268292682927,1.0643827653142468
