file,nrBest,proportionBest,entropyNrActions
nr_237_id_26_08a31b2b2f08d3a580a270a6ce69b44a26bf9ab8_MainActivity_GTSPOON.csv,2013,0.9819512195121951,0.1218212367164921
