file,nrBest,proportionBest,entropyNrActions
nr_185_id_19_04663f10702eedaaea2210758b98935f4e92b975_BandArithmetikDialog_GTSPOON.csv,422,0.20585365853658535,2.675403641571485
