file,nrBest,proportionBest,entropyNrActions
nr_480_id_30_1d2db9956b72a0d2544a3d75865b5f4f330c1edb_BGPv4Reframer_GTSPOON.csv,1735,0.8463414634146341,0.6974363313269539
