file,nrBest,proportionBest,entropyNrActions
nr_131_id_7_016c09e49713e59701781efdf32a3595e5ce349b_PresentationServiceBean_GTSPOON.csv,25,0.012195121951219513,3.3390960916978836
