file,nrBest,proportionBest,entropyNrActions
nr_308_id_6_01f037b452f7a5cc2f39d82511ac261c06cebf3f_LSMSolver_GTSPOON.csv,340,0.16585365853658537,2.911309242284792
