file,nrBest,proportionBest,entropyNrActions
nr_446_id_6_02b9774dfca665f0ae04511985245acbb2c13baa_TestSupport_GTSPOON.csv,1800,0.8780487804878049,0.40940631424207113
