file,nrBest,proportionBest,entropyNrActions
nr_142_id_16_02c3fe18b404a7e8e67a9f9d01a7e7543f9a6465_util_GTSPOON.csv,2029,0.9897560975609756,0.07113261323240674
