file,nrBest,proportionBest,entropyNrActions
nr_133_id_29_078965f5cd2289830983d9db65befcb26a255280_InternationalisationUtils_GTSPOON.csv,1263,0.6160975609756097,1.7285973993339745
