file,nrBest,proportionBest,entropyNrActions
nr_431_id_11_05e96cab39eef854d4e9d70253e29e5228b04324_Crossover_GTSPOON.csv,1807,0.8814634146341463,0.6096061218039313
