file,nrBest,proportionBest,entropyNrActions
nr_116_id_11_016be2d9287e07adb3e9c8d7c6931c32d2e1c56c_HandlerTest_GTSPOON.csv,1610,0.7853658536585366,0.624375508904506
