file,nrBest,proportionBest,entropyNrActions
nr_181_id_22_045b8bf01184ac492d147c01243e0d2eb6feafad_WorldUtils_GTSPOON.csv,1321,0.644390243902439,1.517725442046388
