file,nrBest,proportionBest,entropyNrActions
nr_323_id_6_02054c85845ea60b4c6b955656cb46150fb7363e_RecurrencePickerDialog_GTSPOON.csv,185,0.09024390243902439,3.014516028675372
