file,nrBest,proportionBest,entropyNrActions
nr_393_id_17_07bf443fb416e4d1658830963e0352896691a44f_ModelGroupEditPart_GTSPOON.csv,1654,0.806829268292683,1.004255910203113
