file,nrBest,proportionBest,entropyNrActions
nr_375_id_32_211f95dd91cc1f9d789c991c3c7b26dd2c59ca78_ChangeSet_GTSPOON.csv,142,0.06926829268292684,2.7263634124531135
