file,nrBest,proportionBest,entropyNrActions
nr_296_id_19_0706155a4c3e443bc320541b6bae7f831c6452e9_WSModalDialog_GTSPOON.csv,15,0.007317073170731708,0.6659172619467061
