file,nrBest,proportionBest,entropyNrActions
nr_440_id_19_0a635af65af7f679a9883be96e349c2a787e83f6_TestResult_GTSPOON.csv,1029,0.5019512195121951,1.8494123141900445
