file,nrBest,proportionBest,entropyNrActions
nr_428_id_29_18f4889d96b61b59569ec05f64900da1477404d0_JavaAPISuite_GTSPOON.csv,10,0.004878048780487805,2.9116580942144727
