file,nrBest,proportionBest,entropyNrActions
nr_573_id_11_082ac1e8c9a1524a91ce1f628e32ed93cbc347af_Game_GTSPOON.csv,6,0.002926829268292683,0.6770585407900135
