file,nrBest,proportionBest,entropyNrActions
nr_28_id_20_0071661b5ee4e7ba8862339c290c77eda3534768_EventRecognizer_GTSPOON.csv,1072,0.5229268292682927,1.783763642444049
