file,nrBest,proportionBest,entropyNrActions
nr_183_id_30_0b586c57e3ab2d0620a763eee96439975e2a16f8_PipeLiquidsBalance_GTSPOON.csv,1615,0.7878048780487805,0.918960663863018
