file,nrBest,proportionBest,entropyNrActions
nr_102_id_9_0138bce7dd14d8a53de5232d881327f78c83ef50_MakeTest_GTSPOON.csv,1933,0.9429268292682926,0.34839246833337273
