file,nrBest,proportionBest,entropyNrActions
nr_33_id_24_0107bb19d6480201e537471db73c3ef1f55c4848_ResourceLoader_GTSPOON.csv,266,0.12975609756097561,0.8353081284221702
