file,nrBest,proportionBest,entropyNrActions
nr_224_id_7_0269b10ae0f0803209901c1ed5177dc16d39dd62_MainActivity_GTSPOON.csv,1220,0.5951219512195122,1.6796059815055076
