file,nrBest,proportionBest,entropyNrActions
nr_384_id_29_1663296a27b56be682dab64f11651e1201649fbc_Table_Test_GTSPOON.csv,210,0.1024390243902439,2.0332512405653085
