file,nrBest,proportionBest,entropyNrActions
nr_398_id_19_099f6a88c25cd6a06d16c2d04b0f7cf4dc72095d_TCPConnection_GTSPOON.csv,595,0.29024390243902437,2.4450300226313164
