file,nrBest,proportionBest,entropyNrActions
nr_104_id_18_01e033d96b24fc642af368a93f9a567114f178ec_DefaultXTreeCellEditor_GTSPOON.csv,1737,0.8473170731707317,0.8325731758532654
