file,nrBest,proportionBest,entropyNrActions
nr_229_id_29_0d477ae1e8d3a06db368d687fa2045d4587a1969_Geometry_GTSPOON.csv,420,0.2048780487804878,2.591333369302987
