file,nrBest,proportionBest,entropyNrActions
nr_234_id_25_079348727502aabe58a7cec1e13015b34b4bab10_Sandbox_GTSPOON.csv,127,0.06195121951219512,2.9717033204081638
