file,nrBest,proportionBest,entropyNrActions
nr_93_id_1_010b6b33b1d4a48b719cce559a89e55ff86b9c64_FOMElement_GTSPOON.csv,338,0.1648780487804878,2.3921380591297297
