file,nrBest,proportionBest,entropyNrActions
nr_4_id_29_005c92356c60b1766678614fe1959e8a9f66128f_Parser_GTSPOON.csv,421,0.20536585365853657,1.9183659289307646
