file,nrBest,proportionBest,entropyNrActions
nr_360_id_6_022da0a7df2c1825b933961c35eb690a6ec7dc97_ParserImpl_GTSPOON.csv,140,0.06829268292682927,2.9883392187547053
