file,nrBest,proportionBest,entropyNrActions
nr_193_id_23_06273a5b069c19f8f5d4c34137a4b1ee7e09375e_Search_GTSPOON.csv,1926,0.9395121951219512,0.36914948436164846
