file,nrBest,proportionBest,entropyNrActions
nr_331_id_35_3e992c15386f1e0973010f101d6bf4ceeb481c12_speakerInsertJob_GTSPOON.csv,39,0.01902439024390244,2.399767888385486
