file,nrBest,proportionBest,entropyNrActions
nr_185_id_17_03a95712723d1fc589e2761a6e67f4a4cacb0700_StyleTextPropAtom_GTSPOON.csv,767,0.37414634146341463,2.6345262041842696
