file,nrBest,proportionBest,entropyNrActions
nr_8_id_19_0021f52c3847951e780c99b74ddaede435265f3c_JagBot_GTSPOON.csv,696,0.33951219512195124,1.4702899600980097
