file,nrBest,proportionBest,entropyNrActions
nr_208_id_30_0cb7fa4a5b664dc35bcd221e087f6d63d0af2a01_ArrayFixture_GTSPOON.csv,2025,0.9878048780487805,0.08999170501398362
