file,nrBest,proportionBest,entropyNrActions
nr_97_id_22_0223277a36b5c1147309763ce28785fb2fa098f2_PlayerListener_GTSPOON.csv,1536,0.7492682926829268,0.8744086604891679
