file,nrBest,proportionBest,entropyNrActions
nr_615_id_5_0528e0b458bfd0ba93ff06e63af946f8da0a4412_SmsMsgInfo_GTSPOON.csv,522,0.2546341463414634,2.252045911550979
