file,nrBest,proportionBest,entropyNrActions
nr_147_id_22_03836368bffb0a3ad7490c1c51fb67d695987236_ObsResource_GTSPOON.csv,1630,0.7951219512195122,1.1166677218661505
