file,nrBest,proportionBest,entropyNrActions
nr_33_id_20_0078b8529af0d411368a0a858541fe2f0b97f4e1_VersionManager_GTSPOON.csv,1074,0.5239024390243903,2.0329897114951687
