file,nrBest,proportionBest,entropyNrActions
nr_143_id_21_03d993498b68d745018061b39196e7818e0fe64d_AnyImpl_GTSPOON.csv,120,0.05853658536585366,2.9625222011024976
