file,nrBest,proportionBest,entropyNrActions
nr_589_id_1_06929f1b1103f5a5651a8fc71e6b6e6b10bde71d_PieControl_GTSPOON.csv,811,0.395609756097561,2.177388295372607
