file,nrBest,proportionBest,entropyNrActions
nr_525_id_7_0569632fffb7ba6abda827a9973455017fd35be4_Protocol_GTSPOON.csv,196,0.09560975609756098,2.8832114509081683
