file,nrBest,proportionBest,entropyNrActions
nr_334_id_17_069f4cc723b399cbf74c280b8852ad83aa24e024_DaviesBouldin_GTSPOON.csv,1816,0.8858536585365854,0.6066349207392353
