file,nrBest,proportionBest,entropyNrActions
nr_365_id_4_016f817cb442b4bdec84a957561bf43d08679534_FixModuleContextRootTask_GTSPOON.csv,1929,0.9409756097560975,0.37901041031896904
