file,nrBest,proportionBest,entropyNrActions
nr_301_id_18_06029fc6bd06bb45b4f535e8f2729e2f1a542856_OpenWorkspaceDirCommand_GTSPOON.csv,2010,0.9804878048780488,0.13416107064447338
