file,nrBest,proportionBest,entropyNrActions
nr_63_id_30_044072eb88970213a28995c92c62f7ab9c2c91eb_MonitorUiPlugin_GTSPOON.csv,881,0.4297560975609756,2.4892643803729966
