file,nrBest,proportionBest,entropyNrActions
nr_302_id_19_073eeeec2f45c96c1706e484d569ce9656fbae8a_TMapPanel_GTSPOON.csv,364,0.1775609756097561,1.2491303855809939
