file,nrBest,proportionBest,entropyNrActions
nr_452_id_10_04518585e3534ecbc230160eb42181d82954129c_RunnerTest_GTSPOON.csv,1096,0.5346341463414634,1.8871031271698744
