file,nrBest,proportionBest,entropyNrActions
nr_297_id_19_07097a1d95a491cc35145924de501695dbd873c3_DartElementLocator_GTSPOON.csv,961,0.468780487804878,1.989460450105423
