file,nrBest,proportionBest,entropyNrActions
nr_104_id_25_039e2e5114c13e01b1783d2bb2dee40fc689ad98_Unit_GTSPOON.csv,144,0.0702439024390244,3.181437013063274
