file,nrBest,proportionBest,entropyNrActions
nr_42_id_1_006c252e587c6a3afb7da6c8e84b3aec1172a501_Ant_GTSPOON.csv,1572,0.7668292682926829,1.2214398163054496
