file,nrBest,proportionBest,entropyNrActions
nr_25_id_11_003b2a439464c97bd9eb04fdd782a1bd24997d49_ClassPersister_GTSPOON.csv,1921,0.9370731707317074,0.38822073175426497
