file,nrBest,proportionBest,entropyNrActions
nr_515_id_14_07659fbc15e63f7dc313da52082d90dbba31373c_SectionAdapter_GTSPOON.csv,1725,0.8414634146341463,0.7977489515985601
