file,nrBest,proportionBest,entropyNrActions
nr_14_id_13_00384e786503c203109f1ab8dd6a62af3d7899bc_AudioCall_GTSPOON.csv,1660,0.8097560975609757,0.7642231049498825
