file,nrBest,proportionBest,entropyNrActions
nr_489_id_15_090b1bfa896dcc6dd5752f2667faf216691842d9_ComponentQuery_GTSPOON.csv,1838,0.8965853658536586,0.6332366932361233
