file,nrBest,proportionBest,entropyNrActions
nr_309_id_11_0409ff5ea04e0bfe556cde5ff0c46e4786509616_TitleBar_GTSPOON.csv,200,0.0975609756097561,2.7729898617360065
