file,nrBest,proportionBest,entropyNrActions
nr_415_id_15_07a000d0ff57af9f7699f8721d5216fa103f29f7_DroolsBuilder_GTSPOON.csv,1363,0.6648780487804878,1.696012710691249
