file,nrBest,proportionBest,entropyNrActions
nr_265_id_11_0377ca8342f658826ac3e83939b8961594dc3f21_Utils_GTSPOON.csv,1525,0.7439024390243902,1.207260596376095
