file,nrBest,proportionBest,entropyNrActions
nr_21_id_14_005c45cb933f50a7829f5204370fd373db484faf_RomeRssControllerBean_GTSPOON.csv,1929,0.9409756097560975,0.3726840764548627
