file,nrBest,proportionBest,entropyNrActions
nr_154_id_17_030c1beb0e24f91e4814392d5e7bd4b5c1337d05_QuadBuckets_GTSPOON.csv,76,0.037073170731707315,3.5247042926416903
