file,nrBest,proportionBest,entropyNrActions
nr_259_id_37_702ede5072ca157a1b4e78ea19b10bf5779dcaf2_TickHandler_GTSPOON.csv,1630,0.7951219512195122,1.081988702635296
