file,nrBest,proportionBest,entropyNrActions
nr_412_id_22_09ce93351d6917aaae97fe2e660f450b591dcfab_EmojiList_GTSPOON.csv,1900,0.926829268292683,0.4742705701174398
