file,nrBest,proportionBest,entropyNrActions
nr_502_id_27_16db7208585789d361038ce4aed3c2bce3cb5694_SAXCompiler_GTSPOON.csv,1000,0.4878048780487805,2.1894024399374676
