file,nrBest,proportionBest,entropyNrActions
nr_162_id_6_0121bc2729d2c2c131d8d2e455d80c1d827eaa1d_ClassCompiler_GTSPOON.csv,1545,0.7536585365853659,1.367418622788506
