file,nrBest,proportionBest,entropyNrActions
nr_776_id_1_08e570d40f183ac0c4defa7aaa6701f534eba173_FolderList_GTSPOON.csv,190,0.09268292682926829,2.640158491828449
