file,nrBest,proportionBest,entropyNrActions
nr_117_id_19_02d6a2207c29b809c22e615c4d43c40d6d38339d_ValueImpl_GTSPOON.csv,1484,0.7239024390243902,1.2218701939326044
