file,nrBest,proportionBest,entropyNrActions
nr_216_id_32_13a7f2f059781edc7e56d548e92019f018d227b0_DefinitionsFactorySingleton_GTSPOON.csv,2008,0.9795121951219512,0.12999251669186193
