file,nrBest,proportionBest,entropyNrActions
nr_398_id_27_12041ed21072788d1dab50130dedad66f16e44ba_ConfigListener_GTSPOON.csv,1524,0.7434146341463415,1.3005898675022782
