file,nrBest,proportionBest,entropyNrActions
nr_319_id_22_08052692f0b3ef4c1b2bd2f7f622a1a2f7fa9d27_SoapServer_GTSPOON.csv,1475,0.7195121951219512,1.3881902502909584
