file,nrBest,proportionBest,entropyNrActions
nr_96_id_34_0f841eb14243fb1944c68a16e417eec53c05bc3f_SCLList_GTSPOON.csv,856,0.4175609756097561,2.5882400628164675
