file,nrBest,proportionBest,entropyNrActions
nr_402_id_13_05e29759de0055393707450bb1a096d036fc5246_ModuleVersion_GTSPOON.csv,1514,0.7385365853658536,1.2824025275769193
