file,nrBest,proportionBest,entropyNrActions
nr_463_id_21_0bd3416e6e47de50fb54e035026d110ab009a1c9_InetServiceFinder_GTSPOON.csv,60,0.02926829268292683,0.856599198339652
