file,nrBest,proportionBest,entropyNrActions
nr_280_id_12_0311f0db38849bf1e61f1ae721ba2c52521bdd71_FileUtils_GTSPOON.csv,188,0.09170731707317073,2.5886816907571406
