file,nrBest,proportionBest,entropyNrActions
nr_404_id_21_0a6f8fc526e6042c628ebd75cf2b4440778b2c4a_RestXqModule_GTSPOON.csv,1800,0.8780487804878049,0.6892871898022607
