file,nrBest,proportionBest,entropyNrActions
nr_18_id_21_00a07241d17c4cc46753ee3d2b93908e1cc8b394_ExampleDriver_GTSPOON.csv,1914,0.9336585365853659,0.3471092951756346
