file,nrBest,proportionBest,entropyNrActions
nr_151_id_19_03bda6f8712be612dd345f930b5073f5a1de2314_AddToWorkspace_GTSPOON.csv,1910,0.9317073170731708,0.46301759999723935
