file,nrBest,proportionBest,entropyNrActions
nr_463_id_4_01d7ad2bb4208b713b59ce4fb252412ae1560422_ToolBox_GTSPOON.csv,248,0.12097560975609756,2.256601895941783
