file,nrBest,proportionBest,entropyNrActions
nr_341_id_15_0646d2d5715c57e9dd7709f755caa5dd419a5a1a_AngularPassTest_GTSPOON.csv,1819,0.8873170731707317,0.6262869043077957
