file,nrBest,proportionBest,entropyNrActions
nr_466_id_33_387e4d480e93a3ab006e2826c5ba11c315c0651c_EditDecimalConverter_GTSPOON.csv,1800,0.8780487804878049,0.46017453414129805
