file,nrBest,proportionBest,entropyNrActions
nr_351_id_32_1f0c81c9a1f78ef053b250f13c2ee8f4dd9809b9_Util_GTSPOON.csv,340,0.16585365853658537,1.9125443191611842
