file,nrBest,proportionBest,entropyNrActions
nr_238_id_10_02344299e0d3a70ee667a8c839f559ad639fef8f_SignupController_GTSPOON.csv,2020,0.9853658536585366,0.09945371442693599
