file,nrBest,proportionBest,entropyNrActions
nr_405_id_33_32ffa761bc4b79c5bcbd398ae42095191f5860a9_Server_GTSPOON.csv,639,0.31170731707317073,2.2246785217780856
