file,nrBest,proportionBest,entropyNrActions
nr_551_id_12_0604dff2a25bc812ee109cb192f40f69fa69b090_TraceTarget_GTSPOON.csv,1662,0.8107317073170732,0.8927846654632132
