file,nrBest,proportionBest,entropyNrActions
nr_138_id_19_0383aee6377f385904a805c0e2d7c18f90370eb0_ScLogFormatter_GTSPOON.csv,1636,0.7980487804878049,0.9715718868405602
