file,nrBest,proportionBest,entropyNrActions
nr_346_id_29_1442e7a1df00e00149b2e870a583f62017fc28a4_DefaultInstructionParser_GTSPOON.csv,2000,0.975609756097561,0.16422050368913144
