file,nrBest,proportionBest,entropyNrActions
nr_271_id_33_227897e2e04bbe118856c5f4561e169295509042_TransactionTaskQueue_GTSPOON.csv,3,0.0014634146341463415,2.6231510853639515
