file,nrBest,proportionBest,entropyNrActions
nr_298_id_16_0573cbe5ca5b90c660cb65ece4cd908313107fe6_SampleSource_GTSPOON.csv,1934,0.9434146341463414,0.3432309122169696
