file,nrBest,proportionBest,entropyNrActions
nr_51_id_23_01bd8687e0d12146672dec42cfd3259e74eaba89_GLContext_GTSPOON.csv,483,0.23560975609756096,2.2305683061929367
