file,nrBest,proportionBest,entropyNrActions
nr_44_id_32_0370afb3a78c13520a631d6f70798e5793e1e9cc_CompilerTest_GTSPOON.csv,1393,0.6795121951219513,1.2547242358311934
