file,nrBest,proportionBest,entropyNrActions
nr_250_id_8_0222474c50cf87404f4f67259090d17b30d74579_ChatFrame_GTSPOON.csv,756,0.36878048780487804,2.0673630045267073
