file,nrBest,proportionBest,entropyNrActions
nr_301_id_9_0396c739b6f3172a8cf2535eb9ee1e469d5b7dcf_RequestToken_GTSPOON.csv,1380,0.6731707317073171,1.3593285336084322
