file,nrBest,proportionBest,entropyNrActions
nr_465_id_25_107d9dd5c01e727eaae62195e94128722fc05afc_LatinImeLogger_GTSPOON.csv,95,0.046341463414634146,3.294103295494336
