file,nrBest,proportionBest,entropyNrActions
nr_198_id_27_08efed9f12cd84f1ec18e696acd214547e944df9_TextureList_GTSPOON.csv,2000,0.975609756097561,0.1668185121006629
