file,nrBest,proportionBest,entropyNrActions
nr_107_id_5_00f60b59f49ab88d3d64bc851c8d522190228758_DataCubeIo_GTSPOON.csv,1316,0.6419512195121951,1.587464543226291
