file,nrBest,proportionBest,entropyNrActions
nr_291_id_9_037551174bbc6ba044fb09f479d0874b2e7e7779_ChangeMessages_GTSPOON.csv,2025,0.9878048780487805,0.08374851366845354
