file,nrBest,proportionBest,entropyNrActions
nr_75_id_34_0b72f67b0c44b742f697a84821f1fa5c630b2a4e_Target_GTSPOON.csv,650,0.3170731707317073,1.675020448365376
