file,nrBest,proportionBest,entropyNrActions
nr_362_id_16_0698d5782c5d381056f66c3c4a854fd992dd7f7d_GUI_GTSPOON.csv,460,0.22439024390243903,2.4250478361712244
