file,nrBest,proportionBest,entropyNrActions
nr_74_id_16_0181ac43b6d825e2585189bdb8b4e8c111d1e701_AsDocMojo_GTSPOON.csv,1193,0.5819512195121951,1.7059583957140303
