file,nrBest,proportionBest,entropyNrActions
nr_147_id_21_03fd14c1c673ba059f4c135b4be806b37c05e19d_LWCListener_GTSPOON.csv,30,0.014634146341463415,3.5245762820283573
