file,nrBest,proportionBest,entropyNrActions
nr_157_id_17_031b25da8b9597694b335a337208ef729faaf647_Demo_GTSPOON.csv,2000,0.975609756097561,0.14377624815651957
