file,nrBest,proportionBest,entropyNrActions
nr_450_id_30_1b666e24bacbe3695ca5fe2f996c177c3f10d5f0_SipProfile_GTSPOON.csv,967,0.4717073170731707,2.341461997226389
