file,nrBest,proportionBest,entropyNrActions
nr_160_id_12_01b689e307e6ddf83b606077fcdf320c02f95558_Glacier_GTSPOON.csv,223,0.10878048780487805,2.6878674938463485
