file,nrBest,proportionBest,entropyNrActions
nr_164_id_32_0e8e930aae60c24eb8695f6495e37da8bec77561_RubyTime_GTSPOON.csv,105,0.05121951219512195,2.535447344848369
