file,nrBest,proportionBest,entropyNrActions
nr_485_id_34_42d4749ae8e97e75e9ceb67df172576f266bb439_NumberVariableLength_GTSPOON.csv,227,0.11073170731707317,1.5419708592873698
