file,nrBest,proportionBest,entropyNrActions
nr_3_id_10_000368f1a8b575e627694b06068032f67720c189_LdapRowInserter_GTSPOON.csv,1540,0.751219512195122,1.2023117772293899
