file,nrBest,proportionBest,entropyNrActions
nr_583_id_2_0144720f30188c7a797782a3e77f4664bd1369c0_Kickstart_GTSPOON.csv,214,0.10439024390243902,3.064694035127259
