file,nrBest,proportionBest,entropyNrActions
nr_153_id_11_01f780f31dcef025410c30cfa0d11d9cf901887b_ProfilicWidget_GTSPOON.csv,176,0.08585365853658537,2.080834314987942
