file,nrBest,proportionBest,entropyNrActions
nr_199_id_29_0b52c34ac0cc63c7fe5cd21753383c73744cf821_PropertyCacheFile_GTSPOON.csv,525,0.25609756097560976,1.658662919030246
