file,nrBest,proportionBest,entropyNrActions
nr_159_id_8_0170cc6920536d9f5a91b67a4513d103cdc94a76_JPanelTicket_GTSPOON.csv,230,0.11219512195121951,2.3364699425878697
