file,nrBest,proportionBest,entropyNrActions
nr_126_id_22_02d08dbe1132af688d5f9d1bd431c17628da4648_JenaRdfaReader_GTSPOON.csv,1933,0.9429268292682926,0.35095337761348316
