file,nrBest,proportionBest,entropyNrActions
nr_396_id_9_049e8698e8ea50488389a72ff3867b8e1b334040_Article_GTSPOON.csv,1700,0.8292682926829268,0.8577048328485801
