file,nrBest,proportionBest,entropyNrActions
nr_91_id_31_070fe5015c21269406a19341492a1a3d0bde78dd_AccountingBlock_GTSPOON.csv,38,0.018536585365853658,2.279063449180695
