file,nrBest,proportionBest,entropyNrActions
nr_448_id_34_3e3abb6d020264c888a6e4cb85870144f306f13f_DocumentoPDF_GTSPOON.csv,59,0.02878048780487805,3.2714494849182936
