file,nrBest,proportionBest,entropyNrActions
nr_480_id_14_06e059f8fb6ae80ac18f77384e6d7bd3b550947e_MainActivity_GTSPOON.csv,590,0.28780487804878047,2.868591125464634
