file,nrBest,proportionBest,entropyNrActions
nr_133_id_2_003ffbe320b881a3597e73156e9ee7185edb4da5_FetchService_GTSPOON.csv,814,0.39707317073170734,2.5866854737668517
