file,nrBest,proportionBest,entropyNrActions
nr_210_id_11_02b5d07a15a78480aed970dc2381b2f038867972_ModifyModulesComposite_GTSPOON.csv,173,0.08439024390243903,2.7129164073731675
