file,nrBest,proportionBest,entropyNrActions
nr_8_id_3_00077f31997a32f32d22e576546c1ffd1e1e4554_CollectGcBiasMetrics_GTSPOON.csv,1058,0.5160975609756098,2.1243035914327657
