file,nrBest,proportionBest,entropyNrActions
nr_568_id_35_6c9379e0abfd420f64c3da5071187ff51df7d256_JEDatabase_GTSPOON.csv,149,0.07268292682926829,3.210373072670601
