file,nrBest,proportionBest,entropyNrActions
nr_186_id_30_0b89591a80935939227155eb74e53ee1fb389e1c_NumberFormatTest_GTSPOON.csv,167,0.08146341463414634,2.634043036977529
