file,nrBest,proportionBest,entropyNrActions
nr_134_id_15_028eca2e2399425cde464decec23bae5d61cb30f_ItemId_GTSPOON.csv,1924,0.9385365853658536,0.37299110804475755
