file,nrBest,proportionBest,entropyNrActions
nr_68_id_3_007d1614e7628e39323b2c58322e6d4f42a54ffc_MobileOrgApplication_GTSPOON.csv,1929,0.9409756097560975,0.37315804548209885
