file,nrBest,proportionBest,entropyNrActions
nr_426_id_28_12c4b016a191317eae8dbd4d28ea5e61c7b38e4d_Sam_GTSPOON.csv,1552,0.7570731707317073,1.2161557920534307
