file,nrBest,proportionBest,entropyNrActions
nr_305_id_13_04756884f79ec681a8eb3f80209bb2bbe66f37a3_Configuration_GTSPOON.csv,1833,0.8941463414634147,0.4680549329166938
