file,nrBest,proportionBest,entropyNrActions
nr_406_id_20_07c5e1fa655f6d4e4c33dff71d3e8471111c8cf5_Person_GTSPOON.csv,1934,0.9434146341463414,0.3478687147009294
