file,nrBest,proportionBest,entropyNrActions
nr_141_id_27_0652dec6c77b91ec8fb16ea6820ff24dab3ac5eb_S3Client_GTSPOON.csv,1923,0.9380487804878048,0.40509789889822434
