file,nrBest,proportionBest,entropyNrActions
nr_384_id_25_0d54ce77f2609eb9052de927b20306a84fe8b362_HazelcastCache_GTSPOON.csv,1832,0.8936585365853659,0.5727499779836853
