file,nrBest,proportionBest,entropyNrActions
nr_429_id_18_07fc87189a8ffa94050963efc0ef8d0452638853_ESBProviderBase_GTSPOON.csv,1635,0.7975609756097561,0.9649594914731974
