file,nrBest,proportionBest,entropyNrActions
nr_206_id_10_01d76787a5f415092af0e9c1581e03e3baf1a6b4_FavoritedItem_GTSPOON.csv,2018,0.984390243902439,0.10706778824219183
