file,nrBest,proportionBest,entropyNrActions
nr_298_id_25_09fd7d06294247b12d7790069a1840afb7229e10_RunClimber_GTSPOON.csv,1520,0.7414634146341463,1.0012235366579383
