file,nrBest,proportionBest,entropyNrActions
nr_116_id_12_01597133e12609a48d3b7beaf1970f1f08002712_Status_GTSPOON.csv,180,0.08780487804878048,2.922628539062501
