file,nrBest,proportionBest,entropyNrActions
nr_428_id_27_132c20ee4e7d326de30c4da874becb0371bce0a0_ImageLab_GTSPOON.csv,81,0.03951219512195122,1.3335820305105581
