file,nrBest,proportionBest,entropyNrActions
nr_655_id_5_057f181f3715e7340bf1618e86fdce118bbf952b_SoundSettings_GTSPOON.csv,1192,0.5814634146341463,1.7313975278114577
