file,nrBest,proportionBest,entropyNrActions
nr_4_id_38_026b3ee88e74c962b8608f107e4ea1010e6cfa4b_ReplicationTest_GTSPOON.csv,15,0.007317073170731708,2.9357635671687614
