file,nrBest,proportionBest,entropyNrActions
nr_226_id_16_0429163ffa4b103b39ed3bd7eea4422d8efca3f2_DrbdXML_GTSPOON.csv,199,0.09707317073170732,2.7730269170219444
