file,nrBest,proportionBest,entropyNrActions
nr_164_id_10_016cc6c7e565c987cfbc47776540b61d28c61dda_Bug_GTSPOON.csv,1924,0.9385365853658536,0.3107872358466517
