file,nrBest,proportionBest,entropyNrActions
nr_222_id_11_02e3268b859e5800f010a66a255bf5756213e614_ResourceLoaderTest_GTSPOON.csv,1822,0.8887804878048781,0.5690566235684468
