file,nrBest,proportionBest,entropyNrActions
nr_119_id_13_01aee4295cca15a5c5818c4641bfcafb6a937773_Assert_GTSPOON.csv,415,0.20243902439024392,2.2814081521165877
