file,nrBest,proportionBest,entropyNrActions
nr_300_id_25_0a044cce2555e9ad6b9a2cb790ecda6bf956a994_SlideShow_GTSPOON.csv,190,0.09268292682926829,2.674693663185479
