file,nrBest,proportionBest,entropyNrActions
nr_167_id_35_210586001c4fc32c7e50d9375c40bb994b2968e1_VdbModelEntry_GTSPOON.csv,112,0.054634146341463415,3.0097273941558846
