file,nrBest,proportionBest,entropyNrActions
nr_331_id_23_0aa88c6b1e45f6bf9049c73724d1174071ffb742_PreferenceInitializer_GTSPOON.csv,2005,0.9780487804878049,0.141466166110852
