file,nrBest,proportionBest,entropyNrActions
nr_152_id_16_0303d1bf782dcebe50ed49a9e735da26d458e1e7_BenchmarkSize_GTSPOON.csv,1457,0.7107317073170731,1.3165973892507918
