file,nrBest,proportionBest,entropyNrActions
nr_360_id_3_025c484170a16520865ba0ae4f99510b6bdf68d2_RendererFragment_GTSPOON.csv,1292,0.6302439024390244,1.610241305010585
