file,nrBest,proportionBest,entropyNrActions
nr_365_id_29_152eb3be83065bd0036076002470ddd2ff50c562_SkyQuestListener_GTSPOON.csv,360,0.17560975609756097,1.551419202594455
