file,nrBest,proportionBest,entropyNrActions
nr_176_id_23_0583763cbd321e892e25460cd1797f79071abc01_OfficeDto_GTSPOON.csv,1400,0.6829268292682927,1.2526219364995672
