file,nrBest,proportionBest,entropyNrActions
nr_74_id_20_01701fd8cbd9d01bb5ad063f1033cc0466875ca6_MediaController_GTSPOON.csv,2020,0.9853658536585366,0.10707134277457808
