file,nrBest,proportionBest,entropyNrActions
nr_141_id_20_02e29598a16613c93706a8bf184953fe1c9053eb_RequestHandler_GTSPOON.csv,1214,0.5921951219512195,1.8358651561440378
