file,nrBest,proportionBest,entropyNrActions
nr_448_id_21_0b71c1ab1cf65b06342dc266c8d6749133671a42_GitModelCache_GTSPOON.csv,170,0.08292682926829269,1.053622657728611
