file,nrBest,proportionBest,entropyNrActions
nr_351_id_19_08474e1608552d44923a910bfacb2073287ecdfc_MicromanagerReader_GTSPOON.csv,90,0.04390243902439024,2.474378193523739
