file,nrBest,proportionBest,entropyNrActions
nr_106_id_31_07b752a744c0175f1c2163b905e5fa6c4c5ebe39_ContactsProvider2_GTSPOON.csv,177,0.08634146341463414,2.861592031710801
