file,nrBest,proportionBest,entropyNrActions
nr_205_id_38_898cd6534ad5f01087d8f82b9489a2890880e2a3_ImageWorker_GTSPOON.csv,80,0.03902439024390244,3.3329986481834855
