file,nrBest,proportionBest,entropyNrActions
nr_94_id_4_004fdca688f953ebf49f19a82db13d84a4433a95_HRMController_GTSPOON.csv,159,0.0775609756097561,3.0284761491092853
