file,nrBest,proportionBest,entropyNrActions
nr_452_id_28_1426560000fe963a872f593a267e07c0cd92eb5a_ServerFactory_GTSPOON.csv,1118,0.5453658536585366,1.9832863050399276
