file,nrBest,proportionBest,entropyNrActions
nr_331_id_11_045904cbad82227f1bd42671b1e8c6e30cf015c1_MockStackCollector_GTSPOON.csv,1806,0.8809756097560976,0.45665303742334845
