file,nrBest,proportionBest,entropyNrActions
nr_76_id_17_015e1e3145ac284aa5879c973f9d2381c8cd48fe_Controller_GTSPOON.csv,173,0.08439024390243903,2.6633129875904293
