file,nrBest,proportionBest,entropyNrActions
nr_192_id_14_02a58ee005a0a80f04a452f978c4ebc7e815c66b_BackPropagation_GTSPOON.csv,182,0.08878048780487804,1.6196704059983045
