file,nrBest,proportionBest,entropyNrActions
nr_384_id_17_079c56093bc46b0d0bea033de3e787ccf81161e1_VPFDatabaseHandler_GTSPOON.csv,1696,0.8273170731707317,0.8815817963174644
