file,nrBest,proportionBest,entropyNrActions
nr_237_id_28_0a42a076f1cd15f144c4dd96bb2659d2fb693ab0_Configuration_GTSPOON.csv,1575,0.7682926829268293,0.9933774715802415
