file,nrBest,proportionBest,entropyNrActions
nr_284_id_4_0112966132d781ab29e51a27fd1c4591776cd752_Activator_GTSPOON.csv,2023,0.9868292682926829,0.09881546510998425
