file,nrBest,proportionBest,entropyNrActions
nr_183_id_33_165461cb3594cfb140188c019ba9af222580c07b_LtxDoubleClickStrategy_GTSPOON.csv,668,0.3258536585365854,2.5806204197125853
