file,nrBest,proportionBest,entropyNrActions
nr_530_id_4_021995719c362e086ee6ded7c6dc25d4f24446cb_EditPageActivity_GTSPOON.csv,1949,0.9507317073170731,0.28717439399115685
