file,nrBest,proportionBest,entropyNrActions
nr_522_id_8_043bb856e6c4519d31f9537bdeb237a3751598a8_Method_GTSPOON.csv,1800,0.8780487804878049,0.6226853272308562
