file,nrBest,proportionBest,entropyNrActions
nr_231_id_1_02c096339fca704e2f66b046633b01f3048562cf_Subscribe_GTSPOON.csv,1650,0.8048780487804879,0.9063421268471552
