file,nrBest,proportionBest,entropyNrActions
nr_234_id_23_079d24161741275672d81fa37957dd73bd194b83_GenerarCertificados_GTSPOON.csv,527,0.2570731707317073,2.5399181877662236
