file,nrBest,proportionBest,entropyNrActions
nr_52_id_32_0437f75d146d3aa6d9b49d87130f85d565b95047_SIPlayerListener_GTSPOON.csv,172,0.08390243902439025,3.151186701241782
