file,nrBest,proportionBest,entropyNrActions
nr_100_id_23_02dff955ece68dab77b34b41690fc491399bd488_FNZip_GTSPOON.csv,38,0.018536585365853658,3.094432516167749
