file,nrBest,proportionBest,entropyNrActions
nr_501_id_1_058bb7e158c5c7b4a9fce6430c6a7f72c73f496e_HibernateTask_GTSPOON.csv,2023,0.9868292682926829,0.09935971767416527
