file,nrBest,proportionBest,entropyNrActions
nr_400_id_33_325da256e389840ccc264f239aeb544f7f21c508_ObjectTest_GTSPOON.csv,1029,0.5019512195121951,1.7632754791624987
