file,nrBest,proportionBest,entropyNrActions
nr_343_id_23_0b2019b6f3e6976b75ae94c665894b3e0ab4c185_EditorManager_GTSPOON.csv,2008,0.9795121951219512,0.1173786317553748
