file,nrBest,proportionBest,entropyNrActions
nr_335_id_19_07f1197074b20d3954b258236d2bdd856e02da61_XMLTransformer_GTSPOON.csv,331,0.16146341463414635,3.319532102549379
