file,nrBest,proportionBest,entropyNrActions
nr_86_id_21_027578f40957cf8351f8d7d71ed5fbb012a55ef3_ParameterAccessor_GTSPOON.csv,60,0.02926829268292683,2.4728839888134413
