file,nrBest,proportionBest,entropyNrActions
nr_116_id_35_18dd0a4b34780f4e8cec2bc26c776048efc10c7a_ExportDialog_GTSPOON.csv,429,0.20926829268292682,2.3011582386510936
