file,nrBest,proportionBest,entropyNrActions
nr_436_id_2_00e6ce68bfd78f954161c34984796c27e7a447b9_Upcoming_GTSPOON.csv,1652,0.8058536585365854,1.0711727939855313
