file,nrBest,proportionBest,entropyNrActions
nr_71_id_15_011873e67f990559716c4e4e94bb40b97183db9b_ATGAutoPatchService_GTSPOON.csv,1904,0.9287804878048781,0.4450629499673551
