file,nrBest,proportionBest,entropyNrActions
nr_212_id_1_028e950149f50051ea83c66e6ce2ab2e448b045c_SolidCube_GTSPOON.csv,1377,0.6717073170731708,1.5435557127157518
