file,nrBest,proportionBest,entropyNrActions
nr_134_id_19_03707cb37470928eb5aa3f78ed307e64ae5e7ebb_Site_GTSPOON.csv,1484,0.7239024390243902,1.1812018437591039
