file,nrBest,proportionBest,entropyNrActions
nr_160_id_1_01e258ad310e7e8cdf3afa6973611b873e9e0c18_Codegen_GTSPOON.csv,182,0.08878048780487804,2.6367111855623246
