file,nrBest,proportionBest,entropyNrActions
nr_71_id_12_00db07e1fb0063691cc5b321307ee4d89269e5f8_SlidingPaneLayout_GTSPOON.csv,114,0.055609756097560976,2.6592550570525084
