file,nrBest,proportionBest,entropyNrActions
nr_550_id_37_f532b50c62192a51cfe3dcf5238a843819d60f0f_Consumer_GTSPOON.csv,321,0.15658536585365854,2.245606390736323
