file,nrBest,proportionBest,entropyNrActions
nr_352_id_12_03dac07a69fd76bc2e978d67d9940775268d1de2_ElevatorSlider_GTSPOON.csv,1581,0.771219512195122,1.1053787507853001
