file,nrBest,proportionBest,entropyNrActions
nr_366_id_20_073035aa2107f3065b4c3ff1ab51e13604efe768_Guild_GTSPOON.csv,1273,0.6209756097560976,1.6215296557546721
