file,nrBest,proportionBest,entropyNrActions
nr_227_id_23_07737e93679f71468e6d50fb1d1d57ad5b584638_CurveGenerator_GTSPOON.csv,1700,0.8292682926829268,0.9438844318683536
