file,nrBest,proportionBest,entropyNrActions
nr_151_id_2_004a4994a7b6badb3e4931d246fe01810286b5d1_SgfReaderTest_GTSPOON.csv,942,0.45951219512195124,1.9392329966405966
