file,nrBest,proportionBest,entropyNrActions
nr_294_id_32_18f465900044b0b1b62aa703b63604966447e56a_CentralTestDataEditor_GTSPOON.csv,112,0.054634146341463415,2.466485775961375
