file,nrBest,proportionBest,entropyNrActions
nr_373_id_16_06c272190115994e0fbfa51584baaed913144586_SqlWriter15_GTSPOON.csv,1724,0.8409756097560975,0.8520857979587673
