file,nrBest,proportionBest,entropyNrActions
nr_365_id_10_03827a1d0a4af00970bdf14ee4db1e18c48a1ab0_AutoRefMatch_GTSPOON.csv,173,0.08439024390243903,2.4605730793861493
