file,nrBest,proportionBest,entropyNrActions
nr_468_id_10_047efaff1bd4e5051200026f4e9e8e6d55b66581_pspiofilemgr_GTSPOON.csv,171,0.08341463414634147,2.98719816584136
