file,nrBest,proportionBest,entropyNrActions
nr_163_id_9_0209991bf6e1f486100dc0e2eb3960bc2f8a5302_SubstrFunction_GTSPOON.csv,1629,0.7946341463414635,1.125412086115015
