file,nrBest,proportionBest,entropyNrActions
nr_193_id_26_075c5a9c2b35518bfdda799e7bf6e5885d663b43_BugzillaHyperLink_GTSPOON.csv,2017,0.9839024390243902,0.11573189689450644
