file,nrBest,proportionBest,entropyNrActions
nr_248_id_6_0191e8f3fc11ae258cf2ba00394c4c3375cd3775_TcpEchoClient_GTSPOON.csv,1800,0.8780487804878049,0.7064150998672526
