file,nrBest,proportionBest,entropyNrActions
nr_479_id_9_057f437cbb80e96e1df6bced5188bf54ab7d45b9_SleepJob_GTSPOON.csv,1103,0.5380487804878049,2.1574625994936403
