file,nrBest,proportionBest,entropyNrActions
nr_328_id_13_04bb400ab21235635e4ad2268ba94ecf58431e32_QuickContactWindow_GTSPOON.csv,112,0.054634146341463415,2.7592348931165214
