file,nrBest,proportionBest,entropyNrActions
nr_463_id_9_055583d95b1ecf10b583dc69434d8f35429fe77d_TableRowDeserializer_GTSPOON.csv,2,0.000975609756097561,1.9976174827590614
