file,nrBest,proportionBest,entropyNrActions
nr_7_id_25_00441996255aa7f383dce688085cf857a0dcd44d_PyTuple_GTSPOON.csv,110,0.05365853658536585,2.8192180849176207
