file,nrBest,proportionBest,entropyNrActions
nr_403_id_29_176ded6d290179ad4d0662140bc820a2f049f69f_AddItemBatchController_GTSPOON.csv,1627,0.7936585365853659,1.0786527701698816
