file,nrBest,proportionBest,entropyNrActions
nr_2_id_22_0012c2049208f44a69d5e9e606d85b584182960a_SchedulerServiceTest_GTSPOON.csv,1468,0.7160975609756097,1.2864290403260343
