file,nrBest,proportionBest,entropyNrActions
nr_332_id_10_033c33eba5c229c84908b1955f5d972d56f48708_TestGitFileSystem_GTSPOON.csv,966,0.4712195121951219,0.49793366155836516
