file,nrBest,proportionBest,entropyNrActions
nr_197_id_35_259cc849c9a64e93f1125772b956184145d2f679_ConfigTemplateDialog_GTSPOON.csv,1440,0.7024390243902439,1.253163579004845
