file,nrBest,proportionBest,entropyNrActions
nr_311_id_35_3b14a66b50f33bcc205808f035deb640d83dc2b0_Launcher_GTSPOON.csv,106,0.05170731707317073,2.558010998020478
