file,nrBest,proportionBest,entropyNrActions
nr_128_id_13_01d066271bdf469114dad82cd4ba19e7457c27ed_ExcerptPlugin_GTSPOON.csv,2027,0.988780487804878,0.07554430989002607
