file,nrBest,proportionBest,entropyNrActions
nr_347_id_33_2d0772926761392becf21c1c6a643a3b07c8ca49_TxnDeleteOperation_GTSPOON.csv,1908,0.9307317073170732,0.42409609376769947
