file,nrBest,proportionBest,entropyNrActions
nr_635_id_2_015e1114945b9edeacab060d99f3544e275d06c8_CommandPing_GTSPOON.csv,1900,0.926829268292683,0.47727765553291435
