file,nrBest,proportionBest,entropyNrActions
nr_164_id_11_021c4a80dc8d332ba78c6a8692073d45ea7cb85d_Config_GTSPOON.csv,903,0.4404878048780488,2.6245420747780224
