file,nrBest,proportionBest,entropyNrActions
nr_387_id_9_047b0e9d27eafd6220215d67ef2ba3a504c25c12_TaskBaseAdapter_GTSPOON.csv,225,0.10975609756097561,1.3243475232608155
