file,nrBest,proportionBest,entropyNrActions
nr_89_id_8_00c196f5180175ebb17f26cc9845a9cc7306024a_ViewfinderView_GTSPOON.csv,1466,0.7151219512195122,1.3665368163615053
