file,nrBest,proportionBest,entropyNrActions
nr_517_id_32_2d8d147d5d4bc0a88963941b60cebd846c21d915_Shotgun_GTSPOON.csv,1242,0.6058536585365853,1.9419688203368515
