file,nrBest,proportionBest,entropyNrActions
nr_176_id_19_04451de4318662aca0d6008094d363b838d7ed3e_TRoute_GTSPOON.csv,1910,0.9317073170731708,0.42755754418207825
