file,nrBest,proportionBest,entropyNrActions
nr_547_id_35_682295f98b9b31b3bd18044f37610bf6ecbb58e3_ClojureCompleter_GTSPOON.csv,1806,0.8809756097560976,0.7623442334591753
