file,nrBest,proportionBest,entropyNrActions
nr_267_id_31_1281e1df6547abb02355abeb43898fe56efa2794_Grupp3Labb1_GTSPOON.csv,76,0.037073170731707315,2.9953707721385014
