file,nrBest,proportionBest,entropyNrActions
nr_277_id_35_333bfebcfa3489232a158d52b43d1dce7e69eb21_DBServiceImpl_GTSPOON.csv,38,0.018536585365853658,2.6114418555088563
