file,nrBest,proportionBest,entropyNrActions
nr_268_id_21_070d6940b5e4b6b61ffc2038cef65568719aa3ac_BeaconService_GTSPOON.csv,21,0.01024390243902439,0.9571159531295773
