file,nrBest,proportionBest,entropyNrActions
nr_287_id_16_05473d8500afef9f3168b8a29712b660c2dc5de1_SkyQuestListener_GTSPOON.csv,1839,0.8970731707317073,0.6011577483073858
