file,nrBest,proportionBest,entropyNrActions
nr_162_id_17_032a31bcb07732a4da60514e7ba4a1fe399464ed_FNDbTest_GTSPOON.csv,735,0.35853658536585364,2.1797993237244855
