file,nrBest,proportionBest,entropyNrActions
nr_211_id_20_04046cd905e7bfac3376dd6473be8ac10b44f91a_Interpreter_GTSPOON.csv,10,0.004878048780487805,2.8237961659751116
