file,nrBest,proportionBest,entropyNrActions
nr_385_id_9_0476e0667bdb4941c9c60bd13e4923fd16734212_TableLCAUtil_GTSPOON.csv,1544,0.7531707317073171,1.2147184734818508
