file,nrBest,proportionBest,entropyNrActions
nr_521_id_26_11bd6f9848f64f56431fceb43ff7cca8f4700009_TraverseSchema_GTSPOON.csv,18,0.00878048780487805,3.7788476310481487
