file,nrBest,proportionBest,entropyNrActions
nr_273_id_19_06a93b8a3ca8dc34275bc11efe7f65891e408343_SolrOutputStage_GTSPOON.csv,355,0.17317073170731706,1.3155738881651269
