file,nrBest,proportionBest,entropyNrActions
nr_395_id_25_0da4f660a8285e1dfd29738c99dab8d49580d021_Partitioner_GTSPOON.csv,1757,0.8570731707317073,0.7421114029901597
