file,nrBest,proportionBest,entropyNrActions
nr_462_id_9_05552c0491e3df876cfcb6762d563c4b68c816d1_XMLElementTest_GTSPOON.csv,195,0.0951219512195122,2.5513490319580985
