file,nrBest,proportionBest,entropyNrActions
nr_402_id_1_04a1f7c6e9d1d46760a7ba2c1f335656089b2233_BtrPlace_GTSPOON.csv,1625,0.7926829268292683,1.0364554494709841
