file,nrBest,proportionBest,entropyNrActions
nr_93_id_24_030060f43fa44e21a915703259c98e85ef9a703a_PircBotX_GTSPOON.csv,210,0.1024390243902439,2.322534911090715
