file,nrBest,proportionBest,entropyNrActions
nr_411_id_22_09c5259766e4c3211cb5d8c201e95b711cab18d7_CreateEventView_GTSPOON.csv,101,0.04926829268292683,1.7567960310926853
