file,nrBest,proportionBest,entropyNrActions
nr_43_id_15_00b6ea67f3d74380476d40638567032e2a82496a_DisciplineRepository_GTSPOON.csv,2015,0.9829268292682927,0.10520570474832268
