file,nrBest,proportionBest,entropyNrActions
nr_389_id_23_0c6084b51e9b1cfda509cfacc8fa34b15a50ca0b_Tools_GTSPOON.csv,19,0.009268292682926829,2.7003413746900415
