file,nrBest,proportionBest,entropyNrActions
nr_267_id_16_04e571064fb3b46ffbd256f6701a6d24c272bbd1_ChartModel_GTSPOON.csv,950,0.4634146341463415,0.5690160594453395
