file,nrBest,proportionBest,entropyNrActions
nr_485_id_11_06a8621e01922bcad12a565063c1a4434c0db3aa_Mapper_GTSPOON.csv,1825,0.8902439024390244,0.5726326157475243
