file,nrBest,proportionBest,entropyNrActions
nr_366_id_13_053b9d0d21c44feb64c65264f069fac6d40c9b6f_TwoGtp_GTSPOON.csv,152,0.07414634146341463,2.709366189958775
