file,nrBest,proportionBest,entropyNrActions
nr_69_id_21_022094d5581f0b8dec99f4196673791911aaf56d_En_GTSPOON.csv,1939,0.9458536585365853,0.3428015588973431
