file,nrBest,proportionBest,entropyNrActions
nr_226_id_9_02b8486ff6b451c14ad78d5f9b823352a9b69678_RedmineApiIssueProperty_GTSPOON.csv,1819,0.8873170731707317,0.5518605743669346
