file,nrBest,proportionBest,entropyNrActions
nr_433_id_4_01b9cac66f197434904541c3444e97bcee71f24c_BlockListener_GTSPOON.csv,1560,0.7609756097560976,1.1659993794621148
