file,nrBest,proportionBest,entropyNrActions
nr_438_id_3_02e1538fbe51ae67fde38f51436067dfc8e73011_GraphBuilderTask_GTSPOON.csv,1933,0.9429268292682926,0.3586185323845937
