file,nrBest,proportionBest,entropyNrActions
nr_575_id_7_05feb639caaa0618229920824a1b5691c216472c_ResultWindow_GTSPOON.csv,1938,0.9453658536585365,0.33642471881550456
