file,nrBest,proportionBest,entropyNrActions
nr_500_id_4_020037604ea6297f025c1be9f3ce29ec2a00296d_StudyOptions_GTSPOON.csv,133,0.06487804878048781,2.998846621239341
