file,nrBest,proportionBest,entropyNrActions
nr_103_id_11_0142e01a8188357760c452f604e764cada180649_DiceDBOpenHelper_GTSPOON.csv,338,0.1648780487804878,2.1274645846302374
