file,nrBest,proportionBest,entropyNrActions
nr_205_id_12_02437f53027ba619cba40e195f3b888884b84a28_Parser_GTSPOON.csv,1913,0.9331707317073171,0.4347232933925063
