file,nrBest,proportionBest,entropyNrActions
nr_391_id_16_071bf2e29ce02350900b009914f4f4a7f55279a0_PopupButtonClicker_GTSPOON.csv,1834,0.8946341463414634,0.6212049399368851
