file,nrBest,proportionBest,entropyNrActions
nr_226_id_32_1453a3015ce2a471242046e295b70bb1254315e3_PathSlicer_GTSPOON.csv,1195,0.5829268292682926,1.7047018898677653
