file,nrBest,proportionBest,entropyNrActions
nr_338_id_31_178bbe941c038f58607a00af26ef8a91989394a4_PostgreSQLDbSupport_GTSPOON.csv,1633,0.7965853658536586,1.0581857365625407
