file,nrBest,proportionBest,entropyNrActions
nr_195_id_29_0b3a04f17a304248481563ad90f71d713060918e_ContentRelationUpdateIT_GTSPOON.csv,172,0.08390243902439025,2.632967937636273
