file,nrBest,proportionBest,entropyNrActions
nr_431_id_30_19f9dd2ac5e30867c0b144c0b6f2ab5ac38ca918_gu_GTSPOON.csv,1255,0.6121951219512195,1.6584122065032516
