file,nrBest,proportionBest,entropyNrActions
nr_386_id_30_17ee4e990ab5523f8290849d391a831b9ee9d738_VPFLayer_GTSPOON.csv,990,0.48292682926829267,2.0917654885380355
