file,nrBest,proportionBest,entropyNrActions
nr_208_id_12_0249312187995dfdfbc2a5346afaa51564e95415_CVSTeamProvider_GTSPOON.csv,156,0.07609756097560975,3.2630159591659837
