file,nrBest,proportionBest,entropyNrActions
nr_102_id_39_a7dd9ab605563cf32b3f3080a385b9bcd15bd179_ScriptTableTest_GTSPOON.csv,665,0.32439024390243903,2.1120465980607985
