file,nrBest,proportionBest,entropyNrActions
nr_478_id_8_03f770491a136dcb067905902cd061f06b0e9494_EntityEditableListView_GTSPOON.csv,19,0.009268292682926829,3.0086639119093546
