file,nrBest,proportionBest,entropyNrActions
nr_201_id_12_023c60513eeb308f280c836b3334c0959d5de4b3_LocalStore_GTSPOON.csv,181,0.08829268292682926,3.2474799235694043
