file,nrBest,proportionBest,entropyNrActions
nr_42_id_29_028c46dc4617389ddd650f800df9671a47bda220_AbstractTextEditor_GTSPOON.csv,38,0.018536585365853658,3.6834486957714265
