file,nrBest,proportionBest,entropyNrActions
nr_302_id_19_073eeeec2f45c96c1706e484d569ce9656fbae8a_TTrip_GTSPOON.csv,1841,0.8980487804878049,0.663078078352955
