file,nrBest,proportionBest,entropyNrActions
nr_506_id_30_1e596f303520d211aebc87dfc0c08108efe80921_RadioInfo_GTSPOON.csv,5,0.0024390243902439024,3.5277781002516377
