file,nrBest,proportionBest,entropyNrActions
nr_408_id_22_09c04955b570647a66b97024d9e61e6e11bfc0d4_AddClinicalFileAction_GTSPOON.csv,1697,0.8278048780487804,0.7806752873675032
