file,nrBest,proportionBest,entropyNrActions
nr_18_id_26_0093482c628180a23b88a604b165fd5b0e79dd1b_SingleSampleGenotyper_GTSPOON.csv,1736,0.8468292682926829,0.8154777893688592
