file,nrBest,proportionBest,entropyNrActions
nr_367_id_28_106f2e0314e54a65fbf5add09db2a39a74879fd5_Delta_GTSPOON.csv,930,0.45365853658536587,0.5985583349627673
