file,nrBest,proportionBest,entropyNrActions
nr_199_id_12_0236af432869ff443cb167dd1d572caf680836e9_BuilderCycleTest_GTSPOON.csv,332,0.16195121951219513,2.217324147348042
