file,nrBest,proportionBest,entropyNrActions
nr_1_id_15_00010bc7285bda930d960e91552cf37ee61eee69_LookupPlayer_GTSPOON.csv,1729,0.8434146341463414,0.8340463530688184
