file,nrBest,proportionBest,entropyNrActions
nr_427_id_19_0a28080360ac2eea194cf485b79db7b469804427_PlayerCharacterTest_GTSPOON.csv,1632,0.7960975609756098,0.9737921970706579
