file,nrBest,proportionBest,entropyNrActions
nr_480_id_9_057fee086a325ccd169ee930905a5209bd393bf7_UserManager_GTSPOON.csv,742,0.3619512195121951,2.1791139352165785
