file,nrBest,proportionBest,entropyNrActions
nr_342_id_18_06ad860dea947115ff996850dc2046b087752f2d_AdminController_GTSPOON.csv,510,0.24878048780487805,2.4417049039665506
