file,nrBest,proportionBest,entropyNrActions
nr_170_id_10_01786d5ed7cba2a636e662fc277442bf87ca221c_ModuleManager_GTSPOON.csv,1965,0.9585365853658536,0.21843538929435632
