file,nrBest,proportionBest,entropyNrActions
nr_13_id_3_001b7f965051da45cef746b5dc540de6150ae4e9_Home_GTSPOON.csv,570,0.2780487804878049,2.2769743861099254
