file,nrBest,proportionBest,entropyNrActions
nr_77_id_28_03813053e508bf2b263023593c8d9c47b70d8f2a_BaseHandlerUnitT_GTSPOON.csv,1657,0.8082926829268293,0.9195076764350402
