file,nrBest,proportionBest,entropyNrActions
nr_177_id_12_01fd7a201a335ecf4c0382cd94fba87bbac844c5_Quarter_GTSPOON.csv,2025,0.9878048780487805,0.08200879978037882
