file,nrBest,proportionBest,entropyNrActions
nr_234_id_9_02ca87fd2965a7e30f1ffe180147f1f7c5bff61f_MainMenu_GTSPOON.csv,1732,0.8448780487804878,0.6050535372490089
