file,nrBest,proportionBest,entropyNrActions
nr_279_id_8_0254cf40d1a109d806023dd9c01cfb6faa5f0d3f_HootRequest_GTSPOON.csv,1324,0.6458536585365854,1.5402270556144473
