file,nrBest,proportionBest,entropyNrActions
nr_345_id_3_0243964e25b4947f432a40b2a552858a94235d19_VolumeStorageV2_GTSPOON.csv,239,0.11658536585365854,2.473157684222247
