file,nrBest,proportionBest,entropyNrActions
nr_81_id_12_00f2cb221a7134c97f562be366940e852fba91b4_MiscTest_GTSPOON.csv,2025,0.9878048780487805,0.0870314974099621
