file,nrBest,proportionBest,entropyNrActions
nr_404_id_21_0a6f8fc526e6042c628ebd75cf2b4440778b2c4a_RestXqModules_GTSPOON.csv,1456,0.7102439024390244,1.1371931545647034
