file,nrBest,proportionBest,entropyNrActions
nr_577_id_30_22ac3fc3daa40fbc58001a6100ae4b3533b809f6_WebModule_GTSPOON.csv,1396,0.6809756097560976,1.3362089706741371
