file,nrBest,proportionBest,entropyNrActions
nr_74_id_7_00c679463b20c4502393ecbe73b03b205fbc80c8_IntentHandler_GTSPOON.csv,1183,0.5770731707317073,1.7550114274227875
