file,nrBest,proportionBest,entropyNrActions
nr_445_id_27_14844f1504d880016c382c8f4b0ba671e45dd928_FeatureResponse_GTSPOON.csv,16,0.007804878048780488,2.0389027827310233
