file,nrBest,proportionBest,entropyNrActions
nr_54_id_8_0079c4b8b335ae9d1dfe1267ba1d045e5629f61b_ImageShow_GTSPOON.csv,210,0.1024390243902439,2.302044834943834
