file,nrBest,proportionBest,entropyNrActions
nr_298_id_7_03197935d1989094a2cea6eb9e8f87cfe11268ae_ProcessStoreImpl_GTSPOON.csv,148,0.0721951219512195,2.568862890296703
