file,nrBest,proportionBest,entropyNrActions
nr_553_id_9_064f58817b9630c6e9cb7a0d30030ebee5bd5f93_Log_GTSPOON.csv,1613,0.786829268292683,0.7441975362436597
