file,nrBest,proportionBest,entropyNrActions
nr_349_id_29_144f299d937a61b2216e0067b787424c4f84d892_CeylonModuleLoader_GTSPOON.csv,534,0.2604878048780488,2.239966357629517
