file,nrBest,proportionBest,entropyNrActions
nr_266_id_34_25a753691a80186cd4d7086b12c0e52225d95897_ChunkedInputStream_GTSPOON.csv,269,0.13121951219512196,0.995257932371665
