file,nrBest,proportionBest,entropyNrActions
nr_278_id_31_1397609a4a5b2e240775568751d4381fccb8c333_JBossPerspectiveFactory_GTSPOON.csv,1808,0.8819512195121951,0.5362985125008083
