file,nrBest,proportionBest,entropyNrActions
nr_432_id_11_05eb7958b895aee06925d38d791db64f22f3c2f6_RepositoryService_GTSPOON.csv,158,0.07707317073170732,2.7325830000977187
