file,nrBest,proportionBest,entropyNrActions
nr_405_id_8_0355c4281fef944a250fbf7ad813216b67a41b7c_StackedColumn_GTSPOON.csv,1919,0.9360975609756098,0.3629192217679909
