file,nrBest,proportionBest,entropyNrActions
nr_266_id_25_08d2c81491c13f31a741fa40e35769812c79b9e0_ConnectionV2Test_GTSPOON.csv,1848,0.9014634146341464,0.4838889156725405
