file,nrBest,proportionBest,entropyNrActions
nr_284_id_33_24784d74a8a7298fe5fcff3375b214742db26b45_R_GTSPOON.csv,132,0.06439024390243903,1.9866086419964288
