file,nrBest,proportionBest,entropyNrActions
nr_431_id_8_039bc3decf2b7724e2d81536233c2ec48658f4da_HashSet_GTSPOON.csv,1924,0.9385365853658536,0.3888398409293747
