file,nrBest,proportionBest,entropyNrActions
nr_202_id_21_05347d253cb5b040d64efe89d6a37e848b5ade53_PushBlocks_GTSPOON.csv,1748,0.8526829268292683,0.5624747554920098
