file,nrBest,proportionBest,entropyNrActions
nr_477_id_9_057c832532cc6176c16d9e8a47847136f370c5f7_HttpAsyncClientBuilder_GTSPOON.csv,729,0.35560975609756096,2.1305125517832755
