file,nrBest,proportionBest,entropyNrActions
nr_13_id_7_0015fc099bd07415029f471830557f8ee1cd57c2_JavaGitProject_GTSPOON.csv,2014,0.9824390243902439,0.1094047907455735
