file,nrBest,proportionBest,entropyNrActions
nr_574_id_11_082d8a36540139aac208b4bf35cad0a8c48fb423_TestUtils_GTSPOON.csv,1916,0.9346341463414635,0.4032029729831815
