file,nrBest,proportionBest,entropyNrActions
nr_498_id_21_0c7481103c4b717de65ebafef11945f700e529ba_ProjectFrame_GTSPOON.csv,584,0.2848780487804878,2.9392239306731733
