file,nrBest,proportionBest,entropyNrActions
nr_301_id_34_29ee9153af7bcf84db39e3e5882bff927dc56b77_Connector_GTSPOON.csv,2020,0.9853658536585366,0.10542985090382379
