file,nrBest,proportionBest,entropyNrActions
nr_292_id_2_009569cf7453348805b5b6fa0e78be467a756c0e_MotorConfigSpinner_GTSPOON.csv,1742,0.8497560975609756,0.6704732063086346
