file,nrBest,proportionBest,entropyNrActions
nr_89_id_23_02939d4fd80a1d284987742817ec326c4b7b8a21_DataUsageMeteredSettings_GTSPOON.csv,1736,0.8468292682926829,0.818451132248326
