file,nrBest,proportionBest,entropyNrActions
nr_279_id_11_039e2579ee0a1c79d7bd1905b44d2b9ed703af44_ArrayTest_GTSPOON.csv,680,0.33170731707317075,1.2782215080298907
