file,nrBest,proportionBest,entropyNrActions
nr_217_id_14_032550af292bb156726e89aa042d16309fe2f3c5_Econ_GTSPOON.csv,281,0.13707317073170733,0.7826620279303553
