file,nrBest,proportionBest,entropyNrActions
nr_36_id_32_02b85d0291830be4dd63ddaa811df1079e6b40cd_GsonUtilTest_GTSPOON.csv,1932,0.9424390243902439,0.33395612577640926
