file,nrBest,proportionBest,entropyNrActions
nr_171_id_6_012830379f911946bc4b9a11d93132d7ec3941d6_EcuLogger_GTSPOON.csv,173,0.08439024390243903,2.7978407274421286
