file,nrBest,proportionBest,entropyNrActions
nr_529_id_14_079348c112c28b769a21a07b4f0251e77126da24_TransBinaryMapper_GTSPOON.csv,1438,0.7014634146341463,1.4848690063446885
