file,nrBest,proportionBest,entropyNrActions
nr_578_id_12_0663c064d56ea7e14b4b3e0b81f989707a49827f_SelfRunHander_GTSPOON.csv,1808,0.8819512195121951,0.7216960783703361
