file,nrBest,proportionBest,entropyNrActions
nr_416_id_12_04861b09380e7b6f98d2c6599d271e1a99b33897_StartServerDialog_GTSPOON.csv,1135,0.5536585365853659,1.667143453992068
