file,nrBest,proportionBest,entropyNrActions
nr_179_id_29_0a478e2086d053f219b6ca55a169ad707d9a13b4_DoubleDotOutputStream_GTSPOON.csv,1938,0.9453658536585365,0.3266837081125114
