file,nrBest,proportionBest,entropyNrActions
nr_220_id_9_02a7a36945e57108fc16bd2d27091f834785eb44_MappingRenderer_GTSPOON.csv,1614,0.7873170731707317,1.1256048525049611
