file,nrBest,proportionBest,entropyNrActions
nr_208_id_31_0ebb0100bc879e0537773f674208885150cda450_MorphoPipe_GTSPOON.csv,134,0.06536585365853659,3.1346827737555136
