file,nrBest,proportionBest,entropyNrActions
nr_490_id_35_5df500fa9db5859e46c2535cc242170b35e7a17e_CharInfo_GTSPOON.csv,1718,0.8380487804878048,0.926790748953403
