file,nrBest,proportionBest,entropyNrActions
nr_232_id_33_1c9ed931ac9cc74a516189d47bfc659d04853352_SodaXML_GTSPOON.csv,1415,0.6902439024390243,1.4036488952536899
