file,nrBest,proportionBest,entropyNrActions
nr_245_id_6_018f539c218940e0fad05c10552759e4fa2e77e4_EditEventView_GTSPOON.csv,175,0.08536585365853659,2.8864715503081815
