file,nrBest,proportionBest,entropyNrActions
nr_164_id_26_0658c5bc44cd4b1d1413c52f35b7a9d2d5141a5e_Functions_GTSPOON.csv,1383,0.6746341463414635,1.4543378513806768
