file,nrBest,proportionBest,entropyNrActions
nr_448_id_6_02bb7d5a313101d854dc3a3b496ea96284fdcb6f_Settings_GTSPOON.csv,199,0.09707317073170732,2.730166993362018
