file,nrBest,proportionBest,entropyNrActions
nr_545_id_35_67d21566329dc17b69c2d43feea2d7b74466c3a1_ClientManager_GTSPOON.csv,1,0.0004878048780487805,3.161221925530005
