file,nrBest,proportionBest,entropyNrActions
nr_626_id_7_067bc7002300df2b1bbf2d896400a11e77c2a0ae_NameNode_GTSPOON.csv,153,0.07463414634146341,2.855821591878084
