file,nrBest,proportionBest,entropyNrActions
nr_485_id_24_0e9b0a262ff5a7bfe8e49739e000e7342f59017a_CTargetSelectView_GTSPOON.csv,1286,0.6273170731707317,1.8991826048993234
