file,nrBest,proportionBest,entropyNrActions
nr_172_id_12_01ec35c938dbbf9b724b6bab610e744fd178284b_Rules_GTSPOON.csv,1221,0.595609756097561,1.9418468227476744
