file,nrBest,proportionBest,entropyNrActions
nr_352_id_13_050f39a4ee9638b52b4301154083a49a3b796b5a_TaggedImageStorageRam_GTSPOON.csv,1834,0.8946341463414634,0.596834378588476
