file,nrBest,proportionBest,entropyNrActions
nr_222_id_16_04136d939991f911d9674371b09c956649f8bd5e_SOCServer_GTSPOON.csv,27,0.013170731707317073,3.7319202538916016
