file,nrBest,proportionBest,entropyNrActions
nr_98_id_28_046fdfb1852b5a84fea86f2564dfc6e7a40f22dc_Main_GTSPOON.csv,818,0.39902439024390246,2.591770577925334
