file,nrBest,proportionBest,entropyNrActions
nr_64_id_17_011d64a49974d41d063e30f0168cd9ab02e05ecc_JAXRSWSTestView2_GTSPOON.csv,196,0.09560975609756098,2.6369649594016376
