file,nrBest,proportionBest,entropyNrActions
nr_316_id_4_013039198244a5cd106de0a6e20e66839117ef49_Jsr330Test_GTSPOON.csv,783,0.38195121951219513,1.939306917092245
