file,nrBest,proportionBest,entropyNrActions
nr_124_id_19_0321f2f3e137b9d213864663442261f9784492f0_PicturesActivity_GTSPOON.csv,960,0.4682926829268293,2.1022798399866414
