file,nrBest,proportionBest,entropyNrActions
nr_197_id_1_0269571648db3d423f9d4ebe5c51861a1a913104_TextField_GTSPOON.csv,29,0.014146341463414635,3.0608092203708197
