file,nrBest,proportionBest,entropyNrActions
nr_204_id_32_126f47eeb6f1a6a524e28104ab642c5711fcf522_LinkedListRemoveTest_GTSPOON.csv,1600,0.7804878048780488,0.8698395315301486
