file,nrBest,proportionBest,entropyNrActions
nr_35_id_3_004ca09f76115fe6ab5a99ff3152e7644477c494_GenericSplitTableView_GTSPOON.csv,1419,0.6921951219512195,1.636086130293605
