file,nrBest,proportionBest,entropyNrActions
nr_31_id_5_0057d1d130355ff1ff5ba16f3a2dd01372d5f617_FacetType_GTSPOON.csv,1848,0.9014634146341464,0.5498509800114192
