file,nrBest,proportionBest,entropyNrActions
nr_7_id_7_0009a08c0a74982a53fe2a2246b1e55fcc141afa_Twitter_GTSPOON.csv,179,0.0873170731707317,2.485807305336848
