file,nrBest,proportionBest,entropyNrActions
nr_136_id_11_01ba3e0f770525fe59e2334219ace1a414781588_SimpleLabelProvider_GTSPOON.csv,1749,0.853170731707317,0.7954381563117239
