file,nrBest,proportionBest,entropyNrActions
nr_322_id_13_04a6e4b82cf15f42e1b09f5d334dea6ae23ac427_ContactsUtils5_GTSPOON.csv,142,0.06926829268292684,3.247362499862798
