file,nrBest,proportionBest,entropyNrActions
nr_266_id_13_03cd562ddef29d4edd9f09869dfda3270962ce90_XSLDeployer_GTSPOON.csv,1824,0.8897560975609756,0.6296602559025485
