file,nrBest,proportionBest,entropyNrActions
nr_457_id_32_283a8c0eb3a4c2a7d4b720740a7164f6d0b5471c_CAppDeployer_GTSPOON.csv,341,0.16634146341463416,1.2879098731462402
