file,nrBest,proportionBest,entropyNrActions
nr_519_id_36_82f9d30a4848ac1e7e63edd461f0168315797fc6_Java2DRendererTest_GTSPOON.csv,210,0.1024390243902439,2.063046457934308
