file,nrBest,proportionBest,entropyNrActions
nr_394_id_9_0495325ad77038133a5388914a91e9e90a43deaf_TestBSPTaskFaults_GTSPOON.csv,712,0.3473170731707317,2.2502736656361515
