file,nrBest,proportionBest,entropyNrActions
nr_429_id_10_041cfeb73e6fc7871949d73edc062b009d15f422_TerrainGenerator_GTSPOON.csv,10,0.004878048780487805,3.3123250844892267
