file,nrBest,proportionBest,entropyNrActions
nr_372_id_8_0311b2d53e87fae842da79124afa9f8a8480acc6_R_GTSPOON.csv,194,0.09463414634146342,1.6882960750954512
