file,nrBest,proportionBest,entropyNrActions
nr_332_id_34_2e48fa455e25e81d5d9b60f15370c1d73886dca8_BPSend_GTSPOON.csv,5,0.0024390243902439024,2.1133055579518247
