file,nrBest,proportionBest,entropyNrActions
nr_468_id_5_03dbfb57a5083255b5cd07f9499c078b99c46c5c_TaskEditViewPager_GTSPOON.csv,1911,0.9321951219512196,0.40445276679705705
