file,nrBest,proportionBest,entropyNrActions
nr_401_id_36_68253a561d6bf8079edc677033025301e65c7367_FeaturePackagedContentProvider_GTSPOON.csv,864,0.4214634146341463,2.491600217751526
