file,nrBest,proportionBest,entropyNrActions
nr_529_id_15_09871f20cbf40e2e195c55e6c8fc63c3d5b2ea60_WebClientTest_GTSPOON.csv,210,0.1024390243902439,2.3042345550753636
