file,nrBest,proportionBest,entropyNrActions
nr_384_id_35_48d1e1d6332fea2bcf64fc208816c00011472a3c_RepoTableBinding_GTSPOON.csv,166,0.08097560975609756,1.9023743360665604
