file,nrBest,proportionBest,entropyNrActions
nr_149_id_10_0142f4e07968dbc0631a0021846fc278cea3c723_PhoneApp_GTSPOON.csv,144,0.0702439024390244,3.0640819361416822
