file,nrBest,proportionBest,entropyNrActions
nr_306_id_2_009d6782391d5094e43fa751f2c62e2cbc8fb26f_CDInfoController_GTSPOON.csv,461,0.2248780487804878,2.3902612173931654
