file,nrBest,proportionBest,entropyNrActions
nr_438_id_23_0db37dc1dbe7b8a204770c8e6e61d56217a78de8_DartDocUtilities_GTSPOON.csv,1921,0.9370731707317074,0.39016516306513943
