file,nrBest,proportionBest,entropyNrActions
nr_286_id_21_078bb88c36335d883a86e8833769104fb9b847dc_FacesConfigValidator_GTSPOON.csv,1900,0.926829268292683,0.46511551004678536
