file,nrBest,proportionBest,entropyNrActions
nr_294_id_3_01de9e65c09905d14cc5eca8c789103d2d293b9b_RefineBroker_GTSPOON.csv,1181,0.5760975609756097,1.6541839883197311
