file,nrBest,proportionBest,entropyNrActions
nr_34_id_11_005760adab4c3c75d2b27224244e90436e4f0c2c_BitmapUtils_GTSPOON.csv,1411,0.6882926829268292,1.4681350833179132
