file,nrBest,proportionBest,entropyNrActions
nr_71_id_4_003bda73ba72efb99d8cd3527c24aa43361f6a15_Main_GTSPOON.csv,1570,0.7658536585365854,1.1336371171282336
