file,nrBest,proportionBest,entropyNrActions
nr_448_id_13_06a11afb40284ec5162642d968912502214abd2a_LB_GTSPOON.csv,325,0.15853658536585366,3.514384942986113
