file,nrBest,proportionBest,entropyNrActions
nr_27_id_22_009bd2c26a5a8b5935670e84b2f36244815979dc_DatabaseDescriptor_GTSPOON.csv,1,0.0004878048780487805,2.589621602843952
