file,nrBest,proportionBest,entropyNrActions
nr_558_id_4_022c77473ee05087d097042f2c437c2ee9e4dc14_AssayDepotImpl_GTSPOON.csv,1130,0.551219512195122,2.0439108143748435
