file,nrBest,proportionBest,entropyNrActions
nr_166_id_9_02170e97681a069f5916742e8a5cfc0bfc3c12af_WaitingOnMeDao_GTSPOON.csv,2007,0.9790243902439024,0.1433727576088265
