file,nrBest,proportionBest,entropyNrActions
nr_549_id_7_05ba0bbaaa4f141601ea0323e1609156d5244b08_Report_Analysis_GTSPOON.csv,155,0.07560975609756097,3.0332076862488675
