file,nrBest,proportionBest,entropyNrActions
nr_473_id_33_39a80ccb10c4ac525aed36513f00293f3308152e_ServiceProcessor_GTSPOON.csv,42,0.02048780487804878,3.512760936013058
