file,nrBest,proportionBest,entropyNrActions
nr_266_id_21_06fb2bf8c9804ef52f8fdf89cd5170a545d79c9b_WebFilter_GTSPOON.csv,179,0.0873170731707317,3.213280407713107
