file,nrBest,proportionBest,entropyNrActions
nr_443_id_28_13b23d6ed49431f0e641843e70a98883d442408c_DeltaZigzagEncoding_GTSPOON.csv,1723,0.8404878048780487,0.8914992871183671
