file,nrBest,proportionBest,entropyNrActions
nr_249_id_34_23412e6603dce1cf55abf1e475416bf5982f73c1_StandardTileLoader_GTSPOON.csv,85,0.041463414634146344,2.5182710665806116
