file,nrBest,proportionBest,entropyNrActions
nr_272_id_7_02de2eae7d3639bbc4de1dd2c6302367c0d98339_PlanResolver_GTSPOON.csv,1933,0.9429268292682926,0.3496853271574999
