file,nrBest,proportionBest,entropyNrActions
nr_177_id_38_775650c12856d13576cab3656bb8582b5212e76e_XSSimpleTypeDecl_GTSPOON.csv,15,0.007317073170731708,3.028061079337701
