file,nrBest,proportionBest,entropyNrActions
nr_163_id_34_19161b5c8b85a9ac6cf8a325e8ee8ba94004e9fe_BugContainer_GTSPOON.csv,465,0.22682926829268293,2.6653625155075016
