file,nrBest,proportionBest,entropyNrActions
nr_515_id_30_1f5202a58e268e556a82224d02d2d49e494c689d_HibernateXformsDAO_GTSPOON.csv,594,0.2897560975609756,2.8609978898957533
