file,nrBest,proportionBest,entropyNrActions
nr_200_id_33_180696baec28d6e6b67e8bb23a5302f21bce6b79_DroidGap_GTSPOON.csv,81,0.03951219512195122,3.2032333241059567
