file,nrBest,proportionBest,entropyNrActions
nr_208_id_23_06aa504f368af4fa6d6681c7d8262389bf89f369_Rank_GTSPOON.csv,1925,0.9390243902439024,0.367401182236987
