file,nrBest,proportionBest,entropyNrActions
nr_307_id_21_0814f626ba98319b324c45ecdb24b2046310c19b_ReadyListener_GTSPOON.csv,1281,0.6248780487804878,1.6015754520373136
