file,nrBest,proportionBest,entropyNrActions
nr_289_id_16_054cda3500b766846a3a5fc1e6d4f2788f5e5876_cgeowaypoint_GTSPOON.csv,906,0.4419512195121951,2.4403698632600843
