file,nrBest,proportionBest,entropyNrActions
nr_208_id_10_01df4e30a100198cbb98b35417150d720637b0c2_CpuHandlerMulticore_GTSPOON.csv,1032,0.5034146341463415,2.287357442443846
