file,nrBest,proportionBest,entropyNrActions
nr_57_id_27_02a2f77888c813a9110a2f6ababe2de54973ef5c_Wall_GTSPOON.csv,158,0.07707317073170732,2.8838737024191925
