file,nrBest,proportionBest,entropyNrActions
nr_224_id_4_00cf241a6bd1cdfb59c03c1d4c747dd187620c20_AntFarm_GTSPOON.csv,1369,0.6678048780487805,1.4712038060001456
