file,nrBest,proportionBest,entropyNrActions
nr_438_id_9_05020976f0e0e8f725be9ef9cbe75e7b3cd687f2_GravityTest_GTSPOON.csv,628,0.30634146341463414,2.303334456319209
