file,nrBest,proportionBest,entropyNrActions
nr_741_id_1_086d41100994de361803a56747c0bbdf5550efbe_MultipartReader_GTSPOON.csv,1751,0.8541463414634146,0.7650080532554587
