file,nrBest,proportionBest,entropyNrActions
nr_475_id_27_15b22475c1a9120aad2f5a5dba062b4069a36ae0_CommunityDetection_GTSPOON.csv,1738,0.8478048780487805,0.8276179900672637
