file,nrBest,proportionBest,entropyNrActions
nr_409_id_20_07d43f07421b4b73533ffdfba47cd4b78e64fd18_MyMarket_GTSPOON.csv,2022,0.9863414634146341,0.10149824698457736
