file,nrBest,proportionBest,entropyNrActions
nr_45_id_8_0066914f315a70c7f238ccaf09d7e699468c25a7_IMAPHandler_GTSPOON.csv,159,0.0775609756097561,3.245051758116311
