file,nrBest,proportionBest,entropyNrActions
nr_148_id_35_1e52ee008d3987cc2487f5f59eee44b0d310fc05_JobManager_GTSPOON.csv,154,0.07512195121951219,3.173937053225802
