file,nrBest,proportionBest,entropyNrActions
nr_382_id_21_09ff280e9a540b6105878cde8c00b9bf84dd180e_Php_GTSPOON.csv,1829,0.8921951219512195,0.6353637188988073
