file,nrBest,proportionBest,entropyNrActions
nr_306_id_35_3a41d22cd5a99f6f864377cd0d96669156b7a378_BuyPlots_GTSPOON.csv,1800,0.8780487804878049,0.4797111775016974
