file,nrBest,proportionBest,entropyNrActions
nr_228_id_24_0722c08e21691dc02e05172f782e3586a26eef0e_AgentConfiguration_GTSPOON.csv,125,0.06097560975609756,2.819066773588415
