file,nrBest,proportionBest,entropyNrActions
nr_343_id_37_9892527dc497a919344213e9aecfe0c556b2cb2a_DwrNamespaceHandler_GTSPOON.csv,513,0.2502439024390244,2.3464900727555817
