file,nrBest,proportionBest,entropyNrActions
nr_473_id_2_00f8a5a69ebf2906ba9c0d93d542755545ebd34e_ContourOpImage_GTSPOON.csv,475,0.23170731707317074,2.751976034443982
