file,nrBest,proportionBest,entropyNrActions
nr_103_id_10_00cfd42e0b992ad5fdfdf4516e33db64490c4775_TTSVersionAlert_GTSPOON.csv,1723,0.8404878048780487,0.6778674581627834
