file,nrBest,proportionBest,entropyNrActions
nr_419_id_36_6cc55f4ba9e7d1151cb2a1bb477983e342c08b31_MainVerifier_GTSPOON.csv,913,0.4453658536585366,2.130868141493635
