file,nrBest,proportionBest,entropyNrActions
nr_489_id_15_090b1bfa896dcc6dd5752f2667faf216691842d9_ComponentRegister_GTSPOON.csv,1289,0.628780487804878,1.6029335482678824
