file,nrBest,proportionBest,entropyNrActions
nr_372_id_4_0177326eb1516dc6e1709ab5cd376b50c6b55b66_EventTest_GTSPOON.csv,1829,0.8921951219512195,0.5909358069685625
