file,nrBest,proportionBest,entropyNrActions
nr_507_id_27_17217e1bee9b9b0544e1d3b393e2381053bec62c_AverageCostService_GTSPOON.csv,1500,0.7317073170731707,1.2611206334730742
