file,nrBest,proportionBest,entropyNrActions
nr_365_id_10_03827a1d0a4af00970bdf14ee4db1e18c48a1ab0_AutoReferee_GTSPOON.csv,909,0.44341463414634147,2.0057137101277305
