file,nrBest,proportionBest,entropyNrActions
nr_321_id_3_020bc984effcc258882d868027270f74e538963a_CallLogPlugin_GTSPOON.csv,1465,0.7146341463414634,1.3536098196058117
