file,nrBest,proportionBest,entropyNrActions
nr_222_id_38_94914e0ffc7821fe07322d6b73c0265a25b16c10_ChildCareAdmin_GTSPOON.csv,285,0.13902439024390245,2.646899577946782
