file,nrBest,proportionBest,entropyNrActions
nr_76_id_39_838d5e40f0280dba693b902d463566bc20fb92e6_PersonalMap_GTSPOON.csv,1376,0.671219512195122,1.3517032373854037
