file,nrBest,proportionBest,entropyNrActions
nr_321_id_8_02b327e7f28bc24771f644ab2d98cf0ad4f2e650_DataUsageSummary_GTSPOON.csv,147,0.07170731707317073,2.5830402356148365
