file,nrBest,proportionBest,entropyNrActions
nr_24_id_22_008673130435bb29d58cb5d946cf5015b3b0ad64_HttpRequestContexts_GTSPOON.csv,2029,0.9897560975609756,0.07926072757396548
