file,nrBest,proportionBest,entropyNrActions
nr_317_id_21_083c83da810e89f5987e8609a50ff4aaf95231cf_DataElement_GTSPOON.csv,1906,0.9297560975609757,0.3429601497562311
