file,nrBest,proportionBest,entropyNrActions
nr_403_id_7_0430c153a0935d9828caa10d52af272bfb666a44_HomeActivity_GTSPOON.csv,1141,0.5565853658536586,2.0375941996503193
