file,nrBest,proportionBest,entropyNrActions
nr_534_id_35_6625a0e6200dbae8dfd73d8eb5275c6c2bb43cd8_CRMXML_GTSPOON.csv,133,0.06487804878048781,2.546614049844634
