file,nrBest,proportionBest,entropyNrActions
nr_187_id_35_24501269adfb65ca49552b2413c00c2a21469f5b_PresenceManagerSrvImpl_GTSPOON.csv,6,0.002926829268292683,2.3453459351518116
