file,nrBest,proportionBest,entropyNrActions
nr_653_id_1_0767842396d77c07ba8c9259d2a58fe7e815c762_DataImportView_GTSPOON.csv,1369,0.6678048780487805,1.4145896357867738
