file,nrBest,proportionBest,entropyNrActions
nr_515_id_25_1248c6e958d5ad2c58906043e522f337c813d947_CppLintParser_GTSPOON.csv,2027,0.988780487804878,0.08351848094541958
