file,nrBest,proportionBest,entropyNrActions
nr_210_id_20_03fe1959f291c4ba926765133a1720cbca5d9e8b_TestHSSFSheet_GTSPOON.csv,145,0.07073170731707316,2.440530381242294
