file,nrBest,proportionBest,entropyNrActions
nr_253_id_35_30a7b2d51817e6dcd7e7d698dc1010db19a467a2_GoodsContainer_GTSPOON.csv,288,0.1404878048780488,2.208754750436362
