file,nrBest,proportionBest,entropyNrActions
nr_274_id_24_0885b756e67cb42d681601e72a0b3f5c6e04b412_EclipseUtil_GTSPOON.csv,1608,0.784390243902439,0.9199781396426122
