file,nrBest,proportionBest,entropyNrActions
nr_450_id_14_068a1f952852e788e41b348112280bdfbb86327c_ShellSession_GTSPOON.csv,1013,0.49414634146341463,2.1541040707696704
