file,nrBest,proportionBest,entropyNrActions
nr_341_id_3_023bec8d7b2e83525b3c6e68f7d34b8b34d129f8_JMeterCsvParser_GTSPOON.csv,1632,0.7960975609756098,1.0129033324613694
