file,nrBest,proportionBest,entropyNrActions
nr_121_id_17_024947aef8918c3d46e6821a4b11c66291026217_MusicSchoolChoiceBMPBean_GTSPOON.csv,258,0.12585365853658537,2.5778022753457988
