file,nrBest,proportionBest,entropyNrActions
nr_686_id_3_04b10ac07ddd0a314f4413f2223fa342e87ec43a_SiteResetHandler_GTSPOON.csv,2000,0.975609756097561,0.15327592845864346
