file,nrBest,proportionBest,entropyNrActions
nr_221_id_20_04530cc14d9f2c96eb31863fc686e83713563c9e_QuadTree_GTSPOON.csv,192,0.09365853658536585,2.2088683480556197
