file,nrBest,proportionBest,entropyNrActions
nr_317_id_2_00a5838eb18ba5820bce7b2c1eb74d22b912d73e_Justify_GTSPOON.csv,564,0.2751219512195122,2.9901043008741066
