file,nrBest,proportionBest,entropyNrActions
nr_30_id_20_0075002fe790b8866ad3ad62825ce9f040701443_GeneratorMojo_GTSPOON.csv,1470,0.7170731707317073,1.1554277148229712
