file,nrBest,proportionBest,entropyNrActions
nr_503_id_34_4586ff88d65a5f7c6185907d097f17432290b239_ToCSV_GTSPOON.csv,753,0.3673170731707317,2.5918873636504984
