file,nrBest,proportionBest,entropyNrActions
nr_97_id_3_00af66c3f75c35f337e5074470b3957fc7c13685_ModelSynchronizePage_GTSPOON.csv,1916,0.9346341463414635,0.41382091742773597
