file,nrBest,proportionBest,entropyNrActions
nr_369_id_33_2ed7263c5e15067611a03f8897c9344107793524_JimuvaVisitor_GTSPOON.csv,256,0.1248780487804878,2.489893655051094
