file,nrBest,proportionBest,entropyNrActions
nr_458_id_18_08a5c17d6de95513458f0a23752bb56d3f564a95_Util_GTSPOON.csv,125,0.06097560975609756,2.4010522937665235
