file,nrBest,proportionBest,entropyNrActions
nr_78_id_1_00d85e74921459b34e70eb93368245b4c0a9bf5f_BrowserActivity_GTSPOON.csv,188,0.09170731707317073,2.517857660711873
