file,nrBest,proportionBest,entropyNrActions
nr_321_id_6_0201766707ac85a28621762283ae191075df2356_MessageUploadThread_GTSPOON.csv,309,0.15073170731707317,3.249429767201207
