file,nrBest,proportionBest,entropyNrActions
nr_442_id_25_0fdb55663e727b5ac98c2467c288e634252d7824_HStoreSite_GTSPOON.csv,135,0.06585365853658537,2.6291983689691962
