file,nrBest,proportionBest,entropyNrActions
nr_207_id_20_03eebb14845eb05a0e85c78ab0d2f278b1625a79_ChannelHandler_GTSPOON.csv,1730,0.8439024390243902,0.8744857793207191
