file,nrBest,proportionBest,entropyNrActions
nr_546_id_3_038cc2cbfc7d2895dfec8469eccb60e7146ec87c_Page2_GTSPOON.csv,1003,0.4892682926829268,2.201602848901097
