file,nrBest,proportionBest,entropyNrActions
nr_126_id_11_01946c74f067bc8761c6b97f16d7937dcf9cc630_AgentClientProvider_GTSPOON.csv,125,0.06097560975609756,1.0673089105901914
