file,nrBest,proportionBest,entropyNrActions
nr_94_id_34_0f6148b98e20ffc5545fd437b7c9e7c58e687c1f_HelpContent_GTSPOON.csv,88,0.042926829268292686,2.776844098631706
