file,nrBest,proportionBest,entropyNrActions
nr_80_id_6_0091dc1067f3f823e84acc166f991772989951ff_UniTimeFrameDialog_GTSPOON.csv,192,0.09365853658536585,1.7599273052250648
