file,nrBest,proportionBest,entropyNrActions
nr_325_id_34_2d64958a266cfa246125dafa74b36be46cc0123a_NoteManager_GTSPOON.csv,1649,0.8043902439024391,0.9873658800197161
