file,nrBest,proportionBest,entropyNrActions
nr_501_id_18_098e0dccdf698a1db5084fffed39a399a2c17b9b_Ship_GTSPOON.csv,1458,0.7112195121951219,1.3520958545609265
