file,nrBest,proportionBest,entropyNrActions
nr_411_id_26_0e01c99ff77fb2d73692d0ed33dbbbcc52330411_BuildPathHelper_GTSPOON.csv,1457,0.7107317073170731,1.1129160885472569
