file,nrBest,proportionBest,entropyNrActions
nr_391_id_15_0736d3d0fde6c166d9cb1218224f0df3b10dab32_User_GTSPOON.csv,1825,0.8902439024390244,0.6221219872159061
