file,nrBest,proportionBest,entropyNrActions
nr_512_id_32_2d15918309eaabfedc8c60b13162e53cb636fa93_CoreStubber_GTSPOON.csv,1087,0.5302439024390244,1.7864480532710543
