file,nrBest,proportionBest,entropyNrActions
nr_28_id_16_00a966cd46b6b26943596ac2f2fd349fdff6309e_CytoscapeInit_GTSPOON.csv,90,0.04390243902439024,2.326333920036827
