file,nrBest,proportionBest,entropyNrActions
nr_491_id_7_0521bc977c64881a45162a32e7d60c1a664898d8_DBServer_GTSPOON.csv,1483,0.7234146341463414,1.2493661499438335
