file,nrBest,proportionBest,entropyNrActions
nr_431_id_6_02a0173b5bf6e2de5d9877cea44c595b0662a696_DocumentModel_GTSPOON.csv,1560,0.7609756097560976,1.0064505010960103
