file,nrBest,proportionBest,entropyNrActions
nr_259_id_19_0655dc99fb5824616556a785083fe5da2dc762fe_Path_GTSPOON.csv,619,0.3019512195121951,2.648047412890398
