file,nrBest,proportionBest,entropyNrActions
nr_232_id_26_0879e934c24992359fa08d2083bc36a5ddd0187b_UserTest_GTSPOON.csv,542,0.26439024390243904,1.81625972679934
