file,nrBest,proportionBest,entropyNrActions
nr_345_id_15_065186e8d3a5f31a18e9aedeba019af22e929e89_GameLoop_GTSPOON.csv,1643,0.8014634146341464,1.1001378576541625
