file,nrBest,proportionBest,entropyNrActions
nr_468_id_34_3ffe979c63689dd120b277ea6081612713175eb7_Util_GTSPOON.csv,1548,0.7551219512195122,1.2215581961039899
