file,nrBest,proportionBest,entropyNrActions
nr_495_id_11_06cd2e6e655ada9ad882150fcabf16db1b26398d_AddCard_GTSPOON.csv,1710,0.8341463414634146,0.744714535876871
