file,nrBest,proportionBest,entropyNrActions
nr_242_id_28_0a77e0981b8dbb0a1e5221497fe11d4fbed449c6_LedgerServices_GTSPOON.csv,136,0.06634146341463415,3.2630438968434285
