file,nrBest,proportionBest,entropyNrActions
nr_78_id_19_0200ea36240d8a4663e596a03f8ae420a7e3e23e_AutoResizeTextView_GTSPOON.csv,1717,0.8375609756097561,0.7355065730154273
