file,nrBest,proportionBest,entropyNrActions
nr_119_id_12_01658cc454874e0a644d2a0b11d8a22ad7930b16_MessageNotifier_GTSPOON.csv,1219,0.5946341463414634,1.6712593663620412
