file,nrBest,proportionBest,entropyNrActions
nr_337_id_10_034d97521a0149d277c9d1f407bd525d42788a88_CoreConfidenceTests_GTSPOON.csv,210,0.1024390243902439,2.251061186532225
