file,nrBest,proportionBest,entropyNrActions
nr_151_id_1_01af8c7252c90cd260ee22f90290cd963237a0bc_Generator_GTSPOON.csv,1659,0.8092682926829269,0.9920999345137614
