file,nrBest,proportionBest,entropyNrActions
nr_65_id_21_020c39e42181f3c409afab81f04c5a4449884c0b_CurrentOfNode_GTSPOON.csv,1468,0.7160975609756097,1.35522127868604
