file,nrBest,proportionBest,entropyNrActions
nr_299_id_16_0575f128381e1dadad291063238c11f1abe49c81_CrawlSwitchboard_GTSPOON.csv,1071,0.5224390243902439,1.859873639730806
