file,nrBest,proportionBest,entropyNrActions
nr_117_id_30_07662d83d2d3f80f259feaaef446d20316e7752e_TypeSystem_GTSPOON.csv,179,0.0873170731707317,2.600354799758927
