file,nrBest,proportionBest,entropyNrActions
nr_259_id_2_0080cdda6523d689ddd9f048a37ee81d41964cd7_Messaging_GTSPOON.csv,1665,0.8121951219512196,0.9376916694956151
