file,nrBest,proportionBest,entropyNrActions
nr_520_id_32_2dc30a7808ab9487422bab0b3a839e0458d4037b_UseListener_GTSPOON.csv,1829,0.8921951219512195,0.3972177919295545
