file,nrBest,proportionBest,entropyNrActions
nr_255_id_12_02c2bd70067a8aade1433453ded8e5ab03e38490_SkeletonBTreeMap_GTSPOON.csv,25,0.012195121951219513,2.752702650561745
