file,nrBest,proportionBest,entropyNrActions
nr_167_id_17_034d9db22fc93134ab6429036e88e7d07ed6c211_Deck_GTSPOON.csv,1918,0.935609756097561,0.4082830658423379
