file,nrBest,proportionBest,entropyNrActions
nr_491_id_33_3b13dafabeb032f7e65a96d79d4e1c929373b910_Matrix_GTSPOON.csv,1211,0.5907317073170731,1.4785606709830657
