file,nrBest,proportionBest,entropyNrActions
nr_56_id_11_00a2cb113c8f8343041354a776832239e328a6b3_AbstractConnectionController_GTSPOON.csv,716,0.3492682926829268,2.2365834625586647
