file,nrBest,proportionBest,entropyNrActions
nr_85_id_28_03ed227a102ffe111782ca0ce06c578789be8885_TestActivity_GTSPOON.csv,659,0.32146341463414635,1.3637863277180353
