file,nrBest,proportionBest,entropyNrActions
nr_190_id_26_0744624ef4b230900da927f612832321b99a4a5e_Manager_GTSPOON.csv,132,0.06439024390243903,2.9886894660900354
