file,nrBest,proportionBest,entropyNrActions
nr_321_id_37_8fdab14c82c44309cd1b4d463101e112d61962f0_DetectCutAndPasteCmd_GTSPOON.csv,1175,0.573170731707317,1.7592266463901483
