file,nrBest,proportionBest,entropyNrActions
nr_151_id_14_0202dc6d6b858727d44774ea5eca5d195441c1aa_StencilTableGui_GTSPOON.csv,1652,0.8058536585365854,0.9975296072725239
