file,nrBest,proportionBest,entropyNrActions
nr_243_id_38_a62622b31107f97be7da9a4b79393e465b64fd36_ContactsProvider2_GTSPOON.csv,181,0.08829268292682926,3.1848540848415983
