file,nrBest,proportionBest,entropyNrActions
nr_562_id_1_0642af0c7fa2f74a46e7e50266614f13f01fef35_Remesh_GTSPOON.csv,96,0.04682926829268293,3.719679923796048
