file,nrBest,proportionBest,entropyNrActions
nr_263_id_24_084ccf934b6a005fd515001f2593924044ba95f2_Gadget_GTSPOON.csv,1561,0.7614634146341464,1.13323292862386
