file,nrBest,proportionBest,entropyNrActions
nr_357_id_21_0960ac760e284015e0e9e7897f74f376e06d3a66_CliTester_GTSPOON.csv,1666,0.8126829268292682,0.9160730969042901
