file,nrBest,proportionBest,entropyNrActions
nr_63_id_25_020ce81631d25de20e2be49cc6b25fb13ac7ad58_WorkManager_GTSPOON.csv,1575,0.7682926829268293,1.0590781216270577
