file,nrBest,proportionBest,entropyNrActions
nr_487_id_18_093d4d96b1ec8a37807ead86dc89a67853dc2f70_MapFile_GTSPOON.csv,1144,0.5580487804878049,1.940124753182665
