file,nrBest,proportionBest,entropyNrActions
nr_186_id_7_02064ac5b5bc344fa7f47aea3531a791b5202abf_DataTypeTests_GTSPOON.csv,125,0.06097560975609756,1.6287107809293426
