file,nrBest,proportionBest,entropyNrActions
nr_168_id_34_19cf97e1f8a569ad782756183419b7ba45ce15a0_ContactsProvider2_GTSPOON.csv,16,0.007804878048780488,1.8458522191729232
