file,nrBest,proportionBest,entropyNrActions
nr_501_id_13_076786d4aa1f4034ca27a6d78489aa4d0b18fd8d_StackToTree_GTSPOON.csv,1847,0.9009756097560976,0.5566076503388246
