file,nrBest,proportionBest,entropyNrActions
nr_149_id_4_007ef98deca27d69c9f681eefc6bca712bb0b547_Utils_GTSPOON.csv,1,0.0004878048780487805,2.5898512485458762
