file,nrBest,proportionBest,entropyNrActions
nr_260_id_19_065752d0b858268bd1fe3208f64129638fcdf411_InCallMenu_GTSPOON.csv,1054,0.5141463414634146,2.0806369859238263
