file,nrBest,proportionBest,entropyNrActions
nr_184_id_33_16546f951a7786c56881bbd62535d8eb0c70ba33_AuthorizationEntry_GTSPOON.csv,1360,0.6634146341463415,1.4012366821723208
