file,nrBest,proportionBest,entropyNrActions
nr_205_id_4_00b5d5bb7bd8113cbb27360eb1e3e411e2c61d13_CraftPlayer_GTSPOON.csv,160,0.07804878048780488,2.658027504558431
