file,nrBest,proportionBest,entropyNrActions
nr_296_id_19_0706155a4c3e443bc320541b6bae7f831c6452e9_WSDropShadowLayout_GTSPOON.csv,1837,0.8960975609756098,0.5231993938096724
