file,nrBest,proportionBest,entropyNrActions
nr_490_id_11_06bd5a8726e8c0897f05726cf1f61cc04e88ee24_FastTrackWindow_GTSPOON.csv,278,0.13560975609756099,2.492526493591537
