file,nrBest,proportionBest,entropyNrActions
nr_512_id_15_09448e78e27636fc666d5baf397b1fdf23515eee_BulletPeer_GTSPOON.csv,243,0.11853658536585365,2.7795444940676957
