file,nrBest,proportionBest,entropyNrActions
nr_318_id_18_0652056dd076540f2a9899180604294ff89a18e5_MessagePanelHandler_GTSPOON.csv,1088,0.5307317073170732,1.9225807297378303
