file,nrBest,proportionBest,entropyNrActions
nr_303_id_28_0d9e08a44c1e07a2b826bbf9f4c1aaa81ff5c9b9_Cell_GTSPOON.csv,122,0.05951219512195122,2.6156858779725543
