file,nrBest,proportionBest,entropyNrActions
nr_109_id_26_041069273380326b943b5097e87275fc86b49e62_AdminServlet_GTSPOON.csv,1015,0.4951219512195122,2.1710304083925163
