file,nrBest,proportionBest,entropyNrActions
nr_318_id_17_066811e20a746e38aaeadf653a2c6a415ab0f7d4_SchemaService_GTSPOON.csv,880,0.4292682926829268,0.7168982239790028
