file,nrBest,proportionBest,entropyNrActions
nr_653_id_6_0406122c6c0b71ed8ac26bf8c42977762c64fec6_xPermissions_GTSPOON.csv,2005,0.9780487804878049,0.14770935745638206
