file,nrBest,proportionBest,entropyNrActions
nr_553_id_10_05656b140e015baf88501ef100203fcfbb269457_LoadBalancerTest_GTSPOON.csv,217,0.10585365853658536,2.6869801874975323
