file,nrBest,proportionBest,entropyNrActions
nr_34_id_26_014bedfff05e335e16d8713a22de4ca78e6f58a0_MIOPTest_GTSPOON.csv,190,0.09268292682926829,1.9184809674166465
