file,nrBest,proportionBest,entropyNrActions
nr_605_id_1_06cd6218141f3e9c434983d0edfa4df695a9dc98_ZipFilePlugin_GTSPOON.csv,1381,0.6736585365853659,1.4229514704101107
