file,nrBest,proportionBest,entropyNrActions
nr_248_id_3_01aae90b5eb28619112ceedef9ef64cb771e63b7_Base_GTSPOON.csv,192,0.09365853658536585,2.836524910368475
