file,nrBest,proportionBest,entropyNrActions
nr_176_id_12_01faf732572c07c3a926e08593b5c51c6efa058c_ClearCaseRepository_GTSPOON.csv,25,0.012195121951219513,1.396926342951732
