file,nrBest,proportionBest,entropyNrActions
nr_542_id_33_40541602c09c70093603fef2460bc5d81423ab8d_AssessmentSettingsBean_GTSPOON.csv,210,0.1024390243902439,2.281081189404992
