file,nrBest,proportionBest,entropyNrActions
nr_276_id_28_0c39284106d29e8852197d163dcc95c01da29f0d_DeviceHost_GTSPOON.csv,1565,0.7634146341463415,0.9470995445384028
