file,nrBest,proportionBest,entropyNrActions
nr_248_id_22_06785b426e6192edf763474a29758b77be0c2f37_DefaultRegex_GTSPOON.csv,1418,0.6917073170731707,1.3687596769536512
