file,nrBest,proportionBest,entropyNrActions
nr_367_id_3_026821b54a411898cc894262d03c0d2565be528a_MatchRecordBean_GTSPOON.csv,183,0.08926829268292683,2.432223015596998
