file,nrBest,proportionBest,entropyNrActions
nr_404_id_3_02a6cfee61bd2f93795f92b254fc613310b7143a_Strings_GTSPOON.csv,1914,0.9336585365853659,0.3445045992159827
