file,nrBest,proportionBest,entropyNrActions
nr_251_id_15_04ad71aa01d20d3399973cdb121815a167d55a9a_DefaultRoomHandler_GTSPOON.csv,1824,0.8897560975609756,0.6364562940776582
