file,nrBest,proportionBest,entropyNrActions
nr_418_id_23_0cfd075201367b6910ef3a76f6bc1933d6083b83_ValidationUtility_GTSPOON.csv,1848,0.9014634146341464,0.4812481083435217
