file,nrBest,proportionBest,entropyNrActions
nr_78_id_5_00b0be05e216a864a5c2f1a3e0b389a019d83e43_AdActivity_GTSPOON.csv,1132,0.5521951219512196,2.0970671073870792
