file,nrBest,proportionBest,entropyNrActions
nr_446_id_28_13dcf7da312a5838740ae35499d820b10c7a6204_VirtualWorldOverview_GTSPOON.csv,1519,0.7409756097560976,1.2143961246990296
