file,nrBest,proportionBest,entropyNrActions
nr_159_id_8_0170cc6920536d9f5a91b67a4513d103cdc94a76_JPanelTicketSales_GTSPOON.csv,1939,0.9458536585365853,0.3419757450130849
