file,nrBest,proportionBest,entropyNrActions
nr_75_id_14_011450c78b09b1e63d1133ec02d76bc313360e69_DocumentClosure_GTSPOON.csv,223,0.10878048780487805,2.92458040028441
