file,nrBest,proportionBest,entropyNrActions
nr_347_id_27_0f2303e8d508451753961b85c52298e33f4cea56_CordovaWebView_GTSPOON.csv,250,0.12195121951219512,2.660374432653374
