file,nrBest,proportionBest,entropyNrActions
nr_159_id_15_0323a9179131005c147031859c1636ce6e2e1e94_CarouselImageChooserModel_GTSPOON.csv,216,0.10536585365853658,2.5022333492695683
