file,nrBest,proportionBest,entropyNrActions
nr_176_id_21_04ab77b76db44859a9204c63d656d751323b3326_CompactorGUI_GTSPOON.csv,1666,0.8126829268292682,0.7810536459342632
