file,nrBest,proportionBest,entropyNrActions
nr_425_id_14_062a1a472d5c7cd006700cdd0f439ecd368f6289_SnippetTokenizer_GTSPOON.csv,1639,0.7995121951219513,0.9326305542025902
