file,nrBest,proportionBest,entropyNrActions
nr_239_id_10_0235b3b4ab47fa015a6199221d2c5a7a4a75d2cf_MSBaseParser_GTSPOON.csv,1814,0.8848780487804878,0.6877060599591525
