file,nrBest,proportionBest,entropyNrActions
nr_373_id_32_20f972553191b3368d7d3a5141085c5d2855349b_VisualIllusionsMinecraftPlugin_GTSPOON.csv,1694,0.8263414634146341,0.8046522642445313
