file,nrBest,proportionBest,entropyNrActions
nr_441_id_20_087f1e05066e34d80f41213646c975b324c651ce_JiraLinkBeautifierInterceptor_GTSPOON.csv,1432,0.6985365853658536,1.4766550730693941
