file,nrBest,proportionBest,entropyNrActions
nr_550_id_5_048b6837d50c1e63668db67b53ff127f0543fd18_OptionsFrame_GTSPOON.csv,800,0.3902439024390244,2.4922915258437692
