file,nrBest,proportionBest,entropyNrActions
nr_267_id_16_04e571064fb3b46ffbd256f6701a6d24c272bbd1_ChartFactory_GTSPOON.csv,478,0.23317073170731709,2.538747731163501
