file,nrBest,proportionBest,entropyNrActions
nr_226_id_14_03588db3019fd554367e2904d1dde23b789a4209_CommandParser_GTSPOON.csv,641,0.3126829268292683,2.35904869838352
