file,nrBest,proportionBest,entropyNrActions
nr_268_id_30_10b7a79e93311252066a67df20b6418488ac06c7_ReceiveUrl_GTSPOON.csv,1727,0.8424390243902439,0.6944262561549167
