file,nrBest,proportionBest,entropyNrActions
nr_60_id_12_00b66fecc241feb85e3db365d59c29b098647f41_Main_GTSPOON.csv,594,0.2897560975609756,3.013738579177802
