file,nrBest,proportionBest,entropyNrActions
nr_612_id_6_03c4ad6ddc4e440149a264234e93504a34dec91c_MD2Loader_GTSPOON.csv,389,0.1897560975609756,3.1016215467415984
