file,nrBest,proportionBest,entropyNrActions
nr_697_id_2_017f86029d186c6726c99718c3ce522c7b7f5533_RoleDao_GTSPOON.csv,1818,0.8868292682926829,0.6439820679667476
