file,nrBest,proportionBest,entropyNrActions
nr_336_id_15_061fcf60cbeba9f362dd80245e6911a6c769deaf_User_GTSPOON.csv,5,0.0024390243902439024,1.716640493574615
