file,nrBest,proportionBest,entropyNrActions
nr_133_id_30_085e5207de518d5d7068496ad985206b2befeac7_SourceTest_GTSPOON.csv,1800,0.8780487804878049,0.4715013817090065
