file,nrBest,proportionBest,entropyNrActions
nr_73_id_21_023ac9af0bd68c32a5a1c5f9eef3c35dd8c61147_GameBoard_GTSPOON.csv,294,0.14341463414634145,2.9704194249444527
