file,nrBest,proportionBest,entropyNrActions
nr_26_id_35_05e5a8be64752e917c1d2033bfb61732290d037f_PPbot_GTSPOON.csv,80,0.03902439024390244,2.7210552343192913
