file,nrBest,proportionBest,entropyNrActions
nr_83_id_23_026c83fd95a11ddb7ef97a1e829cf51a44e9e131_Game1_GTSPOON.csv,51,0.024878048780487806,1.3706114576316937
