file,nrBest,proportionBest,entropyNrActions
nr_130_id_26_04c1312337509eaae73ed20608288ed2ece02041_PyProxy_GTSPOON.csv,2015,0.9829268292682927,0.10520570474832268
