file,nrBest,proportionBest,entropyNrActions
nr_286_id_16_05438e72cceb3c6a88731828b4a516e8a2b9daac_TransactionInfo_GTSPOON.csv,100,0.04878048780487805,0.3614942575780495
