file,nrBest,proportionBest,entropyNrActions
nr_80_id_26_030158b4874303ef64913ad14780b10fe3894771_EncryptMessageActivity_GTSPOON.csv,995,0.4853658536585366,2.0080172922190425
