file,nrBest,proportionBest,entropyNrActions
nr_219_id_24_06b90ce4ba5246e3a1f0e4a4c0099210de700364_PgxProductReader_GTSPOON.csv,774,0.3775609756097561,1.2951180764179624
