file,nrBest,proportionBest,entropyNrActions
nr_365_id_23_0ba45871c189ff88d5f43f2c0791aeb8b1a79360_WFConnection_GTSPOON.csv,170,0.08292682926829269,2.643998100236896
