file,nrBest,proportionBest,entropyNrActions
nr_411_id_26_0e01c99ff77fb2d73692d0ed33dbbbcc52330411_MenuBarHelper_GTSPOON.csv,1960,0.9560975609756097,0.24483348775191532
