file,nrBest,proportionBest,entropyNrActions
nr_485_id_13_072e730b754ef3f3c4887268c8d349dc2e5a7118_CustomerController_GTSPOON.csv,1800,0.8780487804878049,0.6322406461174631
