file,nrBest,proportionBest,entropyNrActions
nr_409_id_21_0a7b6ef417d42cb92aeb1883eefa123a7d40b766_Dialog_GTSPOON.csv,1848,0.9014634146341464,0.5496855021241649
