file,nrBest,proportionBest,entropyNrActions
nr_187_id_28_083c78e74e46ca28de98f750844dd1502ba32fa6_PlatformActivator_GTSPOON.csv,1212,0.5912195121951219,1.960425702163788
