file,nrBest,proportionBest,entropyNrActions
nr_329_id_29_1338e461bfb7ee6c0d82a2a4831c3b25a1f9ab6c_AgentModule_GTSPOON.csv,1415,0.6902439024390243,1.411909663490798
