file,nrBest,proportionBest,entropyNrActions
nr_422_id_23_0d264043c490edbd659626cf8187a63ee59acb43_Main_GTSPOON.csv,1743,0.8502439024390244,0.7903773245767203
