file,nrBest,proportionBest,entropyNrActions
nr_217_id_32_13bf4a34303bc75fdcd53d4c909f50761953e2dc_PlayerStateView_GTSPOON.csv,36,0.0175609756097561,1.0844003109740277
