file,nrBest,proportionBest,entropyNrActions
nr_128_id_31_0923e66594533bd116fde031878a86f6259634dc_ObjectTypeSpec_GTSPOON.csv,1929,0.9409756097560975,0.3653732533279224
