file,nrBest,proportionBest,entropyNrActions
nr_382_id_31_1a982837098c3065b5c883defe03e2e15720f945_StructureTest_GTSPOON.csv,155,0.07560975609756097,2.639875310043701
