file,nrBest,proportionBest,entropyNrActions
nr_404_id_27_121fae0a767e56e1acd1681ae84f6b49ddd73552_FlagCommand_GTSPOON.csv,1180,0.5756097560975609,1.695056087177349
