file,nrBest,proportionBest,entropyNrActions
nr_387_id_22_0955eff86147b44fcfa88400e62fc46fa9b35c48_SubMenuManager_GTSPOON.csv,1547,0.7546341463414634,1.1812375545009974
