file,nrBest,proportionBest,entropyNrActions
nr_241_id_21_064abce92848f852c0f278a44ebf75f2461dc627_GirlsActivity_GTSPOON.csv,1436,0.7004878048780487,1.3778390634112059
