file,nrBest,proportionBest,entropyNrActions
nr_178_id_19_0458231c09170c9348da8b1b33d1aaef87ce4dad_Logger_GTSPOON.csv,1700,0.8292682926829268,0.8147558797435251
