file,nrBest,proportionBest,entropyNrActions
nr_498_id_34_44bc0d21562d017f83d3c4326062b2e3f141ff6b_ToNumberTest_GTSPOON.csv,1806,0.8809756097560976,0.45473127016358283
