file,nrBest,proportionBest,entropyNrActions
nr_368_id_23_0ba9a44ab3c5463b77e2f9250f2cacba1409774d_OsdManager_GTSPOON.csv,1084,0.5287804878048781,1.5247677558278352
