file,nrBest,proportionBest,entropyNrActions
nr_14_id_37_044d4c04df0b2e374c2da42c3946c05b49b93891_SettingsDialog_GTSPOON.csv,29,0.014146341463414635,3.0816254729752233
