file,nrBest,proportionBest,entropyNrActions
nr_318_id_15_05f6570e40d3de76c4e0810928cc343a396a16af_JEE5ModelProvider_GTSPOON.csv,1072,0.5229268292682927,1.950183013158128
