file,nrBest,proportionBest,entropyNrActions
nr_377_id_15_06f178f9add1c703ce646b156724cb0e974d55c5_AliasTypeSpec_GTSPOON.csv,914,0.4458536585365854,2.3180225822572593
