file,nrBest,proportionBest,entropyNrActions
nr_34_id_18_00821620a73a67f4e9153b0e522849be1c5e5b3e_Slicer_GTSPOON.csv,198,0.09658536585365854,2.729028171395851
