file,nrBest,proportionBest,entropyNrActions
nr_25_id_30_021996fea6144be69893d2254172222946039535_LegacyContactImporterPerformanceTest_GTSPOON.csv,1829,0.8921951219512195,0.5746095903804477
