file,nrBest,proportionBest,entropyNrActions
nr_342_id_13_04ef5def15b7ac819c89fe9843018347f53a38b8_ResourceTest_GTSPOON.csv,120,0.05853658536585366,2.7458594672615826
