file,nrBest,proportionBest,entropyNrActions
nr_466_id_19_0b1359e4795b62154e999488db54ae2ed3fe9f75_SHPImportExportTest_GTSPOON.csv,1479,0.7214634146341463,1.1922313448743542
