file,nrBest,proportionBest,entropyNrActions
nr_282_id_38_be3a0c9e09e3a026b72221166ac917462745f62b_UpdateBlog_GTSPOON.csv,80,0.03902439024390244,0.9104530546113091
