file,nrBest,proportionBest,entropyNrActions
nr_770_id_2_01a64e95ecebf0a185450d83af90cbe11172903f_DroxPerms_GTSPOON.csv,1655,0.8073170731707318,0.9754341797447922
