file,nrBest,proportionBest,entropyNrActions
nr_119_id_37_377b4b32d6ae93d3d85776f47a55c424058c4a31_WildcardTableSpec_GTSPOON.csv,348,0.16975609756097562,1.1602599617253329
