file,nrBest,proportionBest,entropyNrActions
nr_166_id_16_033a66346151cf0551049fe65d06b4c0ba09ecaa_Subject_GTSPOON.csv,1290,0.6292682926829268,1.5546126390439743
