file,nrBest,proportionBest,entropyNrActions
nr_596_id_8_04b7fac4a6635a42917c77e5df86240a849f6d8b_AllTests_GTSPOON.csv,2012,0.9814634146341463,0.12618559333727056
