file,nrBest,proportionBest,entropyNrActions
nr_552_id_14_07eec3f58e2781c9a6e128611c0e80f7cd49ad91_BTree_GTSPOON.csv,1033,0.5039024390243902,2.0674747098131534
