file,nrBest,proportionBest,entropyNrActions
nr_227_id_17_049abba5a2634f37f73d2abe83906cc71b8ad3f7_PagedView_GTSPOON.csv,101,0.04926829268292683,3.047480951492681
