file,nrBest,proportionBest,entropyNrActions
nr_230_id_18_046ff82a99d4dd1c518df56dfb6a106236437cc3_PluginChannelUtils_GTSPOON.csv,1818,0.8868292682926829,0.6755987655643827
