file,nrBest,proportionBest,entropyNrActions
nr_166_id_3_011c611b78a6db252e29a4d3093bb4825f4f3d03_JavaWaitingThread_GTSPOON.csv,1910,0.9317073170731708,0.4229420837380637
