file,nrBest,proportionBest,entropyNrActions
nr_409_id_5_037184f3331101dd238094e3d27036651141462f_LeakingCloudServiceTest_GTSPOON.csv,1908,0.9307317073170732,0.4105885719975968
