file,nrBest,proportionBest,entropyNrActions
nr_157_id_23_04cb48f465e7a9382efa9438ef9826ba5bcb416d_Launcher_GTSPOON.csv,189,0.09219512195121951,2.5429569528453184
