file,nrBest,proportionBest,entropyNrActions
nr_683_id_5_05b64a547385d69621b2901778740ec771a2e9cd_ColorPickerPreference_GTSPOON.csv,1291,0.6297560975609756,1.5450075143710045
