file,nrBest,proportionBest,entropyNrActions
nr_138_id_31_09ea53130992eec5997155039ff703bb7c647ca6_Native_GTSPOON.csv,1547,0.7546341463414634,1.3232177033896555
