file,nrBest,proportionBest,entropyNrActions
nr_26_id_3_003c45020be67b0c4968f2b35f945313d748f5ca_Toolbar_GTSPOON.csv,1624,0.7921951219512195,1.0350565386677444
