file,nrBest,proportionBest,entropyNrActions
nr_420_id_11_05c3d33d5162f1d38f927620b31cce71a6afd56d_WebSocket_GTSPOON.csv,2020,0.9853658536585366,0.09824644123135831
