file,nrBest,proportionBest,entropyNrActions
nr_350_id_21_0913f14061889f6594c200d2d904739f1d1c79f0_AsyncEventThread_GTSPOON.csv,2000,0.975609756097561,0.16415604824207533
