file,nrBest,proportionBest,entropyNrActions
nr_58_id_16_0146d409f741547acc09829dbde7e16d2080341f_Node_GTSPOON.csv,1369,0.6678048780487805,1.3933976326890976
