file,nrBest,proportionBest,entropyNrActions
nr_14_id_2_0009f243ec252c06b7d605a670dc882fdaef689b_Transaction_GTSPOON.csv,1243,0.6063414634146341,1.8476469280983583
