file,nrBest,proportionBest,entropyNrActions
nr_427_id_14_0637ad7e2af4ad3114d1ab95d8b22986534fa49f_IBrowserAdapter_GTSPOON.csv,2015,0.9829268292682927,0.10520570474832268
