file,nrBest,proportionBest,entropyNrActions
nr_330_id_23_0aa6c5200d07051d9acc1d77123960261c4e9323_LoadingProcessPanel_GTSPOON.csv,1934,0.9434146341463414,0.3403280705198316
