file,nrBest,proportionBest,entropyNrActions
nr_25_id_5_0048c5a4190616980cc4c25b83ca22e62b26d076_FuncSTO_GTSPOON.csv,1919,0.9360975609756098,0.370672675979681
