file,nrBest,proportionBest,entropyNrActions
nr_283_id_10_02a515d0c90273b9b7f25cf77e685dceea0126c4_RestoreAgent_GTSPOON.csv,101,0.04926829268292683,2.9161453997992344
