file,nrBest,proportionBest,entropyNrActions
nr_267_id_8_0241901f488932e47cce4029d24dc3bb2d2b9a43_GroupedTest_GTSPOON.csv,2020,0.9853658536585366,0.10542985090382379
