file,nrBest,proportionBest,entropyNrActions
nr_71_id_21_022a4bb37453e071e5c8160a29f3337a8bc399ea_SOCBoardPanel_GTSPOON.csv,15,0.007317073170731708,3.705098905842038
