file,nrBest,proportionBest,entropyNrActions
nr_420_id_17_086e49c177c63b719042378a6948fcc3b6f3534a_TemplatesPool_GTSPOON.csv,1700,0.8292682926829268,0.8646746458424258
