file,nrBest,proportionBest,entropyNrActions
nr_41_id_16_00ec09472b6a4410071191eb65ee14346cc8d9c4_ControlEntity_GTSPOON.csv,342,0.16682926829268294,2.7850406484415897
