file,nrBest,proportionBest,entropyNrActions
nr_423_id_17_0887f74605a40410f20cde152cb913021f21a4fd_NotesListFragment_GTSPOON.csv,181,0.08829268292682926,3.3331985072029697
