file,nrBest,proportionBest,entropyNrActions
nr_227_id_20_046914991a113e49ef4aff190b9eab83877ae5d4_RemindMe_GTSPOON.csv,1441,0.7029268292682926,1.4461281507880326
