file,nrBest,proportionBest,entropyNrActions
nr_399_id_16_07361551ea6aaeb7338eb33d592dca1277be02b0_DetailFragment_GTSPOON.csv,95,0.046341463414634146,0.9077717118913287
