file,nrBest,proportionBest,entropyNrActions
nr_404_id_20_07c1d37e1673eb7d82b4147147c986031add6a02_AnnotationCollection_GTSPOON.csv,518,0.2526829268292683,2.759485812109773
