file,nrBest,proportionBest,entropyNrActions
nr_447_id_23_0df2550af68fc61b5962d92d2610531ca8b23bf0_HttpURLConnection_GTSPOON.csv,1170,0.5707317073170731,1.7075305678073511
