file,nrBest,proportionBest,entropyNrActions
nr_496_id_2_010a43b4383b15d6d9ae9a1bdcb02698f1694c63_RegistryManager_GTSPOON.csv,2027,0.988780487804878,0.07750857789826741
