file,nrBest,proportionBest,entropyNrActions
nr_382_id_35_48c66a72f5dc51fd146fae682e2a8029e181aaa1_Assembler_GTSPOON.csv,1343,0.6551219512195122,1.4295090863382558
