file,nrBest,proportionBest,entropyNrActions
nr_483_id_11_06a2b947b48b9ba6059f4345e345217dd1816362_MessageForumStatisticsBean_GTSPOON.csv,415,0.20243902439024392,2.9611377405926236
