file,nrBest,proportionBest,entropyNrActions
nr_348_id_24_0ab5f4b5e90d55bf628997ad7a753db5ce187045_RobotLeague_GTSPOON.csv,1196,0.5834146341463414,1.7595691973380756
