file,nrBest,proportionBest,entropyNrActions
nr_245_id_17_04fcc0ca53e80dc3c04b0fe847c076166d7ea491_ArtifactItem_GTSPOON.csv,1843,0.8990243902439025,0.5477318431229863
