file,nrBest,proportionBest,entropyNrActions
nr_214_id_28_0967b74a62720167226e903225d47f25bacc7f92_Base64InputStream_GTSPOON.csv,1362,0.6643902439024391,1.4706074461246506
