file,nrBest,proportionBest,entropyNrActions
nr_438_id_36_71f22572450fce3b860141f80477aa99dc0b75d0_FreeCol_GTSPOON.csv,120,0.05853658536585366,2.8726238517778224
