file,nrBest,proportionBest,entropyNrActions
nr_521_id_33_3dd2aff3ac7da73c17a3f769e63fd9463074a62d_Zipper_GTSPOON.csv,270,0.13170731707317074,3.053096421320168
