file,nrBest,proportionBest,entropyNrActions
nr_153_id_17_030bd8156b2a879a51e3e5317725d2539363b3bd_PlayerListener_GTSPOON.csv,1752,0.8546341463414634,0.7190320205219344
