file,nrBest,proportionBest,entropyNrActions
nr_224_id_19_05702270a7a152bc7e299d80e16e78ba75c099a8_HttpUtils_GTSPOON.csv,1303,0.635609756097561,1.6947582405848147
