file,nrBest,proportionBest,entropyNrActions
nr_507_id_5_042552c8b99cd246c89810331cc3fa8605ef1137_SWADMain_GTSPOON.csv,1552,0.7570731707317073,1.2096244647337395
