file,nrBest,proportionBest,entropyNrActions
nr_239_id_34_220a2ecf2687e7474d05d0c4d26a655d893b528f_FileSystemConnector_GTSPOON.csv,12,0.005853658536585366,2.2567377801935007
