file,nrBest,proportionBest,entropyNrActions
nr_500_id_25_11aff65b9fdf9d6a41abb6d6325e7037b97a2590_ItemTest_GTSPOON.csv,1418,0.6917073170731707,0.7101966422708219
