file,nrBest,proportionBest,entropyNrActions
nr_557_id_14_07f85f251ff2695664c9892061b8f6d3806a1cea_MyGallery_GTSPOON.csv,1628,0.7941463414634147,1.0061689660249389
