file,nrBest,proportionBest,entropyNrActions
nr_178_id_10_0180fe8d6e9677de39c4e54cc375f3ced710a034_TestBase_GTSPOON.csv,1642,0.8009756097560976,0.9401766610251198
