file,nrBest,proportionBest,entropyNrActions
nr_139_id_32_0c8b8a20c6dcd29c2372270d3f0b332f0020311c_PyLocal_GTSPOON.csv,209,0.10195121951219512,1.7192638560589262
