file,nrBest,proportionBest,entropyNrActions
nr_500_id_1_05871544afd1d62eb9371e1514a25f3e62062e78_GadgetDataServlet_GTSPOON.csv,1847,0.9009756097560976,0.5453582710105875
