file,nrBest,proportionBest,entropyNrActions
nr_324_id_19_07c2189bdb6d133886056ea1c02a302975f1e724_Ajc153Tests_GTSPOON.csv,1934,0.9434146341463414,0.3397716230425234
