file,nrBest,proportionBest,entropyNrActions
nr_143_id_29_083965dca6d17911c1a459183c8d7eb71d104142_Generator_GTSPOON.csv,98,0.04780487804878049,3.120717211751379
