file,nrBest,proportionBest,entropyNrActions
nr_71_id_10_00966bbc083a8df704d30abb36957cd3e8b27b8b_UserDaoImpl_GTSPOON.csv,1195,0.5829268292682926,1.734593035549911
