file,nrBest,proportionBest,entropyNrActions
nr_441_id_16_07f399789ed56abc8790269cd6d3ba62013a6893_StateExtensionTransformer_GTSPOON.csv,1548,0.7551219512195122,1.1597463935065335
