file,nrBest,proportionBest,entropyNrActions
nr_443_id_19_0a7b9c11796b3b9bb1657d58c00c5492f7a3e89a_DataSyncActivity_GTSPOON.csv,54,0.026341463414634145,1.7907954694975459
