file,nrBest,proportionBest,entropyNrActions
nr_239_id_22_062caafb3fd4bd9ce0888087a25a2c9e097e1712_Global_GTSPOON.csv,2006,0.9785365853658536,0.13581407365523213
