file,nrBest,proportionBest,entropyNrActions
nr_75_id_25_026dff889c80763fc322ed03e2d3a76750320138_Util_GTSPOON.csv,865,0.4219512195121951,2.0498449036298934
