file,nrBest,proportionBest,entropyNrActions
nr_453_id_31_1fb5bfc257898d585d37d85068009ef0e9dea03c_StripBox_GTSPOON.csv,988,0.4819512195121951,2.2311282133113384
