file,nrBest,proportionBest,entropyNrActions
nr_473_id_6_02df4f6e8f84a416522e7c9fc008c3a139a240c2_MapTileProviderBase_GTSPOON.csv,853,0.41609756097560974,2.6094696761369542
