file,nrBest,proportionBest,entropyNrActions
nr_261_id_38_ae736432f34960ae2ec8b65536193fd956f6c879_AutoCompleteRenderer_GTSPOON.csv,532,0.25951219512195123,2.4596790362928393
