file,nrBest,proportionBest,entropyNrActions
nr_294_id_4_011a78c21c3171d922263d706200b9ef2ed04ce2_Common_GTSPOON.csv,908,0.4429268292682927,2.386613522717445
