file,nrBest,proportionBest,entropyNrActions
nr_170_id_30_0ab2a58836b5a5a1b8e9154920faf8b279710b1d_ImmutableSet_GTSPOON.csv,1100,0.5365853658536586,1.84279827221797
