file,nrBest,proportionBest,entropyNrActions
nr_220_id_18_044afb49cd12130f3ca5aa5c8aefa357a4664973_Feature_GTSPOON.csv,6,0.002926829268292683,1.5200687013106051
