file,nrBest,proportionBest,entropyNrActions
nr_8_id_33_011fd15046ed800462776b63183f2d0ef03fbe7c_WebOfTrust_GTSPOON.csv,300,0.14634146341463414,2.0242154839599364
