file,nrBest,proportionBest,entropyNrActions
nr_119_id_25_040569301c69a6e10509230dd03252982419b271_AbstractModelLoader_GTSPOON.csv,138,0.06731707317073171,3.159041377881379
