file,nrBest,proportionBest,entropyNrActions
nr_501_id_13_076786d4aa1f4034ca27a6d78489aa4d0b18fd8d_Parser_GTSPOON.csv,76,0.037073170731707315,3.4010549279464835
