file,nrBest,proportionBest,entropyNrActions
nr_394_id_28_1166f32d7942a5cb1ad0fb1d53230596ccb3ae4e_Loader_GTSPOON.csv,20,0.00975609756097561,1.8284649875839318
