file,nrBest,proportionBest,entropyNrActions
nr_425_id_27_131f6b648514f3fc84ca856772f261e1d0ae461c_LayoutInterceptor_GTSPOON.csv,180,0.08780487804878048,1.4205673519987267
