file,nrBest,proportionBest,entropyNrActions
nr_708_id_3_04d802b5f46cd849b7e497b0487b6aa687223df1_BuildNumber_GTSPOON.csv,1839,0.8970731707317073,0.5820055188865834
