file,nrBest,proportionBest,entropyNrActions
nr_256_id_37_6e4c2c2c59c4a61f563eb581f5c503a15d87d713_Main_GTSPOON.csv,2016,0.9834146341463414,0.11563292534832095
