file,nrBest,proportionBest,entropyNrActions
nr_55_id_27_028c5ae8c2641dfd34796825315e9cf2e9395214_PitchMatrix_GTSPOON.csv,1057,0.515609756097561,2.1949545634581207
