file,nrBest,proportionBest,entropyNrActions
nr_176_id_29_0a2711b0771880da5a2634244589bb121db66c34_DefaultArtifactVersion_GTSPOON.csv,1495,0.7292682926829268,1.353977142459614
