file,nrBest,proportionBest,entropyNrActions
nr_600_id_8_04ba1c72c3291f7ddc621d06484b125c329373b5_Parser_GTSPOON.csv,55,0.026829268292682926,3.152987988967257
