file,nrBest,proportionBest,entropyNrActions
nr_273_id_32_179032afeb901efe40ab82aed9e811ab95f570e7_GetJsons_GTSPOON.csv,1721,0.8395121951219512,0.8136780717247606
