file,nrBest,proportionBest,entropyNrActions
nr_176_id_6_012d6c338f53c2b0e54545cd94951e350adf14c7_RequestHandler_GTSPOON.csv,185,0.09024390243902439,2.567890780397898
