file,nrBest,proportionBest,entropyNrActions
nr_464_id_24_0dc502d235dc601587e39f52463d8c10c1dc9b14_BuildingInfoEditPart_GTSPOON.csv,800,0.3902439024390244,2.713242431652587
