file,nrBest,proportionBest,entropyNrActions
nr_524_id_12_05b8c68444fa926e14ece07849f9d438a7e66fea_PersonListActivity_GTSPOON.csv,1775,0.8658536585365854,0.7592793381671551
