file,nrBest,proportionBest,entropyNrActions
nr_225_id_1_02afc72497a8c2e7e932838fd3485142ce3c1726_AbstractIntelliHints_GTSPOON.csv,937,0.45707317073170733,2.036372290522134
