file,nrBest,proportionBest,entropyNrActions
nr_142_id_6_00fecd3b3183c099bb451035c5af60f6d80cd282_ProductTest_GTSPOON.csv,1908,0.9307317073170732,0.39251317421191007
