file,nrBest,proportionBest,entropyNrActions
nr_311_id_13_0489d1308648ac7e09ac3ab1bd2d0685226f5ba2_GitWalk_GTSPOON.csv,1800,0.8780487804878049,0.48475582982986115
