file,nrBest,proportionBest,entropyNrActions
nr_388_id_8_032dc8b9124514f47fe36b883afa774921edd813_VelocityHelper_GTSPOON.csv,1429,0.6970731707317073,1.411003238693731
