file,nrBest,proportionBest,entropyNrActions
nr_273_id_11_038fec5efe4f63047dd7546eb03a1cf7530c022c_JBossServer_GTSPOON.csv,1349,0.6580487804878049,1.557237442498551
