file,nrBest,proportionBest,entropyNrActions
nr_313_id_27_0d80f8af5bb7a9bbf88433bfb9ee9e64b849d367_Scheduler_GTSPOON.csv,60,0.02926829268292683,1.6869840348355556
