file,nrBest,proportionBest,entropyNrActions
nr_250_id_24_07cc3fb2d93119771f647fd8114fe1fd94c04954_ModMetadata_GTSPOON.csv,1707,0.8326829268292683,0.845982450420116
