file,nrBest,proportionBest,entropyNrActions
nr_235_id_24_0751bce957028fb6558b8b16328fc8b43e97b0d9_Scale_GTSPOON.csv,477,0.2326829268292683,2.291418905670663
