file,nrBest,proportionBest,entropyNrActions
nr_349_id_32_1efdf68089db048859f659ebf5656da8fad592d9_Long_GTSPOON.csv,420,0.2048780487804878,2.8378032571122844
