file,nrBest,proportionBest,entropyNrActions
nr_12_id_19_004b2c9e270aee396d119a153127db2f103a553e_HtmlTable_GTSPOON.csv,1303,0.635609756097561,1.6112407537122837
