file,nrBest,proportionBest,entropyNrActions
nr_226_id_12_0279e674de8280a6456857f1767cb4b955d404e6_FileServeFileRunner_GTSPOON.csv,1412,0.688780487804878,1.3682216551696458
