file,nrBest,proportionBest,entropyNrActions
nr_489_id_9_05910f23fb92b53ae08018da9fda257f16bb9496_PathLayer_GTSPOON.csv,938,0.4575609756097561,1.9102102321175878
