file,nrBest,proportionBest,entropyNrActions
nr_15_id_25_008cc7ebdf39b844f130403400b111ef6d7d58a4_ColumnFamily_GTSPOON.csv,1302,0.6351219512195122,1.4670250392786643
