file,nrBest,proportionBest,entropyNrActions
nr_555_id_6_03672d1b311383eb1465579868cf0158ca51fa15_CanaryCommandReceiver_GTSPOON.csv,2007,0.9790243902439024,0.13793219533457365
