file,nrBest,proportionBest,entropyNrActions
nr_219_id_19_055c27d3f117477ea97febc2a5c0e8a896e65461_DefaultDOReplicator_GTSPOON.csv,436,0.2126829268292683,2.8411894969856575
