file,nrBest,proportionBest,entropyNrActions
nr_671_id_2_017290ea5512d1c648ebe511e334ae71b21f91f7_AMQPush_GTSPOON.csv,715,0.348780487804878,2.8577822330935105
