file,nrBest,proportionBest,entropyNrActions
nr_122_id_19_03142303db9b37d90a610b078972fa24c4451e38_PlayerUpdatePacket_GTSPOON.csv,365,0.17804878048780487,1.969474404371601
