file,nrBest,proportionBest,entropyNrActions
nr_253_id_25_08776f1b432999729f50790a4b27480c0ab7a3b6_Node_GTSPOON.csv,500,0.24390243902439024,2.3602329428846427
