file,nrBest,proportionBest,entropyNrActions
nr_327_id_33_2a267c269be069262b56df2bd28c97768dc3f410_CompleteParseASTFactory_GTSPOON.csv,29,0.014146341463414635,1.8059684938238239
