file,nrBest,proportionBest,entropyNrActions
nr_233_id_18_0485d560713ddb370a3ddff14a49694215d6fbfc_BaixingTestCase_GTSPOON.csv,148,0.0721951219512195,2.7535421159926834
