file,nrBest,proportionBest,entropyNrActions
nr_450_id_28_14090d58f2745c17ef2e185499b1cf4634482840_ZoneRenderer_GTSPOON.csv,112,0.054634146341463415,3.7751190957761147
