file,nrBest,proportionBest,entropyNrActions
nr_506_id_24_0f1cb068f3d3f31048a91250f92bfdf54c4c095f_Q3Test_GTSPOON.csv,168,0.08195121951219513,1.2462458308255473
