file,nrBest,proportionBest,entropyNrActions
nr_129_id_6_00e9746551d76837d598f279c63d3cfc19dc48e4_XmppConnection_GTSPOON.csv,173,0.08439024390243903,2.604915334711314
