file,nrBest,proportionBest,entropyNrActions
nr_493_id_11_06caa207f2d575f3e6830dae2db7c0d976f2c2e5_MainWindow_GTSPOON.csv,2025,0.9878048780487805,0.07848687125575374
