file,nrBest,proportionBest,entropyNrActions
nr_341_id_32_1e74a80238346db81fc209f4a0cc8376f9ee3569_SimpleNameImpl_GTSPOON.csv,1756,0.8565853658536585,0.7133481508617483
