file,nrBest,proportionBest,entropyNrActions
nr_228_id_32_14707819b68359a8c84058a33d4a49a24862426b_TemplateEngineHelper_GTSPOON.csv,1275,0.6219512195121951,1.6933593714182726
