file,nrBest,proportionBest,entropyNrActions
nr_142_id_4_007922de19cb8ea011e4e8431e3ae9c1d4d23807_Translations_GTSPOON.csv,1000,0.4878048780487805,1.6003757327892592
