file,nrBest,proportionBest,entropyNrActions
nr_13_id_28_00a306922d683622e59bb0173dc4d03c246155c0_ImageBundle_GTSPOON.csv,57,0.027804878048780488,2.370657948082172
