file,nrBest,proportionBest,entropyNrActions
nr_518_id_35_639374d3960330b408eb0ebd947965aaab1f4638_Assert_GTSPOON.csv,494,0.24097560975609755,2.4547285668375403
