file,nrBest,proportionBest,entropyNrActions
nr_205_id_32_12723032b5c7115e75e67236cba82ee6a731c180_TestRecord_GTSPOON.csv,1302,0.6351219512195122,1.4684556245723486
