file,nrBest,proportionBest,entropyNrActions
nr_238_id_32_1528ebc01f196bb2d93c95a90d65d976310b9b74_Engine_GTSPOON.csv,2000,0.975609756097561,0.14367802613919914
