file,nrBest,proportionBest,entropyNrActions
nr_523_id_1_05d62dae0884161c1c819f01e4659a79871978f1_CommandManager_GTSPOON.csv,1560,0.7609756097560976,1.1562831097163964
