file,nrBest,proportionBest,entropyNrActions
nr_401_id_33_326bf941730cfa7272abe9e79ab428f2d059b2a6_GameWindow_GTSPOON.csv,38,0.018536585365853658,2.9880026418199863
