file,nrBest,proportionBest,entropyNrActions
nr_412_id_10_03f3744d3e3aa0289ba7bbba3241fcf59d149379_TestModule_GTSPOON.csv,2023,0.9868292682926829,0.09475801819938945
