file,nrBest,proportionBest,entropyNrActions
nr_448_id_30_1b4da24a2624f27a69765c21b0ca2a249f0c1deb_RichText_GTSPOON.csv,137,0.06682926829268293,3.4049875097173667
