file,nrBest,proportionBest,entropyNrActions
nr_20_id_34_02ce35229a692431821818c6903c953dc72b945b_NetworkHandler_GTSPOON.csv,157,0.07658536585365854,2.3687519769783347
