file,nrBest,proportionBest,entropyNrActions
nr_615_id_4_02610ec5378997bcbd87e83b4cac86d0a718f999_ContentWriter_GTSPOON.csv,1576,0.7687804878048781,1.0368643450396173
