file,nrBest,proportionBest,entropyNrActions
nr_467_id_8_03dfeb87684794665e596d8f9d026152324f0247_Stairs_GTSPOON.csv,2025,0.9878048780487805,0.0912459653001948
