file,nrBest,proportionBest,entropyNrActions
nr_363_id_36_5c71a74844531857581c8568ee3678d934157e84_AMDirectoryManager_GTSPOON.csv,169,0.0824390243902439,2.861330180889267
