file,nrBest,proportionBest,entropyNrActions
nr_72_id_12_00db7e2be2e04bedc1032169d0e0f65c27a07366_WebDriverBrowser_GTSPOON.csv,346,0.16878048780487806,2.3828159190195075
