file,nrBest,proportionBest,entropyNrActions
nr_275_id_18_0585a383a337f4595866e2f9b1be414e2c926839_ShapeEditPart_GTSPOON.csv,1077,0.5253658536585366,2.1642983002597322
