file,nrBest,proportionBest,entropyNrActions
nr_489_id_25_11549fa6362ec86a2f788f45c19007f902018c9c_XPath_GTSPOON.csv,334,0.1629268292682927,2.4168298856293005
