file,nrBest,proportionBest,entropyNrActions
nr_89_id_4_004c1cf1e80a4109f91037495594f950db4a420b_DefaultTool_GTSPOON.csv,160,0.07804878048780488,2.756906291614426
