file,nrBest,proportionBest,entropyNrActions
nr_472_id_14_06c1b178e787603501307b6f5c9d4bee8fbd1891_Model_GTSPOON.csv,73,0.03560975609756097,3.3001033476978474
