file,nrBest,proportionBest,entropyNrActions
nr_304_id_29_12295fc9f0faf1df38897735d314995412a314f4_GuestController_GTSPOON.csv,760,0.37073170731707317,0.8159914478639103
