file,nrBest,proportionBest,entropyNrActions
nr_189_id_6_0149605d610fb4e993495393b7ca159e94cddea2_DefaultPassConfig_GTSPOON.csv,20,0.00975609756097561,2.5093087576813726
