file,nrBest,proportionBest,entropyNrActions
nr_120_id_20_027a3727309ef96a9f3af508c2405300e1191dd6_RobocodeMain_GTSPOON.csv,922,0.4497560975609756,2.0078457123317817
