file,nrBest,proportionBest,entropyNrActions
nr_318_id_31_1619135e774854e19c4f9bc8310de0771a1319a8_ExternalRest_GTSPOON.csv,1700,0.8292682926829268,0.871677147046325
