file,nrBest,proportionBest,entropyNrActions
nr_395_id_11_0572b1bf6f4374ab6c3740a158260738d2414923_Utility_GTSPOON.csv,333,0.1624390243902439,2.5023431609825115
