file,nrBest,proportionBest,entropyNrActions
nr_1_id_1_000058131f809292eb4a617308bac0b4b933bf6e_SingleAction_GTSPOON.csv,1835,0.8951219512195122,0.6056386092099744
