file,nrBest,proportionBest,entropyNrActions
nr_342_id_32_1e9ab428ad1b8ae55796b113a4174c986200fa82_TextureBuilder_GTSPOON.csv,90,0.04390243902439024,1.8910142897682094
