file,nrBest,proportionBest,entropyNrActions
nr_529_id_9_060ec058a243b172656da429a085a52832468b4f_FlexReader_GTSPOON.csv,139,0.06780487804878049,3.5568428775876018
