file,nrBest,proportionBest,entropyNrActions
nr_259_id_25_089fa2664494aedc71b8d566bb20b918a65503a5_RemoteServer_GTSPOON.csv,8,0.003902439024390244,2.026520277804607
