file,nrBest,proportionBest,entropyNrActions
nr_88_id_32_080f4e6d1a2f6b689c58210ee2b716e86c1dd249_MegauploadRunner_GTSPOON.csv,44,0.021463414634146343,3.3035082650614798
