file,nrBest,proportionBest,entropyNrActions
nr_76_id_18_014bc006e1edb94385b6fd9628bb6ad664ece91f_Item_GTSPOON.csv,740,0.36097560975609755,2.4374444250994474
