file,nrBest,proportionBest,entropyNrActions
nr_635_id_5_055603b09e9d620ea2c42262461e4f453d0a1689_Commandseen_GTSPOON.csv,1539,0.7507317073170732,1.0230669487272637
