file,nrBest,proportionBest,entropyNrActions
nr_358_id_9_043a90375f70a103452cc2b42c639bd83c63f977_AngularJSInjector_GTSPOON.csv,1440,0.7024390243902439,1.296603233178891
