file,nrBest,proportionBest,entropyNrActions
nr_405_id_21_0a75c4bd36ce486ff14bcdd0701f20f7006a176d_AdhocGroupsBean_GTSPOON.csv,1735,0.8463414634146341,0.8163505759434861
