file,nrBest,proportionBest,entropyNrActions
nr_136_id_23_0413dee7aa1f88238e50a3fdbe876a04279ebe61_WordList_GTSPOON.csv,186,0.09073170731707317,1.5676599729335416
