file,nrBest,proportionBest,entropyNrActions
nr_64_id_34_0a04531bdce9db6c051565b34f736ae81a9b5615_Neo4JWholeGraph_GTSPOON.csv,2030,0.9902439024390244,0.06692990848793702
