file,nrBest,proportionBest,entropyNrActions
nr_286_id_25_09a7ca8b62b78d45c9f3f6c376dc0e91b7419a4f_Database_GTSPOON.csv,159,0.0775609756097561,2.9759438004872614
