file,nrBest,proportionBest,entropyNrActions
nr_311_id_24_098a21a15bcea99e717040937c630ffe269337eb_DateRangeTest_GTSPOON.csv,1938,0.9453658536585365,0.27801915015561135
