file,nrBest,proportionBest,entropyNrActions
nr_92_id_14_0145ac7150c18020670e44429bbd63891a6e2642_HomeScreen_GTSPOON.csv,25,0.012195121951219513,1.9177770401111285
