file,nrBest,proportionBest,entropyNrActions
nr_360_id_12_03e8a7591e676b19452948da57416a9051f25084_CvsController_GTSPOON.csv,1301,0.6346341463414634,1.5187376490832654
