file,nrBest,proportionBest,entropyNrActions
nr_427_id_17_08a403e24f01482deec9ffe82b39d82d950ba9c5_Lexer_GTSPOON.csv,196,0.09560975609756098,2.527702424611189
