file,nrBest,proportionBest,entropyNrActions
nr_297_id_1_039807038e65191548ba7cbb3977eca1dc438b79_TimelineTopComponent_GTSPOON.csv,191,0.09317073170731707,2.6013090841345328
