file,nrBest,proportionBest,entropyNrActions
nr_332_id_3_02220a03af7e15e770f63a63b0504a3a2d322ada_Globals_GTSPOON.csv,1844,0.8995121951219512,0.5885972084510458
