file,nrBest,proportionBest,entropyNrActions
nr_328_id_29_1334696f03e31a5e1a65a3686f890206e9a3ee32_Constants_GTSPOON.csv,1628,0.7941463414634147,0.9855733479263791
