file,nrBest,proportionBest,entropyNrActions
nr_161_id_1_01e2bbf52a48768eba7008f33df5953a8c22d712_Tester_GTSPOON.csv,2013,0.9819512195121951,0.11360363453582424
