file,nrBest,proportionBest,entropyNrActions
nr_171_id_34_1a2d3b779144c16fd396f9304ec7ea8a46ecadfd_Main_GTSPOON.csv,888,0.43317073170731707,2.2992228501129377
