file,nrBest,proportionBest,entropyNrActions
nr_107_id_37_30231b0ca08256cb36fe059fd674cebdfad93d29_PerforceSCM_GTSPOON.csv,157,0.07658536585365854,2.668414043209978
