file,nrBest,proportionBest,entropyNrActions
nr_13_id_23_007abfe377547f0d289b5d54902a9031ee05a12a_Chromosome_GTSPOON.csv,1816,0.8858536585365854,0.6726151061133654
