file,nrBest,proportionBest,entropyNrActions
nr_181_id_19_04632208bf154f826b98d3616063ac2a971239a3_PlotWindow_GTSPOON.csv,176,0.08585365853658537,2.607982435665396
