file,nrBest,proportionBest,entropyNrActions
nr_176_id_21_04ab77b76db44859a9204c63d656d751323b3326_CompactRecipes_GTSPOON.csv,972,0.4741463414634146,2.0993438429006814
