file,nrBest,proportionBest,entropyNrActions
nr_474_id_2_00f93741072d8013566e9763b58816f9e657b8c4_AntiEntropyService_GTSPOON.csv,57,0.027804878048780488,3.1520429049408145
