file,nrBest,proportionBest,entropyNrActions
nr_218_id_37_60a3a21a625c75b97e8692e26161c602bcc43457_Style_GTSPOON.csv,1292,0.6302439024390244,1.367347198372312
