file,nrBest,proportionBest,entropyNrActions
nr_319_id_1_03c5b9d2bc680414338b2ce7c4d168ac030cb73f_KestrelBased_GTSPOON.csv,1842,0.8985365853658537,0.587314568177743
