file,nrBest,proportionBest,entropyNrActions
nr_281_id_37_78320e2424c89900654107917d16408cc5b21cd0_CCVHistogram_GTSPOON.csv,114,0.055609756097560976,2.3870036576879867
