file,nrBest,proportionBest,entropyNrActions
nr_100_id_5_00eb47e4b00e725ebf2c74096c36f6a29c55e451_SidebarPart_GTSPOON.csv,1749,0.853170731707317,0.6728805472864404
