file,nrBest,proportionBest,entropyNrActions
nr_489_id_32_2b403b7ca011979fbe6af29e03428ce83415aab3_JerseyUriBuilder_GTSPOON.csv,146,0.07121951219512195,2.6200524427234084
