file,nrBest,proportionBest,entropyNrActions
nr_156_id_25_050c936c468eaac5d210c2a129575befdda129cf_Reflect_GTSPOON.csv,1721,0.8395121951219512,0.8740479697949347
