file,nrBest,proportionBest,entropyNrActions
nr_486_id_17_09d106d44271165846c0130914dd917154527009_SolverPerformanceTest_GTSPOON.csv,386,0.18829268292682927,0.886844798012111
