file,nrBest,proportionBest,entropyNrActions
nr_255_id_17_052053457903bbb0b92fd8c482c261da9733a203_AdminReporterController_GTSPOON.csv,1057,0.515609756097561,1.8880938064093122
