file,nrBest,proportionBest,entropyNrActions
nr_139_id_10_0135d67b7ad3a5886a1a4ade5c144c12d09e734e_EmbargoManager_GTSPOON.csv,735,0.35853658536585364,2.4760458541289063
