file,nrBest,proportionBest,entropyNrActions
nr_131_id_20_02bf9d5cfe97da176518a7de7ae08fc1582ea415_AuditTest_GTSPOON.csv,2000,0.975609756097561,0.16010733550969186
