file,nrBest,proportionBest,entropyNrActions
nr_460_id_31_20323e6a6cf208266ef98174d0682882ebddae64_TransferEngine_GTSPOON.csv,152,0.07414634146341463,2.662812571109555
