file,nrBest,proportionBest,entropyNrActions
nr_262_id_11_036f435b4d7302c76b19683c6b10a797e42e2e6a_OpenIDServerAuthModule_GTSPOON.csv,145,0.07073170731707316,2.590953953537542
