file,nrBest,proportionBest,entropyNrActions
nr_209_id_17_0427fa0075637e2d83b7e41645400f4a4b9d3323_IScrollTable_GTSPOON.csv,183,0.08926829268292683,3.198630440704846
