file,nrBest,proportionBest,entropyNrActions
nr_332_id_11_045b755c5905ab0c692643af15f5bde0a35b82cf_AddPrivileges_GTSPOON.csv,1553,0.7575609756097561,1.112075783841216
