file,nrBest,proportionBest,entropyNrActions
nr_612_id_4_02607029e73d0c9b366ccb0114b4b5a0e58eb585_ClientGUI_GTSPOON.csv,1163,0.5673170731707317,1.9741428905905114
