file,nrBest,proportionBest,entropyNrActions
nr_457_id_27_150016295f2bad9fbe63626b53740e65d3eb9a1f_FormBuilderViewImpl_GTSPOON.csv,1907,0.9302439024390244,0.45033458284090166
