file,nrBest,proportionBest,entropyNrActions
nr_199_id_35_25cd74c0c144217be174cb96ae5fffe0a6215e5c_ParseNode_GTSPOON.csv,1754,0.855609756097561,0.7308911520041979
