file,nrBest,proportionBest,entropyNrActions
nr_299_id_20_05d5cf5e10b27839cfebb66f7a5e3b85a7b80c55_DRF_GTSPOON.csv,85,0.041463414634146344,2.432730223989344
