file,nrBest,proportionBest,entropyNrActions
nr_588_id_5_04e7e6f86429e82f018c1f16393e329617f3d363_ThreadPoolManagerImpl_GTSPOON.csv,1367,0.666829268292683,1.4937373225702464
