file,nrBest,proportionBest,entropyNrActions
nr_260_id_4_00f5c521d9d3e3cb616d04525d6703276a9caec4_SvnNgCat_GTSPOON.csv,1829,0.8921951219512195,0.6277643391251182
