file,nrBest,proportionBest,entropyNrActions
nr_315_id_27_0d9e86d5f3b3e6d3bccc568dd300389e697eae2c_Processes_GTSPOON.csv,1649,0.8043902439024391,0.9552605403728153
