file,nrBest,proportionBest,entropyNrActions
nr_186_id_32_1091865d4ad2fcf3732d094a6459f77e74c5f16b_DeckPicker_GTSPOON.csv,1337,0.6521951219512195,1.724025023251995
