file,nrBest,proportionBest,entropyNrActions
nr_197_id_8_01b1e0a2f20344e372377e693fbd887ee5c8cde3_AxisPath_GTSPOON.csv,121,0.059024390243902436,3.75823592852404
