file,nrBest,proportionBest,entropyNrActions
nr_153_id_22_03c1814aa9c77bf5e35c49389dbf5fe1f268360d_EncFSInputStream_GTSPOON.csv,1292,0.6302439024390244,1.6799736077216392
