file,nrBest,proportionBest,entropyNrActions
nr_503_id_13_076d29f320543bb670a510954af219de19a9a6b6_Entries_GTSPOON.csv,1016,0.49560975609756097,1.9793128832946878
