file,nrBest,proportionBest,entropyNrActions
nr_18_id_21_00a07241d17c4cc46753ee3d2b93908e1cc8b394_WordCountMonitor_GTSPOON.csv,1710,0.8341463414634146,0.7189662473906782
