file,nrBest,proportionBest,entropyNrActions
nr_499_id_8_04178285d383ddf54579ab498ccf0afd75b82824_HomeComponent3D_GTSPOON.csv,191,0.09317073170731707,2.526935802245653
