file,nrBest,proportionBest,entropyNrActions
nr_33_id_3_0048a6b7b9ab949c74d8a237ce8d1800472bb90d_FileParser_GTSPOON.csv,1751,0.8541463414634146,0.7872960779360688
