file,nrBest,proportionBest,entropyNrActions
nr_150_id_13_020f43aac38d6c5aa0ea445cf1b972483a5c6637_Main_GTSPOON.csv,1282,0.6253658536585366,1.2052080107478704
