file,nrBest,proportionBest,entropyNrActions
nr_11_id_37_03163433ee00a4abc3cfa837485958b5e46ae052_Apg_GTSPOON.csv,5,0.0024390243902439024,3.128065565923316
