file,nrBest,proportionBest,entropyNrActions
nr_471_id_36_79065dd391dffe3d5ed84e92408d63555cf20b84_PluginParser_GTSPOON.csv,120,0.05853658536585366,3.168862206047747
