file,nrBest,proportionBest,entropyNrActions
nr_315_id_36_52c3a67d8fa064a5d18f357f292dd2c7d64ce1c8_SDLSurfaceView_GTSPOON.csv,183,0.08926829268292683,2.566605360887242
