file,nrBest,proportionBest,entropyNrActions
nr_441_id_19_0a68d4e3289d68dd2c93019095af622a4a1c1117_GraphMemory_Abstract_GTSPOON.csv,137,0.06682926829268293,2.618210512019313
