file,nrBest,proportionBest,entropyNrActions
nr_150_id_19_03b255e969839ae62bf41b21380ed36b58800259_AppenderSkeleton_GTSPOON.csv,320,0.15609756097560976,1.8734612468770062
