file,nrBest,proportionBest,entropyNrActions
nr_107_id_9_015a3ac1a9282a8b4d4f871f4f2f57964d831bc4_SimplexTable_GTSPOON.csv,1089,0.531219512195122,1.875268375298585
