file,nrBest,proportionBest,entropyNrActions
nr_576_id_7_05fffd250f8f9f82a285881341d73f5002f81ae2_Utils_GTSPOON.csv,1106,0.5395121951219513,1.8312557300801602
