file,nrBest,proportionBest,entropyNrActions
nr_296_id_29_1191281edb41e47cff9a48163cb7d769d27efb05_LociDataBrowser_GTSPOON.csv,1347,0.6570731707317073,1.6052233532170637
