file,nrBest,proportionBest,entropyNrActions
nr_110_id_31_08342bbb071bea83911d2c5ec6f66ea206836c77_sceUmdUser_GTSPOON.csv,770,0.375609756097561,2.5011164741104785
