file,nrBest,proportionBest,entropyNrActions
nr_337_id_10_034d97521a0149d277c9d1f407bd525d42788a88_ASTNode_GTSPOON.csv,366,0.17853658536585365,3.170031067693879
