file,nrBest,proportionBest,entropyNrActions
nr_359_id_6_022d619d37fbc76e2cd144b285e31cc953493de1_CyrusLanguage_GTSPOON.csv,114,0.055609756097560976,2.943059955358092
