file,nrBest,proportionBest,entropyNrActions
nr_43_id_40_80287adfc3f85116bf6a36f110ae74035c8c28c1_ExtCallManager_GTSPOON.csv,20,0.00975609756097561,2.3859385970467955
