file,nrBest,proportionBest,entropyNrActions
nr_89_id_36_157f747c64262c2ba2d6c91f8a630380a74b507c_APITableWidget_GTSPOON.csv,431,0.21024390243902438,2.8992766490634603
