file,nrBest,proportionBest,entropyNrActions
nr_498_id_15_09194b25910c5b92b4cf99a3f7b86a3dd5579b9c_User_GTSPOON.csv,1732,0.8448780487804878,0.8425290411606065
