file,nrBest,proportionBest,entropyNrActions
nr_5_id_35_00ad4368fb8ff163b719afab7a460cbd2b3fe079_Main_GTSPOON.csv,309,0.15073170731707317,2.485364639443662
