file,nrBest,proportionBest,entropyNrActions
nr_361_id_12_03e8d97de858e2456ecc65ed93115799621eb60c_ConstructParser_GTSPOON.csv,648,0.31609756097560976,2.682193230973957
