file,nrBest,proportionBest,entropyNrActions
nr_475_id_15_08e3a6aab55b8e6e31ed082605470ea427791cae_BSFRubyEvaluator_GTSPOON.csv,2006,0.9785365853658536,0.13717104230092156
