file,nrBest,proportionBest,entropyNrActions
nr_596_id_8_04b7fac4a6635a42917c77e5df86240a849f6d8b_TestNonRegressionVM_GTSPOON.csv,2025,0.9878048780487805,0.08359457038228833
