file,nrBest,proportionBest,entropyNrActions
nr_452_id_7_04c91615e20dbd6220623d33be86ce99f89c3d3c_CacheMenuHandler_GTSPOON.csv,1746,0.8517073170731707,0.7702674001498385
