file,nrBest,proportionBest,entropyNrActions
nr_406_id_12_0475524598f5d6b5c7d06a6c05ad903f2c692182_VariableBase_GTSPOON.csv,1649,0.8043902439024391,0.9842921552359041
