file,nrBest,proportionBest,entropyNrActions
nr_57_id_27_02a2f77888c813a9110a2f6ababe2de54973ef5c_Foundation_GTSPOON.csv,541,0.26390243902439026,2.074929284393252
