file,nrBest,proportionBest,entropyNrActions
nr_344_id_27_0ef9a729bbd66c49471453a8c6ee339219d19697_ContactSelectionActivity_GTSPOON.csv,1029,0.5019512195121951,1.808552728936962
