file,nrBest,proportionBest,entropyNrActions
nr_282_id_21_0770e63a732689554c87d740b258d26567e035af_APIEntity_GTSPOON.csv,290,0.14146341463414633,2.517859103185197
