file,nrBest,proportionBest,entropyNrActions
nr_352_id_5_02df46774dd4249d99e0e2ebd8821c846456248e_SipStandardContext_GTSPOON.csv,168,0.08195121951219513,2.6056782897642377
