file,nrBest,proportionBest,entropyNrActions
nr_262_id_34_2525b667f462eb40f88e2e04c3421809cd26b8f0_SWTBotGefEditor_GTSPOON.csv,710,0.3463414634146341,2.865332592063282
