file,nrBest,proportionBest,entropyNrActions
nr_498_id_25_11aa46179d82702e00e7063912ca0fe8a0943d6a_ErrorHandler_GTSPOON.csv,1472,0.7180487804878048,1.275173996096732
