file,nrBest,proportionBest,entropyNrActions
nr_353_id_31_1866b60fc5ad449096e604c77827f1f1f0b43ae0_JXTableIssues_GTSPOON.csv,301,0.14682926829268292,2.043310411877333
