file,nrBest,proportionBest,entropyNrActions
nr_69_id_1_00c86df46029e9133e1077d866441e6327037e37_ElementGroup_GTSPOON.csv,1751,0.8541463414634146,0.7864034994432113
