file,nrBest,proportionBest,entropyNrActions
nr_258_id_24_082443978595bee3b7907563dc7665f908872e20_MailboxListFragment_GTSPOON.csv,1454,0.7092682926829268,1.336142789491215
