file,nrBest,proportionBest,entropyNrActions
nr_528_id_34_487634f40089ee369c6a0aa2d5831f7e74f7cd2d_ReplaceDialog_GTSPOON.csv,209,0.10195121951219512,2.5022243019323263
