file,nrBest,proportionBest,entropyNrActions
nr_29_id_23_00e7ca00a928151e1a0c6772d646b70903a29693_SpringErrorsAttrProcessor_GTSPOON.csv,190,0.09268292682926829,0.7247229127364929
