file,nrBest,proportionBest,entropyNrActions
nr_51_id_32_04254f2adc4aafd2286455c4fbe33c6d0356048f_HTMLTable_GTSPOON.csv,173,0.08439024390243903,2.4392773912738157
