file,nrBest,proportionBest,entropyNrActions
nr_214_id_24_067cff8c5194dc82b533fb650228ceb9d42b8bd1_Path_GTSPOON.csv,1818,0.8868292682926829,0.6520410100581571
