file,nrBest,proportionBest,entropyNrActions
nr_170_id_1_0212a6192fcf31099cf11284d048fa7a7d17474f_GamePieceImage_GTSPOON.csv,1094,0.5336585365853659,1.7986573986044683
