file,nrBest,proportionBest,entropyNrActions
nr_297_id_19_07097a1d95a491cc35145924de501695dbd873c3_CompilationUnitImpl_GTSPOON.csv,179,0.0873170731707317,2.55037857041737
