file,nrBest,proportionBest,entropyNrActions
nr_358_id_33_2e4b884c1da452a1cbe5f729666b560d22318c0b_EmailProvider_GTSPOON.csv,1,0.0004878048780487805,3.0583932720111253
