file,nrBest,proportionBest,entropyNrActions
nr_55_id_18_00dbb11affa6873f149a5c462d23162b7cb93606_XMLDocument_GTSPOON.csv,1564,0.7629268292682927,1.1437250557098115
