file,nrBest,proportionBest,entropyNrActions
nr_530_id_34_48a095d9675129141d0f812bd111be0219a2f406_AllSnapShots_GTSPOON.csv,1831,0.8931707317073171,0.5911888621037923
