file,nrBest,proportionBest,entropyNrActions
nr_6_id_17_0027e62b4e268bf8b0de8d36ba195c7d444e324a_TriangleLibrary_GTSPOON.csv,1181,0.5760975609756097,1.8176989795678022
