file,nrBest,proportionBest,entropyNrActions
nr_306_id_17_06451ebb8be32f89cca92fc267ae7820a2190add_RubyKernel_GTSPOON.csv,209,0.10195121951219512,2.541866661749687
