file,nrBest,proportionBest,entropyNrActions
nr_398_id_10_03c90ad4325de66258d823a392505df3feb06d8a_ElevationActivity_GTSPOON.csv,1652,0.8058536585365854,1.0030166870018622
