file,nrBest,proportionBest,entropyNrActions
nr_154_id_20_0303fd04682114065b3d45dcbb48748c3bee1468_upcSearchActivity_GTSPOON.csv,1806,0.8809756097560976,0.464742898852485
