file,nrBest,proportionBest,entropyNrActions
nr_142_id_11_01d1aca53941b524a07c6c3b3ebfd05f999b5ce1_MusicUtils_GTSPOON.csv,170,0.08292682926829269,2.7331054191678934
