file,nrBest,proportionBest,entropyNrActions
nr_424_id_15_07bd97d01a8c72af6af4391b5dcee009fd378f10_JobManager_GTSPOON.csv,1555,0.7585365853658537,1.1266240317678342
