file,nrBest,proportionBest,entropyNrActions
nr_436_id_16_07d8e350b5f157d1c2bd39534e14db5dfacee633_Controller_GTSPOON.csv,1752,0.8546341463414634,0.8224782724152543
