file,nrBest,proportionBest,entropyNrActions
nr_278_id_17_058d839ac927535cb2fc889d1ee54367116c8c20_ExpandableRowResultSet_GTSPOON.csv,2019,0.9848780487804878,0.10868992780849179
