file,nrBest,proportionBest,entropyNrActions
nr_462_id_37_d1c3847baa9d122e5b09d2ac3d20180b5605174d_Coucou_GTSPOON.csv,2000,0.975609756097561,0.16406348270949359
