file,nrBest,proportionBest,entropyNrActions
nr_44_id_4_00268ed6a874e6416882b3ffaa4fcba6815b566b_ProductLoader_GTSPOON.csv,1916,0.9346341463414635,0.41443889289439406
