file,nrBest,proportionBest,entropyNrActions
nr_112_id_5_00fc4f8f0717d1058f7e0eeb4b87f8c9852803d9_IndexedMapImpl_GTSPOON.csv,1605,0.7829268292682927,1.086175798245994
