file,nrBest,proportionBest,entropyNrActions
nr_662_id_1_077e3e7d988ed556e34cd6e67d9bd5211a2f6234_CommandParser_GTSPOON.csv,1346,0.6565853658536586,1.641604219144508
