file,nrBest,proportionBest,entropyNrActions
nr_322_id_17_06735974e369dd46395eaf2d1ef6bc38f4bef802_Ctags_GTSPOON.csv,165,0.08048780487804878,1.6020906281423781
