file,nrBest,proportionBest,entropyNrActions
nr_235_id_20_04830e6228f8dbed89e11d8447346f849436a42f_WindowUtils_GTSPOON.csv,1298,0.6331707317073171,1.582134048088049
