file,nrBest,proportionBest,entropyNrActions
nr_100_id_25_038158129151c72b053bf0a4bea8975daed49f76_GreenTeaScript_GTSPOON.csv,210,0.1024390243902439,2.053422407783915
