file,nrBest,proportionBest,entropyNrActions
nr_315_id_32_1b413565ba38e218b1f4e542cb9c6d7ae2b82332_JDBCDataStore_GTSPOON.csv,145,0.07073170731707316,2.9153598378974985
