file,nrBest,proportionBest,entropyNrActions
nr_437_id_11_06120f320cf47d0abf71cc98465ec23efb5c92b0_PlateEditor_GTSPOON.csv,638,0.31121951219512195,2.297911871319637
