file,nrBest,proportionBest,entropyNrActions
nr_316_id_24_09a592a670234b8a2507132d99070b5131aef109_Galvo_GTSPOON.csv,1040,0.5073170731707317,2.302468617155503
