file,nrBest,proportionBest,entropyNrActions
nr_20_id_35_0443aa3c646281fa87dc6941192791394570e931_StaticStartupTools_GTSPOON.csv,38,0.018536585365853658,1.232633698318689
