file,nrBest,proportionBest,entropyNrActions
nr_58_id_26_02621e8d366d97d0225c0fbe38143e2dde93894b_Start_GTSPOON.csv,318,0.1551219512195122,1.6854141773236933
