file,nrBest,proportionBest,entropyNrActions
nr_422_id_8_038678d1263e663eedb7e24732c633ee93df8974_Resources_GTSPOON.csv,2025,0.9878048780487805,0.07976733407659876
