file,nrBest,proportionBest,entropyNrActions
nr_388_id_30_17fdd033852833f2f06d3eac517c8a13037f7e57_GFLWOR_GTSPOON.csv,114,0.055609756097560976,2.9267793942958136
