file,nrBest,proportionBest,entropyNrActions
nr_453_id_25_1022d1359b6d0abced53088433989aaaa8ea89b5_TripPattern_GTSPOON.csv,606,0.29560975609756096,2.851291063391048
