file,nrBest,proportionBest,entropyNrActions
nr_50_id_8_0072aa4181849a22cd8fe4d2d15ec99748c49b0d_NSString_GTSPOON.csv,1600,0.7804878048780488,1.1151025712693672
