file,nrBest,proportionBest,entropyNrActions
nr_4_id_15_0009507fce7727f284aee0f9e854f29ba3735e9a_TermTest_GTSPOON.csv,842,0.41073170731707315,1.9081467726064358
