file,nrBest,proportionBest,entropyNrActions
nr_234_id_12_0289046130eb51b21bf124c2c4e4ca01ad3c5b45_Obstacle_GTSPOON.csv,1735,0.8463414634146341,0.692509105318275
