file,nrBest,proportionBest,entropyNrActions
nr_350_id_20_06db8e2ed3ea15f63784b19fcd3297ddcc8ef758_GameEngine_GTSPOON.csv,1545,0.7536585365853659,1.1037922372593405
