file,nrBest,proportionBest,entropyNrActions
nr_363_id_25_0c8a6b0c12bd6ca0306f3b327551940a9e4825c1_BundleLoader_GTSPOON.csv,72,0.0351219512195122,3.2239997567230994
