file,nrBest,proportionBest,entropyNrActions
nr_389_id_19_094ef2379e3e65b8c50e3c875aaea9e872aa9a27_Canvas_GTSPOON.csv,1472,0.7180487804878048,1.0587661954047738
