file,nrBest,proportionBest,entropyNrActions
nr_104_id_19_028434604dec0ceaf1dcea0cf796a4f8c2614e30_Entity_GTSPOON.csv,1847,0.9009756097560976,0.5548889997312892
