file,nrBest,proportionBest,entropyNrActions
nr_245_id_38_a644010e14af4dc592782834147cf6de4b43460e_SessionImpl_GTSPOON.csv,1302,0.6351219512195122,1.4766276150596498
