file,nrBest,proportionBest,entropyNrActions
nr_333_id_18_068ecf2a703232c7fab082621f4a1ef41ae82e7b_DrawableManager_GTSPOON.csv,1938,0.9453658536585365,0.35490573700632333
