file,nrBest,proportionBest,entropyNrActions
nr_72_id_27_03482868c6174a7e677a9aafc53bed98f238f29a_ContextConverter_GTSPOON.csv,540,0.2634146341463415,1.0303278842422459
