file,nrBest,proportionBest,entropyNrActions
nr_38_id_20_009a5e2af3c3c57eb69f3e694e4a774a4bb42589_ClientRunner_GTSPOON.csv,1187,0.5790243902439024,1.9141493757237398
