file,nrBest,proportionBest,entropyNrActions
nr_6_id_4_0007f3a549f9211406ed7399f38f257ee53e0801_Change_GTSPOON.csv,2025,0.9878048780487805,0.08359457038228833
