file,nrBest,proportionBest,entropyNrActions
nr_171_id_37_4f0507f57f279c751cd43b9f9f8230388bc98ccf_AbstractGrid_GTSPOON.csv,170,0.08292682926829269,2.034920094357517
