file,nrBest,proportionBest,entropyNrActions
nr_178_id_13_02978f10839a24105f74182ca6934281c8b8e127_StatsActivity_GTSPOON.csv,996,0.48585365853658535,1.9746850260363844
