file,nrBest,proportionBest,entropyNrActions
nr_167_id_9_0217e78d0f192998b711d36c36accce02a990be9_MemUtil_GTSPOON.csv,5,0.0024390243902439024,1.1360541982134376
