file,nrBest,proportionBest,entropyNrActions
nr_361_id_23_0b880e0f0c40404edf46bcf7dc163bd54999b141_TextRenderer_GTSPOON.csv,130,0.06341463414634146,2.706318996623258
