file,nrBest,proportionBest,entropyNrActions
nr_68_id_18_0122c40c57db11e1811d4410e08bdb6e6b4a8726_Cab2bAPI_GTSPOON.csv,1448,0.7063414634146341,1.275257207629224
