file,nrBest,proportionBest,entropyNrActions
nr_19_id_17_004c362c90c1449ac2b28b87cbad8f2153ae0ecc_Fiber_GTSPOON.csv,11,0.005365853658536586,2.6436523971827524
