file,nrBest,proportionBest,entropyNrActions
nr_308_id_8_029c85aa8262f7271e9bd121356879c5ae95c0a7_ChangeControl_GTSPOON.csv,645,0.3146341463414634,2.3604324264701155
