file,nrBest,proportionBest,entropyNrActions
nr_138_id_2_0042a8ca424c17d3e1d9046a111d1b92cc396579_GNUCSourceParser_GTSPOON.csv,168,0.08195121951219513,2.6515056100651795
