file,nrBest,proportionBest,entropyNrActions
nr_333_id_37_93e3f7cd9173eddea46759a12aa5984415909f9a_ZeroCaterPlugin_GTSPOON.csv,1720,0.8390243902439024,0.69472330890022
