file,nrBest,proportionBest,entropyNrActions
nr_264_id_10_0271932aa35172f4f2034e7862b541c5203509e4_ProcessedNet_GTSPOON.csv,210,0.1024390243902439,2.063046457934308
