file,nrBest,proportionBest,entropyNrActions
nr_235_id_21_05fba487a5daf235020e5806897c8e794c22ddc3_CollectionRequest_GTSPOON.csv,54,0.026341463414634145,2.51408320123563
