file,nrBest,proportionBest,entropyNrActions
nr_20_id_22_0075401bb5c45dd4c627781188ead0b20d2d12f5_SardineImpl_GTSPOON.csv,1484,0.7239024390243902,1.0230270836155395
