file,nrBest,proportionBest,entropyNrActions
nr_175_id_8_018f798f062ead042b229dc5b863cfc71e569d13_WallTheme_GTSPOON.csv,1620,0.7902439024390244,0.8097661932841531
