file,nrBest,proportionBest,entropyNrActions
nr_392_id_13_05b695002e577a4d2e6dba00166dc360317be913_AuctionHouseManager_GTSPOON.csv,1579,0.7702439024390244,1.0370548702250884
