file,nrBest,proportionBest,entropyNrActions
nr_183_id_37_53bb43cfc776dfa0ec99ec8918e85df3758a82d5_Exporter_GTSPOON.csv,900,0.43902439024390244,2.1222392870698394
