file,nrBest,proportionBest,entropyNrActions
nr_194_id_9_0255939036c30937b9c90418cec92f2503f8c4f9_MP4Reader_GTSPOON.csv,171,0.08341463414634147,2.7051388221006394
