file,nrBest,proportionBest,entropyNrActions
nr_403_id_17_07ea9230fdb575951d9234e09b36831dd6345f2d_Soap11_GTSPOON.csv,1933,0.9429268292682926,0.33498484759363234
