file,nrBest,proportionBest,entropyNrActions
nr_497_id_36_7f9cd6010aa6745b713b5c1bf78f162669966298_MapView_GTSPOON.csv,76,0.037073170731707315,3.3617627242428347
