file,nrBest,proportionBest,entropyNrActions
nr_182_id_26_06e38f482a83b41a68a83eb55ef903c241261bb5_ChatConstants_GTSPOON.csv,1302,0.6351219512195122,1.2225056423280738
