file,nrBest,proportionBest,entropyNrActions
nr_182_id_11_0252643917720485665ebf912e1ee252e34dcd5c_Workspace_GTSPOON.csv,194,0.09463414634146342,2.601798310283726
