file,nrBest,proportionBest,entropyNrActions
nr_35_id_31_02afaf71225d778999e7f01e110b296f234bd043_HeaderVerifierTest_GTSPOON.csv,929,0.4531707317073171,2.076826722099028
