file,nrBest,proportionBest,entropyNrActions
nr_171_id_22_042237c61bcfd008748ab0d2824a0a6ecf598ebb_StampTool_GTSPOON.csv,158,0.07707317073170732,3.3999573740066165
