file,nrBest,proportionBest,entropyNrActions
nr_214_id_23_070063c7cc419fe30c3a265dcff075a83e150b02_AppliedRulesJPanel_GTSPOON.csv,1533,0.7478048780487805,1.1469743093802516
