file,nrBest,proportionBest,entropyNrActions
nr_172_id_30_0ac33407cbf5c89379b9f6e016dfe728768465ce_FormCommandAction_GTSPOON.csv,1472,0.7180487804878048,1.3058223567302065
