file,nrBest,proportionBest,entropyNrActions
nr_358_id_15_069b43dbd92717d7afe66061166bb68b3b9ad276_commandListener_GTSPOON.csv,200,0.0975609756097561,2.838585146836862
