file,nrBest,proportionBest,entropyNrActions
nr_560_id_7_05da8cc48586193b01bcd390d16645d219e18273_ContentItemToolbar_GTSPOON.csv,1566,0.7639024390243903,1.0959107671332924
