file,nrBest,proportionBest,entropyNrActions
nr_280_id_18_059a05597f19476951d71a8649c1e22aa5142167_BasicLayerPersistor_GTSPOON.csv,1486,0.7248780487804878,1.2579842611989587
