file,nrBest,proportionBest,entropyNrActions
nr_145_id_26_0593880be468d9029fbf366dc35c73a3b3a9a9f3_YieldTest_GTSPOON.csv,81,0.03951219512195122,2.864653236791578
