file,nrBest,proportionBest,entropyNrActions
nr_239_id_1_02d297f485e24af5447f07f1f43502ba50bea9ac_WorldManager_GTSPOON.csv,1559,0.7604878048780488,1.075417389101654
