file,nrBest,proportionBest,entropyNrActions
nr_367_id_6_023568ca11375e764b79b3ee9b6a330d61acd582_UpdateCategory_GTSPOON.csv,1928,0.9404878048780487,0.36095336255725896
