file,nrBest,proportionBest,entropyNrActions
nr_366_id_28_106e3ad16d2dd3a55f909fc2eb39259ae7d627c1_EmailProvider_GTSPOON.csv,60,0.02926829268292683,2.8986954896714314
