file,nrBest,proportionBest,entropyNrActions
nr_370_id_20_073a12bed91d644eb02e3c5812a7a5ff02510e10_JournalManager_GTSPOON.csv,185,0.09024390243902439,2.770033563985488
