file,nrBest,proportionBest,entropyNrActions
nr_220_id_22_058a590b5b193e396632430e52c34b1ca35fe2e6_HumanPlayer_GTSPOON.csv,352,0.17170731707317075,1.975294317692769
