file,nrBest,proportionBest,entropyNrActions
nr_454_id_18_08969eee7afff29cbe48a05051d52ad77c4bc44b_Map_GTSPOON.csv,775,0.3780487804878049,1.0875202945694178
