file,nrBest,proportionBest,entropyNrActions
nr_16_id_35_0350897020c62b1874db2a48580eaa1e9cbe654f_SmileStorage_GTSPOON.csv,960,0.4682926829268293,1.640783647220662
