file,nrBest,proportionBest,entropyNrActions
nr_260_id_35_31be421a7d4c1675990d1551f467e746ccb58bb0_Driver_GTSPOON.csv,801,0.3907317073170732,2.552330511169228
