file,nrBest,proportionBest,entropyNrActions
nr_59_id_17_0108c621c6e1f8adcf2d42f76b9b7d3c7237fa13_WidgetSettings_GTSPOON.csv,314,0.15317073170731707,3.0253711969352914
