file,nrBest,proportionBest,entropyNrActions
nr_446_id_11_06227f81263928a37f673b0d64634cd5e6bc7a7a_LiberoValidator_GTSPOON.csv,1152,0.5619512195121952,2.1393922453007423
