file,nrBest,proportionBest,entropyNrActions
nr_539_id_10_05386bff46961f4652a17264bd422043727d252f_SoftwareServiceITTest_GTSPOON.csv,1843,0.8990243902439025,0.5541336194414045
