file,nrBest,proportionBest,entropyNrActions
nr_388_id_32_220852ce4c817ead54709ea3aa3376bec7139b5f_X86Compiler_GTSPOON.csv,310,0.15121951219512195,3.57659925567967
