file,nrBest,proportionBest,entropyNrActions
nr_215_id_31_0f5aaa8353de0ee5b3618b13c538dc21178f77c4_XMLInputDialog_GTSPOON.csv,182,0.08878048780487804,2.7880637879661148
