file,nrBest,proportionBest,entropyNrActions
nr_300_id_19_0713b70d8cf8f99a34c4ef42ee8963d88a645d48_Templates_GTSPOON.csv,100,0.04878048780487805,2.960994092120945
