file,nrBest,proportionBest,entropyNrActions
nr_84_id_23_02705bc51a14afa8a9dde654b61bf232d7111124_Image_GTSPOON.csv,1318,0.6429268292682927,1.5931447871680544
