file,nrBest,proportionBest,entropyNrActions
nr_111_id_23_032ec55724eaafd5191bab5ac49e476c983046c7_ComponentGraph_GTSPOON.csv,1612,0.7863414634146342,1.0576124876833863
