file,nrBest,proportionBest,entropyNrActions
nr_119_id_27_052deb8800124d137d006384a23fd3a096409a1e_PreferencesTest_GTSPOON.csv,1728,0.8429268292682927,0.7048966142986032
