file,nrBest,proportionBest,entropyNrActions
nr_17_id_6_0029261e0dfbe983b4fac16e8d5390dc2bb71042_HistogramView_GTSPOON.csv,80,0.03902439024390244,1.1588792440416662
