file,nrBest,proportionBest,entropyNrActions
nr_35_id_17_00b1a457933fc859b9a0c45cb11a961746b0bc6b_SIPDialog_GTSPOON.csv,153,0.07463414634146341,2.8593068066046214
