file,nrBest,proportionBest,entropyNrActions
nr_225_id_17_0496164447144370ef189892ba0a1fac81d3f7c3_Simulation_GTSPOON.csv,1569,0.7653658536585366,1.0988259353394956
