file,nrBest,proportionBest,entropyNrActions
nr_97_id_4_00511b438ff82542a44e599a0f3a27f0f06ea2bf_Spatial_GTSPOON.csv,726,0.3541463414634146,2.203143631917162
