file,nrBest,proportionBest,entropyNrActions
nr_319_id_16_05df00826175b533f20772a2cd6e07e87c51da46_SuiteResponderTest_GTSPOON.csv,146,0.07121951219512195,2.5603288044512156
