file,nrBest,proportionBest,entropyNrActions
nr_368_id_14_05755175db2642e425ef0a526e17c0aca332d461_ItemTeleportSigil_GTSPOON.csv,825,0.4024390243902439,0.9773328935276393
