file,nrBest,proportionBest,entropyNrActions
nr_427_id_28_12cb25921b096a81f76e769d92e03cd46bcb1291_ChapelServiceTest_GTSPOON.csv,825,0.4024390243902439,2.061067410259823
