file,nrBest,proportionBest,entropyNrActions
nr_93_id_22_01f8d65169d293d73527adae9f7a32e4b93e7b69_LibraryPage_GTSPOON.csv,1741,0.8492682926829268,0.7745361774719438
