file,nrBest,proportionBest,entropyNrActions
nr_330_id_10_0333d90b7d6eeda8e9dd1a7f3fe8ee23ecc2c673_CPU_GTSPOON.csv,377,0.18390243902439024,1.6257145438228553
