file,nrBest,proportionBest,entropyNrActions
nr_355_id_10_036aa2bea5c933f68c315f1453475d2724160018_ColumnFamilyResultWrapper_GTSPOON.csv,1805,0.8804878048780488,0.7085823298681319
