file,nrBest,proportionBest,entropyNrActions
nr_557_id_1_063604f8d7c0eb25ee8cd8a91b9774cd284200f1_HSSFExcelExporter_GTSPOON.csv,1911,0.9321951219512196,0.41462700754681736
