file,nrBest,proportionBest,entropyNrActions
nr_173_id_1_021866c00455aefc74a16617cb808efdcb500f98_JavaConstructor_GTSPOON.csv,1192,0.5814634146341463,1.9864962633183916
