file,nrBest,proportionBest,entropyNrActions
nr_647_id_8_05102938f3d65143f55b6fc79871a00f0ecb4919_AnimalImporter_GTSPOON.csv,128,0.0624390243902439,2.6635034361394285
