file,nrBest,proportionBest,entropyNrActions
nr_111_id_17_020e23ddd4d1c76f8695fcd407c7460b594c178d_GUI_GTSPOON.csv,182,0.08878048780487804,2.5157769627749773
