file,nrBest,proportionBest,entropyNrActions
nr_16_id_17_0047553704f3988b39553f0a48add7dc968ef9b4_ObjToJme_GTSPOON.csv,830,0.40487804878048783,2.247034737508074
