file,nrBest,proportionBest,entropyNrActions
nr_54_id_27_02810b7bded27ae5c86822ecf92f20c1932c69b9_RegexpModule_GTSPOON.csv,173,0.08439024390243903,3.175522013476023
