file,nrBest,proportionBest,entropyNrActions
nr_109_id_4_005a13c6e1664fc9de6fde639cb0805d9626b738_MusicWin_GTSPOON.csv,209,0.10195121951219512,2.42343072568732
