file,nrBest,proportionBest,entropyNrActions
nr_178_id_29_0a42ab126c0f08eb3c0e014eeeac5717f5a13606_Settings_GTSPOON.csv,20,0.00975609756097561,1.055499063991685
