file,nrBest,proportionBest,entropyNrActions
nr_229_id_27_0a18985b6d0e5ff0cb228ba25153b1319f151772_OpticsTest_GTSPOON.csv,1718,0.8380487804878048,0.8284848771425523
