file,nrBest,proportionBest,entropyNrActions
nr_49_id_8_007233d41781f2f5170af2c0b6a9f151b2a6d8b0_SingleAreaEvent_GTSPOON.csv,2027,0.988780487804878,0.07827430688914234
