file,nrBest,proportionBest,entropyNrActions
nr_163_id_5_016772c0acead753dc16401f4435274fa389ca81_WorkspaceUISelector_GTSPOON.csv,192,0.09365853658536585,0.8256595646844064
