file,nrBest,proportionBest,entropyNrActions
nr_172_id_11_022d8b8fb3089f77f26be403174c08970493d827_lab5_GTSPOON.csv,1280,0.624390243902439,1.5049726154514684
