file,nrBest,proportionBest,entropyNrActions
nr_30_id_32_0225a5f4b27282eb76c18a12c1b26f3345365fad_ContentNameTest_GTSPOON.csv,286,0.13951219512195123,2.513977135106767
