file,nrBest,proportionBest,entropyNrActions
nr_351_id_3_0252ae0d73f5f282fedc74ddc45cbb7515193448_SchemaGrammar_GTSPOON.csv,923,0.4502439024390244,1.935037792292821
