file,nrBest,proportionBest,entropyNrActions
nr_46_id_14_009fe281d6077a6ba2692dc5c6a371208b8fa6d8_ResourceManagerTest_GTSPOON.csv,2007,0.9790243902439024,0.12064453562395894
