file,nrBest,proportionBest,entropyNrActions
nr_379_id_34_3479a3de8f37d48ea37dce21296974425f93546e_MemcachedSessionService_GTSPOON.csv,5,0.0024390243902439024,2.6582623468395608
