file,nrBest,proportionBest,entropyNrActions
nr_291_id_2_009389ac641f01000e27c48da4e1c0087d431b54_Member_GTSPOON.csv,186,0.09073170731707317,2.474781960752513
