file,nrBest,proportionBest,entropyNrActions
nr_504_id_14_072eae5658f631186d99999295e7330402e3a821_CodeStoryResource_GTSPOON.csv,220,0.1073170731707317,1.4820994401402525
