file,nrBest,proportionBest,entropyNrActions
nr_50_id_29_0301c9a82e1d424cc63943aec78c66ce626d0ba9_Second_Activity_GTSPOON.csv,199,0.09707317073170732,1.6078886251882185
