file,nrBest,proportionBest,entropyNrActions
nr_203_id_31_0e83df613333f78396e4491e8435d3b587b47190_ExampleUsingConditionsTest_GTSPOON.csv,105,0.05121951219512195,0.9303831716871478
