file,nrBest,proportionBest,entropyNrActions
nr_93_id_32_085570f078cf9657122138d569d7ff3afa6d592c_AddeChooser_GTSPOON.csv,92,0.0448780487804878,3.1349984643381275
