file,nrBest,proportionBest,entropyNrActions
nr_19_id_21_00b11313c8c86093cf13062143b37f42607b867f_PatientRegistrationPage_GTSPOON.csv,387,0.18878048780487805,0.8649953739521056
