file,nrBest,proportionBest,entropyNrActions
nr_533_id_9_061c73725245d7f5fb85378b3b44e2a2b1a5046c_DefaultTestRunner_GTSPOON.csv,22,0.010731707317073172,3.423505293298971
