file,nrBest,proportionBest,entropyNrActions
nr_99_id_33_0c803315f63c97dc9f9d99b962d86490c2bd53c3_JUnitShell_GTSPOON.csv,981,0.47853658536585364,2.045946849935415
