file,nrBest,proportionBest,entropyNrActions
nr_26_id_1_00376712f2e76445c431ec418f8318c0259c80be_Analysis_GTSPOON.csv,1474,0.7190243902439024,1.345104310509037
