file,nrBest,proportionBest,entropyNrActions
nr_443_id_12_04c40e4970ca2088f769f8249f7e915483646872_TextViewer_GTSPOON.csv,162,0.07902439024390244,2.7888920245702344
