file,nrBest,proportionBest,entropyNrActions
nr_26_id_24_00c25c742b0a0e5753091b468f31ba600972e718_ShipTest_GTSPOON.csv,1815,0.8853658536585366,0.6301420914371931
