file,nrBest,proportionBest,entropyNrActions
nr_88_id_23_028cdea87b5904bd4900dbcc98f1f2f035e916c2_PDFCreator_GTSPOON.csv,110,0.05365853658536585,2.6192567216192284
