file,nrBest,proportionBest,entropyNrActions
nr_121_id_9_017b0ce5042905445337920a4f520277dcbbdb4e_SipStandardContext_GTSPOON.csv,166,0.08097560975609756,2.658481637942254
