file,nrBest,proportionBest,entropyNrActions
nr_388_id_18_074a777dbc565518a3efdff3f8a16d7cb629876a_ListTermImpl_GTSPOON.csv,895,0.43658536585365854,2.412198933745965
