file,nrBest,proportionBest,entropyNrActions
nr_513_id_26_119d258c66d0081282f9f6252461ee15738b722a_DtRGraphGenerator_GTSPOON.csv,5,0.0024390243902439024,2.6277501253099933
