file,nrBest,proportionBest,entropyNrActions
nr_14_id_23_007c527c208c85fccc0d15d2094d0c875d4788ce_MainActivity_GTSPOON.csv,36,0.0175609756097561,0.7056384811472075
