file,nrBest,proportionBest,entropyNrActions
nr_36_id_15_0090fda5abf104fd28762f920e97de3830488e6f_SlideAndCalculate_GTSPOON.csv,1906,0.9297560975609757,0.4384455180674418
