file,nrBest,proportionBest,entropyNrActions
nr_388_id_24_0bd1723dfeae8901f57273331584cd3f22fb7d52_ConfigurationElement_GTSPOON.csv,1284,0.6263414634146341,1.6506440638059172
