file,nrBest,proportionBest,entropyNrActions
nr_70_id_34_0ae1004142e4314c94bf9113e12f8784f7c2c6ee_ConversationItem_GTSPOON.csv,57,0.027804878048780488,3.0166908428685826
