file,nrBest,proportionBest,entropyNrActions
nr_123_id_28_05a6a1cb9717bab09685f062e06d173b06a6b8eb_FileDataProxy_GTSPOON.csv,1839,0.8970731707317073,0.5633878787432112
