file,nrBest,proportionBest,entropyNrActions
nr_290_id_12_032d8d9362604df7e088218d26879b4e502b95d2_ValueMapEntry_GTSPOON.csv,1616,0.7882926829268293,1.0544059862273245
