file,nrBest,proportionBest,entropyNrActions
nr_94_id_26_03617571ae31d3e8d3fae01475692cdb926dec5f_AbsolutePanel_GTSPOON.csv,1902,0.9278048780487805,0.43026937054694153
