file,nrBest,proportionBest,entropyNrActions
nr_183_id_22_046aa528672a31bf43d46d5fe83a2233837f3c86_TaskEditor_GTSPOON.csv,38,0.018536585365853658,3.0054020361880096
