file,nrBest,proportionBest,entropyNrActions
nr_305_id_20_05fb0117967af963c5c8aea93563aa07b5e55205_PolicyServiceImpl_GTSPOON.csv,1730,0.8439024390243902,0.8470208305753234
