file,nrBest,proportionBest,entropyNrActions
nr_350_id_28_0fcf2097e7e217319b625d5dfc24aded06c02227_WspTypeDecoder_GTSPOON.csv,406,0.1980487804878049,2.9927298983969983
