file,nrBest,proportionBest,entropyNrActions
nr_424_id_29_18cb4207fdb575d65c7e2ddeb36edd4122556538_BackEndImpl_GTSPOON.csv,1560,0.7609756097560976,1.1587901343160998
