file,nrBest,proportionBest,entropyNrActions
nr_445_id_4_01c8c23a48ab6d55793c72718046c373032c396a_PostgreSQLSlonyExtractor_GTSPOON.csv,914,0.4458536585365854,2.3716942817008455
