file,nrBest,proportionBest,entropyNrActions
nr_459_id_16_083ef1a625414eae055720fa0ef52d5b65c3b99d_OrientEdge_GTSPOON.csv,296,0.144390243902439,1.9992032089868292
