file,nrBest,proportionBest,entropyNrActions
nr_205_id_3_016d6f1cf38d2d3a6ad3995635b1ecedf643d231_Resource_GTSPOON.csv,329,0.16048780487804878,2.9227565236622937
