file,nrBest,proportionBest,entropyNrActions
nr_434_id_18_0809d948e81a21accc80c647368d885e1c194e7e_PythonInterpreter_GTSPOON.csv,1550,0.7560975609756098,1.1396893221676736
