file,nrBest,proportionBest,entropyNrActions
nr_183_id_19_046416aa1e00846780b7e737bf205803782b6a8b_RdfXmlWriter_GTSPOON.csv,175,0.08536585365853659,1.8689969393383052
