file,nrBest,proportionBest,entropyNrActions
nr_613_id_7_06514aa859d54f3f1560345a0d7c839189d9c901_AudioManagerTest_GTSPOON.csv,29,0.014146341463414635,2.2275887876475546
