file,nrBest,proportionBest,entropyNrActions
nr_172_id_20_03527a1c5ca870353671fd8b97a08a989fe62012_SupportMenuInflater_GTSPOON.csv,1016,0.49560975609756097,1.8116592517134193
