file,nrBest,proportionBest,entropyNrActions
nr_438_id_26_0ecee21fc744ccdf131bcb176b2b98a3a769d48d_R_GTSPOON.csv,1495,0.7292682926829268,1.124173449584351
