file,nrBest,proportionBest,entropyNrActions
nr_472_id_30_1c8c1e0cd2d736befc74d91b3107ded6750c2d70_BookTest_GTSPOON.csv,1345,0.6560975609756098,1.2718630258908856
