file,nrBest,proportionBest,entropyNrActions
nr_774_id_1_08df39c8a9d90fac064986abc74416598b2984a0_Parser_GTSPOON.csv,1468,0.7160975609756097,1.275144178594537
