file,nrBest,proportionBest,entropyNrActions
nr_422_id_24_0cc846df57a2e6cd28680119614f2de9ad412900_CacheType_GTSPOON.csv,2030,0.9902439024390244,0.07074533292194264
