file,nrBest,proportionBest,entropyNrActions
nr_67_id_27_030593f38ebef58012df555c1cdcb73bb120508c_Rosyama_GTSPOON.csv,16,0.007804878048780488,2.596132683360408
