file,nrBest,proportionBest,entropyNrActions
nr_458_id_28_1453c53105decd68fa6a0232a5491a3c5b94b4f2_Scheduler_GTSPOON.csv,1932,0.9424390243902439,0.36234974061945074
