file,nrBest,proportionBest,entropyNrActions
nr_120_id_33_0fc3c6708592d59727b20a443dc626493a9f000a_RSEConnectionMonitor_GTSPOON.csv,1741,0.8492682926829268,0.8557411450138898
