file,nrBest,proportionBest,entropyNrActions
nr_400_id_21_0a62320804eb3f292155a800452e339528aace9b_SyncInboundFetcher_GTSPOON.csv,436,0.2126829268292683,2.351113150283805
