file,nrBest,proportionBest,entropyNrActions
nr_210_id_8_01cbc7f1c8b828601062fc9e72cea7bf92041079_PathShader_GTSPOON.csv,1482,0.7229268292682927,1.33846607314615
