file,nrBest,proportionBest,entropyNrActions
nr_212_id_32_134d78ce42bee22b9200c8e9d7eb4b4d36992ca8_WebRequest_GTSPOON.csv,1374,0.6702439024390244,1.7230293410393211
