file,nrBest,proportionBest,entropyNrActions
nr_159_id_4_00884d54568a23706aff876243e6b0a49c3d8729_DatabaseException_GTSPOON.csv,2015,0.9829268292682927,0.10520570474832268
