file,nrBest,proportionBest,entropyNrActions
nr_512_id_34_464a3392a44a725ce0de8d6227fd0482b7a0823f_DDIServiceBean_GTSPOON.csv,5,0.0024390243902439024,2.469155923268673
