file,nrBest,proportionBest,entropyNrActions
nr_413_id_18_07c66a2a2d469bc3ec72d3bad4d9bdfcd316046e_Layer_GTSPOON.csv,76,0.037073170731707315,2.1955504362189417
