file,nrBest,proportionBest,entropyNrActions
nr_406_id_4_019c102ab3f2a274446c9efc400d9b62f6524c7a_AllTests_GTSPOON.csv,814,0.39707317073170734,0.7722235706116888
