file,nrBest,proportionBest,entropyNrActions
nr_511_id_9_05d7e7c8ae1c006316251f302dbcb33b93838131_ProzesskopieForm_GTSPOON.csv,60,0.02926829268292683,3.1006646550451884
