file,nrBest,proportionBest,entropyNrActions
nr_42_id_31_032202933c6d68123124b7b048dd6eecc06a3257_Emitter_GTSPOON.csv,185,0.09024390243902439,2.5734381871161918
