file,nrBest,proportionBest,entropyNrActions
nr_308_id_19_07565fc444a74a6766675c9b482157db9a28c122_TopItems_GTSPOON.csv,1561,0.7614634146341464,1.1790426059314894
