file,nrBest,proportionBest,entropyNrActions
nr_257_id_14_03d9baff13d3b52695ba7a1bd71674680c29cca6_DataObject_GTSPOON.csv,1011,0.49317073170731707,1.9334016471280826
