file,nrBest,proportionBest,entropyNrActions
nr_495_id_15_0916031203b7efc01a03af3f791882414ee214bc_LoanDisbursementAction_GTSPOON.csv,1556,0.7590243902439024,1.171527981823441
