file,nrBest,proportionBest,entropyNrActions
nr_280_id_19_06bfc31ca349a82d8bcb8562f446f1cb56ee1517_GraphManager2dImpl_GTSPOON.csv,1366,0.6663414634146342,1.4614759757740567
