file,nrBest,proportionBest,entropyNrActions
nr_76_id_29_04a1b34052d02c03cde2b9e253c8bfa3c7917f4e_FileSinkDGS_GTSPOON.csv,56,0.027317073170731707,2.1605055076572555
