file,nrBest,proportionBest,entropyNrActions
nr_64_id_19_01b276b2f3502ee9c792a31f9114a0f64c5f1b71_TestDataFormatter_GTSPOON.csv,210,0.1024390243902439,2.0215927362485853
