file,nrBest,proportionBest,entropyNrActions
nr_432_id_3_02d91b8d711d941acf14032229319a6bbeb70009_TestCaseUtils_GTSPOON.csv,1829,0.8921951219512195,0.5426013346082794
