file,nrBest,proportionBest,entropyNrActions
nr_179_id_28_08082cc100c1ae08197317145a135a49d9c3c4cf_OrganizationConfigManager_GTSPOON.csv,126,0.06146341463414634,3.0939907819076624
