file,nrBest,proportionBest,entropyNrActions
nr_131_id_24_03e2a12f2f03685a061486cffc5492fbd5b592b7_GlobalConfig_GTSPOON.csv,124,0.06048780487804878,1.0301442468929074
