file,nrBest,proportionBest,entropyNrActions
nr_14_id_28_00b9487806a77c7cb98401f43aeb75f44b8572e8_XBoundingBox_GTSPOON.csv,1938,0.9453658536585365,0.3391234618537695
