file,nrBest,proportionBest,entropyNrActions
nr_199_id_36_31bdf942592f164cf582c6e35e70d52b67a952b6_JideSwingUtilities_GTSPOON.csv,165,0.08048780487804878,2.961785600975226
