file,nrBest,proportionBest,entropyNrActions
nr_18_id_6_00292e3564b681700bccbeaf9b75deb37fb84dd3_TestGame_GTSPOON.csv,1633,0.7965853658536586,1.0400983614881547
