file,nrBest,proportionBest,entropyNrActions
nr_193_id_14_02ac28d1c67735f6cda053c8799af2fd414ca888_Statement_GTSPOON.csv,1900,0.926829268292683,0.4214734615034379
