file,nrBest,proportionBest,entropyNrActions
nr_168_id_35_210ba918c1ec903adb89eef9c7e413f09e352080_RefreshLocalTest_GTSPOON.csv,1575,0.7682926829268293,0.9966975900945754
