file,nrBest,proportionBest,entropyNrActions
nr_434_id_7_0496a1ed4203f73252a70844e6c2ac9392be297f_PieceSaveable_GTSPOON.csv,1837,0.8960975609756098,0.5964658268220899
