file,nrBest,proportionBest,entropyNrActions
nr_347_id_10_03595c0e90be9daa53aa27a725de0b368992804c_PerforceSCM_GTSPOON.csv,91,0.04439024390243902,3.3887636315657037
