file,nrBest,proportionBest,entropyNrActions
nr_120_id_5_010c38b4b5fb64d298817a5e14356764d3eefdd3_MessageActivity_GTSPOON.csv,166,0.08097560975609756,2.657011813755137
