file,nrBest,proportionBest,entropyNrActions
nr_337_id_31_177342c3b1aa36588dd860e4b2a5d9278abab048_DataObjectFactory_GTSPOON.csv,209,0.10195121951219512,2.1820716748351803
