file,nrBest,proportionBest,entropyNrActions
nr_1_id_4_0002f8fd6d6777aa5e7210c0b38559d9174e6022_Welcome_GTSPOON.csv,2025,0.9878048780487805,0.08439406594342765
