file,nrBest,proportionBest,entropyNrActions
nr_420_id_32_23ea5880734973d4a521b2da16051b9069beec0b_SwitchYardCDIExtension_GTSPOON.csv,175,0.08536585365853659,2.2228496687328434
