file,nrBest,proportionBest,entropyNrActions
nr_271_id_21_071a3ac51b5102e08e59622a78117fceffc0ddb6_MainGUI_GTSPOON.csv,646,0.3151219512195122,2.51240646155855
