file,nrBest,proportionBest,entropyNrActions
nr_444_id_37_cb1fc3683587d092383d37094b78b84a4a833e28_PageControl_GTSPOON.csv,360,0.17560975609756097,1.4490265161155955
