file,nrBest,proportionBest,entropyNrActions
nr_544_id_6_0351d85a6bf37fb78aea322562f98e3c88b35cf9_WBGameFinder_GTSPOON.csv,1933,0.9429268292682926,0.3580980924040197
