file,nrBest,proportionBest,entropyNrActions
nr_225_id_3_018f7217d2a442cb3a095a54d33b03faf2a35357_PropertyPrinter_GTSPOON.csv,1747,0.8521951219512195,0.8111863850053492
