file,nrBest,proportionBest,entropyNrActions
nr_279_id_7_02f08db4d30b10e8dee178650fc8201e29b68a23_Blockwise14Layer_GTSPOON.csv,915,0.44634146341463415,2.4867655097145107
