file,nrBest,proportionBest,entropyNrActions
nr_5_id_22_001740f8d62296caf804cb97d1d630613a319a2b_DicomObject_GTSPOON.csv,173,0.08439024390243903,2.7482721007629136
