file,nrBest,proportionBest,entropyNrActions
nr_188_id_32_10a1e251b5eeae463a55607379da0593f1bdc941_DSpaceFeedGenerator_GTSPOON.csv,114,0.055609756097560976,2.6346303577520427
