file,nrBest,proportionBest,entropyNrActions
nr_448_id_25_0ff624f27c99bf9a3b995fca864e9eec40e7b63e_Logger_GTSPOON.csv,280,0.13658536585365855,2.6662079608209237
