file,nrBest,proportionBest,entropyNrActions
nr_158_id_13_0245c56776090a84ad433f1ad4d1502df010b9ff_IncallActivity_GTSPOON.csv,187,0.09121951219512195,2.61337360223616
