file,nrBest,proportionBest,entropyNrActions
nr_44_id_9_0090febc277dcb2314a11a2d0155c8a3934754d3_AsmCodeEmitter_GTSPOON.csv,295,0.14390243902439023,3.0262445554638653
