file,nrBest,proportionBest,entropyNrActions
nr_29_id_18_00675e8cf42438a800e32f6a020c7270f409d838_AnkiDroidProxy_GTSPOON.csv,483,0.23560975609756096,2.2465323808545303
