file,nrBest,proportionBest,entropyNrActions
nr_536_id_35_664c9b85c5d8d42c6f7ec0c558a8f50c10f27546_StatisticsController_GTSPOON.csv,10,0.004878048780487805,0.16312326438255814
