file,nrBest,proportionBest,entropyNrActions
nr_604_id_8_04c6de1e296cc4827cdd546c3f69a8956606353f_MapViewActivity_GTSPOON.csv,512,0.2497560975609756,2.562941710906615
