file,nrBest,proportionBest,entropyNrActions
nr_281_id_8_0256e6aa26ebb51416d290d772897caf84a1cd82_GitblitUserService_GTSPOON.csv,1624,0.7921951219512195,1.1291965312167362
