file,nrBest,proportionBest,entropyNrActions
nr_458_id_27_1511dec9fb35978f42150df3ec3a7979a042594f_Control_GTSPOON.csv,982,0.4790243902439024,2.3093455918517938
