file,nrBest,proportionBest,entropyNrActions
nr_430_id_29_18fd43f0e01dd94247d19b4624b723d86fd189c7_AbstractTarget_GTSPOON.csv,1232,0.6009756097560975,1.759585746600937
