file,nrBest,proportionBest,entropyNrActions
nr_304_id_15_059c284803f6af49f1cdccc9db476fa2ec14ca46_Dart2JsMojo_GTSPOON.csv,14,0.006829268292682927,3.0766642185742157
