file,nrBest,proportionBest,entropyNrActions
nr_27_id_26_00f8f1139647b6d3e17f003c98ec5cff7bfff374_MusicUtils_GTSPOON.csv,210,0.1024390243902439,2.3321589612411087
