file,nrBest,proportionBest,entropyNrActions
nr_71_id_18_0132b457c1ede6112534e117cad83cc6fcaf0424_TMLHandler_GTSPOON.csv,70,0.03414634146341464,3.881631148570721
