file,nrBest,proportionBest,entropyNrActions
nr_381_id_17_077b8a5e00c9925d65d0940b2578754aabc044bf_Offers_GTSPOON.csv,1933,0.9429268292682926,0.36217760980167985
