file,nrBest,proportionBest,entropyNrActions
nr_336_id_20_0688483304fff4a0f520ccd928e8e8e1c1e79054_DataPortalErrorTest_GTSPOON.csv,2025,0.9878048780487805,0.08661049925515463
