file,nrBest,proportionBest,entropyNrActions
nr_105_id_27_04a20701320780aa67f7d1ee8f453a353ff9ac57_CodePrinterTest_GTSPOON.csv,210,0.1024390243902439,2.2471606201456114
