file,nrBest,proportionBest,entropyNrActions
nr_107_id_2_0031ea4c29ad7917d174f14daf5b7a4a7cd82811_Folder_GTSPOON.csv,1559,0.7604878048780488,1.1490297621857235
