file,nrBest,proportionBest,entropyNrActions
nr_482_id_9_058362e62ab47f1e49aca49c9b11d34e95a945dd_GreqlServer_GTSPOON.csv,10,0.004878048780487805,1.035451210147352
