file,nrBest,proportionBest,entropyNrActions
nr_18_id_32_0191e758772879465385ac2ccc4e1561782912e5_LaunchHelper_GTSPOON.csv,40,0.01951219512195122,2.7056085616431735
