file,nrBest,proportionBest,entropyNrActions
nr_63_id_18_0104ed59a6808c1261256346d96602548552f7fa_ConfigurationActivity_GTSPOON.csv,1734,0.8458536585365853,0.8135296422435015
