file,nrBest,proportionBest,entropyNrActions
nr_319_id_24_09bb540e7787a12babf46d4a5f5876b5f67a7eea_CHSNodeMap_GTSPOON.csv,303,0.14780487804878048,2.0614339075255845
