file,nrBest,proportionBest,entropyNrActions
nr_158_id_35_1fe5b25d4e0e12cc2c8c2f46c1708f9626c071de_HebrewFixFilter_GTSPOON.csv,2020,0.9853658536585366,0.10542985090382379
