file,nrBest,proportionBest,entropyNrActions
nr_143_id_31_0a4089143e4a71701eccd93d1e9aa08e23c7fd5a_ModelUtils_GTSPOON.csv,1666,0.8126829268292682,0.9127639060760595
