file,nrBest,proportionBest,entropyNrActions
nr_452_id_27_14c84f7c732e133f2d081f19c440a3a94a08429c_Project_GTSPOON.csv,126,0.06146341463414634,3.4460564662346025
