file,nrBest,proportionBest,entropyNrActions
nr_213_id_10_01f6300a22644b8505b0c1f28c7e18f3187049d6_MessageUploadThread_GTSPOON.csv,954,0.4653658536585366,2.5143845237167666
