file,nrBest,proportionBest,entropyNrActions
nr_133_id_1_0177a79d11461dbf337644911f298b6d84d0c138_ClassGenerator_GTSPOON.csv,25,0.012195121951219513,2.6939130000528193
