file,nrBest,proportionBest,entropyNrActions
nr_480_id_31_2155513fe158cc67f3c403ec3dc60d268cd5b9e3_UserRequest_GTSPOON.csv,1715,0.8365853658536585,0.9692982274438173
