file,nrBest,proportionBest,entropyNrActions
nr_287_id_18_05b5d1275664b0e1c7a0e6efd838236f47bf43ac_GmObjectInfoFrame_GTSPOON.csv,1144,0.5580487804878049,1.9030787528441846
