file,nrBest,proportionBest,entropyNrActions
nr_392_id_1_0485932a8b703e606a1bb2726602046b95e9289c_CompareWithOtherResourceDialog_GTSPOON.csv,992,0.48390243902439023,2.122938002926023
