file,nrBest,proportionBest,entropyNrActions
nr_331_id_36_556575ea4927b785c8b4416f5d8509e39264cada_ElemNumber_GTSPOON.csv,105,0.05121951219512195,2.85779556140797
