file,nrBest,proportionBest,entropyNrActions
nr_311_id_33_28565d3180edb325bfc61f6de863268e7d9ffd29_Assertion_GTSPOON.csv,664,0.32390243902439025,2.7821803304299966
