file,nrBest,proportionBest,entropyNrActions
nr_287_id_26_0a33d96905cc98607f65479f4166b1572e460ad2_OEntities_GTSPOON.csv,1575,0.7682926829268293,0.9945734688412735
