file,nrBest,proportionBest,entropyNrActions
nr_27_id_14_00746fcd3f928b909250046c09ab9648b0337ac9_WifiFixerService_GTSPOON.csv,40,0.01951219512195122,2.5678631659759703
