file,nrBest,proportionBest,entropyNrActions
nr_507_id_11_07082c1484e3146e35ec10d20836b7f8d8db628a_RouterManager_GTSPOON.csv,2018,0.984390243902439,0.11425119791465733
