file,nrBest,proportionBest,entropyNrActions
nr_319_id_14_04c6fe8ef049c678280f56960e272b2131ed26d9_Field_GTSPOON.csv,1836,0.895609756097561,0.6100427693047145
