file,nrBest,proportionBest,entropyNrActions
nr_218_id_5_01c137499a6f3770f72403ffe3c0b700e3bfc84e_HeatmapHandler_GTSPOON.csv,1843,0.8990243902439025,0.5831136832857654
