file,nrBest,proportionBest,entropyNrActions
nr_419_id_15_07b12b06ff470868cf260c5644e06ae3919b8923_SetSchedule_GTSPOON.csv,1560,0.7609756097560976,1.1462190564747208
