file,nrBest,proportionBest,entropyNrActions
nr_345_id_7_039500cf0d73bd215264e636911c04fdc4459150_Enlightened_GTSPOON.csv,38,0.018536585365853658,1.0860993597188013
