file,nrBest,proportionBest,entropyNrActions
nr_447_id_26_0f06b4581b4299fae4b6258544b1e003259e91f4_ExtraPackage_GTSPOON.csv,364,0.1775609756097561,1.10814852407607
