file,nrBest,proportionBest,entropyNrActions
nr_383_id_24_0bb6d08a0eaecfd51716dd764a75d13d1ec1cbc5_User_GTSPOON.csv,1129,0.5507317073170732,1.8668370587696828
