file,nrBest,proportionBest,entropyNrActions
nr_426_id_8_038b896ba774417dfcf810c0501dbadad5347816_MessageTransformer_GTSPOON.csv,1735,0.8463414634146341,0.7062291957363466
