file,nrBest,proportionBest,entropyNrActions
nr_197_id_5_01a1b5948c914cdbb09307592fefa0919d451743_MailTemplateServiceImpl_GTSPOON.csv,1201,0.5858536585365853,1.7417967358930242
