file,nrBest,proportionBest,entropyNrActions
nr_352_id_13_050f39a4ee9638b52b4301154083a49a3b796b5a_MDUtils_GTSPOON.csv,736,0.3590243902439024,2.1819822064503764
