file,nrBest,proportionBest,entropyNrActions
nr_356_id_15_0696a162c6f2fa93d01d13f9db5a02d41db7a345_FrequencyAnalysis_GTSPOON.csv,1250,0.6097560975609756,1.9618618239199157
