file,nrBest,proportionBest,entropyNrActions
nr_54_id_31_046617355f308b077f14b414b8790186455c217f_ItemContinuum_GTSPOON.csv,608,0.2965853658536585,1.4429425198005554
