file,nrBest,proportionBest,entropyNrActions
nr_232_id_23_0793f9fe63c7467f777cfaea61b794236049eeb1_ActionConditionsPanel_GTSPOON.csv,2010,0.9804878048780488,0.12349374685370065
