file,nrBest,proportionBest,entropyNrActions
nr_18_id_2_000e152c13e1e296957641f2748f2ea753f005d4_DeeNamingRules_GTSPOON.csv,1806,0.8809756097560976,0.6579314773042746
