file,nrBest,proportionBest,entropyNrActions
nr_152_id_35_1ec58ed7e1a0ad0497fa73dab66ab54132663090_FastMath_GTSPOON.csv,1120,0.5463414634146342,1.6965697205692993
