file,nrBest,proportionBest,entropyNrActions
nr_429_id_27_138099eea470cec19f145edf700f6903b7153395_FastTags_GTSPOON.csv,659,0.32146341463414635,2.5311194338540366
