file,nrBest,proportionBest,entropyNrActions
nr_502_id_10_04d0b94640e9c6609d70ad7ae919a62e2eaeefd8_LogTwoxTwo_GTSPOON.csv,1484,0.7239024390243902,1.1352174977177047
