file,nrBest,proportionBest,entropyNrActions
nr_322_id_19_07b0b2b1e8ec7a99a3db1dfc72c9e86c4985147b_cgBaseTest_GTSPOON.csv,1551,0.7565853658536585,1.144451214518876
