file,nrBest,proportionBest,entropyNrActions
nr_212_id_6_0162e5a069e1eb1652ededc385698136ff05d83a_TestJPakeSetup_GTSPOON.csv,1533,0.7478048780487805,1.123048321432743
