file,nrBest,proportionBest,entropyNrActions
nr_556_id_12_06174fc9179dc5050c01211e21c208de237faa38_StarSystem_GTSPOON.csv,1540,0.751219512195122,1.1906703042819733
