file,nrBest,proportionBest,entropyNrActions
nr_256_id_21_06ae03abd5356de6830bc93ca69e646e50b5055d_ProxyAccessPoint_GTSPOON.csv,1718,0.8380487804878048,0.8728093548144484
