file,nrBest,proportionBest,entropyNrActions
nr_387_id_36_63aebb49305a9fc606481fa5674470631de2689f_TaskListContentProvider_GTSPOON.csv,324,0.15804878048780488,1.7896001630250535
