file,nrBest,proportionBest,entropyNrActions
nr_531_id_15_098ab6e07d06f27577d26992f5cffef116556100_TypeBasedHeapModel_GTSPOON.csv,6,0.002926829268292683,1.603134370883791
