file,nrBest,proportionBest,entropyNrActions
nr_171_id_20_034dade77d1f89196c2018c930bc08576dd3a293_BoolNotViewTest_GTSPOON.csv,1848,0.9014634146341464,0.43735037694505186
