file,nrBest,proportionBest,entropyNrActions
nr_154_id_8_016519cd62fb6e1bd2e63766455910d9fe9bda35_PutAttributeModel_GTSPOON.csv,1905,0.9292682926829269,0.4528759951099727
