file,nrBest,proportionBest,entropyNrActions
nr_634_id_8_04f9f275dd345dd58eaa8627fa8cd2546229d67d_CdlView_GTSPOON.csv,252,0.12292682926829268,2.651543201050853
