file,nrBest,proportionBest,entropyNrActions
nr_185_id_23_05f322ab54b5ef8a751fc7fa558abd0516a389e9_DisplayPool_GTSPOON.csv,1815,0.8853658536585366,0.5457242830819912
