file,nrBest,proportionBest,entropyNrActions
nr_420_id_8_037d3e7fba6a5c31f722b9c00c1a7b33cf16b30f_DiscoveryTest_GTSPOON.csv,2020,0.9853658536585366,0.09114803305584412
