file,nrBest,proportionBest,entropyNrActions
nr_40_id_1_0069da1b230a73db172e439e92f43888f7fe1692_QueryConfigImpl_GTSPOON.csv,1414,0.6897560975609756,1.3642753132434424
