file,nrBest,proportionBest,entropyNrActions
nr_569_id_9_06927dbd98404d878fca166237149bba300261d5_PanelController_GTSPOON.csv,242,0.11804878048780487,3.201871148145014
