file,nrBest,proportionBest,entropyNrActions
nr_308_id_28_0dba42450519553d38b3a5b45b6ab29e1f895524_SIPCommDialog_GTSPOON.csv,650,0.3170731707317073,1.7842996915287985
