file,nrBest,proportionBest,entropyNrActions
nr_506_id_8_042443bac2b92abf699c9425c9580a86ab7d211e_ThreadPoolManager_GTSPOON.csv,1573,0.7673170731707317,1.1111179262340234
