file,nrBest,proportionBest,entropyNrActions
nr_577_id_8_04a7acabdc1dde692d055d4319be0bf7743063bf_Door_GTSPOON.csv,520,0.25365853658536586,2.1733379347918684
