file,nrBest,proportionBest,entropyNrActions
nr_534_id_28_17fdf08ffb6e6572cfd4d7582d85bb3b5f8d7fc4_SVEditor_GTSPOON.csv,162,0.07902439024390244,3.0856413134223093
