file,nrBest,proportionBest,entropyNrActions
nr_541_id_30_2094a790fc9ec4e2b4bf17635c3376df83ac39aa_FileIO_GTSPOON.csv,1600,0.7804878048780488,0.6954045586116194
