file,nrBest,proportionBest,entropyNrActions
nr_189_id_28_08492de378dea51cccc420be0de1dde7992f65a7_Utils_GTSPOON.csv,1120,0.5463414634146342,1.6981069187003852
