file,nrBest,proportionBest,entropyNrActions
nr_195_id_36_30797a3503692b8604e008466cbfe68fd8f6774c_MainMap_GTSPOON.csv,1757,0.8570731707317073,0.7361502333349292
