file,nrBest,proportionBest,entropyNrActions
nr_332_id_25_0b34783c39bf546904252f6fecff363715db8638_SiteEmailNotificationMail_GTSPOON.csv,1320,0.6439024390243903,1.4813342808299164
