file,nrBest,proportionBest,entropyNrActions
nr_336_id_9_040b4379858d015b70984a18b9bcfd95ad56d45a_Application_GTSPOON.csv,659,0.32146341463414635,2.27040419045119
