file,nrBest,proportionBest,entropyNrActions
nr_466_id_19_0b1359e4795b62154e999488db54ae2ed3fe9f75_SHPDriver_GTSPOON.csv,1559,0.7604878048780488,1.15883812988716
