file,nrBest,proportionBest,entropyNrActions
nr_419_id_24_0cb96e2a1468c8d81c4323db0388066f31a7f86c_BundlesWatcher_GTSPOON.csv,1498,0.7307317073170732,1.2001470187895564
