file,nrBest,proportionBest,entropyNrActions
nr_363_id_37_a409485dcca85c43710970561f97c3124d7b1598_AvroFactory_GTSPOON.csv,647,0.315609756097561,1.4052191067342543
