file,nrBest,proportionBest,entropyNrActions
nr_242_id_25_07f388ce0aee4838150aa942dca357195bb49dca_Proxy_GTSPOON.csv,983,0.4795121951219512,0.3815782941436001
