file,nrBest,proportionBest,entropyNrActions
nr_519_id_37_e7800f93606d14f692769cbeac1c3b27a10ab6ef_ExploreDataPage_GTSPOON.csv,102,0.04975609756097561,2.9021696238953387
