file,nrBest,proportionBest,entropyNrActions
nr_186_id_28_0837d4d5891bcf78cab880d46534b225e9064672_SequentialTest_GTSPOON.csv,1666,0.8126829268292682,0.8482419798054558
