file,nrBest,proportionBest,entropyNrActions
nr_362_id_31_190f7bfa7bced1fe37639e409d4ca836c5f047e6_MongoQuery_GTSPOON.csv,89,0.04341463414634146,3.1544145570601603
