file,nrBest,proportionBest,entropyNrActions
nr_308_id_2_009e72d6aadbc52456b770a05471f8a936258dcf_Drive_GTSPOON.csv,2000,0.975609756097561,0.16125795964619039
