file,nrBest,proportionBest,entropyNrActions
nr_33_id_39_3159186b45aa35b7c711e49b78d9abb9f05d55dc_TableCell_GTSPOON.csv,1757,0.8570731707317073,0.7355267799727594
