file,nrBest,proportionBest,entropyNrActions
nr_73_id_19_01d69bd91726cee3293035363008235a0f515b9c_GameSetupTests_GTSPOON.csv,1520,0.7414634146341463,1.1032603251058664
