file,nrBest,proportionBest,entropyNrActions
nr_8_id_5_0019558b37838a521aa9e8e3e6883bee00d25379_ProjectsController_GTSPOON.csv,1529,0.7458536585365854,1.202329289426521
