file,nrBest,proportionBest,entropyNrActions
nr_482_id_7_05098530de3a0ddf8fe80d8cdc791457e59f9fc8_MainWindow_GTSPOON.csv,185,0.09024390243902439,2.478890537927389
