file,nrBest,proportionBest,entropyNrActions
nr_79_id_19_020558bdc97a0fa2417c6621e7da19a822361da6_TreeImplClass_GTSPOON.csv,473,0.23073170731707318,2.453121974888979
