file,nrBest,proportionBest,entropyNrActions
nr_552_id_3_039909c7ae5d19e10dba8c4690c1fd0c6ed71eb3_ItemBarTest_GTSPOON.csv,1821,0.8882926829268293,0.6429194457169108
