file,nrBest,proportionBest,entropyNrActions
nr_633_id_6_03e9be54602f8cdba27446922e3fead52f2542ec_JideBoxLayout_GTSPOON.csv,48,0.023414634146341463,2.9771697170486697
