file,nrBest,proportionBest,entropyNrActions
nr_39_id_1_005e783b0f7718e8115c61b6e8c563b7f07b6880_EmailDisplayer_GTSPOON.csv,1324,0.6458536585365854,1.6619826965447726
