file,nrBest,proportionBest,entropyNrActions
nr_287_id_14_044b8010d096ef9a605b092f2fd2db4edf73da42_ContactTest_GTSPOON.csv,1272,0.6204878048780488,1.4591967022105674
