file,nrBest,proportionBest,entropyNrActions
nr_189_id_4_00a83b602c148ed2dea1adfa278b258f663eaa00_HighSeas_GTSPOON.csv,900,0.43902439024390244,0.7584408195835757
