file,nrBest,proportionBest,entropyNrActions
nr_269_id_23_08b58eb7cf61ee83f87e30cc0657b3509918ca80_DirectoryPage_GTSPOON.csv,76,0.037073170731707315,3.0641932159527574
