file,nrBest,proportionBest,entropyNrActions
nr_443_id_16_07f8f43a598a85a8f70fa4e30046e6d761332405_FB2Reader_GTSPOON.csv,958,0.46731707317073173,2.15193639102921
