file,nrBest,proportionBest,entropyNrActions
nr_514_id_1_05bcb13304e43285b2c8157cc3190003476a753c_Recipe_GTSPOON.csv,1830,0.8926829268292683,0.5899906942884062
