file,nrBest,proportionBest,entropyNrActions
nr_245_id_10_0248d4dcbefb3c9a1a4aeec2e5efd8839d781121_Folder_GTSPOON.csv,185,0.09024390243902439,2.4866096112036704
