file,nrBest,proportionBest,entropyNrActions
nr_289_id_34_2890af9520e6850f8141b27534f42f42a2e9b503_TopLevelWindow_GTSPOON.csv,1925,0.9390243902439024,0.3497887477669962
