file,nrBest,proportionBest,entropyNrActions
nr_207_id_10_01de694156f1abc4418ac943d9165a58edc75364_VideoListFragment_GTSPOON.csv,468,0.22829268292682928,1.9665241262882351
