file,nrBest,proportionBest,entropyNrActions
nr_353_id_36_5a40d3d99f8a21601149246b9f3bfcd8a2ad979e_MenuScene_GTSPOON.csv,1163,0.5673170731707317,1.7793131730850973
