file,nrBest,proportionBest,entropyNrActions
nr_121_id_23_03837002b017fc3f5566690564dee02bc590bf43_TileEntityTrophyRenderer_GTSPOON.csv,1916,0.9346341463414635,0.38575126153450806
