file,nrBest,proportionBest,entropyNrActions
nr_41_id_23_016448d938d6221a09188adc781075ce4e60609c_TaskListInterestFilter_GTSPOON.csv,200,0.0975609756097561,1.205626197588687
