file,nrBest,proportionBest,entropyNrActions
nr_343_id_17_06d4439e34850654fa7f13b0d41fe816581ab77f_PoolMonitorTest_GTSPOON.csv,1808,0.8819512195121951,0.6418143296060035
