file,nrBest,proportionBest,entropyNrActions
nr_513_id_13_07b7a826ed0607125cc7c899f067f752ff7bb713_XMPPError_GTSPOON.csv,947,0.46195121951219514,2.1976868468420383
