file,nrBest,proportionBest,entropyNrActions
nr_471_id_31_20d909edc30653eb377624dd6e8c6b5a01bcbdbf_GetJsons_GTSPOON.csv,1727,0.8424390243902439,0.8661662826418761
