file,nrBest,proportionBest,entropyNrActions
nr_6_id_27_005854896238c711a321b197b061ed459872b4ff_Worker_GTSPOON.csv,189,0.09219512195121951,3.8595898416497283
