file,nrBest,proportionBest,entropyNrActions
nr_54_id_31_046617355f308b077f14b414b8790186455c217f_AetherNameGen_GTSPOON.csv,1642,0.8009756097560976,0.897854490266566
