file,nrBest,proportionBest,entropyNrActions
nr_634_id_5_05549979ea6eb138196700fae8e11c1cb731ff94_ListPreference_GTSPOON.csv,1562,0.7619512195121951,1.150438431543979
