file,nrBest,proportionBest,entropyNrActions
nr_199_id_33_17f536836640406cef2518c6ceb43b30bd465dfb_PropertyIndex_GTSPOON.csv,204,0.09951219512195122,2.311197505604652
