file,nrBest,proportionBest,entropyNrActions
nr_92_id_37_2a326f4e0bf5c5a59e822a57098eaf378796ae26_ConexionSQLite_GTSPOON.csv,20,0.00975609756097561,0.5267255326231576
