file,nrBest,proportionBest,entropyNrActions
nr_239_id_9_02da089d872b44778dd6de2bb83241109b91c73d_Administrator_GTSPOON.csv,66,0.03219512195121951,2.632104776262856
