file,nrBest,proportionBest,entropyNrActions
nr_125_id_14_0197b5ecc5e1158a669cf32405539586cf997df0_MimeResponseHandler_GTSPOON.csv,1425,0.6951219512195121,1.4642083626906695
