file,nrBest,proportionBest,entropyNrActions
nr_497_id_32_2be9485b7fa1e607709e673180c4bcff7544912d_EditPartBotSmokeTest_GTSPOON.csv,1385,0.675609756097561,1.4312124326140925
