file,nrBest,proportionBest,entropyNrActions
nr_513_id_18_09c809e7e1749f8414df03cb0d8db4293ca41c15_Collaborator_GTSPOON.csv,187,0.09121951219512195,2.5841378792679803
