file,nrBest,proportionBest,entropyNrActions
nr_46_id_33_0705d374f85fbd55a3ed40431aecbb7f4b909823_GalaxyEditorForm_GTSPOON.csv,122,0.05951219512195122,2.9062269020612694
