file,nrBest,proportionBest,entropyNrActions
nr_262_id_15_04c613b87f6617e08cfc533906dd82a479e84732_SubscriptionHelper_GTSPOON.csv,1242,0.6058536585365853,1.3768923230964831
