file,nrBest,proportionBest,entropyNrActions
nr_158_id_15_031c7262ad5393f7d8c977efe1a89e5def440068_SoupActivity_GTSPOON.csv,6,0.002926829268292683,2.2873179734819757
