file,nrBest,proportionBest,entropyNrActions
nr_850_id_2_01d526fc8b0e066b989b6e6f2c47f759c385e782_BaseCmd_GTSPOON.csv,105,0.05121951219512195,2.284197086645335
