file,nrBest,proportionBest,entropyNrActions
nr_488_id_34_434a3423ffe84b884b760df298c76b430f6583d4_ValidatorConstraint_GTSPOON.csv,891,0.4346341463414634,0.8504589284183094
