file,nrBest,proportionBest,entropyNrActions
nr_347_id_24_0ab36f78392ec414dff931132058a4318c9002d1_WalletTool_GTSPOON.csv,8,0.003902439024390244,3.3518362754961717
