file,nrBest,proportionBest,entropyNrActions
nr_274_id_12_0301c87200d38a6966a22589991147e002cbdd03_HgCGIServlet_GTSPOON.csv,1615,0.7878048780487805,1.0764821208695863
