file,nrBest,proportionBest,entropyNrActions
nr_93_id_14_01492220ac8587659409a4d9c7721c3c2be97a85_RHSObjectTextView_GTSPOON.csv,1424,0.6946341463414634,1.4410628165090054
