file,nrBest,proportionBest,entropyNrActions
nr_285_id_27_0c92812023fe2bac23860fa526c9b195055a7838_Way_GTSPOON.csv,301,0.14682926829268292,2.3186279772824117
