file,nrBest,proportionBest,entropyNrActions
nr_166_id_27_07681c7139d7f8008730256c12c75db11e4f55b7_SliderDialog_GTSPOON.csv,203,0.09902439024390244,1.5267936725638105
