file,nrBest,proportionBest,entropyNrActions
nr_274_id_6_01b8807c8078f9b23ddc7f6db8c0e761e8313c31_HUD_GTSPOON.csv,1731,0.844390243902439,0.8047669801292063
