file,nrBest,proportionBest,entropyNrActions
nr_161_id_4_0088750b16f876d66e101e12bc59014bbdd04b17_MUXlisten_GTSPOON.csv,849,0.4141463414634146,2.1566309475602017
