file,nrBest,proportionBest,entropyNrActions
nr_866_id_2_01def001b96b2774416e9d97fa263e5dc4030b53_User_GTSPOON.csv,1743,0.8502439024390244,0.6066695023804966
