file,nrBest,proportionBest,entropyNrActions
nr_217_id_26_0827bc763cfbd789ef4b3f74d5b37dda8ae42fce_Brain_GTSPOON.csv,1912,0.9326829268292683,0.3793835872743662
