file,nrBest,proportionBest,entropyNrActions
nr_309_id_23_09fa6528133b29f8087668d0c131669809d422eb_DanmakuFilters_GTSPOON.csv,1282,0.6253658536585366,1.5441647657332656
