file,nrBest,proportionBest,entropyNrActions
nr_293_id_2_0095a8159f011baa842e7a8a3a59bcf6055741a2_GameParser_GTSPOON.csv,1143,0.5575609756097561,1.766097570107891
