file,nrBest,proportionBest,entropyNrActions
nr_820_id_2_01c295f8d13f2b7692cf0a2e0ce83746495098f8_GuiCreateWorld_GTSPOON.csv,548,0.2673170731707317,2.6440818503334773
