file,nrBest,proportionBest,entropyNrActions
nr_179_id_10_018311de09e29078b87115359a4b9dedc16728e7_Attack_GTSPOON.csv,2012,0.9814634146341463,0.13442374156783368
