file,nrBest,proportionBest,entropyNrActions
nr_333_id_5_02b94e2bcd4011ae1e2347cdcd31330560c48539_GameOfLife_GTSPOON.csv,1747,0.8521951219512195,0.7966554993068424
