file,nrBest,proportionBest,entropyNrActions
nr_32_id_19_00e8880f8183d30eae617cea1bb77626774b424e_CategorisedItemList_GTSPOON.csv,1905,0.9292682926829269,0.4416096397586037
