file,nrBest,proportionBest,entropyNrActions
nr_66_id_30_04a2864881593ab71e2634ab046dcca1bc0b1cf2_ContextManager_GTSPOON.csv,180,0.08780487804878048,2.975639812069012
