file,nrBest,proportionBest,entropyNrActions
nr_408_id_5_0371458d37f11a7bd5eae87708c3c747f37fa851_SchemaManager_GTSPOON.csv,169,0.0824390243902439,2.6993808599727718
