file,nrBest,proportionBest,entropyNrActions
nr_11_id_10_000e51089c4ff5a3ecaff88990f26981e5345ad7_HttpRequestHeader_GTSPOON.csv,1820,0.8878048780487805,0.6002349588908855
