file,nrBest,proportionBest,entropyNrActions
nr_131_id_6_00ee729dc814134984b6f6f8dc1476016463cae7_ASTExpr_GTSPOON.csv,114,0.055609756097560976,2.971943846605197
