file,nrBest,proportionBest,entropyNrActions
nr_362_id_21_098593615e50418ffb9a9c3da36cae3a4481c64f_SimPELCompilerTest_GTSPOON.csv,1846,0.9004878048780488,0.4375254034096251
