file,nrBest,proportionBest,entropyNrActions
nr_89_id_24_02d156363d2241dd223e071acb2e1a3948644172_OverlayHighlighter_GTSPOON.csv,1938,0.9453658536585365,0.3199826714538021
