file,nrBest,proportionBest,entropyNrActions
nr_186_id_35_242d4fd2cc5b3cbae1740aa0eb186e1edf168b17_KeyUtil_GTSPOON.csv,136,0.06634146341463415,2.4126691168920047
