file,nrBest,proportionBest,entropyNrActions
nr_336_id_17_06a84dc4e0e54a56176766d365bc1c88ac1ba1ce_BirtMathTest_GTSPOON.csv,16,0.007804878048780488,1.108934849422129
