file,nrBest,proportionBest,entropyNrActions
nr_358_id_22_08d20d16b18f440192bd7ff99643255f52963eff_RangeFacet_GTSPOON.csv,1219,0.5946341463414634,1.8863356642044709
