file,nrBest,proportionBest,entropyNrActions
nr_415_id_17_08507ca1943d101a0b33bd8c9be882d483841b59_ItemServlet_GTSPOON.csv,1913,0.9331707317073171,0.39908623061036164
