file,nrBest,proportionBest,entropyNrActions
nr_352_id_35_438b4d84b7569a64bbfd0354974a3bbd1e962377_MetalMenuItemUI_GTSPOON.csv,140,0.06829268292682927,3.050590793328118
