file,nrBest,proportionBest,entropyNrActions
nr_191_id_26_074b39de233186a63793be0b13a3c407ab3ffc96_Search_GTSPOON.csv,904,0.44097560975609756,1.8913462252556865
