file,nrBest,proportionBest,entropyNrActions
nr_146_id_27_068d131eae54808802f1c4c06b08240d006621bd_ParseException_GTSPOON.csv,1725,0.8414634146341463,0.7932824712953831
