file,nrBest,proportionBest,entropyNrActions
nr_415_id_31_1d367c9a61f3e1f8dd242ce00061219fed593831_CMap_GTSPOON.csv,1392,0.6790243902439025,1.3069433728781905
