file,nrBest,proportionBest,entropyNrActions
nr_255_id_37_6e2f65a5f457042f5580cb3f9b83b097155e33dd_ImUrlActivity_GTSPOON.csv,436,0.2126829268292683,2.482328563143062
