file,nrBest,proportionBest,entropyNrActions
nr_182_id_8_0197cd778cd49bb55c757967d117a15b23ca808b_Test_GTSPOON.csv,1848,0.9014634146341464,0.5520157575098282
