file,nrBest,proportionBest,entropyNrActions
nr_361_id_16_069432b09e191d5ec0101091fc01f2cec736f8b1_Cred_GTSPOON.csv,2030,0.9902439024390244,0.06650891033312954
