file,nrBest,proportionBest,entropyNrActions
nr_392_id_18_0762927731aba79faea029eb7b338c3880df769e_BXDocBuilder_GTSPOON.csv,1741,0.8492682926829268,0.6675240988585793
