file,nrBest,proportionBest,entropyNrActions
nr_427_id_14_0637ad7e2af4ad3114d1ab95d8b22986534fa49f_Browser_GTSPOON.csv,1332,0.6497560975609756,1.6210803144084653
