file,nrBest,proportionBest,entropyNrActions
nr_52_id_29_0329c3546abeeaf49727002d7421c521fadc0b10_PyInstance_GTSPOON.csv,304,0.14829268292682926,2.691203382347787
