file,nrBest,proportionBest,entropyNrActions
nr_341_id_33_2c12fa118d9d26f0863e0e611e0254ae2e70b6cf_JarComparator_GTSPOON.csv,596,0.29073170731707315,2.759321174608484
