file,nrBest,proportionBest,entropyNrActions
nr_16_id_37_06073a093541c7a5590bcee5540215de3b1eea7c_Disabled_GTSPOON.csv,2007,0.9790243902439024,0.12064453562395894
