file,nrBest,proportionBest,entropyNrActions
nr_269_id_11_0388fff127a2f9970bda4bc9665a6328c56422e9_Util_GTSPOON.csv,1603,0.7819512195121952,1.004120120661668
