file,nrBest,proportionBest,entropyNrActions
nr_505_id_14_0731920fdf845358cc13ce78292f9e80e143f915_SSLSessionTest_GTSPOON.csv,805,0.3926829268292683,2.106840847562933
