file,nrBest,proportionBest,entropyNrActions
nr_530_id_30_202f3940dc35411f9b2351a026e859e487b94591_CFMetaData_GTSPOON.csv,126,0.06146341463414634,2.6088669809194425
