file,nrBest,proportionBest,entropyNrActions
nr_367_id_7_03ce4eabd07c8e74e9a394a9fd41230ef9822fa4_Decoder_GTSPOON.csv,1325,0.6463414634146342,1.4759310652497006
