file,nrBest,proportionBest,entropyNrActions
nr_532_id_33_3f824ee4acd5fe1bc3815325e7fc51b777755380_ReportErrors_GTSPOON.csv,1472,0.7180487804878048,1.198003570203652
