file,nrBest,proportionBest,entropyNrActions
nr_400_id_6_0268bc25706f5d0308c64b04e3c48678c42a8db0_Car_GTSPOON.csv,619,0.3019512195121951,2.50910106936616
