file,nrBest,proportionBest,entropyNrActions
nr_614_id_3_0427f6847404822948771b3631760766fd395b0d_SmsManagerActivity_GTSPOON.csv,1847,0.9009756097560976,0.5755948076575349
