file,nrBest,proportionBest,entropyNrActions
nr_180_id_38_79f3f106600034e1da546a2afe392859dba61622_XmlEditorBean_GTSPOON.csv,135,0.06585365853658537,2.326532057572841
