file,nrBest,proportionBest,entropyNrActions
nr_222_id_7_02694a4468c9a1cee031c70a1d7d452995821571_PLSEnabledDataSetPopulator_GTSPOON.csv,1809,0.8824390243902439,0.6511882461633799
