file,nrBest,proportionBest,entropyNrActions
nr_361_id_10_037a09d9c9dee9e16c8ed21270469570d23efa37_ZXingMIDlet_GTSPOON.csv,337,0.16439024390243903,1.3224935781329061
