file,nrBest,proportionBest,entropyNrActions
nr_376_id_33_2f8ed1bac18e55e7db7cd534a2853775bf947478_WidgetBuilder_GTSPOON.csv,1483,0.7234146341463414,1.265423369348897
