file,nrBest,proportionBest,entropyNrActions
nr_112_id_12_01507b7117d006d2de2f6c4b28c903eda03efdc9_Model2tables_GTSPOON.csv,1832,0.8936585365853659,0.6021516109581113
