file,nrBest,proportionBest,entropyNrActions
nr_494_id_28_1638d2d9b658d4e91a100a49bf0063489afa894e_TestConnectorExpression_GTSPOON.csv,1627,0.7936585365853659,1.0198219465586478
