file,nrBest,proportionBest,entropyNrActions
nr_61_id_3_007218bbd928e48aea9716f3777ae4c2c424c2b2_CytoSpade_GTSPOON.csv,191,0.09317073170731707,2.972098903653408
