file,nrBest,proportionBest,entropyNrActions
nr_359_id_16_068de099d08f24524f31dddc8573af00b52253f7_StagingServiceImpl_GTSPOON.csv,1500,0.7317073170731707,1.2178472408991068
