file,nrBest,proportionBest,entropyNrActions
nr_94_id_23_02ba72accabc7b3c9a9550c36039d820cca4c775_TimerSocket_GTSPOON.csv,17,0.008292682926829269,1.9057686355903771
