file,nrBest,proportionBest,entropyNrActions
nr_312_id_27_0d7f7409432d6712526445cc299a12b113126bb8_InfoPanel_GTSPOON.csv,1109,0.5409756097560976,1.687553787980033
