file,nrBest,proportionBest,entropyNrActions
nr_275_id_31_13250a8811f7108224f0812e27f8a225be3cff2b_MainActivity_GTSPOON.csv,1811,0.8834146341463415,0.6492355605630531
