file,nrBest,proportionBest,entropyNrActions
nr_205_id_17_041632dfa943c1c774cd8e44ce5336b21fb06941_Reflex_GTSPOON.csv,420,0.2048780487804878,2.9662876166882164
