file,nrBest,proportionBest,entropyNrActions
nr_91_id_9_010fc0ab5933f3aa001b868be9d164f2bd31f231_URLFieldTest_GTSPOON.csv,1915,0.9341463414634147,0.4200156534243806
