file,nrBest,proportionBest,entropyNrActions
nr_178_id_15_036b26b9b3b4623e90afbafe46c892fde11403e4_Solution_GTSPOON.csv,1613,0.786829268292683,1.0170135250281929
