file,nrBest,proportionBest,entropyNrActions
nr_191_id_12_021f9300532de34eca72967daa42e166f95216a9_LoggingEventListener_GTSPOON.csv,1268,0.6185365853658537,1.00500207996856
