file,nrBest,proportionBest,entropyNrActions
nr_340_id_23_0b02491076ef24f4398cbff8b6454ed7ad7a99b5_Localization_GTSPOON.csv,2000,0.975609756097561,0.16528397642544038
