file,nrBest,proportionBest,entropyNrActions
nr_426_id_17_08984a3e1b3fb5be2d7293b7a58a0a8e0631de51_ThingTest_GTSPOON.csv,1637,0.7985365853658537,0.8507134005607243
