file,nrBest,proportionBest,entropyNrActions
nr_23_id_18_004a99c74e8c18126657d665dbac8e4074df76f9_BungeeCord_GTSPOON.csv,201,0.09804878048780488,1.7202940167769882
