file,nrBest,proportionBest,entropyNrActions
nr_576_id_7_05fffd250f8f9f82a285881341d73f5002f81ae2_IHost_GTSPOON.csv,1825,0.8902439024390244,0.5751532554408608
