file,nrBest,proportionBest,entropyNrActions
nr_672_id_1_07932f72e391824cdeaea5834cab59653186089b_AbstractTaskEditorPage_GTSPOON.csv,152,0.07414634146341463,2.4537708748938813
