file,nrBest,proportionBest,entropyNrActions
nr_199_id_12_0236af432869ff443cb167dd1d572caf680836e9_CycleBuilder_GTSPOON.csv,1654,0.806829268292683,0.9035078800605246
