file,nrBest,proportionBest,entropyNrActions
nr_61_id_10_00879f681d90ebc5ca3f4cd52c5ca5dcd5254914_Utils_GTSPOON.csv,344,0.1678048780487805,1.3941377444107197
