file,nrBest,proportionBest,entropyNrActions
nr_256_id_19_063ec051fbc1cac3a825e91819803c1fb54a2768_TTFDataStream_GTSPOON.csv,1740,0.848780487804878,0.7657078572904145
