file,nrBest,proportionBest,entropyNrActions
nr_238_id_27_0aa24c9d0364e42857e075e2a08038a1b797ebce_AbstractSprite_GTSPOON.csv,1128,0.5502439024390244,1.943613555129776
