file,nrBest,proportionBest,entropyNrActions
nr_513_id_12_05921d046071364bb422c243ebfd9887e60e0691_RegistrationController_GTSPOON.csv,2010,0.9804878048780488,0.13876277011924917
