file,nrBest,proportionBest,entropyNrActions
nr_354_id_31_1869779c857e0d355194d6a37628a51620999d7e_FormatReaderTest_GTSPOON.csv,108,0.05268292682926829,3.123604400343745
