file,nrBest,proportionBest,entropyNrActions
nr_166_id_32_0ea92a9c01bd324856834120d8c2f747f5e0fc13_AbstractSelect_GTSPOON.csv,176,0.08585365853658537,2.5525241102165674
