file,nrBest,proportionBest,entropyNrActions
nr_134_id_17_02a666004948496cac617d1d84566bf28f6ac034_JobInstanceInfo_GTSPOON.csv,1636,0.7980487804878049,0.8978746976087647
