file,nrBest,proportionBest,entropyNrActions
nr_480_id_36_7bdc7f254421974192501bae2738aac41192f163_SGLL_GTSPOON.csv,62,0.03024390243902439,3.216719719378621
