file,nrBest,proportionBest,entropyNrActions
nr_398_id_31_1befe1b93eec887971e729b89dd4d900319a06b0_CoreOperationTest_GTSPOON.csv,1482,0.7229268292682927,1.1554482516341673
