file,nrBest,proportionBest,entropyNrActions
nr_568_id_3_03b9cbd30c12d78500c73f72c6f2047572e9f8d4_GameActivity_GTSPOON.csv,174,0.08487804878048781,2.491135456724047
