file,nrBest,proportionBest,entropyNrActions
nr_571_id_5_04c4066069fe3e2bc25350eacbdc43b508c395b8_DOMUtil_GTSPOON.csv,1720,0.8390243902439024,0.8867223814175704
