file,nrBest,proportionBest,entropyNrActions
nr_330_id_26_0b786da149415db895fde48107ad4cd28161a7cf_ListViewTest_GTSPOON.csv,19,0.009268292682926829,3.439104718397011
