file,nrBest,proportionBest,entropyNrActions
nr_214_id_34_1f63c245ef9f7f9e66e79511b01d54496a3899e2_NewTaskFromErrorAction_GTSPOON.csv,203,0.09902439024390244,1.0402932808061478
