file,nrBest,proportionBest,entropyNrActions
nr_323_id_25_0af00915206e85c8a1aad9ad7c0803193f491bc0_ContextMatrix_GTSPOON.csv,143,0.06975609756097562,3.71621753376394
