file,nrBest,proportionBest,entropyNrActions
nr_233_id_36_3bb7e198e8a73f4932fa92c679e7a0861480a9d3_CacheBuilderSpecTest_GTSPOON.csv,264,0.12878048780487805,3.1206601400249454
