file,nrBest,proportionBest,entropyNrActions
nr_201_id_13_02de8af51dd5db7702d0977f7c0b33b0d82ba646_LoadUrlTest_GTSPOON.csv,1938,0.9453658536585365,0.30709327184548735
