file,nrBest,proportionBest,entropyNrActions
nr_192_id_19_0493ebed2f6bf4468ef44022c05b3484c887b9f6_SubscriptExpression_GTSPOON.csv,16,0.007804878048780488,1.7381868832396403
