file,nrBest,proportionBest,entropyNrActions
nr_463_id_12_04fb24ca6b874f6c80838455a70c12c750002127_DotWriter_GTSPOON.csv,886,0.4321951219512195,2.054070284418632
