file,nrBest,proportionBest,entropyNrActions
nr_336_id_12_03a101a06102d915441b57722a344694716ae617_TestPSTGeneralFeatures_GTSPOON.csv,1934,0.9434146341463414,0.3319224666767154
