file,nrBest,proportionBest,entropyNrActions
nr_253_id_12_02c033e1b2383e618cf38642d445735bb86c5ef7_RegistryServiceTest_GTSPOON.csv,604,0.2946341463414634,2.706575560971995
