file,nrBest,proportionBest,entropyNrActions
nr_487_id_13_072f96757ce9f3711454586a2b5724f34a9a772b_ParserBase_GTSPOON.csv,1570,0.7658536585365854,1.0181439697996166
