file,nrBest,proportionBest,entropyNrActions
nr_336_id_18_0697bd6668c83dc992654bb320e43317f2f16f32_Issue_GTSPOON.csv,3,0.0014634146341463415,1.251309139128153
