file,nrBest,proportionBest,entropyNrActions
nr_144_id_27_0666769e8162a88a3a3be42c8fb72d57f9a0452e_Aether_GTSPOON.csv,105,0.05121951219512195,2.1495186825506405
