file,nrBest,proportionBest,entropyNrActions
nr_332_id_16_061e1e0f5ae1c7c19a84c80e60a3643556b25fc2_GCParser_GTSPOON.csv,88,0.042926829268292686,2.943456300360828
