file,nrBest,proportionBest,entropyNrActions
nr_217_id_22_05638d6df3ee28ea5d1d1e240cc39d7114984bb6_TestStrategy_GTSPOON.csv,2027,0.988780487804878,0.07759806573737656
