file,nrBest,proportionBest,entropyNrActions
nr_732_id_1_085422f2405dd343c50e0e682d0b7f70028f5158_NormaSVM_GTSPOON.csv,1110,0.5414634146341464,1.8234956819207155
