file,nrBest,proportionBest,entropyNrActions
nr_93_id_13_0164b5f326f0f916b76697f553a588d3daaf005c_OutputRepresentation_GTSPOON.csv,2025,0.9878048780487805,0.08374851366845354
