file,nrBest,proportionBest,entropyNrActions
nr_534_id_11_07a20ae6b5a2d59f6f0a36c58e7b705c5f489c87_JavaUtil_GTSPOON.csv,1204,0.5873170731707317,2.0144832031807587
