file,nrBest,proportionBest,entropyNrActions
nr_670_id_8_0533d60787bea9ac422ab7c5261be3f41551b80b_TableEditorImpl_GTSPOON.csv,1227,0.5985365853658536,1.828562864878267
