file,nrBest,proportionBest,entropyNrActions
nr_49_id_12_008e2442c9980392a78aab036ed25288ec5766c8_Helper_GTSPOON.csv,827,0.4034146341463415,2.1408022972297602
