file,nrBest,proportionBest,entropyNrActions
nr_325_id_8_02b7d89218f19fe6034a1097b04046c4caace8bc_IssueGetPlugin_GTSPOON.csv,1925,0.9390243902439024,0.3648249205485191
