file,nrBest,proportionBest,entropyNrActions
nr_166_id_21_0466883ce64615c403ecdd24a901468a4fc1b11f_ClassDocImpl_GTSPOON.csv,27,0.013170731707317073,2.6723038922922564
