file,nrBest,proportionBest,entropyNrActions
nr_343_id_2_00b4888904a26c383691907b8f5a338ea688d567_SchematicWorld_GTSPOON.csv,187,0.09121951219512195,2.634586052188942
