file,nrBest,proportionBest,entropyNrActions
nr_209_id_8_01c94ef912c0c20d37903a5f015e6c5d54f3b22c_LPGAnalysisTypes_GTSPOON.csv,1829,0.8921951219512195,0.3855176842792645
