file,nrBest,proportionBest,entropyNrActions
nr_319_id_29_12a8262eb2534f79af49e2a830eb7a5b770cba87_HandlerEvaluator_GTSPOON.csv,38,0.018536585365853658,2.1435857318340497
