file,nrBest,proportionBest,entropyNrActions
nr_282_id_19_06caa8884c9135e493813a4e9b434b2a714ab404_TestELImpl_GTSPOON.csv,15,0.007317073170731708,2.127001284538954
