file,nrBest,proportionBest,entropyNrActions
nr_588_id_36_9552ee0382e0262e9340bacd07032e8d886f40b0_HardCodedSources_GTSPOON.csv,137,0.06682926829268293,2.7579372070033
