file,nrBest,proportionBest,entropyNrActions
nr_141_id_19_039e06fdce5d43fc220a887e59555c64911c5286_GridDataController_GTSPOON.csv,713,0.34780487804878046,2.4998841524954063
