file,nrBest,proportionBest,entropyNrActions
nr_52_id_5_008436111ad00539db06e654ea0c8e8ab884eccb_ReportParameter_GTSPOON.csv,1925,0.9390243902439024,0.36067468719283163
