file,nrBest,proportionBest,entropyNrActions
nr_214_id_32_136e13f161428045c3adbd968a9ec4989fb03502_BaseEventTrackingService_GTSPOON.csv,860,0.4195121951219512,2.5560734466260824
