file,nrBest,proportionBest,entropyNrActions
nr_368_id_18_06ff102e3ae8254fe0d0698eeef4d51da1c453e4_GhostSoldier_GTSPOON.csv,1906,0.9297560975609757,0.4454079031403389
