file,nrBest,proportionBest,entropyNrActions
nr_465_id_20_08f648e539323239e6f0678cea35f971e839c968_Main_GTSPOON.csv,979,0.4775609756097561,1.035446641948648
