file,nrBest,proportionBest,entropyNrActions
nr_56_id_5_0090c6a397c8cb08fdbfc6b07262879c40c220e1_JavaDriver_GTSPOON.csv,1564,0.7629268292682927,1.0943811201943296
