file,nrBest,proportionBest,entropyNrActions
nr_511_id_37_e324c6e9762f0566302f1feda938870f90b989ed_WeakConverter_GTSPOON.csv,1923,0.9380487804878048,0.34405677307763627
