file,nrBest,proportionBest,entropyNrActions
nr_384_id_19_0929cbee2d8fecf720a23999044729d2a32a7ed8_PSRenderer_GTSPOON.csv,54,0.026341463414634145,2.90470887838348
