file,nrBest,proportionBest,entropyNrActions
nr_349_id_20_06d066cf55763a7ae8342699ba90dc875747a5a7_BasicShortestPathTree_GTSPOON.csv,1933,0.9429268292682926,0.37674285147933984
