file,nrBest,proportionBest,entropyNrActions
nr_7_id_15_001c538a0868a0cc0e56e132606b21a07f528350_Reviewer_GTSPOON.csv,182,0.08878048780487804,2.6208789114051885
