file,nrBest,proportionBest,entropyNrActions
nr_473_id_9_056d29f0417a260cb19cd459d098855103555e0e_ProxyFieldInput_GTSPOON.csv,20,0.00975609756097561,2.4049418091839483
