file,nrBest,proportionBest,entropyNrActions
nr_96_id_12_011ed8c4e14ff312aff64abf690642a454f936d7_CMISParser10_GTSPOON.csv,1825,0.8902439024390244,0.6170532234784004
