file,nrBest,proportionBest,entropyNrActions
nr_418_id_5_037df3530ada04f1d3845fbadf2d5a7f6e807497_HoopCSVWriter_GTSPOON.csv,1360,0.6634146341463415,1.5493461588256043
