file,nrBest,proportionBest,entropyNrActions
nr_287_id_30_11907a9e281626e004d234a6a34001e606cf523d_InGameController_GTSPOON.csv,130,0.06341463414634146,2.5473600461972734
