file,nrBest,proportionBest,entropyNrActions
nr_543_id_7_05a2f57c4a2f49155f3ade15452292aea0fa689c_TagViewFragment_GTSPOON.csv,163,0.07951219512195122,2.6516657252936238
