file,nrBest,proportionBest,entropyNrActions
nr_149_id_34_17823c2ee9980f07c69adb7ff0d2aa180752baf7_Configuration_GTSPOON.csv,1024,0.4995121951219512,1.7294952231417866
