file,nrBest,proportionBest,entropyNrActions
nr_21_id_28_013984925d692d6b5b2adfede09d16f7c684db90_PresenceAction_GTSPOON.csv,2007,0.9790243902439024,0.13101270702061255
