file,nrBest,proportionBest,entropyNrActions
nr_285_id_32_185b4164c435a9206b526cb1e7dfb8e00a9bed37_Node_GTSPOON.csv,38,0.018536585365853658,3.309445603186065
