file,nrBest,proportionBest,entropyNrActions
nr_420_id_19_0a00d08591b4b44f43606a1ef7f61a3e6694ae1a_Core_GTSPOON.csv,1844,0.8995121951219512,0.5663605731606918
