file,nrBest,proportionBest,entropyNrActions
nr_575_id_6_0387c469afcd91acb4ac992c089858dc6569bd71_DSConfigMgr_GTSPOON.csv,927,0.4521951219512195,2.033077677172794
