file,nrBest,proportionBest,entropyNrActions
nr_350_id_1_041621453c6ef6042244bd0f0fb8d793804227fc_BundleTypeCleaner_GTSPOON.csv,1941,0.9468292682926829,0.34222352187991273
