file,nrBest,proportionBest,entropyNrActions
nr_179_id_11_0251c973412882c90d770071b2b3a405bc1d99dd_ContentManagerImpl_GTSPOON.csv,187,0.09121951219512195,2.6497756739917557
