file,nrBest,proportionBest,entropyNrActions
nr_480_id_6_02eb4346bc157a053bb37c1e58fb36e1428ae329_CLIRegisterer_GTSPOON.csv,1611,0.7858536585365854,1.157751796077002
