file,nrBest,proportionBest,entropyNrActions
nr_376_id_14_058a0aa9d0bac02d17ea9e3c0eb4ed6133e36915_Reply_GTSPOON.csv,2025,0.9878048780487805,0.09462717105902381
