file,nrBest,proportionBest,entropyNrActions
nr_217_id_17_04763bf3c14091901cf85a45f6d9e3dbb1766633_RedirectServlet_GTSPOON.csv,1938,0.9453658536585365,0.3400015615695019
