file,nrBest,proportionBest,entropyNrActions
nr_112_id_29_06759783f51a6f745d367c80dd3bfff59cfcd6a4_FuncCall_GTSPOON.csv,2030,0.9902439024390244,0.07116633107675012
