file,nrBest,proportionBest,entropyNrActions
nr_735_id_2_01926684422a6b5e46895a18bd6cb0a2dc81b022_Session_GTSPOON.csv,1214,0.5921951219512195,1.7784439844202482
