file,nrBest,proportionBest,entropyNrActions
nr_146_id_25_04bafb05ed0b866c16a67a8221c5093fc79b4546_OpendapServlet_GTSPOON.csv,166,0.08097560975609756,2.611467636965938
