file,nrBest,proportionBest,entropyNrActions
nr_474_id_11_067d239e04dc74adccf7609a46f248a5c8800611_FileTable_GTSPOON.csv,168,0.08195121951219513,2.7807924819979064
