file,nrBest,proportionBest,entropyNrActions
nr_644_id_6_03ffa6a78a55e2ce0b983b78cf5d08364420d864_FMRadioService_GTSPOON.csv,171,0.08341463414634147,2.9116103131170616
