file,nrBest,proportionBest,entropyNrActions
nr_402_id_34_382c357fc640acaea7ad2f6262a87c6ea09cd2cf_Util_GTSPOON.csv,1750,0.8536585365853658,0.8163190282481843
