file,nrBest,proportionBest,entropyNrActions
nr_571_id_35_6e0e44eef3dd26d243edaaf16328147724aad4c8_AdHawk_GTSPOON.csv,6,0.002926829268292683,1.9023413637500628
