file,nrBest,proportionBest,entropyNrActions
nr_36_id_27_01b7ab2291ba8504285c2bbe0ed97b3be1631b77_euler019_GTSPOON.csv,1934,0.9434146341463414,0.3625446244027573
