file,nrBest,proportionBest,entropyNrActions
nr_39_id_18_00979730c07b50b255afe548311646037cfb43d1_DependencyGraphLegendPopup_GTSPOON.csv,945,0.4609756097560976,2.3026113628041482
