file,nrBest,proportionBest,entropyNrActions
nr_254_id_37_6d2505bd6488729b0928a8756a06136d05f69451_ExploreDataPage_GTSPOON.csv,102,0.04975609756097561,2.9021696238953387
