file,nrBest,proportionBest,entropyNrActions
nr_509_id_5_0426208da82831efbc1d64d603e8077fe3168388_NavigationRingHelpers_GTSPOON.csv,1296,0.6321951219512195,1.5733379380927808
