file,nrBest,proportionBest,entropyNrActions
nr_707_id_2_01831f097a5464b8b802253f0107d49563a1d24a_MainActivity_GTSPOON.csv,1070,0.5219512195121951,1.956014292091211
