file,nrBest,proportionBest,entropyNrActions
nr_159_id_11_02073cc6a7fd2d78cdcd55fa92d62c71d6bb72c3_GetGroops_GTSPOON.csv,1167,0.5692682926829268,1.847191753981082
