file,nrBest,proportionBest,entropyNrActions
nr_282_id_36_4624cdbe66b939778c22e8bba124d4889b314fa7_JCCTrayRunnable_GTSPOON.csv,80,0.03902439024390244,1.540398055606719
