file,nrBest,proportionBest,entropyNrActions
nr_94_id_22_020ce5cb202b71ec0d1663d7f722a287c4e0216f_SVNStatusEditor_GTSPOON.csv,144,0.0702439024390244,3.2675216048048004
