file,nrBest,proportionBest,entropyNrActions
nr_478_id_4_01ea1bf493bc765c3149a00ee9e5190340ae0599_RepositoryListener_GTSPOON.csv,1106,0.5395121951219513,1.9795734043737958
