file,nrBest,proportionBest,entropyNrActions
nr_455_id_37_cf345b5a07752a987909379518695de682439008_cStringIO_GTSPOON.csv,68,0.033170731707317075,2.117037985258425
