file,nrBest,proportionBest,entropyNrActions
nr_301_id_13_045ce5ed85c8e0b1dc224aa365c668ed2413d1b0_BikeActivity_GTSPOON.csv,2012,0.9814634146341463,0.12618559333727056
