file,nrBest,proportionBest,entropyNrActions
nr_658_id_3_04729bd03096033a05d898687ee8f01b0681f54f_TextureHelper_GTSPOON.csv,76,0.037073170731707315,2.6753012546857606
