file,nrBest,proportionBest,entropyNrActions
nr_29_id_6_003779f8a8d1a6c2464f260184144388689b2e31_Vital_GTSPOON.csv,2025,0.9878048780487805,0.08031158664077977
