file,nrBest,proportionBest,entropyNrActions
nr_453_id_11_063530b4eeff89d87f396c064bdb8ebec7dd8757_AIUnit_GTSPOON.csv,90,0.04390243902439024,2.2312098808776892
