file,nrBest,proportionBest,entropyNrActions
nr_237_id_38_a1bd8e4bcf68f64482ca3cfb97130021f45ba460_DefaultHandler_GTSPOON.csv,171,0.08341463414634147,2.685144519915255
