file,nrBest,proportionBest,entropyNrActions
nr_196_id_21_0515df331453c97ff76821809d0e5feff05fdd11_AllW3CFunctionTests_GTSPOON.csv,1714,0.8360975609756097,0.6760378066893781
