file,nrBest,proportionBest,entropyNrActions
nr_493_id_27_165c97a18c6d81a9e7195cae45f8c365aa7acee1_JOptionDemo_GTSPOON.csv,1810,0.8829268292682927,0.5013237842862084
