file,nrBest,proportionBest,entropyNrActions
nr_368_id_21_09b3b40d293d1f9df1a77c58232b558f5d45b630_firstUseSetup_GTSPOON.csv,2015,0.9829268292682927,0.1047847065935152
