file,nrBest,proportionBest,entropyNrActions
nr_599_id_4_02587852ff49b5889e13208f88cfa5b53aa84844_SqlQueryBuilder_GTSPOON.csv,1740,0.848780487804878,0.8152694536450472
