file,nrBest,proportionBest,entropyNrActions
nr_10_id_28_00969af8d7ab941e5c2f6d05114047dc30120945_WMLLCompatibility_GTSPOON.csv,775,0.3780487804878049,1.0257860764395814
