file,nrBest,proportionBest,entropyNrActions
nr_159_id_28_07483fd043583e00ca67d5559b1e54341965716e_AllProjectsActivitiesActivity_GTSPOON.csv,1241,0.6053658536585366,1.739271485966355
