file,nrBest,proportionBest,entropyNrActions
nr_141_id_4_0077ea6aa52f10f8310a100d536da86e4284889c_AuditInterceptor_GTSPOON.csv,1456,0.7102439024390244,1.571462308523232
