file,nrBest,proportionBest,entropyNrActions
nr_52_id_9_00a4f58870f50a4a961792bcfde9115212ec6a20_JavafxLower_GTSPOON.csv,155,0.07560975609756097,2.820492985350204
