file,nrBest,proportionBest,entropyNrActions
nr_260_id_36_415648cae5875086a187a5ff99d7fd0da201c56d_SolrSearchServer_GTSPOON.csv,1547,0.7546341463414634,1.2028512214745608
