file,nrBest,proportionBest,entropyNrActions
nr_19_id_31_016119d6d196d52abe53d734ed9312de797d653e_AutoUI_GTSPOON.csv,222,0.10829268292682927,1.4304745213810497
