file,nrBest,proportionBest,entropyNrActions
nr_188_id_22_048a6ec068d38ee8fb3a2e2925b1a82593056b96_Service_GTSPOON.csv,34,0.016585365853658537,1.9025521348823724
