file,nrBest,proportionBest,entropyNrActions
nr_492_id_11_06c0944de2075416f5156376fd3b2e4117833186_NettyTcpConnection_GTSPOON.csv,1925,0.9390243902439024,0.4034127130867274
