file,nrBest,proportionBest,entropyNrActions
nr_51_id_34_074e93e008f5e608d945ee211d7ce3c1433b4d83_Configuration_GTSPOON.csv,1008,0.4917073170731707,1.9622496174240716
