file,nrBest,proportionBest,entropyNrActions
nr_73_id_27_034e953230326af230e1f58cd6a31e1ae6e4b353_TestLinking_GTSPOON.csv,1937,0.9448780487804878,0.321095513685715
