file,nrBest,proportionBest,entropyNrActions
nr_548_id_3_03957f3046b4587c1b4d0500451706bcce5cb0f1_HttpReadListener_GTSPOON.csv,1377,0.6717073170731708,1.5609566814426148
