file,nrBest,proportionBest,entropyNrActions
nr_248_id_21_0669c26773d4b5b0a0d28bae02322e2d0c3f4544_StatementTest_GTSPOON.csv,1833,0.8941463414634147,0.4680549329166938
