file,nrBest,proportionBest,entropyNrActions
nr_21_id_11_00325af500f83d47caec411f6009e328454241c6_JCRDataStorage_GTSPOON.csv,146,0.07121951219512195,2.635471413278224
