file,nrBest,proportionBest,entropyNrActions
nr_142_id_6_00fecd3b3183c099bb451035c5af60f6d80cd282_BarcodeTest_GTSPOON.csv,2000,0.975609756097561,0.15300892733417767
