file,nrBest,proportionBest,entropyNrActions
nr_302_id_11_03ecd0f4bfbdce8f614802b6303395b523052847_TaskTable_GTSPOON.csv,1474,0.7190243902439024,1.2922705611302074
