file,nrBest,proportionBest,entropyNrActions
nr_125_id_4_006e17545abd34d52d78c6162b5c5e902fa65f3e_SS_060_Test_GTSPOON.csv,1825,0.8902439024390244,0.40842231466271894
