file,nrBest,proportionBest,entropyNrActions
nr_290_id_22_0761ed710b322e297206cd971d18dc59736abe2c_InstanceInstallerDialog_GTSPOON.csv,151,0.07365853658536585,2.3107215214620567
