file,nrBest,proportionBest,entropyNrActions
nr_264_id_27_0ba23e60cb88c3771112401120d82735828acfab_JavaAwareCompilationUnit_GTSPOON.csv,1738,0.8478048780487805,0.8649095451066372
