file,nrBest,proportionBest,entropyNrActions
nr_464_id_18_08b4614a3b180b2280b082114678426fcb66d5f1_AccountSubredditListController_GTSPOON.csv,1536,0.7492682926829268,1.1670344264279113
