file,nrBest,proportionBest,entropyNrActions
nr_249_id_1_02ea21c0b06e409e966b1278f5716488cd31c4ea_GLFrameBuffer_GTSPOON.csv,1565,0.7634146341463415,1.1480872050485105
