file,nrBest,proportionBest,entropyNrActions
nr_488_id_36_7d3452354b7449b2d00725f0b71a5c26b87d1b3a_OverviewRuler_GTSPOON.csv,19,0.009268292682926829,2.8582828395330937
