file,nrBest,proportionBest,entropyNrActions
nr_338_id_26_0ba00f3c6c8129ef74d552a629cfb273dad46671_ReportCommand_GTSPOON.csv,1806,0.8809756097560976,0.7080678520639369
