file,nrBest,proportionBest,entropyNrActions
nr_456_id_25_1034868c56d1963567307c3acda40922b2b66c0d_SourceTargetTypeSelector_GTSPOON.csv,1364,0.6653658536585366,1.544677938120686
