file,nrBest,proportionBest,entropyNrActions
nr_522_id_8_043bb856e6c4519d31f9537bdeb237a3751598a8_Field_GTSPOON.csv,1700,0.8292682926829268,0.7748616662759047
