file,nrBest,proportionBest,entropyNrActions
nr_275_id_35_3331c6725adfaa74009678b2ab3338a9799a08d0_FacesExtensionFilter_GTSPOON.csv,2005,0.9780487804878049,0.15096730880583753
