file,nrBest,proportionBest,entropyNrActions
nr_387_id_2_00ce3d7523d8c75893fc15984f3afbe6dbe2902e_PeerGroup_GTSPOON.csv,629,0.3068292682926829,2.6794213005371086
