file,nrBest,proportionBest,entropyNrActions
nr_410_id_13_05fba6f23ad7c9bb116a03d3243a0e56c1e08d7b_ReadUtils_GTSPOON.csv,179,0.0873170731707317,3.0950192327019046
