file,nrBest,proportionBest,entropyNrActions
nr_356_id_20_06f69219ecfa38bd4dccfb1b8e57162de39581ba_Team_GTSPOON.csv,1384,0.6751219512195122,1.4545448513014951
