file,nrBest,proportionBest,entropyNrActions
nr_99_id_24_03274341b663843e51af80592576ea786e11fa2d_AllTasklistTests_GTSPOON.csv,2013,0.9819512195121951,0.11292739338405844
