file,nrBest,proportionBest,entropyNrActions
nr_452_id_36_74be9baab0417fccc2543b662c08800f67548d82_WebImageTest_GTSPOON.csv,1844,0.8995121951219512,0.5282263151080255
