file,nrBest,proportionBest,entropyNrActions
nr_229_id_37_646781e80500f7a106fe10e97677c964e9cbb781_VelocityTemplateProcessor_GTSPOON.csv,1832,0.8936585365853659,0.6118523605513685
