file,nrBest,proportionBest,entropyNrActions
nr_310_id_13_048995866666885589e25f771772cf347faf071f_JUMPWorkbench_GTSPOON.csv,837,0.40829268292682924,2.0941531659343977
