file,nrBest,proportionBest,entropyNrActions
nr_415_id_14_0605dc89652937594130f3f99b3f14e17f805d6e_StringTemplateViewResolver_GTSPOON.csv,1841,0.8980487804878049,0.5792779662762485
