file,nrBest,proportionBest,entropyNrActions
nr_357_id_33_2e4b464e76d9b1ab9ead281e6e3971c83620c970_JTarget_GTSPOON.csv,38,0.018536585365853658,2.4475815076728598
