file,nrBest,proportionBest,entropyNrActions
nr_55_id_7_008c754c3f2c9070e6d13dc451cd071f3b0f22fe_GL20_GTSPOON.csv,195,0.0951219512195122,1.2753210991074317
