file,nrBest,proportionBest,entropyNrActions
nr_486_id_8_040a0911df892f6853856aa96a59c7da82d21ff2_AllAppsView_GTSPOON.csv,210,0.1024390243902439,2.3321589612411087
