file,nrBest,proportionBest,entropyNrActions
nr_409_id_32_234611aa8d327af5464f4395dec59dc4478b431e_RowPainter_GTSPOON.csv,1325,0.6463414634146342,1.5324940472002881
