file,nrBest,proportionBest,entropyNrActions
nr_153_id_28_06ec18bd9752aa94a198a8e464f2e6f633d38b8b_Manager_GTSPOON.csv,1567,0.764390243902439,1.2101442584921456
