file,nrBest,proportionBest,entropyNrActions
nr_34_id_2_00137f04f4841a07e39b15727caac813b30e779a_TypeInfoCollector_GTSPOON.csv,105,0.05121951219512195,2.728133713849859
