file,nrBest,proportionBest,entropyNrActions
nr_221_id_9_02a94b58809f8deecb55e4b76cf32e95f5550444_EventTypeMapper_GTSPOON.csv,1818,0.8868292682926829,0.6197201833962611
