file,nrBest,proportionBest,entropyNrActions
nr_457_id_14_06979d713579dd3b587916b5a085c22a3a3245a9_BluetoothMnsObexClient_GTSPOON.csv,1031,0.5029268292682927,2.202205275786469
