file,nrBest,proportionBest,entropyNrActions
nr_513_id_14_075d69e3cd3a0b69bde0254aa193b5ff2f03702d_StorageManager_GTSPOON.csv,1665,0.8121951219512196,0.9459548164965992
