file,nrBest,proportionBest,entropyNrActions
nr_240_id_9_02dd96973cd17cf38182a2dbf6ad506d597ddefb_StompTest_GTSPOON.csv,162,0.07902439024390244,2.8507627191086047
