file,nrBest,proportionBest,entropyNrActions
nr_198_id_31_0dce9187b4bd83399e2b7ca03b94b0b6b4b4cd21_Key_GTSPOON.csv,1510,0.7365853658536585,1.1839229253419505
