file,nrBest,proportionBest,entropyNrActions
nr_533_id_30_2048784b60db36a05971878fb6c8212e09ea5a12_R_GTSPOON.csv,1487,0.7253658536585366,1.1601771299451797
