file,nrBest,proportionBest,entropyNrActions
nr_480_id_26_1014ff702994fded7b9d9818a533d0a67887de85_ProductServiceImpl_GTSPOON.csv,6,0.002926829268292683,2.6600082028711056
