file,nrBest,proportionBest,entropyNrActions
nr_548_id_10_055530615657458b7f9c36750c80d78ed742a6c3_ThreadedCursorAdapter_GTSPOON.csv,1525,0.7439024390243902,1.2308169974236618
