file,nrBest,proportionBest,entropyNrActions
nr_688_id_3_04bb1a43d193e1df2fa81c24f4b80c35d2689b71_Launcher_GTSPOON.csv,853,0.41609756097560974,2.171216002617408
