file,nrBest,proportionBest,entropyNrActions
nr_295_id_19_0705cf01b290987fd975bf8820719d712cafee8c_UserIdRepo_GTSPOON.csv,1258,0.6136585365853658,1.7537716516081654
