file,nrBest,proportionBest,entropyNrActions
nr_249_id_8_021defd172e2bf30d9434dcc94f462839ec71e43_Decks_GTSPOON.csv,338,0.1648780487804878,2.933718317205093
