file,nrBest,proportionBest,entropyNrActions
nr_295_id_15_057360fc8f002ea50404629e33d244ae6e6949ff_DestructiveBuilder_GTSPOON.csv,1426,0.6956097560975609,1.4420834796475912
