file,nrBest,proportionBest,entropyNrActions
nr_79_id_4_00433ceac68d9a2e78e2b60f397151b7a1076c97_CGroup_GTSPOON.csv,183,0.08926829268292683,2.5412186764330493
