file,nrBest,proportionBest,entropyNrActions
nr_174_id_35_217e770d95085a16bd3e9c1f78c80e12fda25e25_DrawerTransfer_GTSPOON.csv,5,0.0024390243902439024,1.702915596232653
