file,nrBest,proportionBest,entropyNrActions
nr_85_id_8_00b40c4af74b3d19633e59b05c5f39b2b675751f_StartCommand_GTSPOON.csv,1933,0.9429268292682926,0.3662305725794999
