file,nrBest,proportionBest,entropyNrActions
nr_254_id_1_02f911695ea74df354dfa65dcee31102155382de_ClientActivity_GTSPOON.csv,189,0.09219512195121951,2.6666111893926576
