file,nrBest,proportionBest,entropyNrActions
nr_50_id_38_207711813fe88dc36130679fb92f909e470a40dc_SpecExecScheduler_GTSPOON.csv,295,0.14390243902439023,3.454172857122611
