file,nrBest,proportionBest,entropyNrActions
nr_406_id_27_12213fe4d7f7995058109ae6027789b9d0e000a4_IFrameTest_GTSPOON.csv,1848,0.9014634146341464,0.49616001385864605
