file,nrBest,proportionBest,entropyNrActions
nr_269_id_7_02d4a0c614a186d50e1d840430250aa194d1b4cc_TechEditWizardData_GTSPOON.csv,15,0.007317073170731708,2.665043848414908
