file,nrBest,proportionBest,entropyNrActions
nr_312_id_29_124ef881884161dfa364eb5315e7e6978487e958_MusicListAdapter_GTSPOON.csv,1926,0.9395121951219512,0.39330938371096524
