file,nrBest,proportionBest,entropyNrActions
nr_452_id_20_08ac2161c4f2e9d2bb94b188d32c610a4e86f465_Util_GTSPOON.csv,536,0.26146341463414635,2.8048870707637725
