file,nrBest,proportionBest,entropyNrActions
nr_466_id_14_06b6e35484dd6c3da46615f05567a097f5c9dce6_ViewProfile_GTSPOON.csv,1603,0.7819512195121952,1.2009914586621846
