file,nrBest,proportionBest,entropyNrActions
nr_58_id_11_00a9736548406e35e68805004645b70a340678a3_PlayerListener_GTSPOON.csv,1653,0.8063414634146342,0.9846201284780302
