file,nrBest,proportionBest,entropyNrActions
nr_177_id_22_043a848aa2d0e269716519f15a89042945905f7f_MauernReportBeanWithMapAndImages_GTSPOON.csv,1396,0.6809756097560976,1.5015742902817055
