file,nrBest,proportionBest,entropyNrActions
nr_296_id_24_091e714d040733a69fefaa9764cbda8a5fa77ab6_Dsp_service_GTSPOON.csv,155,0.07560975609756097,2.5926362824047664
