file,nrBest,proportionBest,entropyNrActions
nr_213_id_37_5f23700e208b1563d838e4d2a03644b8687d4553_XMLLayout_GTSPOON.csv,1836,0.895609756097561,0.6063457761873363
