file,nrBest,proportionBest,entropyNrActions
nr_530_id_12_05c910f88478b97efc764da8aaaa745dff781072_DCPacketGenerator_GTSPOON.csv,760,0.37073170731707317,2.1430878706977317
