file,nrBest,proportionBest,entropyNrActions
nr_22_id_30_01a61040cd7b95c803df68db722865dd19a138da_Task_GTSPOON.csv,85,0.041463414634146344,2.075854079910874
