file,nrBest,proportionBest,entropyNrActions
nr_351_id_34_30ad85811cb5e4d9f98abf836e212846fd6f73aa_AMSetupDSConfig_GTSPOON.csv,13,0.006341463414634147,2.4276656086482564
