file,nrBest,proportionBest,entropyNrActions
nr_763_id_2_01a16542aa19948cb52a96c609509b1b4d8b9d45_AbstractJasminClass_GTSPOON.csv,987,0.4814634146341463,2.0901674365897156
