file,nrBest,proportionBest,entropyNrActions
nr_409_id_30_19015ee28dbc91966bdedd18b725ec193ecbe290_Uppg1_GTSPOON.csv,100,0.04878048780487805,1.649463015850364
