file,nrBest,proportionBest,entropyNrActions
nr_89_id_12_0106f5b60d8cf3ce408cd6905659e88d965ddb73_GameStats_GTSPOON.csv,105,0.05121951219512195,1.6782106284865106
