file,nrBest,proportionBest,entropyNrActions
nr_358_id_2_00bb7852f99e8bc313983f037e3df0db34bc3277_Validator_GTSPOON.csv,896,0.4370731707317073,2.0954811345801287
