file,nrBest,proportionBest,entropyNrActions
nr_218_id_20_042b68ff5817fd58e36d071fb9921c5b1ce98e69_JilBuilder_GTSPOON.csv,38,0.018536585365853658,3.511631667423706
