file,nrBest,proportionBest,entropyNrActions
nr_124_id_17_0260819ad7f7fe5431440c11586f3466da345da0_MissileLauncherTestComponent_GTSPOON.csv,2010,0.9804878048780488,0.12484622915723224
