file,nrBest,proportionBest,entropyNrActions
nr_256_id_29_0ef9bfe5932cb1b099809b4622bf45427f0430dd_KeyboardState_GTSPOON.csv,677,0.3302439024390244,2.4244333614131106
