file,nrBest,proportionBest,entropyNrActions
nr_493_id_26_10af2e7e69e0454d967759bdc6d53f129deff61f_Limma_GTSPOON.csv,610,0.2975609756097561,1.8163071080260234
