file,nrBest,proportionBest,entropyNrActions
nr_208_id_20_03f8463be25ce427895ae40cdba181d4784dd2cb_AntExec_GTSPOON.csv,1169,0.5702439024390243,1.9537778253848157
