file,nrBest,proportionBest,entropyNrActions
nr_457_id_23_0e39913c70f8d0c8b38613100edd96c893c412ec_QuickTextSearcher_GTSPOON.csv,1535,0.748780487804878,1.1965486623862622
