file,nrBest,proportionBest,entropyNrActions
nr_132_id_38_5a881da3a74e5f0e51112e0e526b8524b2548951_LineRenderer_GTSPOON.csv,2028,0.9892682926829268,0.07533507756046552
