file,nrBest,proportionBest,entropyNrActions
nr_90_id_24_02dc75afd06f28d289e261b719c226cc87291931_ActorPublicImpl_GTSPOON.csv,837,0.40829268292682924,2.2141763793294715
