file,nrBest,proportionBest,entropyNrActions
nr_65_id_22_015c6e178160200562321a36982d3da40019555c_URIMatcher_GTSPOON.csv,1907,0.9302439024390244,0.4500862845643056
