file,nrBest,proportionBest,entropyNrActions
nr_132_id_23_0400ca16e51a28cef647497b9af2c6dcd9187caf_MixxitPlugin_GTSPOON.csv,936,0.45658536585365855,0.5572542625437442
