file,nrBest,proportionBest,entropyNrActions
nr_30_id_14_007648c407f619e746b7cd6988c47196a4c82590_ScrapbookLauncher_GTSPOON.csv,1296,0.6321951219512195,1.5912055466503152
