file,nrBest,proportionBest,entropyNrActions
nr_131_id_34_1543d65fb2ff54ede7785f591f30f3764622b4df_Main_GTSPOON.csv,34,0.016585365853658537,2.4479207772224534
