file,nrBest,proportionBest,entropyNrActions
nr_60_id_33_0871578761657543a5048b290c7957b08b4625d8_GLJPanel_GTSPOON.csv,5,0.0024390243902439024,3.9813474548674668
