file,nrBest,proportionBest,entropyNrActions
nr_516_id_2_0114c6114c8161fc98f388301b63fe5163f3f7b1_HelloWorldConfiguration_GTSPOON.csv,2018,0.984390243902439,0.11640317577932825
