file,nrBest,proportionBest,entropyNrActions
nr_502_id_18_098e45f2128b2a61f062c30b51398f8c81f9698e_EmitterImpl_GTSPOON.csv,5,0.0024390243902439024,3.2535958288051545
