file,nrBest,proportionBest,entropyNrActions
nr_134_id_22_032b8ba5fb1e6741e3db83d9c46be60fd7231f9d_Listening_GTSPOON.csv,1154,0.5629268292682926,1.653313712799408
