file,nrBest,proportionBest,entropyNrActions
nr_75_id_38_30a55196d8fd7614c67024963c039a0dc0eaa03d_TableSelect_GTSPOON.csv,2007,0.9790243902439024,0.141061883739577
