file,nrBest,proportionBest,entropyNrActions
nr_295_id_16_05601257227b2c009ca601b3c0d27c1258b13b30_FileUtil_GTSPOON.csv,160,0.07804878048780488,1.6279734044322836
