file,nrBest,proportionBest,entropyNrActions
nr_664_id_8_05263d7d4048f1797ae96cd38aaef5f7b5e19919_TestTripUtil_GTSPOON.csv,1740,0.848780487804878,0.6542629090437554
