file,nrBest,proportionBest,entropyNrActions
nr_18_id_24_008716f00b9148c1438b4732ac0778d82cf9f9d5_Mod_GTSPOON.csv,161,0.07853658536585366,3.2760825558503943
