file,nrBest,proportionBest,entropyNrActions
nr_481_id_8_040549380b09ba2f6c155f3278440843131e3e6c_DefaultVariableModifier_GTSPOON.csv,1407,0.6863414634146342,1.468336834229169
