file,nrBest,proportionBest,entropyNrActions
nr_141_id_12_018e35baa4f15e64499e42e8312bab9b53dd7568_PlayerListener_GTSPOON.csv,1359,0.6629268292682927,1.5309002253284796
