file,nrBest,proportionBest,entropyNrActions
nr_348_id_29_1448abc65891098510e658f0242d9252f90734e0_TheMap_GTSPOON.csv,771,0.37609756097560976,2.9437626498433866
