file,nrBest,proportionBest,entropyNrActions
nr_466_id_12_050422079fe77d72f47dd0169320f855ab818880_Util_GTSPOON.csv,86,0.041951219512195125,1.2341200176013465
