file,nrBest,proportionBest,entropyNrActions
nr_89_id_29_053f38ed83d6b2a7f2475dfe4674e88c37c80027_JdbiShiroRealm_GTSPOON.csv,1300,0.6341463414634146,1.8131117408333517
