file,nrBest,proportionBest,entropyNrActions
nr_368_id_14_05755175db2642e425ef0a526e17c0aca332d461_ItemXPTalisman_GTSPOON.csv,1666,0.8126829268292682,0.9122302029581411
