file,nrBest,proportionBest,entropyNrActions
nr_35_id_28_01b7f3ee3e6ca74dc273b850e00f06618967cd91_HttpServerCall_GTSPOON.csv,805,0.3926829268292683,2.8935577720190713
