file,nrBest,proportionBest,entropyNrActions
nr_276_id_28_0c39284106d29e8852197d163dcc95c01da29f0d_NativeNfcManager_GTSPOON.csv,1484,0.7239024390243902,1.1888634934076951
