file,nrBest,proportionBest,entropyNrActions
nr_294_id_6_01db142563d2991af28171ce125f41244e449144_RepositoryServer_GTSPOON.csv,307,0.1497560975609756,2.008102839039245
