file,nrBest,proportionBest,entropyNrActions
nr_272_id_13_03dccadbd2236463d24145a5c77d5fb908b78ad1_TileTest_GTSPOON.csv,1553,0.7575609756097561,1.1447626531657953
