file,nrBest,proportionBest,entropyNrActions
nr_466_id_4_01da52691d16b8501b1748c9fa73eb7a725bdc8f_YarepUser_GTSPOON.csv,178,0.08682926829268292,2.9709884342722592
