file,nrBest,proportionBest,entropyNrActions
nr_539_id_35_66fd449e098a79b46836c11250ab63e4477c6fe3_Particle_GTSPOON.csv,1393,0.6795121951219513,1.3294600275406259
