file,nrBest,proportionBest,entropyNrActions
nr_342_id_36_571219c1c99c4576dd53a0ca1ec33d5e0a7200e4_Network_GTSPOON.csv,1600,0.7804878048780488,0.8415637989133105
