file,nrBest,proportionBest,entropyNrActions
nr_243_id_20_04946c21f1600c186418d5558f07fc3bb2b7bd97_ServerConfigView_GTSPOON.csv,651,0.3175609756097561,2.575009373910091
