file,nrBest,proportionBest,entropyNrActions
nr_338_id_15_062bd28d0ab2ae4d373936d60c9912456741c1b8_XpContainer_GTSPOON.csv,1703,0.8307317073170731,0.8638159524685249
