file,nrBest,proportionBest,entropyNrActions
nr_406_id_20_07c5e1fa655f6d4e4c33dff71d3e8471111c8cf5_DBWrapper_GTSPOON.csv,1379,0.6726829268292683,1.3719961625462203
