file,nrBest,proportionBest,entropyNrActions
nr_349_id_20_06d066cf55763a7ae8342699ba90dc875747a5a7_Planner_GTSPOON.csv,525,0.25609756097560976,2.486974143336529
