file,nrBest,proportionBest,entropyNrActions
nr_127_id_11_019809828e62acbb266d1f4e7773ed54f5d5e15c_AudiBankTsvImporter_GTSPOON.csv,1465,0.7146341463414634,1.4501840821152576
