file,nrBest,proportionBest,entropyNrActions
nr_554_id_5_048f079fa3681a7c07b9a77858cd4f3b9fe84119_Navbar_GTSPOON.csv,110,0.05365853658536585,2.7254876226263076
