file,nrBest,proportionBest,entropyNrActions
nr_189_id_18_03a0fe1612a2019b60d21f930801aa87dc03f1eb_LShapeView_GTSPOON.csv,226,0.11024390243902439,3.0894310841660335
