file,nrBest,proportionBest,entropyNrActions
nr_60_id_23_01f9ee92666a3b04818a64f23948824400202640_DocumentCommand_GTSPOON.csv,1167,0.5692682926829268,1.934268925346144
