file,nrBest,proportionBest,entropyNrActions
nr_367_id_6_023568ca11375e764b79b3ee9b6a330d61acd582_AddCategory_GTSPOON.csv,1929,0.9409756097560975,0.3830851390503053
