file,nrBest,proportionBest,entropyNrActions
nr_327_id_31_16c14488b4899b6b581129a172b99e138c346906_ProtocolUtil_Test_GTSPOON.csv,1752,0.8546341463414634,0.7227078654566981
