file,nrBest,proportionBest,entropyNrActions
nr_265_id_25_08c663d4e745dffd11d6815e3612269b270cd87e_SolutionAdapter_GTSPOON.csv,1481,0.7224390243902439,1.0277164082903578
