file,nrBest,proportionBest,entropyNrActions
nr_472_id_13_06f32dda7cd5e8ad60dbdbb1976952d49fd902b2_Memory_GTSPOON.csv,1376,0.671219512195122,1.478321019701867
