file,nrBest,proportionBest,entropyNrActions
nr_431_id_16_07c025731ee14885625e680fc203c111efc86754_PageObjectLogging_GTSPOON.csv,191,0.09317073170731707,2.3521800284956607
