file,nrBest,proportionBest,entropyNrActions
nr_334_id_35_3f3747437df006cb027588d9a1ba0f73818e4a13_RAMstore_GTSPOON.csv,5,0.0024390243902439024,3.132267578885265
