file,nrBest,proportionBest,entropyNrActions
nr_367_id_22_0906f569f098a52f882e8b3ce52035ba6c05fc84_ModIntegrationTiCon_GTSPOON.csv,64,0.03121951219512195,1.9600051681478883
