file,nrBest,proportionBest,entropyNrActions
nr_438_id_16_07df7001193263ec807d7ffa37fc3b7e3f0885ce_ItemDetailsPane_GTSPOON.csv,879,0.42878048780487804,0.7213658421184441
