file,nrBest,proportionBest,entropyNrActions
nr_185_id_35_23f8206f553fa5840e1b121dcf92947e719b5c49_MetarServlet_GTSPOON.csv,10,0.004878048780487805,2.1057999818014848
