file,nrBest,proportionBest,entropyNrActions
nr_253_id_22_0695d46e36e81c96ffc13f56dcee75bca67b4596_StreetUtils_GTSPOON.csv,1647,0.8034146341463415,1.029340218438456
