file,nrBest,proportionBest,entropyNrActions
nr_137_id_38_5c794e87199e1eb3190df44c166c3df0392d2a64_SimpleCompletor_GTSPOON.csv,1938,0.9453658536585365,0.29979476120816767
