file,nrBest,proportionBest,entropyNrActions
nr_224_id_33_1bef0373f3dd50d780e3583ca313c00e38d7651d_Modal_GTSPOON.csv,435,0.2121951219512195,2.1270126421637547
