file,nrBest,proportionBest,entropyNrActions
nr_687_id_8_05502a02b9805df5001a7bb23a6cc28adfc0a3ef_TweenerTest_GTSPOON.csv,1571,0.7663414634146342,1.0904104514561772
