file,nrBest,proportionBest,entropyNrActions
nr_543_id_35_6748fa53343e493ac3f2019d2fc5de55b895b77d_SwearPrevention_GTSPOON.csv,1646,0.8029268292682927,1.007538363091654
