file,nrBest,proportionBest,entropyNrActions
nr_89_id_39_973376ee5881b1b5d5be4af1bf30f30075e266df_RouteData_GTSPOON.csv,488,0.23804878048780487,2.868018319041517
