file,nrBest,proportionBest,entropyNrActions
nr_279_id_14_042d8aa957a781dffba7080d9fd43f37ffe69411_BuildCommand_GTSPOON.csv,190,0.09268292682926829,2.5085123482037748
