file,nrBest,proportionBest,entropyNrActions
nr_45_id_37_15da98a3d236e236c5ba860b22790c7f4420c6e9_FenetreCommander_GTSPOON.csv,1926,0.9395121951219512,0.3726019071882679
