file,nrBest,proportionBest,entropyNrActions
nr_28_id_1_0042c8112fd3e7cf81bde21e57ea57056a6356ee_Mechanics_GTSPOON.csv,635,0.3097560975609756,2.6433302283387077
