file,nrBest,proportionBest,entropyNrActions
nr_215_id_30_0d2462a252e0f4f6601ab342400c64041348cb55_SaveWorkspacePlugIn_GTSPOON.csv,1641,0.8004878048780488,0.8016735624049137
