file,nrBest,proportionBest,entropyNrActions
nr_283_id_26_0a0441423482c27478abc7873ba8859a835a5472_FeaturesSQL_GTSPOON.csv,297,0.1448780487804878,2.7531087086472423
