file,nrBest,proportionBest,entropyNrActions
nr_423_id_11_05ccb3b68429309a454798c168a7e1eb83665545_FxContent_GTSPOON.csv,178,0.08682926829268292,2.4838287487010464
