file,nrBest,proportionBest,entropyNrActions
nr_510_id_5_0428632caff9d04cfd61ea179277cb8eede84393_Whois_GTSPOON.csv,1805,0.8804878048780488,0.7385116403759817
