file,nrBest,proportionBest,entropyNrActions
nr_19_id_24_00969e3a2ec5f3a791ec380264967a55d18c2da1_ObjectSerializerTest_GTSPOON.csv,80,0.03902439024390244,1.0140123743277132
