file,nrBest,proportionBest,entropyNrActions
nr_45_id_15_00be5cae3adac1a66f2dbada82636559618608f7_PyObject_GTSPOON.csv,160,0.07804878048780488,2.5795842872369166
