file,nrBest,proportionBest,entropyNrActions
nr_61_id_23_01febe7277240f142d796c6f318375afd5c82569_EOArmorEffects_GTSPOON.csv,1645,0.802439024390244,0.9271853302982533
