file,nrBest,proportionBest,entropyNrActions
nr_93_id_17_01cf98f5534754fe6dbb669fc871f999325487e7_BAMFileReader_GTSPOON.csv,379,0.1848780487804878,2.693341334613396
