file,nrBest,proportionBest,entropyNrActions
nr_417_id_6_028a8bc41da684f6e5b5eadc450dc960e12e51b3_Cinematics_GTSPOON.csv,1641,0.8004878048780488,0.9052322802002145
