file,nrBest,proportionBest,entropyNrActions
nr_133_id_23_04044adbe3f7336fb01007b17ad6b9f164197fd7_CoreLibrary_GTSPOON.csv,661,0.3224390243902439,2.631356031281483
