file,nrBest,proportionBest,entropyNrActions
nr_281_id_3_01ce32ea2ec71966ecc90238539f54f22809ddad_BPMN2BPELServlet_GTSPOON.csv,1838,0.8965853658536586,0.5808234553498322
