file,nrBest,proportionBest,entropyNrActions
nr_368_id_32_20dadda6b512c87eb314759cf83ce8e2ee0a23a6_Start_GTSPOON.csv,1929,0.9409756097560975,0.3877020338123101
