file,nrBest,proportionBest,entropyNrActions
nr_326_id_14_04d4333a3c3c3cec69638163456d8a1767dd4b72_NumpadActivity_GTSPOON.csv,1652,0.8058536585365854,0.9456705995241406
