file,nrBest,proportionBest,entropyNrActions
nr_392_id_12_04482d4f61d89287e3158ed17c3368549ee8b699_NestedViewTest_GTSPOON.csv,1296,0.6321951219512195,1.4011540671412692
