file,nrBest,proportionBest,entropyNrActions
nr_319_id_8_02b0b3662ca9f12a6a1878f7576b659b6d664fb9_HRMController_GTSPOON.csv,178,0.08682926829268292,2.657275173255611
