file,nrBest,proportionBest,entropyNrActions
nr_180_id_6_013a834f8a6d60ad5b6f241ebb77c00a1dfb95e0_GameFSM_GTSPOON.csv,636,0.3102439024390244,2.5278746955202895
