file,nrBest,proportionBest,entropyNrActions
nr_28_id_17_0095c4777c00659a8d93cb45435565aeb17b4ffb_NewBoardPage_GTSPOON.csv,114,0.055609756097560976,1.7883078044668597
