file,nrBest,proportionBest,entropyNrActions
nr_556_id_12_06174fc9179dc5050c01211e21c208de237faa38_Galaxy_GTSPOON.csv,1533,0.7478048780487805,1.2608457070019388
