file,nrBest,proportionBest,entropyNrActions
nr_285_id_3_01d4efb2e33ea14c1bacf95a6ec45556f27dd899_Scanner_GTSPOON.csv,1179,0.5751219512195122,1.5659176646175808
