file,nrBest,proportionBest,entropyNrActions
nr_543_id_3_0388aa748ee6e70c01143ce3e95dcc3c0905cc6e_FEOauth_GTSPOON.csv,1564,0.7629268292682927,1.130177533995453
