file,nrBest,proportionBest,entropyNrActions
nr_65_id_1_00b554960fac1ce9da3537bc2d2c83c9e6b55244_RoomCell_GTSPOON.csv,1937,0.9448780487804878,0.3523283114912702
