file,nrBest,proportionBest,entropyNrActions
nr_113_id_35_1836494d3e616d78e2732268b898b05951348ae5_HazelcastClientFactory_GTSPOON.csv,1254,0.6117073170731707,1.7406482387942535
