file,nrBest,proportionBest,entropyNrActions
nr_167_id_27_076c7fe4ec349c2ea52b8aae833722e4a633f9ce_SWF9External_GTSPOON.csv,1,0.0004878048780487805,3.2717212343365745
