file,nrBest,proportionBest,entropyNrActions
nr_455_id_12_04e0dd60919f46e28d1ac59c6d3393ad0e9a5043_Constants_GTSPOON.csv,1747,0.8521951219512195,0.7955911359097407
