file,nrBest,proportionBest,entropyNrActions
nr_314_id_3_0200197a07f3950bfc43836de66c036ee9557ac9_ConveyorBelt_GTSPOON.csv,1846,0.9004878048780488,0.5262647066932096
