file,nrBest,proportionBest,entropyNrActions
nr_202_id_36_3263810e825ff5e962976c544eda4cdfe9794d08_CommandLineParser_GTSPOON.csv,32,0.015609756097560976,3.5067159881895646
