file,nrBest,proportionBest,entropyNrActions
nr_466_id_10_047198d37a66373a8231cdf6ffaf7cf1d9654143_ApacheDS_GTSPOON.csv,1381,0.6736585365853659,1.4896621289277816
