file,nrBest,proportionBest,entropyNrActions
nr_316_id_21_083b74b9257700e23c409070a56c024d0534c9bc_LinphoneCoreImpl_GTSPOON.csv,1537,0.7497560975609756,1.1021434401838794
