file,nrBest,proportionBest,entropyNrActions
nr_281_id_9_035cb8c2704c42f237bfc360a533ab6f0017b430_AgendaWindowAdapter_GTSPOON.csv,146,0.07121951219512195,3.111354430554319
