file,nrBest,proportionBest,entropyNrActions
nr_484_id_2_0100a4ba1e4fb7f1d63ab27435624ac19462a0fb_BlogDaoImp_GTSPOON.csv,1928,0.9404878048780487,0.3762391921287758
