file,nrBest,proportionBest,entropyNrActions
nr_589_id_12_067ea716a31edc6b9a088bf3077e5f546dc92750_TestTable_GTSPOON.csv,1752,0.8546341463414634,0.8295675294868929
