file,nrBest,proportionBest,entropyNrActions
nr_56_id_27_02978b9e86104d8fa6157ce537b64085e788b61c_MessageView_GTSPOON.csv,817,0.3985365853658537,2.4501637833658414
