file,nrBest,proportionBest,entropyNrActions
nr_405_id_34_38bfaa426afb461a3b66b4914ea0a2099dbdd05b_FolderList_GTSPOON.csv,75,0.036585365853658534,3.6365865046337937
