file,nrBest,proportionBest,entropyNrActions
nr_5_id_16_002249513037fbf66f54e1d4fc0274af878230c5_ParticlePattern_GTSPOON.csv,1920,0.9365853658536586,0.3697116710245793
