file,nrBest,proportionBest,entropyNrActions
nr_459_id_16_083ef1a625414eae055720fa0ef52d5b65c3b99d_OrientVertex_GTSPOON.csv,469,0.22878048780487806,2.7578550169126927
