file,nrBest,proportionBest,entropyNrActions
nr_416_id_14_06070f1790721db9a0aca3f5d8395481e6f61cf7_Gson_GTSPOON.csv,1537,0.7497560975609756,1.1925015519525066
