file,nrBest,proportionBest,entropyNrActions
nr_486_id_2_01011dff9ff9b88214f3caca1674b9079e51a595_CGeoMap_GTSPOON.csv,163,0.07951219512195122,2.6775273826814114
