file,nrBest,proportionBest,entropyNrActions
nr_229_id_12_027cb845ddfb9e371f604639461151e0537a45db_Commandsetxmpp_GTSPOON.csv,2013,0.9819512195121951,0.1222422348712996
