file,nrBest,proportionBest,entropyNrActions
nr_493_id_21_0c608fc3dce159561be6b79f8df9be5a38503901_Manifest_GTSPOON.csv,1361,0.6639024390243903,1.4538781203829945
