file,nrBest,proportionBest,entropyNrActions
nr_408_id_23_0cc44925d82703797c2baf26b881a54ffc6726f5_BuzzPlugin_GTSPOON.csv,1688,0.8234146341463414,0.8435272337656662
