file,nrBest,proportionBest,entropyNrActions
nr_164_id_26_0658c5bc44cd4b1d1413c52f35b7a9d2d5141a5e_FunctionsTest_GTSPOON.csv,1302,0.6351219512195122,1.4458385443887385
