file,nrBest,proportionBest,entropyNrActions
nr_521_id_2_011795831dec45601eafbb06957de91388698aff_SessionTest_GTSPOON.csv,1346,0.6565853658536586,1.3626980954561914
