file,nrBest,proportionBest,entropyNrActions
nr_336_id_27_0e76cce6e5930036d2352917bcea6db7cafc7812_RDFJSON_GTSPOON.csv,939,0.4580487804878049,2.599918656077567
