file,nrBest,proportionBest,entropyNrActions
nr_394_id_1_048ca396fad255c7ec2d4ff3f416306fa43dfc64_IqFallback_GTSPOON.csv,2015,0.9829268292682927,0.11763777481922323
