file,nrBest,proportionBest,entropyNrActions
nr_769_id_2_01a5ef8d6b5b7faad08ac50851a7425a7737191c_TickTask_GTSPOON.csv,1838,0.8965853658536586,0.6005297136955867
