file,nrBest,proportionBest,entropyNrActions
nr_98_id_11_013136f82a07ce38820ab02c3e605722fa771b3b_PinnedSectionListView_GTSPOON.csv,354,0.17268292682926828,2.0065794961385217
