file,nrBest,proportionBest,entropyNrActions
nr_415_id_18_07d6c48b8bd557fa792243f61c7b39a3a12116e2_RSEEnvironmentProvider_GTSPOON.csv,1457,0.7107317073170731,1.3215908371022986
