file,nrBest,proportionBest,entropyNrActions
nr_111_id_13_0195908cf5c711c30c1648bbf6b8b67e9511f69e_IndexableProperty_GTSPOON.csv,118,0.0575609756097561,1.7569046817175031
