file,nrBest,proportionBest,entropyNrActions
nr_109_id_31_0825284b338c95028dfc0e69ec269f7c55cae9a9_MappFormat_GTSPOON.csv,152,0.07414634146341463,2.765118041807951
