file,nrBest,proportionBest,entropyNrActions
nr_66_id_40_cb976b9f0dfc28a2992eb42967c8cb3cd41057ac_Promotion_GTSPOON.csv,1212,0.5912195121951219,1.7541075658105818
