file,nrBest,proportionBest,entropyNrActions
nr_196_id_30_0c146dfdf36298e1a82ab889f584b7c0db25a112_Lock_GTSPOON.csv,127,0.06195121951219512,2.0633675890938297
