file,nrBest,proportionBest,entropyNrActions
nr_519_id_25_127e2ede8afd931c4da0d1013f6f1884b3688c8d_BaseTest_GTSPOON.csv,964,0.47024390243902436,2.020522560635984
