file,nrBest,proportionBest,entropyNrActions
nr_480_id_9_057fee086a325ccd169ee930905a5209bd393bf7_UserManagerTest_GTSPOON.csv,25,0.012195121951219513,1.8125898031345846
