file,nrBest,proportionBest,entropyNrActions
nr_127_id_7_015fb33a8069532a9902ac9fe95532fa8bb703ec_Server_GTSPOON.csv,1005,0.4902439024390244,2.002134449392774
