file,nrBest,proportionBest,entropyNrActions
nr_179_id_37_52b020a999ad615aa656063f06394cc8155af8ae_AddChildActivity_GTSPOON.csv,458,0.22341463414634147,2.059925981749221
