file,nrBest,proportionBest,entropyNrActions
nr_328_id_31_16ca1b1550f6092eccc1d4e74eeb662846695e5c_ClojureBuilder_GTSPOON.csv,1050,0.5121951219512195,2.2806672849876923
