file,nrBest,proportionBest,entropyNrActions
nr_666_id_8_052b392473799029ad394facef0d097dea8d8d5c_TownTile_GTSPOON.csv,2012,0.9814634146341463,0.11548450297623346
