file,nrBest,proportionBest,entropyNrActions
nr_197_id_13_02ce811bf1233be065ec5c8ad43514910b507d46_HierarchicalFieldValue_GTSPOON.csv,1900,0.926829268292683,0.44074304268334913
