file,nrBest,proportionBest,entropyNrActions
nr_501_id_10_04cf899bb657ff4f8008633c410cb414ac6c1a3d_GitHistoryPage_GTSPOON.csv,83,0.04048780487804878,3.230103144919977
