file,nrBest,proportionBest,entropyNrActions
nr_434_id_17_08c5148046f403cc50d1b82c59278d73c4f87f79_Tween_GTSPOON.csv,638,0.31121951219512195,2.418085478733204
