file,nrBest,proportionBest,entropyNrActions
nr_375_id_4_017a910bf2da61be9908aa25ba0ce48e03df8c37_Builder_GTSPOON.csv,1642,0.8009756097560976,1.0494773833756055
