file,nrBest,proportionBest,entropyNrActions
nr_162_id_11_0217c971892b938dea3333fc516e03ac9cb9d3e8_RiakEntityPersister_GTSPOON.csv,1319,0.6434146341463415,1.5658696957655576
