file,nrBest,proportionBest,entropyNrActions
nr_94_id_10_00bea9a18d7a812b37f02e8461ae3b8e23f931d0_Caster_GTSPOON.csv,200,0.0975609756097561,2.500568907063908
