file,nrBest,proportionBest,entropyNrActions
nr_195_id_26_076da66ee6a4b00928e64147ae5eaff936acea02_TileUtils_GTSPOON.csv,95,0.046341463414634146,2.186064111983186
