file,nrBest,proportionBest,entropyNrActions
nr_364_id_27_107e601ae7730245e9294c3d1287d00db929172c_ArabicReshaper_GTSPOON.csv,900,0.43902439024390244,2.0939438196071345
