file,nrBest,proportionBest,entropyNrActions
nr_104_id_9_0140b4a0cd636b59e9a8f9d6482d40ea47348a07_CommandInterpreter_GTSPOON.csv,1552,0.7570731707317073,0.8334888937347574
