file,nrBest,proportionBest,entropyNrActions
nr_410_id_32_23480fbe75113d2658cc5437d9b0745de17c8faf_PduPersister_GTSPOON.csv,48,0.023414634146341463,2.9603025238348555
