file,nrBest,proportionBest,entropyNrActions
nr_184_id_7_020416cc07295d700bf8890fd4f6af5fbb880225_RivalCommand_GTSPOON.csv,1729,0.8434146341463414,0.9979388314979015
