file,nrBest,proportionBest,entropyNrActions
nr_91_id_18_01b383fd51fdb3787ba5cd730b47495ff9c8c079_RetryScheduler_GTSPOON.csv,113,0.055121951219512196,1.6023996310907451
