file,nrBest,proportionBest,entropyNrActions
nr_216_id_25_07154d1d9bcb380287e55b2bd5161e318b90df6b_Option_GTSPOON.csv,1304,0.6360975609756098,1.68489978818843
