file,nrBest,proportionBest,entropyNrActions
nr_110_id_36_1ae2ff090ef3502189228038b9d5512a012259cf_IdeaBasket_GTSPOON.csv,265,0.12926829268292683,2.007272795182236
