file,nrBest,proportionBest,entropyNrActions
nr_316_id_21_083b74b9257700e23c409070a56c024d0534c9bc_LinphoneCore_GTSPOON.csv,1848,0.9014634146341464,0.47608111339627457
