file,nrBest,proportionBest,entropyNrActions
nr_9_id_32_00e83f82be06e9b48f85d3204135297c204563e3_EntityManager_GTSPOON.csv,856,0.4175609756097561,2.5680432809920717
