file,nrBest,proportionBest,entropyNrActions
nr_463_id_8_03da955c7247a1724dc41dff404168dc6a271603_PageSequenceMaster_GTSPOON.csv,1647,0.8034146341463415,0.955306953055339
