file,nrBest,proportionBest,entropyNrActions
nr_257_id_15_04b94e1f02313a84bb07bb481e07e7be173c2c0f_DelombokMojo_GTSPOON.csv,1601,0.7809756097560976,0.9979234322774724
