file,nrBest,proportionBest,entropyNrActions
nr_22_id_10_003aa77f200e0a0f3840d3722c201b3c2dd220ac_Music_GTSPOON.csv,2020,0.9853658536585366,0.10478737632232236
