file,nrBest,proportionBest,entropyNrActions
nr_114_id_10_00f67a0ba0301d66590ee94451d7e17739a259fe_ManageVoteImpl_GTSPOON.csv,1660,0.8097560975609757,0.9754731572292492
