file,nrBest,proportionBest,entropyNrActions
nr_35_id_7_005f767aa35d0bbdb0c34372477bd48331bcef7d_UIImportForm_GTSPOON.csv,1020,0.4975609756097561,2.0814739221295215
