file,nrBest,proportionBest,entropyNrActions
nr_417_id_36_6c28bc87550c156858e62ed2f1e2e0f881bb1baf_FileList_GTSPOON.csv,200,0.0975609756097561,0.7907693006940675
