file,nrBest,proportionBest,entropyNrActions
nr_248_id_21_0669c26773d4b5b0a0d28bae02322e2d0c3f4544_CeylonTransformer_GTSPOON.csv,491,0.2395121951219512,2.575866066530847
