file,nrBest,proportionBest,entropyNrActions
nr_39_id_36_0a930c99124e44dbd023d6b683571df1e6aa035c_CreateDepthDatabase_GTSPOON.csv,242,0.11804878048780487,2.4248621822968754
