file,nrBest,proportionBest,entropyNrActions
nr_353_id_3_0254709c74eb1a5b7191c571b23f4414bf2b5411_JHtmlLabel_GTSPOON.csv,1833,0.8941463414634147,0.5654555003220038
