file,nrBest,proportionBest,entropyNrActions
nr_443_id_18_08510f0fdcdf385d9310ebe14d7863ddc5657c7f_ModulesTestCase_GTSPOON.csv,1120,0.5463414634146342,1.8529573947919855
