file,nrBest,proportionBest,entropyNrActions
nr_84_id_32_07e7cd891981b74535a00307691c1885c82d30e9_AttemptCountingEventStoreTestBase_GTSPOON.csv,2025,0.9878048780487805,0.08792921498842186
