file,nrBest,proportionBest,entropyNrActions
nr_51_id_11_008d4f071423ba863ef356f47c3f7e323ed0deca_Browse_GTSPOON.csv,176,0.08585365853658537,2.661317514848271
