file,nrBest,proportionBest,entropyNrActions
nr_483_id_36_7c7ff6433b05be7b024394c640567cc91127397c_ModifyEvent_GTSPOON.csv,623,0.30390243902439024,2.0372934117560457
