file,nrBest,proportionBest,entropyNrActions
nr_261_id_34_252087ce97813a366f6171161eec7374a03b947d_LocatorModel_GTSPOON.csv,811,0.395609756097561,2.258919363634046
