file,nrBest,proportionBest,entropyNrActions
nr_442_id_9_051566c7dc43bfbb3194205b924bd0829e58f56e_EntityTypeGenerator_GTSPOON.csv,61,0.02975609756097561,2.6373932323234976
