file,nrBest,proportionBest,entropyNrActions
nr_372_id_22_09148f0c0d445b708e817a8e6f33985643381e83_AddressBookParsedResult_GTSPOON.csv,1843,0.8990243902439025,0.5435611511753473
