file,nrBest,proportionBest,entropyNrActions
nr_481_id_15_08eabcb991e7718b02de4269356b6f718bf5273f_ASListener_GTSPOON.csv,2,0.000975609756097561,2.8590177473722536
