file,nrBest,proportionBest,entropyNrActions
nr_315_id_10_02faf82662bad310507367c747de683e47b4591b_PrintNMTStatistics_GTSPOON.csv,2000,0.975609756097561,0.1485186703970914
