file,nrBest,proportionBest,entropyNrActions
nr_430_id_37_c4e4a4c77c520a257d2115cb4f456fe4168bc0b1_RuntimeType_GTSPOON.csv,28,0.013658536585365854,2.430063389372062
