file,nrBest,proportionBest,entropyNrActions
nr_419_id_28_1266d4c4a7b9cb7ba8866418d0919fe0566d4c10_DebatingActivity_GTSPOON.csv,105,0.05121951219512195,2.724688322495939
