file,nrBest,proportionBest,entropyNrActions
nr_419_id_26_0e48a8b17a4fe6b5dfb8e0731e2519b4c6739058_TestHomePage_GTSPOON.csv,1923,0.9380487804878048,0.3752356990058684
