file,nrBest,proportionBest,entropyNrActions
nr_219_id_8_01d7dcf164c7a0d722be3f8afcd739fc06a48513_TestApp_GTSPOON.csv,2025,0.9878048780487805,0.08539000553920782
