file,nrBest,proportionBest,entropyNrActions
nr_38_id_5_0066b6da1b5f227b72a6c19a6dee61467905f579_InstructionStream_GTSPOON.csv,1929,0.9409756097560975,0.27446263292922707
