file,nrBest,proportionBest,entropyNrActions
nr_442_id_25_0fdb55663e727b5ac98c2467c288e634252d7824_ExecutionSite_GTSPOON.csv,162,0.07902439024390244,2.6985845599605085
