file,nrBest,proportionBest,entropyNrActions
nr_330_id_28_0ed928b08e7afddc74f08cd2e895160082267891_NewRelicFilter_GTSPOON.csv,2000,0.975609756097561,0.154650419204932
