file,nrBest,proportionBest,entropyNrActions
nr_74_id_25_026aa798dcd042e0975a9fd8ea52329f3907dd11_TlsMac_GTSPOON.csv,1634,0.7970731707317074,0.9290198596395137
