file,nrBest,proportionBest,entropyNrActions
nr_117_id_14_017c03a67a322801ea043801d9e53c2f4b3b26d1_RewardData_GTSPOON.csv,10,0.004878048780487805,2.3142302491200435
