file,nrBest,proportionBest,entropyNrActions
nr_187_id_4_00a636707695397d184fe7aee84324c7d8f84eac_Component_GTSPOON.csv,1632,0.7960975609756098,0.8195184003018787
