file,nrBest,proportionBest,entropyNrActions
nr_388_id_31_1b46e1e461109295b7d8142f1ebbb0f2463e40fc_MappedClass_GTSPOON.csv,583,0.284390243902439,2.577583404479017
