file,nrBest,proportionBest,entropyNrActions
nr_269_id_19_069263eed9199d861fde89a94bd8cfe7d8610de3_CircularList_GTSPOON.csv,953,0.46487804878048783,2.1669774030132185
