file,nrBest,proportionBest,entropyNrActions
nr_134_id_25_045d613fdddbabaa4433664d2980487b6a01d5fc_Launcher_GTSPOON.csv,126,0.06146341463414634,2.649132408440323
