file,nrBest,proportionBest,entropyNrActions
nr_343_id_33_2c2aae1a32768aacaa38858602854a97f29e6600_LightWeightPlotViewer_GTSPOON.csv,108,0.05268292682926829,3.9356243083996296
