file,nrBest,proportionBest,entropyNrActions
nr_432_id_8_039cf7b99c884cb510ddaaadb19ca117f31e25d4_Search_GTSPOON.csv,1265,0.6170731707317073,1.674246014892828
