file,nrBest,proportionBest,entropyNrActions
nr_355_id_33_2de8a5570ce3e192cdb00f94589a759502394d20_PropertiesTable_GTSPOON.csv,514,0.25073170731707317,2.632213626050925
