file,nrBest,proportionBest,entropyNrActions
nr_23_id_22_007ad0f5b648ffc39b1ea4223f3419776923e48b_imp_GTSPOON.csv,135,0.06585365853658537,2.6042480181002663
