file,nrBest,proportionBest,entropyNrActions
nr_68_id_15_0107c52d64bf7ebb4151410995af0bef9bf75319_MainPanel_GTSPOON.csv,749,0.3653658536585366,1.485952317030221
