file,nrBest,proportionBest,entropyNrActions
nr_441_id_8_03b9f734cb6618e82b8af1bb553b019a99a0c118_RemotePlayer_GTSPOON.csv,1757,0.8570731707317073,0.6991425611504576
