file,nrBest,proportionBest,entropyNrActions
nr_32_id_24_01079526a8f58a419acf1e3647448b7016c68018_AbstractExporterCountry_XLSX_GTSPOON.csv,1815,0.8853658536585366,0.6701307951404661
