file,nrBest,proportionBest,entropyNrActions
nr_323_id_19_07b637e23782779304486cd78e042414e71dc09f_ComponentSplitter_GTSPOON.csv,90,0.04390243902439024,3.0060396325794683
