file,nrBest,proportionBest,entropyNrActions
nr_165_id_4_008f2b9550072e3a241a7f16429bede42ed0b4e8_CustomInfo_GTSPOON.csv,1239,0.604390243902439,1.5174734047730132
