file,nrBest,proportionBest,entropyNrActions
nr_179_id_12_020299917bcd5e541e3140c818d54a71afb62f98_TestOpenWebPage_GTSPOON.csv,1536,0.7492682926829268,0.8838910091761579
