file,nrBest,proportionBest,entropyNrActions
nr_556_id_37_f9803875b605c0a0b11d12e605f4b246fa35768a_CacheBuilder_GTSPOON.csv,50,0.024390243902439025,2.1720828731484603
