file,nrBest,proportionBest,entropyNrActions
nr_131_id_31_09546a11b6a2d0e78e3c2ef1e0763d75bee658f5_Devices_GTSPOON.csv,402,0.19609756097560976,3.365989236210674
