file,nrBest,proportionBest,entropyNrActions
nr_285_id_10_02a763d332a63592abb00a9ec97d25711e9eadc6_TestSQLBackend_GTSPOON.csv,153,0.07463414634146341,2.428688582846737
