file,nrBest,proportionBest,entropyNrActions
nr_760_id_1_08aec3679d58040178ec7a3102dbf6e39a7fd36d_HandshakeHandler_GTSPOON.csv,1734,0.8458536585365853,0.8551169342311139
