file,nrBest,proportionBest,entropyNrActions
nr_254_id_31_11e6b99b088d99279f2d7c7548491f4f6ff9cb0e_ChannelInfo_GTSPOON.csv,1050,0.5121951219512195,1.8601773273876492
