file,nrBest,proportionBest,entropyNrActions
nr_586_id_1_0687d22fcfc0991e3d0343e65ac4f695c144fdc5_MongoDatastore_GTSPOON.csv,1392,0.6790243902439025,1.4120302034566259
