file,nrBest,proportionBest,entropyNrActions
nr_367_id_14_0573e4907651eace65d83f6a64f5a63c40145846_Team_GTSPOON.csv,1726,0.8419512195121951,0.8360885821596977
