file,nrBest,proportionBest,entropyNrActions
nr_70_id_26_02a32a417c4bf4a3590a2d90e8dd615b6f726f27_Command_GTSPOON.csv,1545,0.7536585365853659,1.28423565341704
