file,nrBest,proportionBest,entropyNrActions
nr_199_id_14_02dc13b18cf0a4733e2947df6a37041892c48996_MapIndexService_GTSPOON.csv,1080,0.526829268292683,2.2604334606723326
