file,nrBest,proportionBest,entropyNrActions
nr_720_id_2_01889f013ced414b9ce61804977ef4b062407547_ResourceConfigurationTest_GTSPOON.csv,1932,0.9424390243902439,0.3678883995356857
