file,nrBest,proportionBest,entropyNrActions
nr_191_id_37_5811bb8056417fd3687e53dcc2e1b5d026a4a23d_ScalarMap_GTSPOON.csv,136,0.06634146341463415,3.106487838473795
