file,nrBest,proportionBest,entropyNrActions
nr_121_id_8_0111c904eead82874bf3f77bc5987e0a94ed93ce_ProjectClass_GTSPOON.csv,1374,0.6702439024390244,1.4839634398453203
