file,nrBest,proportionBest,entropyNrActions
nr_207_id_32_12b3c037c47fb2ede43533dd161270aeb65b8653_ClosureProcessor_GTSPOON.csv,1834,0.8946341463414634,0.6051802267858748
