file,nrBest,proportionBest,entropyNrActions
nr_498_id_12_055fa0a344f4c62613991cfcecce3400398166aa_OSISUtil_GTSPOON.csv,210,0.1024390243902439,2.27009977663221
