file,nrBest,proportionBest,entropyNrActions
nr_446_id_26_0ef0c863ebce010272bd9019ab288111dc31c1a7_GaugeInfo_GTSPOON.csv,406,0.1980487804878049,0.6385975142242326
