file,nrBest,proportionBest,entropyNrActions
nr_555_id_10_056afc814ab5d1a27500ff9288fdc15e43030b2e_LinkImpl_GTSPOON.csv,2030,0.9902439024390244,0.06952483920599584
