file,nrBest,proportionBest,entropyNrActions
nr_409_id_19_09e9e508572060213edb8b79e4d84447b119a2c6_IWSimpleSlideService_GTSPOON.csv,2015,0.9829268292682927,0.1047847065935152
