file,nrBest,proportionBest,entropyNrActions
nr_614_id_6_03c950ecd39160f51681679ef321563319dea67f_Invoker_GTSPOON.csv,138,0.06731707317073171,2.456834760289165
