file,nrBest,proportionBest,entropyNrActions
nr_461_id_32_28891ea75aefb52f04b25b4d43ff79b689121bcc_MultipartReader_GTSPOON.csv,32,0.015609756097560976,2.0834003403774046
