file,nrBest,proportionBest,entropyNrActions
nr_136_id_35_1bf0899a13c0efc098e5a7f4e68404f341a15ebc_EspEditor_GTSPOON.csv,222,0.10829268292682927,2.779744257595781
