file,nrBest,proportionBest,entropyNrActions
nr_133_id_15_026ca15417137236776438aeaff88965a6b7b0f0_DownloadPreferenceActivity_GTSPOON.csv,141,0.06878048780487805,3.4565836552898714
