file,nrBest,proportionBest,entropyNrActions
nr_248_id_35_3045669a0df5f477924dbc165b8fa64919106aa0_BeerConverterActivity_GTSPOON.csv,11,0.005365853658536586,2.5270841735123364
