file,nrBest,proportionBest,entropyNrActions
nr_205_id_26_07d8198904a050da521c840ef6037698e066e4a2_ASTEngine_GTSPOON.csv,91,0.04439024390243902,1.6813364425921518
