file,nrBest,proportionBest,entropyNrActions
nr_148_id_37_44569250003b7d9d920be1eb93ec98f7048bcc2a_AdvancedPasswordBox_GTSPOON.csv,1564,0.7629268292682927,1.0818396092842681
