file,nrBest,proportionBest,entropyNrActions
nr_514_id_36_81d59c6819a7ce797042e307b48a5a5da68d594b_VFormItem_GTSPOON.csv,100,0.04878048780487805,1.3755129196624123
