file,nrBest,proportionBest,entropyNrActions
nr_506_id_27_1710d211e0d9f3bf12c42a91a7e3ce240b170a1e_Location_GTSPOON.csv,1657,0.8082926829268293,0.961645759481875
