file,nrBest,proportionBest,entropyNrActions
nr_118_id_23_037b0b485df276de52b10143f821f572bb869930_ExitMenuActivity_GTSPOON.csv,2025,0.9878048780487805,0.08661049925515463
