file,nrBest,proportionBest,entropyNrActions
nr_417_id_12_048aad42ee24696a1c9b5a2c4081909f4dd063c8_PainterThread_GTSPOON.csv,1730,0.8439024390243902,0.8499408754517054
