file,nrBest,proportionBest,entropyNrActions
nr_594_id_5_0500235f35e3c389b51945ddfceaa68641d301ea_VariableForm_GTSPOON.csv,2025,0.9878048780487805,0.09121219872993042
