file,nrBest,proportionBest,entropyNrActions
nr_427_id_13_0642ef97ac8063e42c50df2a01c32916ca2e8c4b_HTMLFilter_GTSPOON.csv,68,0.033170731707317075,2.7172520724962737
