file,nrBest,proportionBest,entropyNrActions
nr_421_id_12_0492c969a1ca19209bd05879cf0ed4524da978ef_DefaultsManager_GTSPOON.csv,1100,0.5365853658536586,2.0880069513464594
