file,nrBest,proportionBest,entropyNrActions
nr_379_id_32_2141492e212f0a8c3385fc84f20a220f3d179e27_GUIGuide_GTSPOON.csv,1092,0.5326829268292683,1.808498053468706
