file,nrBest,proportionBest,entropyNrActions
nr_531_id_35_6598f444128e2c2414d604b0e03ee7888cc97598_ObjectUpdater_GTSPOON.csv,1555,0.7585365853658537,1.2664060432200945
