file,nrBest,proportionBest,entropyNrActions
nr_363_id_35_44d24530c10ebc85ac0169d5a4a99d05a789fa64_RouteItineraryDemo_GTSPOON.csv,1393,0.6795121951219513,1.255414926608442
