file,nrBest,proportionBest,entropyNrActions
nr_508_id_34_45c7607960e19b1007315ede2cc11ca81e70edf8_OracleDAO_GTSPOON.csv,176,0.08585365853658537,2.527282488684461
