file,nrBest,proportionBest,entropyNrActions
nr_247_id_1_02e49752bc3d91771848184f3849041a273a439b_UI_GTSPOON.csv,1201,0.5858536585365853,1.6492850252467766
