file,nrBest,proportionBest,entropyNrActions
nr_195_id_33_177e821dd3b30efb8590dce11a64198e3a42dee9_MEditorPane_GTSPOON.csv,60,0.02926829268292683,1.4992302763159204
