file,nrBest,proportionBest,entropyNrActions
nr_121_id_15_022edc349c76fad25559688ab7e3828d9fab7052_Common_GTSPOON.csv,194,0.09463414634146342,2.389401457045122
