file,nrBest,proportionBest,entropyNrActions
nr_10_id_23_00546f3e6d4d68bc3fed9f6b0e16103612db601e_TableHeaderNode_GTSPOON.csv,150,0.07317073170731707,3.605865947637067
