file,nrBest,proportionBest,entropyNrActions
nr_135_id_25_04604a922c97310259e0a84b41d0922e68c9471f_FormatterTest_GTSPOON.csv,1120,0.5463414634146342,1.8592834771606175
