file,nrBest,proportionBest,entropyNrActions
nr_309_id_6_01f0b44db652438b36850f8ee57252af63a531af_Create_GTSPOON.csv,2025,0.9878048780487805,0.08783099297110142
