file,nrBest,proportionBest,entropyNrActions
nr_75_id_16_01839298b3d2e212aea05942b5e22cfb4614c419_GroovyEditor_GTSPOON.csv,1655,0.8073170731707318,0.9818229767959644
