file,nrBest,proportionBest,entropyNrActions
nr_146_id_21_03f14aec2866d19240476893f9eadce9e9cad724_Book_GTSPOON.csv,1863,0.9087804878048781,0.49966262164423786
