file,nrBest,proportionBest,entropyNrActions
nr_562_id_9_06821388f9797e0c45266310d42f3e757b8f4395_DispatcherHelper_GTSPOON.csv,1082,0.5278048780487805,1.8704901347739793
