file,nrBest,proportionBest,entropyNrActions
nr_491_id_13_0735184975c9ded20f760683b66384fe49405c03_StorageMeasurement_GTSPOON.csv,827,0.4034146341463415,2.523159625140851
