file,nrBest,proportionBest,entropyNrActions
nr_66_id_18_010a9f70ff0332ff9067d46fe583972c6ef76c43_IHelpContextIds_GTSPOON.csv,1440,0.7024390243902439,1.2251041618071299
