file,nrBest,proportionBest,entropyNrActions
nr_438_id_25_0f7351b68f9134e7ccadfa863d85b5f7446ab31f_ZLResource_GTSPOON.csv,66,0.03219512195121951,1.0824938337617374
