file,nrBest,proportionBest,entropyNrActions
nr_101_id_38_42b3545be731dcd9a8f14694ca608fd0d47a753d_RouteDbHelper_GTSPOON.csv,1501,0.7321951219512195,1.1762602905270219
