file,nrBest,proportionBest,entropyNrActions
nr_392_id_25_0d97a93100e1410904240106dfd12b2ed70a50e6_TileFlags_GTSPOON.csv,272,0.1326829268292683,1.922158472058787
