file,nrBest,proportionBest,entropyNrActions
nr_316_id_25_0a9da86e920c5a232a53251a3fb66b71d4731f20_StratumServer_GTSPOON.csv,459,0.22390243902439025,2.6684904454020897
