file,nrBest,proportionBest,entropyNrActions
nr_255_id_1_02fa658d96cae1e98c0f61671b1321a8174e7705_OrganizationData_GTSPOON.csv,1185,0.5780487804878048,1.685072798509421
