file,nrBest,proportionBest,entropyNrActions
nr_226_id_30_0df9d0925d934c0a5ee96533c54ca61f16d7ba5c_jIBCTRssReader_GTSPOON.csv,1346,0.6565853658536586,1.5598274473547682
