file,nrBest,proportionBest,entropyNrActions
nr_492_id_21_0c5ee60af37416e699426f3c4b2be62059f7f59e_StackTracer_GTSPOON.csv,1710,0.8341463414634146,0.7656616924061853
