file,nrBest,proportionBest,entropyNrActions
nr_419_id_31_1d700b027ae893b348b80c353da0cc2f738ea881_DatabaseHandler_GTSPOON.csv,370,0.18048780487804877,2.7097960905805722
