file,nrBest,proportionBest,entropyNrActions
nr_128_id_36_20b92e2713d5a0824481c3e749d5cb56602452db_ExplorerTree_GTSPOON.csv,45,0.02195121951219512,3.606294553084773
