file,nrBest,proportionBest,entropyNrActions
nr_45_id_23_01889b1dd17cee569ec22312726b4bb3eaaea030_TriMap_GTSPOON.csv,1440,0.7024390243902439,1.2683297517932124
