file,nrBest,proportionBest,entropyNrActions
nr_47_id_25_01824c566c9393a5c7441e651d302f7cedea9f8c_Wakelock_GTSPOON.csv,1115,0.5439024390243903,1.332776119995994
