file,nrBest,proportionBest,entropyNrActions
nr_332_id_1_03f38d3a26bc0f708232b877c92eb7c048652fee_SQLEngine_GTSPOON.csv,1548,0.7551219512195122,1.1594188452620782
