file,nrBest,proportionBest,entropyNrActions
nr_446_id_10_044786def63c37974153d0f6b1e5fe0b1620fecd_EsbEditor_GTSPOON.csv,167,0.08146341463414634,2.5494565693777966
