file,nrBest,proportionBest,entropyNrActions
nr_108_id_23_03266b7f1b163f6729910743da3bd1dda2b60cfa_ImageCacheRequest_GTSPOON.csv,1298,0.6331707317073171,1.1719230279079635
