file,nrBest,proportionBest,entropyNrActions
nr_238_id_25_07c42589b6a1d525ff2ab0df5c0544953413df64_QDoxJavaParser_GTSPOON.csv,988,0.4819512195121951,1.507061612312595
