file,nrBest,proportionBest,entropyNrActions
nr_432_id_14_064205190b41ca38412e1ede8a31158d0d60c64b_App_GTSPOON.csv,1738,0.8478048780487805,0.6799171042110344
