file,nrBest,proportionBest,entropyNrActions
nr_485_id_24_0e9b0a262ff5a7bfe8e49739e000e7342f59017a_CStartFragment_GTSPOON.csv,1118,0.5453658536585366,1.1604482613728548
