file,nrBest,proportionBest,entropyNrActions
nr_130_id_35_1b1700331638feac2ef27df16591790a71ae6bb9_UIUtil_GTSPOON.csv,1412,0.688780487804878,1.534427480873616
