file,nrBest,proportionBest,entropyNrActions
nr_34_id_28_01b3e9431ad24cb4412a2eb7e19b0c213b233d13_serverCodings_GTSPOON.csv,1384,0.6751219512195122,1.3910809562552184
