file,nrBest,proportionBest,entropyNrActions
nr_13_id_15_002d7e5098c4605cdb64955b6f6c54a8549a0a9d_VoiceHandlerImpl_GTSPOON.csv,125,0.06097560975609756,2.720926256794879
