file,nrBest,proportionBest,entropyNrActions
nr_61_id_6_0074b3ba493100250d8b99e71b4d9a8d86f0a925_Client_GTSPOON.csv,1751,0.8541463414634146,0.7441340893246592
