file,nrBest,proportionBest,entropyNrActions
nr_374_id_27_1114c319508a85eca886a8b16dcb0a72b8413e35_EditorUtils_GTSPOON.csv,1814,0.8848780487804878,0.6604240692936207
