file,nrBest,proportionBest,entropyNrActions
nr_387_id_32_22079290fba4b320ea88a46799badf284f16f2fd_IRequest_GTSPOON.csv,1911,0.9321951219512196,0.3530220461585457
