file,nrBest,proportionBest,entropyNrActions
nr_455_id_25_1027781b4a1e4b8f764119be80900c4941752d29_BugzillaProjectProperty_GTSPOON.csv,1278,0.6234146341463415,1.7564549378085972
