file,nrBest,proportionBest,entropyNrActions
nr_349_id_18_06cb536ce619dde08599c4e6b182821582ddfd38_FormOmittedTestCase_GTSPOON.csv,2010,0.9804878048780488,0.1311670964701875
