file,nrBest,proportionBest,entropyNrActions
nr_126_id_33_104f964a665c61298360e4180965ec0425c26111_LBLFileReader_GTSPOON.csv,105,0.05121951219512195,3.3150823547720663
