file,nrBest,proportionBest,entropyNrActions
nr_178_id_9_022f648896712fcc3222c48f6e613c79f067c984_CameraActivity_GTSPOON.csv,29,0.014146341463414635,2.6627087976246506
