file,nrBest,proportionBest,entropyNrActions
nr_166_id_13_02693f872930994fffc46c600927cac3a2f82e6d_AndroidJUnitRunner_GTSPOON.csv,1574,0.7678048780487805,1.1090272541218331
