file,nrBest,proportionBest,entropyNrActions
nr_235_id_16_0460675b7c0d5a9b02dae01578c64ff0453e4fb7_CryptKeeper_GTSPOON.csv,883,0.43073170731707316,2.2614914630734915
