file,nrBest,proportionBest,entropyNrActions
nr_190_id_7_020f08723f092ffe80c2e4b3150487971aa85958_RootWidget_GTSPOON.csv,1,0.0004878048780487805,1.7041095334846401
