file,nrBest,proportionBest,entropyNrActions
nr_66_id_20_013778516cf44364f5185d41050559bae921300e_FileService_GTSPOON.csv,1924,0.9385365853658536,0.3107872358466517
