file,nrBest,proportionBest,entropyNrActions
nr_566_id_1_064e6b58feb68f12e94b4e2435463112cc6a5ffa_Wallet_GTSPOON.csv,2005,0.9780487804878049,0.1482873765908274
