file,nrBest,proportionBest,entropyNrActions
nr_10_id_22_002fced0afc663518414af60e34b1ca99c616b60_ResourceLoader_GTSPOON.csv,526,0.25658536585365854,2.7358402441807503
