file,nrBest,proportionBest,entropyNrActions
nr_372_id_38_f73380ebdf317829309d4adaece4efde601d3520_MainFrame_GTSPOON.csv,114,0.055609756097560976,2.6687629129160273
