file,nrBest,proportionBest,entropyNrActions
nr_11_id_12_0023b18fd9a29367b98ee44135ad5cfb79118b09_AllW3CCoreTests_GTSPOON.csv,1900,0.926829268292683,0.38640189900294697
