file,nrBest,proportionBest,entropyNrActions
nr_328_id_8_02b87736a9b9c53224ccb2b7d5ad2065f399ae31_Indexer_GTSPOON.csv,21,0.01024390243902439,2.822045683324058
