file,nrBest,proportionBest,entropyNrActions
nr_615_id_3_0429b3aa85e2d795d2a9d7af43d56ad60b747170_XPathValidator_GTSPOON.csv,40,0.01951219512195122,2.4168399603509667
