file,nrBest,proportionBest,entropyNrActions
nr_130_id_16_027b081e163260d659bd0d0b76333d58547255ca_Vak_GTSPOON.csv,2006,0.9785365853658536,0.14683794015375629
