file,nrBest,proportionBest,entropyNrActions
nr_47_id_11_00851a74c94ab174126f74b7123239e099749c49_GetMetatable_GTSPOON.csv,2000,0.975609756097561,0.15490566220189028
