file,nrBest,proportionBest,entropyNrActions
nr_608_id_3_041ee296f796aa33c66a894fe32f5e64996d5757_AbstractCloudService_GTSPOON.csv,1060,0.5170731707317073,1.9203267246116495
