file,nrBest,proportionBest,entropyNrActions
nr_245_id_19_0612deb69faa741d83d422d72775a9ece0375f90_Display_GTSPOON.csv,892,0.4351219512195122,2.208315101414005
