file,nrBest,proportionBest,entropyNrActions
nr_3_id_8_000ba1109e2f4e527e9227fe341598ceeb3fbca6_DayView_GTSPOON.csv,15,0.007317073170731708,2.8337900856274887
