file,nrBest,proportionBest,entropyNrActions
nr_360_id_32_20134389d72d5020b5f1ed8dc206890a4ff4555a_ColoniesAchievements_GTSPOON.csv,1960,0.9560975609756097,0.2536398787975141
