file,nrBest,proportionBest,entropyNrActions
nr_200_id_37_5a2172547b9eb103d8606c18b24be9ed552478f1_TreeStructureAdvisorImpl_GTSPOON.csv,40,0.01951219512195122,1.4957203964603705
