file,nrBest,proportionBest,entropyNrActions
nr_404_id_14_05e0d1744d7325621170aff167cb65b7dfdf18f2_PanoramaActivity_GTSPOON.csv,210,0.1024390243902439,2.317769747932366
