file,nrBest,proportionBest,entropyNrActions
nr_125_id_25_0429036281d192af1ff3c20b357f6ac29f8ea718_PageFactory_GTSPOON.csv,1929,0.9409756097560975,0.37342389768220907
