file,nrBest,proportionBest,entropyNrActions
nr_518_id_34_46f911dfe1029e62e2872175dfa423367dc66745_SonarToolWindow_GTSPOON.csv,1287,0.6278048780487805,1.7029543202221185
