file,nrBest,proportionBest,entropyNrActions
nr_483_id_8_0407be62730a22d4b38967649008d0859b1b7f30_RangeLookupDescriptor_GTSPOON.csv,1933,0.9429268292682926,0.35469482410811964
