file,nrBest,proportionBest,entropyNrActions
nr_279_id_30_1147b5276865d7f9de40634ed260514ba20599cf_EtmInterceptor_GTSPOON.csv,1825,0.8902439024390244,0.5833265148021087
