file,nrBest,proportionBest,entropyNrActions
nr_285_id_31_13fa6ff2b2e3c45ac20996ae9dee9923ebd4c811_Ground_GTSPOON.csv,1808,0.8819512195121951,0.6521778768225759
