file,nrBest,proportionBest,entropyNrActions
nr_11_id_19_003bfee8e69da8a102b670997bfd6b4846523e8a_Quaternion_GTSPOON.csv,1194,0.5824390243902439,1.6967765804287644
