file,nrBest,proportionBest,entropyNrActions
nr_430_id_1_04e4d23a63f9b63c1a49a3cc46f33bc8a0a22130_Promise_GTSPOON.csv,1188,0.5795121951219512,2.041077778187944
