file,nrBest,proportionBest,entropyNrActions
nr_37_id_16_00cf5172795e508f80a1c7a179a83e89aa702ff2_MainMenuScreen_GTSPOON.csv,1461,0.7126829268292683,1.3861446009978988
