file,nrBest,proportionBest,entropyNrActions
nr_247_id_18_04d496f1585cfe8f327ccc0be437f3fa6250eef0_TileHelper_GTSPOON.csv,765,0.37317073170731707,0.9416435102685276
