file,nrBest,proportionBest,entropyNrActions
nr_83_id_35_1011d246f7b7e692c38e732ad6ec3b18a617cf20_KDStatistics_GTSPOON.csv,702,0.34243902439024393,1.177831416584895
