file,nrBest,proportionBest,entropyNrActions
nr_190_id_8_01a5a07d5809f909cb2a4d2405d174f0982ab9e1_SqlStore_GTSPOON.csv,1473,0.7185365853658536,1.2347850591072485
