file,nrBest,proportionBest,entropyNrActions
nr_63_id_4_0034cf4fe4823926565a9e22a5fb8226589e1d87_Editor_GTSPOON.csv,1565,0.7634146341463415,1.1060858492927812
