file,nrBest,proportionBest,entropyNrActions
nr_21_id_19_00a85ff866545582aef9f7c2d771e662b98109b3_DumpUploader_GTSPOON.csv,135,0.06585365853658537,1.9406861249420815
