file,nrBest,proportionBest,entropyNrActions
nr_25_id_15_006e85b3647d41d215047e9605839ded47f7b367_SelectorManager_GTSPOON.csv,686,0.33463414634146343,3.035090085219994
