file,nrBest,proportionBest,entropyNrActions
nr_148_id_21_04012616ae306a6e502bf0ba7805070d0b84f017_SpiderbigCraft_GTSPOON.csv,2000,0.975609756097561,0.15340064526087865
