file,nrBest,proportionBest,entropyNrActions
nr_553_id_37_f79c54e060ee3fecde4b2f45ea6ae03523e97b82_R_GTSPOON.csv,1147,0.5595121951219513,1.5568048858268715
