file,nrBest,proportionBest,entropyNrActions
nr_548_id_35_682af6fc03fa065ba313107f352b84df20a56dcb_RichListTest_GTSPOON.csv,1662,0.8107317073170732,0.9147486464353286
