file,nrBest,proportionBest,entropyNrActions
nr_517_id_6_032e26b0d4414a183363cbb99021373e6dd23655_ProjectGenerator_GTSPOON.csv,1371,0.6687804878048781,1.3603284841489613
