file,nrBest,proportionBest,entropyNrActions
nr_238_id_16_0474078eddb1bf10b52df8b66a126737c2fcc122_Complex_GTSPOON.csv,56,0.027317073170731707,2.7538411873764206
