file,nrBest,proportionBest,entropyNrActions
nr_426_id_32_2488995d83f5d9db60c36d70b95857a2c25d26e9_OldDataMonitor_GTSPOON.csv,6,0.002926829268292683,1.5863034002813088
