file,nrBest,proportionBest,entropyNrActions
nr_514_id_12_0592c996aaf83a60ed49be48055c523564c109c8_BundleFinderFactory_GTSPOON.csv,1715,0.8365853658536585,0.7124257815747151
