file,nrBest,proportionBest,entropyNrActions
nr_322_id_6_0202399529a21f37f48b080262b455e795b80009_Scanner_GTSPOON.csv,126,0.06146341463414634,2.8266316484992027
