file,nrBest,proportionBest,entropyNrActions
nr_49_id_25_0187d43c16ba805be345f1a558bf7559f5823581_XFireConfigurableServlet_GTSPOON.csv,1147,0.5595121951219513,1.0703335791770998
