file,nrBest,proportionBest,entropyNrActions
nr_165_id_23_05213518184aa90e8f3612500cfd111898b05c38_PlaceWallImpl_GTSPOON.csv,357,0.17414634146341462,2.9430377641382997
