file,nrBest,proportionBest,entropyNrActions
nr_182_id_16_03608dad12607e521f91ce0c6d9f3e5bd8751e29_IdentifierShadowTest_GTSPOON.csv,1129,0.5507317073170732,1.6006512471839958
