file,nrBest,proportionBest,entropyNrActions
nr_339_id_27_0e9575557a2e484c6e08235fad4eea082b186312_ApproveRequisitionTest_GTSPOON.csv,1318,0.6429268292682927,1.6174414461667372
