file,nrBest,proportionBest,entropyNrActions
nr_273_id_12_02f92a2195d76703c36439425b2ed75f03b7d23e_DocumentSuite_GTSPOON.csv,1751,0.8541463414634146,0.7763350839730464
