file,nrBest,proportionBest,entropyNrActions
nr_324_id_11_0437517d03a92f03ca275a21f9d40f1ea3c2ed52_NodeJsPlugin_GTSPOON.csv,1923,0.9380487804878048,0.37277089476272485
