file,nrBest,proportionBest,entropyNrActions
nr_530_id_30_202f3940dc35411f9b2351a026e859e487b94591_CliTest_GTSPOON.csv,1625,0.7926829268292683,0.7583562738692003
