file,nrBest,proportionBest,entropyNrActions
nr_178_id_12_02002c4d51f4318292cb7ae27ddc67deee727432_TestRubyBigDecimal_GTSPOON.csv,2020,0.9853658536585366,0.09570723178214427
