file,nrBest,proportionBest,entropyNrActions
nr_11_id_31_010230f883df55bd92b5ff4056e374a1a45e1fbe_AgentAppFrame_GTSPOON.csv,888,0.43317073170731707,2.1864702863287935
