file,nrBest,proportionBest,entropyNrActions
nr_403_id_27_1218d6009a2e82bf7d026f2cc74ed9c19147a008_SecuritySettings_GTSPOON.csv,229,0.11170731707317073,3.191541765634434
