file,nrBest,proportionBest,entropyNrActions
nr_431_id_31_1e569bfc6bed6a3a8cab351f56e218f419ef2420_MainActivity_GTSPOON.csv,5,0.0024390243902439024,2.5768431905820623
