file,nrBest,proportionBest,entropyNrActions
nr_405_id_19_09c121b495a372b2fa2a86fabc5722fe49f93326_CategoryFragment_GTSPOON.csv,1575,0.7682926829268293,1.063677478136662
