file,nrBest,proportionBest,entropyNrActions
nr_622_id_6_03db445b4e56652464b9f59e10e6d826b23f77b2_VETPaginator_GTSPOON.csv,1642,0.8009756097560976,1.068308855828606
