file,nrBest,proportionBest,entropyNrActions
nr_651_id_3_04642a324cf0dc284180d6abc5561ab69311f323_PhoneUtils_GTSPOON.csv,172,0.08390243902439025,2.6758005958812774
