file,nrBest,proportionBest,entropyNrActions
nr_219_id_11_02dabc54ee827bcf46a2a469bab2215235ebed81_Config_GTSPOON.csv,1656,0.8078048780487805,0.808963427545781
