file,nrBest,proportionBest,entropyNrActions
nr_160_id_21_04588bad995b751c89b9c8f3c0a8f52a735589e4_MmEditorMain_GTSPOON.csv,135,0.06585365853658537,2.927793582636211
