file,nrBest,proportionBest,entropyNrActions
nr_265_id_28_0b9d76582f19233d6ef4cbc9c0198942e962ee17_Client_GTSPOON.csv,550,0.2682926829268293,1.6190758172465345
