file,nrBest,proportionBest,entropyNrActions
nr_357_id_23_0b71ad9db6651e9331ae4e32a5374f5204c531b4_SQLTest_GTSPOON.csv,210,0.1024390243902439,2.309203674524082
