file,nrBest,proportionBest,entropyNrActions
nr_411_id_30_19289fd23d99e1faa7695528dcae3e8e29d094d0_HumanEntity_GTSPOON.csv,140,0.06829268292682927,0.40179989247021936
