file,nrBest,proportionBest,entropyNrActions
nr_354_id_14_05309120f233e2f3a2d6319d0efd996254e86c16_Camera_GTSPOON.csv,81,0.03951219512195122,2.6688494564165604
