file,nrBest,proportionBest,entropyNrActions
nr_130_id_23_03f443384636fbf413eb52c7fbb2d9f425b127fb_TimeslotRequests_GTSPOON.csv,100,0.04878048780487805,1.1069386152314449
