file,nrBest,proportionBest,entropyNrActions
nr_471_id_26_0faf54ef641cb937c9674dce55c1636a21b79598_Environment_GTSPOON.csv,1925,0.9390243902439024,0.3722330837891035
