file,nrBest,proportionBest,entropyNrActions
nr_166_id_23_0525527a5ce9b14309d34e4b3478c0054431d2a0_ValidationProblem_GTSPOON.csv,372,0.18146341463414634,1.4295252176141298
