file,nrBest,proportionBest,entropyNrActions
nr_161_id_37_4b9557de6ae60efde8a70a121c7fe8a7a468d1d7_GraphView_GTSPOON.csv,371,0.18097560975609756,2.2656976308472925
