file,nrBest,proportionBest,entropyNrActions
nr_92_id_21_0281c9a4d038e862fa78fab44677d2da21c4be70_MainFrame_GTSPOON.csv,240,0.11707317073170732,3.3564099298764365
