file,nrBest,proportionBest,entropyNrActions
nr_239_id_30_0ea913a40ae2330ddf39bf4d1d582d165921f4c5_CameraTable_GTSPOON.csv,57,0.027804878048780488,1.0085330580692746
