file,nrBest,proportionBest,entropyNrActions
nr_559_id_35_6a2207746d975726b17537f1fa0348a291307411_QuestionCalculated_GTSPOON.csv,2005,0.9780487804878049,0.1267208493595892
