file,nrBest,proportionBest,entropyNrActions
nr_6_id_29_006e1eb342933d1348f7f5156045bd445f70afda_ARUPDB_GTSPOON.csv,1833,0.8941463414634147,0.6218689286996294
