file,nrBest,proportionBest,entropyNrActions
nr_280_id_30_115152ba2d8762050cd466a6a5ca1a82c1c6ba56_MLPArch_GTSPOON.csv,44,0.021463414634146343,2.899411417362307
