file,nrBest,proportionBest,entropyNrActions
nr_533_id_7_058e66c392f83f0563a03c5186bc74f15620f28f_MainActivity_GTSPOON.csv,2000,0.975609756097561,0.15434726132710583
