file,nrBest,proportionBest,entropyNrActions
nr_365_id_7_03c82b17a3c707e262b48079580d5a88fe09e935_TokenEntry_GTSPOON.csv,1742,0.8497560975609756,0.7861058306095726
