file,nrBest,proportionBest,entropyNrActions
nr_391_id_6_0262041e4cdcfd65ae586b5e1b674a9e753d5304_BigDecimalConverter_GTSPOON.csv,1933,0.9429268292682926,0.36479209943150614
