file,nrBest,proportionBest,entropyNrActions
nr_477_id_31_2120904614a5d72e1321c00f7bc15e772bacae6a_DisplaySyncImpl_GTSPOON.csv,28,0.013658536585365854,1.9744395114346258
