file,nrBest,proportionBest,entropyNrActions
nr_253_id_26_091a0788b50ab361892d3e5f3e6a9d46c8990acf_Blog_GTSPOON.csv,5,0.0024390243902439024,2.729270628482616
