file,nrBest,proportionBest,entropyNrActions
nr_810_id_2_01bca778b9c8687a1af815980882b9f0bd27590c_Main_GTSPOON.csv,2027,0.988780487804878,0.07888301490037943
