file,nrBest,proportionBest,entropyNrActions
nr_68_id_11_00cec8b8ff6cb9f809d3a8b0b2b16d68673d1613_AjaxPage_GTSPOON.csv,1136,0.5541463414634147,1.9348794264450282
