file,nrBest,proportionBest,entropyNrActions
nr_740_id_1_086cfcfdcfb26c30047577ee564bd8fdf6674139_AlarmList_GTSPOON.csv,1746,0.8517073170731707,0.7862679292891209
