file,nrBest,proportionBest,entropyNrActions
nr_249_id_21_066b2c8f311e38d918b1016e52c47d5f2d6e4623_SkinService_GTSPOON.csv,1117,0.5448780487804878,1.854040944955966
