file,nrBest,proportionBest,entropyNrActions
nr_285_id_13_04200c4bddbc0859f7ebd3c79e35db36c4c2fa54_UIUtil_GTSPOON.csv,1019,0.4970731707317073,1.5476094005057397
