file,nrBest,proportionBest,entropyNrActions
nr_38_id_15_009206e8749100c30328afcd992fdec894ab9268_Tile_GTSPOON.csv,60,0.02926829268292683,2.7494450324116473
