file,nrBest,proportionBest,entropyNrActions
nr_510_id_1_05b12189536189f547a22d3461a94eeb3d72c4eb_MainActivity_GTSPOON.csv,173,0.08439024390243903,2.380624032991606
