file,nrBest,proportionBest,entropyNrActions
nr_117_id_25_03e2144c47cdd7f385e9e0797a9562576c9c85d9_CalendarFilter_GTSPOON.csv,988,0.4819512195121951,2.0106619911506556
