file,nrBest,proportionBest,entropyNrActions
nr_573_id_7_05fd2829e3c1f89f40e8177d6a341dc56b055109_TClientEvents_GTSPOON.csv,1146,0.5590243902439025,1.7709340395956465
