file,nrBest,proportionBest,entropyNrActions
nr_416_id_25_0e733e525ee2e63e704b5c8c8fc150641014d4a3_BaseMojo_GTSPOON.csv,2025,0.9878048780487805,0.08957070685917613
