file,nrBest,proportionBest,entropyNrActions
nr_151_id_28_06d3d8514363824b5766e26d03d154911783095f_DiscourseFormat_GTSPOON.csv,1458,0.7112195121951219,1.489419260645197
