file,nrBest,proportionBest,entropyNrActions
nr_236_id_15_046642b2c3b09adc6a659f4e31eb9146898113e0_DataGenerator_GTSPOON.csv,25,0.012195121951219513,2.375960954654856
