file,nrBest,proportionBest,entropyNrActions
nr_30_id_2_0011f4318e4802e256b87d3f5ceb1b314e6c4c93_YarepGroupManager_GTSPOON.csv,1657,0.8082926829268293,1.0370721394598972
