file,nrBest,proportionBest,entropyNrActions
nr_112_id_10_00f49fc393b934508e1a6b77508792cb33257aa9_ParseSpecified_GTSPOON.csv,1800,0.8780487804878049,0.48690780769453207
