file,nrBest,proportionBest,entropyNrActions
nr_80_id_33_0a7478039610285df38e74c16272ba51736d982c_SocialNetworkDatabasePosts_GTSPOON.csv,525,0.25609756097560976,2.6972713331539744
