file,nrBest,proportionBest,entropyNrActions
nr_299_id_19_070df09d2f8fb1a1055cddf1cb423560b5df0b84_AnyState_GTSPOON.csv,1813,0.884390243902439,0.6897612852295821
