file,nrBest,proportionBest,entropyNrActions
nr_56_id_34_0840e023a725162821746c4b9b2b6023b4f46c5a_UpdateEventServlet_GTSPOON.csv,1410,0.6878048780487804,1.2919404709975495
