file,nrBest,proportionBest,entropyNrActions
nr_375_id_19_08ed9c7b4ef65f02043047539dd92719029949bb_CruxModuleCompiler_GTSPOON.csv,1349,0.6580487804878049,1.516495576114043
