file,nrBest,proportionBest,entropyNrActions
nr_158_id_29_09119727059e04c38f1f57a25ddb064552c0e979_DavGatewayHttpClientFacade_GTSPOON.csv,1164,0.5678048780487804,1.8596347458183422
