file,nrBest,proportionBest,entropyNrActions
nr_278_id_37_7705da5b4fbbe160cdaba2f33730218c288c8ad3_AlertApi_GTSPOON.csv,1479,0.7214634146341463,1.2671352544084786
