file,nrBest,proportionBest,entropyNrActions
nr_304_id_3_01f322ab615b125c0964985adff91632608542d1_telepadsPlayerListener_GTSPOON.csv,965,0.47073170731707314,1.3439869161318176
