file,nrBest,proportionBest,entropyNrActions
nr_538_id_28_183159a29a53199922a542d028ada9f0d28039be_BarcodeQuestionView_GTSPOON.csv,1732,0.8448780487804878,0.6975243578016899
