file,nrBest,proportionBest,entropyNrActions
nr_385_id_35_48f6591212e7a50eecd398ca1bb80049d2c577a8_XmppUtils_GTSPOON.csv,25,0.012195121951219513,1.8135864662655647
