file,nrBest,proportionBest,entropyNrActions
nr_261_id_10_02660e0a3e19b8c3dc95df497e0186c542ca51c1_Timestamp_GTSPOON.csv,2000,0.975609756097561,0.16226804755257407
