file,nrBest,proportionBest,entropyNrActions
nr_450_id_2_00ed1a5ce5b46b6f841827fd1c2e0216f7f2427b_TrayDialog_GTSPOON.csv,784,0.3824390243902439,2.1762787782173088
