file,nrBest,proportionBest,entropyNrActions
nr_347_id_22_089bc89a383c06e8b71c60bf93844b414e11c127_HierarchicalIcons_GTSPOON.csv,917,0.4473170731707317,2.3186484800560208
