file,nrBest,proportionBest,entropyNrActions
nr_73_id_9_00d5cd94f7d573a5d1c1d252fe5a6c0070c533e5_WWJApplet_GTSPOON.csv,194,0.09463414634146342,2.7931331186591146
