file,nrBest,proportionBest,entropyNrActions
nr_199_id_9_0261d427977d2ef9783534fc1165a73844989fc4_Main_GTSPOON.csv,153,0.07463414634146341,3.0435189000638614
