file,nrBest,proportionBest,entropyNrActions
nr_135_id_13_01e8575a70a340f96cb0d6eae0321ca4b2de0f83_Report_GTSPOON.csv,2025,0.9878048780487805,0.08740999481629394
