file,nrBest,proportionBest,entropyNrActions
nr_489_id_15_090b1bfa896dcc6dd5752f2667faf216691842d9_ComponentLog_GTSPOON.csv,1900,0.926829268292683,0.4245232796641879
