file,nrBest,proportionBest,entropyNrActions
nr_143_id_12_0198fc668db9ab8e23d06e470db818b25a7d95a6_Configs_GTSPOON.csv,1060,0.5170731707317073,1.8167062906953149
