file,nrBest,proportionBest,entropyNrActions
nr_389_id_31_1b625bcb769deaa151d797f37ca392831953a43b_AirCondition_GTSPOON.csv,805,0.3926829268292683,2.0736837507148707
