file,nrBest,proportionBest,entropyNrActions
nr_243_id_34_2227a73c6a115fecfe156daf0d1d8660696b92e6_MainActivity_GTSPOON.csv,2015,0.9829268292682927,0.11287905436480955
