file,nrBest,proportionBest,entropyNrActions
nr_578_id_36_91a8e3389fab00cad2765713b735e592f0a2fbee_AdMob_GTSPOON.csv,161,0.07853658536585366,2.0451891034884255
