file,nrBest,proportionBest,entropyNrActions
nr_445_id_36_736f9c0c672d41ea11e3a7397285460b822b8d7d_Runner_GTSPOON.csv,1186,0.5785365853658536,1.7844209929660486
