file,nrBest,proportionBest,entropyNrActions
nr_235_id_10_02303ef0e01d0d72e379fc0eec6d8a9308d385e5_StorageEntry_GTSPOON.csv,2027,0.988780487804878,0.07393658458953616
