file,nrBest,proportionBest,entropyNrActions
nr_441_id_9_051543f67c1111ab50073fcf98924917ed3c1303_FV1000Reader_GTSPOON.csv,5,0.0024390243902439024,2.918925160006735
