file,nrBest,proportionBest,entropyNrActions
nr_381_id_24_0babba4f57c2c1b08d738f147a597662909cc5c6_FacebookUtilities_GTSPOON.csv,1833,0.8941463414634147,0.6369245530099188
