file,nrBest,proportionBest,entropyNrActions
nr_557_id_5_049d161c9e7b409b45591a94d15a188b55cdb66b_ServerEventHandler_GTSPOON.csv,1240,0.6048780487804878,1.5734000933855756
