file,nrBest,proportionBest,entropyNrActions
nr_28_id_23_00e2e00a52b48e88f422f175001788cc9df67b35_TrackSensor_GTSPOON.csv,102,0.04975609756097561,2.0265451343858736
