file,nrBest,proportionBest,entropyNrActions
nr_158_id_22_03d1a99a44e13f676c15421510441b8fe060f6b3_SetDefaultServerAction_GTSPOON.csv,1807,0.8814634146341463,0.7063230863270403
