file,nrBest,proportionBest,entropyNrActions
nr_35_id_16_00c6d9a8821604924da05840291760ec023138ce_SuperJumper_GTSPOON.csv,1817,0.8863414634146342,0.4238816199344567
