file,nrBest,proportionBest,entropyNrActions
nr_103_id_21_02f2639a8b1e193f3b20eb3b676a8523635dd05e_CyMenus_GTSPOON.csv,868,0.42341463414634145,2.2143876910131026
