file,nrBest,proportionBest,entropyNrActions
nr_661_id_3_0479552ba41115e22fb600738999772d3bcd43e4_Raptor_GTSPOON.csv,1092,0.5326829268292683,1.8951446011765225
