file,nrBest,proportionBest,entropyNrActions
nr_292_id_9_03793e2ff91ccfc7d704841783574a695c69f91e_AvdSelector_GTSPOON.csv,204,0.09951219512195122,2.7023394171792523
