file,nrBest,proportionBest,entropyNrActions
nr_310_id_21_082484a11684d20b8ec740bcf7920174af522cf0_Twitter_GTSPOON.csv,145,0.07073170731707316,2.784863101589983
