file,nrBest,proportionBest,entropyNrActions
nr_197_id_38_82f7eded020bb25f6eb043077018cc9cfee0dcb6_Main_GTSPOON.csv,139,0.06780487804878049,2.7140568802162734
