file,nrBest,proportionBest,entropyNrActions
nr_270_id_9_0335efb44f81ba99f1481ada923aa40561731661_ATask_GTSPOON.csv,607,0.29609756097560974,1.476281799284466
