file,nrBest,proportionBest,entropyNrActions
nr_215_id_28_096a309830d18387daf0fad9dfdec780d76cf9dc_Main_GTSPOON.csv,1380,0.6731707317073171,1.4526801835611245
