file,nrBest,proportionBest,entropyNrActions
nr_467_id_15_08b12f957f79297f1c5660bed800b99b68d0ddb8_R_GTSPOON.csv,1327,0.6473170731707317,1.4584123698046922
