file,nrBest,proportionBest,entropyNrActions
nr_113_id_28_05194d88fd39a778ea89382f3479a5e465a3ce8e_ProjectViewAction_GTSPOON.csv,200,0.0975609756097561,0.44341944384300314
