file,nrBest,proportionBest,entropyNrActions
nr_370_id_28_1087c5ee653e3a0b79c6adf514004f970e8748af_WebSocketClient_GTSPOON.csv,1260,0.6146341463414634,1.5426757539483171
