file,nrBest,proportionBest,entropyNrActions
nr_297_id_32_192e1b77560889263eb56cd0531655c0a5ab22df_SampleApp_GTSPOON.csv,1455,0.7097560975609756,1.1662348351293608
