file,nrBest,proportionBest,entropyNrActions
nr_489_id_11_06b9fb1b2598de0128dc9a18b44de8355fc330df_BlogController_GTSPOON.csv,324,0.15804878048780488,1.675872916548877
