file,nrBest,proportionBest,entropyNrActions
nr_339_id_2_00b1b83456d9099139c88c842b3620f17a198dd2_XSDComplexTypeTraverser_GTSPOON.csv,196,0.09560975609756098,2.7079234470348412
