file,nrBest,proportionBest,entropyNrActions
nr_435_id_33_35f62394b9e355fe455c54c678124ab52b87f010_Alternator_GTSPOON.csv,72,0.0351219512195122,2.414522460355778
