file,nrBest,proportionBest,entropyNrActions
nr_470_id_21_0bf0e9399689978696e0e0e0a67b79681c2f7a4d_TeamBuilderForm_GTSPOON.csv,12,0.005853658536585366,3.830019693398022
