file,nrBest,proportionBest,entropyNrActions
nr_260_id_12_02cf0e50778ad361be63ea578f76da9d07cd5162_DynamicExpression_GTSPOON.csv,1466,0.7151219512195122,1.2624976347570231
