file,nrBest,proportionBest,entropyNrActions
nr_486_id_7_0517f788d688060fb7998ce32ee67c5bdaa0308b_Requirement_GTSPOON.csv,525,0.25609756097560976,1.7439491122486033
