file,nrBest,proportionBest,entropyNrActions
nr_251_id_13_038d53d15c49a9f1e4654074bd5a7feb3dba12c5_Api_GTSPOON.csv,1273,0.6209756097560976,1.667161417337443
