file,nrBest,proportionBest,entropyNrActions
nr_450_id_36_7494b2cdb3c45d74d291ec9804c3bd05fd779c85_EclipseTouchpoint_GTSPOON.csv,192,0.09365853658536585,1.5757652610293658
