file,nrBest,proportionBest,entropyNrActions
nr_329_id_5_02a9b9aa2d8e45fbac32be6937b2115b43ac6894_Matrix_GTSPOON.csv,618,0.30146341463414633,1.8194688319524015
