file,nrBest,proportionBest,entropyNrActions
nr_326_id_21_08740b26987741e3c474b8002b63f26bc9ecf075_ResolverCompilerTest_GTSPOON.csv,20,0.00975609756097561,1.8525724774252394
