file,nrBest,proportionBest,entropyNrActions
nr_382_id_19_09124aa08cb722839e5c690df002ed30428cb08f_ServerKeyStoreManager_GTSPOON.csv,1569,0.7653658536585366,1.1269348853610888
