file,nrBest,proportionBest,entropyNrActions
nr_157_id_6_011a1714a81cf44480bc58a32737c2ce54987a30_Sample_GTSPOON.csv,1454,0.7092682926829268,1.3177669392319704
