file,nrBest,proportionBest,entropyNrActions
nr_211_id_30_0d05fb836d7215c5d1bc7330d7dc4a84e5fcf4a5_HaiepAdmin_GTSPOON.csv,1938,0.9453658536585365,0.3413872803003826
