file,nrBest,proportionBest,entropyNrActions
nr_89_id_8_00c196f5180175ebb17f26cc9845a9cc7306024a_CaptureActivity_GTSPOON.csv,162,0.07902439024390244,2.5866164961922644
