file,nrBest,proportionBest,entropyNrActions
nr_298_id_15_0593026427ceb66fe62fdba7296380488eef19fb_FlatFileFennelRel_GTSPOON.csv,1627,0.7936585365853659,1.0708914425819582
