file,nrBest,proportionBest,entropyNrActions
nr_184_id_15_037556093a4421aec40c4925ea1a859a5ae939c5_SwearJarServlet_GTSPOON.csv,1931,0.9419512195121951,0.36643037690527497
