file,nrBest,proportionBest,entropyNrActions
nr_226_id_23_076bd4b7b7d367f749451c44ba9ace4544aa97e3_UserTable_GTSPOON.csv,870,0.424390243902439,2.1721100774837634
