file,nrBest,proportionBest,entropyNrActions
nr_534_id_10_052de051a3c9df4e7844aafba1878d517b84c50c_GalilCalc_GTSPOON.csv,2025,0.9878048780487805,0.08389680046988014
