file,nrBest,proportionBest,entropyNrActions
nr_285_id_2_008f8b8376e11a24e4b441316f955914c0945ad6_NodeFactory_GTSPOON.csv,853,0.41609756097560974,2.0152684871937043
