file,nrBest,proportionBest,entropyNrActions
nr_322_id_12_0376f80ae6dfa4ea4ffacd882525aa3716692f76_xtfs_mrcdbtool_GTSPOON.csv,1709,0.8336585365853658,0.8726187125894457
