file,nrBest,proportionBest,entropyNrActions
nr_90_id_24_02dc75afd06f28d289e261b719c226cc87291931_ActorPublic_GTSPOON.csv,1647,0.8034146341463415,0.7778089245526364
