file,nrBest,proportionBest,entropyNrActions
nr_384_id_36_62cb053d5f1b06fd356a358b5583f0630158bbbc_ForgeDummyContainer_GTSPOON.csv,1807,0.8814634146341463,0.6806749278520828
