file,nrBest,proportionBest,entropyNrActions
nr_27_id_38_0ee82d6867b2fa1e44ed8a5e3922c850b30c2125_GitRepoAPI_GTSPOON.csv,1399,0.682439024390244,1.6899612659393295
