file,nrBest,proportionBest,entropyNrActions
nr_12_id_15_002cd71a97cd31af70f9085ef0fd16dab2279130_MessageService_GTSPOON.csv,127,0.06195121951219512,3.679196090960347
