file,nrBest,proportionBest,entropyNrActions
nr_577_id_11_083b4df341bcdeb2c08496cc24530ae78cf4002a_PailInterface_GTSPOON.csv,198,0.09658536585365854,2.4860073483563077
