file,nrBest,proportionBest,entropyNrActions
nr_180_id_24_05563a79ed5d8b07e0d1fc334002b624a538f803_MapEditorController_GTSPOON.csv,1195,0.5829268292682926,1.5789328987785525
