file,nrBest,proportionBest,entropyNrActions
nr_324_id_21_086e4f412a5cd437b89f3c64b38e6a9d9c4e761e_SearchServlet_GTSPOON.csv,1374,0.6702439024390244,1.510408077815529
