file,nrBest,proportionBest,entropyNrActions
nr_409_id_15_0789690f99b6f6c89e2e43a0fb383dd0f0563359_MainFrame_GTSPOON.csv,146,0.07121951219512195,2.880906529286687
