file,nrBest,proportionBest,entropyNrActions
nr_18_id_37_0693980cc496dfc13e389b1500bf05db23256849_InvoiceChildcareThread_GTSPOON.csv,9,0.004390243902439025,3.5651783193082505
