file,nrBest,proportionBest,entropyNrActions
nr_213_id_2_0067a2b7d8e75f206d859b11a720b2920798d48e_LotteryScheduler_GTSPOON.csv,294,0.14341463414634145,1.7431836281639828
