file,nrBest,proportionBest,entropyNrActions
nr_29_id_15_007c66f8a8ec4c10e489ac3c8831980e2d85e67f_Sync_GTSPOON.csv,1915,0.9341463414634147,0.40555498261580203
