file,nrBest,proportionBest,entropyNrActions
nr_265_id_18_0560917431f753d377a91b0e7dfb26acf28b16c5_UsersController_GTSPOON.csv,540,0.2634146341463415,2.9674535138400193
