file,nrBest,proportionBest,entropyNrActions
nr_122_id_22_02bbe52e6564bb579021461c313f07d13ec47bcb_MatrixViewer_GTSPOON.csv,213,0.10390243902439024,2.709589946584201
