file,nrBest,proportionBest,entropyNrActions
nr_384_id_10_03a5d5e03e8a8d0a631b760598d7934fcf524099_PrefsDialog_GTSPOON.csv,1739,0.8482926829268292,0.8083495110240144
