file,nrBest,proportionBest,entropyNrActions
nr_31_id_18_007829a52381f31548883409014e99a237da859d_JpaDropDaoTest_GTSPOON.csv,1824,0.8897560975609756,0.5962693170554001
