file,nrBest,proportionBest,entropyNrActions
nr_549_id_30_20e278ed3c581f1aefc2f183766025885c8a368b_TimerActivity_GTSPOON.csv,1224,0.5970731707317073,1.7694848142434498
