file,nrBest,proportionBest,entropyNrActions
nr_28_id_22_009c3a23cd20b3ce96fd5d6983a9e810ee6722db_MessageUtils_GTSPOON.csv,231,0.1126829268292683,2.9619468098598434
