file,nrBest,proportionBest,entropyNrActions
nr_211_id_16_03e5b989814b622e0771c207cc7f9db1d8edf216_World_GTSPOON.csv,1719,0.8385365853658536,0.82794487007546
