file,nrBest,proportionBest,entropyNrActions
nr_217_id_27_099b08d3af701df647c25f55a7ed9b6e7fdb8b96_Game_GTSPOON.csv,732,0.3570731707317073,1.313751259665502
