file,nrBest,proportionBest,entropyNrActions
nr_283_id_15_05411d08affa3f125f6751a41d6f1c0148d5359b_PlanTripTab_GTSPOON.csv,1357,0.6619512195121952,1.2139431060446333
