file,nrBest,proportionBest,entropyNrActions
nr_240_id_32_15533967433cac27d359a7334c3883cfb886cb5f_ResultsetProcessor_GTSPOON.csv,396,0.19317073170731708,2.1107116346818215
