file,nrBest,proportionBest,entropyNrActions
nr_21_id_34_031534ec64d559e9389dd52088a5a246141fe359_DuplicatingStyleVisitor_GTSPOON.csv,125,0.06097560975609756,2.613492023525554
