file,nrBest,proportionBest,entropyNrActions
nr_455_id_25_1027781b4a1e4b8f764119be80900c4941752d29_BugzillaSession_GTSPOON.csv,223,0.10878048780487805,1.3159007350443832
