file,nrBest,proportionBest,entropyNrActions
nr_472_id_12_05207c257e90d6b72bec3b67ecbfb6329ff95636_OpenIdHelper_GTSPOON.csv,5,0.0024390243902439024,1.5935495693733046
