file,nrBest,proportionBest,entropyNrActions
nr_237_id_14_0380968f1d1118326f9f31c57dfa49a4c62dd449_ClusterCreate_GTSPOON.csv,165,0.08048780487804878,2.5224333853236733
