file,nrBest,proportionBest,entropyNrActions
nr_473_id_36_799fcc5061914ed0d15eb13eee7f0e112493803f_JdbcPrefetcher_GTSPOON.csv,19,0.009268292682926829,2.635308268530874
