file,nrBest,proportionBest,entropyNrActions
nr_464_id_17_094ed3850ee4c6278d9d6d05dc70a6e908a32e86_DefaultJobQueueTest_GTSPOON.csv,1391,0.6785365853658537,1.4717384066125105
