file,nrBest,proportionBest,entropyNrActions
nr_502_id_18_098e45f2128b2a61f062c30b51398f8c81f9698e_YAMLDumpTest_GTSPOON.csv,1939,0.9458536585365853,0.32256997193753323
