file,nrBest,proportionBest,entropyNrActions
nr_341_id_34_2f63b7f63492cb3a55101ab4e4dbc28e192eb6c6_VersionInfo_GTSPOON.csv,2025,0.9878048780487805,0.08957070685917613
