file,nrBest,proportionBest,entropyNrActions
nr_112_id_17_0224769c4894a2724eb91bbb1cd1da50be47b40e_LocationService_GTSPOON.csv,2,0.000975609756097561,1.2804505893438345
