file,nrBest,proportionBest,entropyNrActions
nr_49_id_17_00e19b43a5d58660ddc25d290991c67961108d4d_QueryRequest_GTSPOON.csv,200,0.0975609756097561,2.5556891905408774
