file,nrBest,proportionBest,entropyNrActions
nr_419_id_33_347be1dd3ec6dbb9a03b9cc29d1ea7297e39020d_Search_GTSPOON.csv,486,0.2370731707317073,3.3508627232472215
