file,nrBest,proportionBest,entropyNrActions
nr_355_id_35_43cece2ef368c69fd8c6c517c63581459883e381_CVSHistory_GTSPOON.csv,841,0.41024390243902437,2.209721599735847
