file,nrBest,proportionBest,entropyNrActions
nr_317_id_13_04993accda8066798c75a747a06dbf958a8ce5f7_PlaybackActivity_GTSPOON.csv,379,0.1848780487804878,2.0233617517034284
