file,nrBest,proportionBest,entropyNrActions
nr_146_id_9_01c28d01cf4b2950a53e3beb30c10617c5708b8d_AMPrefKeys_GTSPOON.csv,1742,0.8497560975609756,0.6704154093548645
