file,nrBest,proportionBest,entropyNrActions
nr_223_id_11_02e6b6d38e71bc9ce3f797e7f975e8e2a3468ba8_TypeSArray_GTSPOON.csv,752,0.3668292682926829,2.403353362921817
