file,nrBest,proportionBest,entropyNrActions
nr_435_id_35_558f790d7124d9fff36dc4b19d8bfe9f8194a5e2_HRMViewer_GTSPOON.csv,173,0.08439024390243903,2.532425594044165
