file,nrBest,proportionBest,entropyNrActions
nr_457_id_25_103501090300b767f7b4d8de53eb121242e22d4c_MediaHelper_GTSPOON.csv,1545,0.7536585365853659,1.2144523974488968
