file,nrBest,proportionBest,entropyNrActions
nr_118_id_19_02e185e530c8deebe6768c238edd6ab9fd94e5be_R_GTSPOON.csv,1832,0.8936585365853659,0.5469765890147141
