file,nrBest,proportionBest,entropyNrActions
nr_529_id_10_051c32e82c8297b58841ca6b56e39b14613178ce_BPELTest_GTSPOON.csv,408,0.19902439024390245,2.2825610915474197
