file,nrBest,proportionBest,entropyNrActions
nr_482_id_24_0e8cca9506918746ea203c699a851bb21cdb111b_BaseUi_GTSPOON.csv,39,0.01902439024390244,2.83016334208142
