file,nrBest,proportionBest,entropyNrActions
nr_548_id_12_060261c1d1d4917ff57912353fd52683a16c07b0_CameraManager_GTSPOON.csv,1192,0.5814634146341463,1.7397064801072464
