file,nrBest,proportionBest,entropyNrActions
nr_455_id_12_04e0dd60919f46e28d1ac59c6d3393ad0e9a5043_LinkDirective_GTSPOON.csv,1829,0.8921951219512195,0.5764570682226279
