file,nrBest,proportionBest,entropyNrActions
nr_368_id_23_0ba9a44ab3c5463b77e2f9250f2cacba1409774d_OsdWindow_GTSPOON.csv,1480,0.7219512195121951,1.284663148866961
