file,nrBest,proportionBest,entropyNrActions
nr_33_id_19_00ed2b4278b41bef8ba0204a296dd51442aea930_TestHtmlUtils_GTSPOON.csv,2000,0.975609756097561,0.15465041920493197
