file,nrBest,proportionBest,entropyNrActions
nr_533_id_8_044f62992e8db16d20ac853b02469c5165134ba0_Agente_GTSPOON.csv,1133,0.5526829268292683,1.9741680674525983
