file,nrBest,proportionBest,entropyNrActions
nr_16_id_40_31285e3b682eb6e13940ee2d676cdd318718b7f8_MavenModelMerger_GTSPOON.csv,665,0.32439024390243903,1.933794618212912
