file,nrBest,proportionBest,entropyNrActions
nr_222_id_18_045065a64f992c299ec804d54dc6ecb5072bfe36_StackRuntimeException_GTSPOON.csv,2025,0.9878048780487805,0.08725297383665608
