file,nrBest,proportionBest,entropyNrActions
nr_354_id_29_1471619e88185067e10e8c8b65d16d8155562c50_StandardRequestHandler_GTSPOON.csv,1197,0.5839024390243902,1.7247466471856334
