file,nrBest,proportionBest,entropyNrActions
nr_454_id_16_082b616b6edda86c9a440b3d77cdfa0ddf9aaf35_TestIssue108_GTSPOON.csv,1938,0.9453658536585365,0.3246577950254499
