file,nrBest,proportionBest,entropyNrActions
nr_383_id_21_0a082a4b8b7380d1d04e500f076286730e605886_UrlMapping_GTSPOON.csv,2015,0.9829268292682927,0.1047847065935152
