file,nrBest,proportionBest,entropyNrActions
nr_546_id_14_07ca24a702e4da454b42f78df756549ea8be5f9a_Messages_GTSPOON.csv,1105,0.5390243902439025,1.390252499878575
