file,nrBest,proportionBest,entropyNrActions
nr_232_id_22_05e28d46dc4437b74a1baa7a710cddd0453aa9b5_SonarEngine_GTSPOON.csv,1472,0.7180487804878048,1.330519926063785
