file,nrBest,proportionBest,entropyNrActions
nr_471_id_19_0b1820cc08050140eac8d23cc49b0b61c5a16cf8_JxpConverter_GTSPOON.csv,1370,0.6682926829268293,1.5030970368367913
