file,nrBest,proportionBest,entropyNrActions
nr_36_id_28_01ba78b74bf2e7290bc986a50107041106a980b0_TypeInfoCollector_GTSPOON.csv,125,0.06097560975609756,2.950401936710098
