file,nrBest,proportionBest,entropyNrActions
nr_51_id_20_00ebbbbc680748d84793f9fdf1d0724438245a11_MainActivity_GTSPOON.csv,1638,0.7990243902439025,0.9723082153980678
