file,nrBest,proportionBest,entropyNrActions
nr_598_id_4_025851ef5968474ba982abc2a030e2d61603ac0d_BufferUtils_GTSPOON.csv,1565,0.7634146341463415,1.1380644018805022
