file,nrBest,proportionBest,entropyNrActions
nr_251_id_19_063778894c9573b70e113c0c7f0b8154c5ce9d97_Constants_GTSPOON.csv,2015,0.9829268292682927,0.10520570474832268
