file,nrBest,proportionBest,entropyNrActions
nr_452_id_6_02be4fbe99f1c776dc012cdf37c28c6f5b4f3d47_Handler_GTSPOON.csv,2015,0.9829268292682927,0.1047847065935152
