file,nrBest,proportionBest,entropyNrActions
nr_191_id_30_0bcc080501f4df2117980b178ba29d97f26736f2_VideoSourceV4L2_GTSPOON.csv,1928,0.9404878048780487,0.3610830265589065
