file,nrBest,proportionBest,entropyNrActions
nr_295_id_18_05dd4c5e4e10e72c69b4ff0ae043fa639286c569_SQLConnection_GTSPOON.csv,40,0.01951219512195122,1.5209743115818313
