file,nrBest,proportionBest,entropyNrActions
nr_229_id_31_1058cb83555da17ac2d08b1c22d521a516dee293_EntityConditionList_GTSPOON.csv,2030,0.9902439024390244,0.06830434549004903
