file,nrBest,proportionBest,entropyNrActions
nr_65_id_8_009023e6ae1e3442d86b3de4aeabd1fbd0c92e8e_Which_GTSPOON.csv,1647,0.8034146341463415,1.0010245251072825
