file,nrBest,proportionBest,entropyNrActions
nr_53_id_5_008981e53601826511e3a40abdd0be26e891c49b_InvUseOnObject_GTSPOON.csv,24,0.011707317073170732,4.094388148438608
