file,nrBest,proportionBest,entropyNrActions
nr_223_id_13_0332b1dc0dd461ac33b5c225ce86fd893bbcd891_DOMImplIE6_GTSPOON.csv,1833,0.8941463414634147,0.4680549329166938
