file,nrBest,proportionBest,entropyNrActions
nr_290_id_26_0a4f1c36e4ea679eb69de81c36ee1b72e4d04d99_HTMLParser2Test_GTSPOON.csv,160,0.07804878048780488,2.4771984724725025
