file,nrBest,proportionBest,entropyNrActions
nr_413_id_9_04c51a1ba4cf79856a5f143978493d97022e8865_SourceDAOImpl_GTSPOON.csv,1905,0.9292682926829269,0.41566369906583955
