file,nrBest,proportionBest,entropyNrActions
nr_215_id_2_0067ce1aa1582e550210064599e2829584dc09da_GlobalConfigurationParserTest_GTSPOON.csv,1468,0.7160975609756097,1.2925603573524005
