file,nrBest,proportionBest,entropyNrActions
nr_280_id_13_040bdae965516e717e3a3606cd925236c83cd692_PageController_GTSPOON.csv,1805,0.8804878048780488,0.46225813096042917
