file,nrBest,proportionBest,entropyNrActions
nr_285_id_35_34dd82591a3eee0ef85a09a54f5aeb5a9731803b_FixViewState_GTSPOON.csv,1622,0.791219512195122,0.8293868186489195
