file,nrBest,proportionBest,entropyNrActions
nr_355_id_26_0c30105b7e1a85ca9dc2b231376800a2bc0ed28d_PackageTests_GTSPOON.csv,1742,0.8497560975609756,0.6018629833836141
