file,nrBest,proportionBest,entropyNrActions
nr_256_id_17_0525eabe45d5eb879985c13a76d453e58ed201a3_GeoBeagle_GTSPOON.csv,1181,0.5760975609756097,1.7288790286250793
