file,nrBest,proportionBest,entropyNrActions
nr_123_id_14_0190f5256a521cd72db7942d9a66e529d3bda8d9_YoutubeActivity_GTSPOON.csv,1847,0.9009756097560976,0.5870364839667762
