file,nrBest,proportionBest,entropyNrActions
nr_297_id_16_0570bdf6ccb6a9375e137172084f640ef3f97296_Square_GTSPOON.csv,951,0.46390243902439027,2.088051489858614
