file,nrBest,proportionBest,entropyNrActions
nr_213_id_7_02534bd46d1584254c6f5c9d2d33d52c09c4af64_BeginTokenVisitor_GTSPOON.csv,851,0.4151219512195122,1.9690891368824983
