file,nrBest,proportionBest,entropyNrActions
nr_305_id_17_06376849cdac54b573be9204837b451ef8013cc6_PhoneApp_GTSPOON.csv,170,0.08292682926829269,2.66509520661032
