file,nrBest,proportionBest,entropyNrActions
nr_174_id_25_05edee11b00273d1d28d923d8ef667efeba29a49_IRCNetwork_GTSPOON.csv,1321,0.644390243902439,1.4498171797537935
