file,nrBest,proportionBest,entropyNrActions
nr_196_id_35_258c1e5e461ec3498943d0bb9e3c8a1e054ae4df_WorldFireReader_GTSPOON.csv,180,0.08780487804878048,2.4676538878225136
