file,nrBest,proportionBest,entropyNrActions
nr_95_id_39_9c48a6c30b2d663d382a8a4bc1c61ea75dfe46a1_ImageCrop_GTSPOON.csv,210,0.1024390243902439,2.3088792328836365
