file,nrBest,proportionBest,entropyNrActions
nr_283_id_24_08b4a400af32403b80eddbbab53523b21570282d_PlayerListener_GTSPOON.csv,1575,0.7682926829268293,1.0748131708430353
