file,nrBest,proportionBest,entropyNrActions
nr_31_id_24_00efe6630c87961f8391a63b4c6db7cc57744635_BypassMenuBuilder_GTSPOON.csv,1441,0.7029268292682926,1.3737754314519104
