file,nrBest,proportionBest,entropyNrActions
nr_598_id_6_03ae2ed524325d33c0d071c81afb984a12073303_DBInitializer_GTSPOON.csv,1923,0.9380487804878048,0.39611120596499144
