file,nrBest,proportionBest,entropyNrActions
nr_490_id_15_090f862a909c15d78917277295190c9992d6d995_JavaFXCompletionEnvironment_GTSPOON.csv,167,0.08146341463414634,3.185578117126378
