file,nrBest,proportionBest,entropyNrActions
nr_196_id_19_04a88e23f03fb55c826a0a6ea9ab3f5db880b3d4_JFlexXref_GTSPOON.csv,1757,0.8570731707317073,0.7411410255324141
