file,nrBest,proportionBest,entropyNrActions
nr_315_id_8_02a94645a23c738eb8e6d59190a4ba13f46fec18_QualityAssessorImpl_GTSPOON.csv,2020,0.9853658536585366,0.09866743938616579
