file,nrBest,proportionBest,entropyNrActions
nr_251_id_18_04f708632542cc62551bcccf390060340c0471b1_TestMatrixx_GTSPOON.csv,1484,0.7239024390243902,1.209684513059808
