file,nrBest,proportionBest,entropyNrActions
nr_29_id_10_004a3f30ad3e36187cea7adb6c3360348c9df1c1_VideoModule_GTSPOON.csv,191,0.09317073170731707,2.845852285229124
