file,nrBest,proportionBest,entropyNrActions
nr_106_id_9_0159da24a5e905f9ea42d9b682f697b8c502ea43_UsersListAdapter_GTSPOON.csv,1834,0.8946341463414634,0.607189801755673
