file,nrBest,proportionBest,entropyNrActions
nr_95_id_17_01d5b1e0477638e4266468bfb4c79a406f8a4820_EnhancingObserver_GTSPOON.csv,1542,0.7521951219512195,1.1686615129075748
