file,nrBest,proportionBest,entropyNrActions
nr_275_id_5_02413d98720906849ba7c0ee43c40a5ef085e185_FilesService_GTSPOON.csv,1547,0.7546341463414634,0.8675357342141851
