file,nrBest,proportionBest,entropyNrActions
nr_284_id_31_13f50bc608578f7e0c1c18043f3c077ace5321a3_HistoryResource_GTSPOON.csv,700,0.34146341463414637,1.640213260610432
