file,nrBest,proportionBest,entropyNrActions
nr_687_id_1_07c28e107d6ecfe19eab13f69df43643829991da_GameScreen_GTSPOON.csv,1299,0.6336585365853659,1.588595595867483
