file,nrBest,proportionBest,entropyNrActions
nr_569_id_6_03777b9e72b7eae171beb9a1106b33b4c11558e3_Group_GTSPOON.csv,1903,0.9282926829268293,0.43931666841438677
