file,nrBest,proportionBest,entropyNrActions
nr_298_id_22_07a0947131b1c8307f92131eaeccb83668dc7824_NullDataValue_GTSPOON.csv,1440,0.7024390243902439,1.2128505871382955
