file,nrBest,proportionBest,entropyNrActions
nr_158_id_14_022927600f561035f9f86e2baf49bf6ff2b473bb_ParserContext_GTSPOON.csv,1841,0.8980487804878049,0.5944364667929453
