file,nrBest,proportionBest,entropyNrActions
nr_41_id_37_144855de215157c53fd6ce0a429cc6ede4088551_TestAssert_GTSPOON.csv,1938,0.9453658536585365,0.3030811648707365
