file,nrBest,proportionBest,entropyNrActions
nr_294_id_19_07032b60f814a9516c6c50eeee939d648be09fbc_BlockGreenLeaves_GTSPOON.csv,280,0.13658536585365855,1.8554290842917693
