file,nrBest,proportionBest,entropyNrActions
nr_147_id_13_020b937b579487df5e4ed0cf4f7b105a24598545_CommandLine_GTSPOON.csv,1838,0.8965853658536586,0.604509046824404
