file,nrBest,proportionBest,entropyNrActions
nr_86_id_32_080bad3ea5707021c1ae3c33abc0b0e3aca6b908_State_GTSPOON.csv,540,0.2634146341463415,1.9836292987763424
