file,nrBest,proportionBest,entropyNrActions
nr_325_id_21_0873b6ab8b05fe9198fddb7986ff3fa491823d72_ActivityViewerForm_GTSPOON.csv,1291,0.6297560975609756,1.4275904811567448
