file,nrBest,proportionBest,entropyNrActions
nr_408_id_12_04795489a337625afb6076559b7b358d2b3ccdb6_JDialogTaskManager_GTSPOON.csv,1482,0.7229268292682927,1.327540645785151
