file,nrBest,proportionBest,entropyNrActions
nr_150_id_17_02f6e7f91687d3574942a45f27bc020a8cb79eaf_BPInstanceConfigTest_GTSPOON.csv,280,0.13658536585365855,2.2769944967876423
