file,nrBest,proportionBest,entropyNrActions
nr_181_id_35_233328cb602750e9aa97399e02634fde3dbe1126_Launcher_GTSPOON.csv,106,0.05170731707317073,2.558010998020478
