file,nrBest,proportionBest,entropyNrActions
nr_33_id_30_02bd336b44413a43b0fa2e5a33bd85d9906c1539_GCBuilder_GTSPOON.csv,1723,0.8404878048780487,0.8763604209974628
