file,nrBest,proportionBest,entropyNrActions
nr_70_id_21_022163f0262d8e0fe327261ab7e63d374edf0495_InputHandlerImpl_GTSPOON.csv,917,0.4473170731707317,0.6397201034223096
