file,nrBest,proportionBest,entropyNrActions
nr_480_id_11_069c51a391d6ee49862aa61f3028e57b037e890c_SumFunExpr_GTSPOON.csv,1805,0.8804878048780488,0.4628274159166632
