file,nrBest,proportionBest,entropyNrActions
nr_141_id_32_0cd608d14700100ce93c7e548c8396a8cc17a477_ApplicationsResource_GTSPOON.csv,866,0.4224390243902439,2.0767378277645725
