file,nrBest,proportionBest,entropyNrActions
nr_231_id_14_036560dc7bc431339c4e308691c53846dafdd403_GameSession_GTSPOON.csv,1255,0.6121951219512195,1.1535245402470495
