file,nrBest,proportionBest,entropyNrActions
nr_587_id_1_0689f6297c860be7d145584125678a98cb2032b8_LeadsController_GTSPOON.csv,1644,0.8019512195121952,1.0364316367398532
