file,nrBest,proportionBest,entropyNrActions
nr_226_id_36_399816c4bba66b529a38a3d82cf06940077020b4_DBInfo_GTSPOON.csv,110,0.05365853658536585,2.566149597074779
