file,nrBest,proportionBest,entropyNrActions
nr_221_id_4_00cab9d4d55845a8d8503da9a9ed1100f0574557_HomePageTest_GTSPOON.csv,1363,0.6648780487804878,0.941837412472367
