file,nrBest,proportionBest,entropyNrActions
nr_151_id_15_02f48b64570f6a37cbc099845c860783eb78c889_TraverseReads_GTSPOON.csv,1925,0.9390243902439024,0.3913941311007905
