file,nrBest,proportionBest,entropyNrActions
nr_386_id_19_093f958ca69cb4718c88efaab8c0844b9b9992cc_MapActivity_GTSPOON.csv,732,0.3570731707317073,2.290273091688475
