file,nrBest,proportionBest,entropyNrActions
nr_611_id_1_06d9c66e507897526ef122848136815ebc657d47_OtherSettingsPopup_GTSPOON.csv,1745,0.8512195121951219,0.8471225466995315
