file,nrBest,proportionBest,entropyNrActions
nr_79_id_32_0760a3d3936afee7ee5ecc8fd2f01870c196060a_InterfaceDef_GTSPOON.csv,245,0.11951219512195121,3.036886133283117
