file,nrBest,proportionBest,entropyNrActions
nr_119_id_27_052deb8800124d137d006384a23fd3a096409a1e_ForgeConsoleTestBase_GTSPOON.csv,1302,0.6351219512195122,1.4644995408414088
