file,nrBest,proportionBest,entropyNrActions
nr_129_id_29_075b25a28977219eb5f64effc31e4fdc003c69ba_RubyString_GTSPOON.csv,16,0.007804878048780488,3.7253079881321747
