file,nrBest,proportionBest,entropyNrActions
nr_470_id_15_08cd1ac368812dc4051c0871553f81f732e419dd_TestJarDiff_GTSPOON.csv,989,0.4824390243902439,2.0252522792168395
