file,nrBest,proportionBest,entropyNrActions
nr_86_id_18_01a352056e0801fd1827d831fb6fd7b009e2771d_ExtractingDocumentLoader_GTSPOON.csv,632,0.30829268292682926,2.0651845250841223
