file,nrBest,proportionBest,entropyNrActions
nr_148_id_7_019d67f8a82def3191102459ce8b36a8bc750f40_PublishCommentScreen_GTSPOON.csv,166,0.08097560975609756,2.410056729187514
