file,nrBest,proportionBest,entropyNrActions
nr_440_id_23_0dbc15e6f15a01fdb2bd4f5263c06369299ec361_MessageCompose_GTSPOON.csv,60,0.02926829268292683,2.888121175273424
