file,nrBest,proportionBest,entropyNrActions
nr_221_id_23_0743953d09736be15232ba7a98ecf4bc08685a09_CodeConsumer_GTSPOON.csv,1508,0.735609756097561,1.2695436133770759
