file,nrBest,proportionBest,entropyNrActions
nr_139_id_25_048735ac4a0774cd94adc59c0706b7eccc431988_Globals_GTSPOON.csv,2020,0.9853658536585366,0.08649061231222355
