file,nrBest,proportionBest,entropyNrActions
nr_464_id_6_02d6fe1f8a24102ed93ed641f581ca78a8e6e367_CommunityService_GTSPOON.csv,326,0.15902439024390244,2.7062607107916854
