file,nrBest,proportionBest,entropyNrActions
nr_502_id_2_010c0a2a5e486622aa6d4b54d33159efbbed4508_ConvertUtil_GTSPOON.csv,1749,0.853170731707317,0.7825105054102932
