file,nrBest,proportionBest,entropyNrActions
nr_362_id_14_0557a88c9ecb9e6d14fb437cc279e16a90327700_Commander_GTSPOON.csv,1461,0.7126829268292683,1.2845243383746232
