file,nrBest,proportionBest,entropyNrActions
nr_385_id_10_03a61d1e59f28bf17ed5117ba6f959d7b146bbc2_OrderedMap_GTSPOON.csv,1925,0.9390243902439024,0.37252995516403486
