file,nrBest,proportionBest,entropyNrActions
nr_64_id_38_2a06f2c9e4d8e537c312c600e22cb4789a768404_Devices_GTSPOON.csv,162,0.07902439024390244,1.3035683310449122
