file,nrBest,proportionBest,entropyNrActions
nr_123_id_37_38b76aa456266e3169f8f9bd553a6e77781db7f5_Main_GTSPOON.csv,1547,0.7546341463414634,1.1616428907278937
