file,nrBest,proportionBest,entropyNrActions
nr_79_id_12_00f03000dd1d71820f315a5730a9106eb89341f3_OptimizeCalls_GTSPOON.csv,2020,0.9853658536585366,0.10040715327424052
