file,nrBest,proportionBest,entropyNrActions
nr_544_id_14_07be10321d2f6799ca94102b22095cac4de6c753_InternetActivity_GTSPOON.csv,1140,0.5560975609756098,1.2643711104767579
