file,nrBest,proportionBest,entropyNrActions
nr_269_id_5_0233fc6d060c99de280640d1a87bc88754c12139_LayoutIT_GTSPOON.csv,1637,0.7985365853658537,1.032480682649533
