file,nrBest,proportionBest,entropyNrActions
nr_378_id_10_03944658109fedee06decddde63e1e5269f43cbe_CtBehavior_GTSPOON.csv,429,0.20926829268292682,2.4077012893576515
