file,nrBest,proportionBest,entropyNrActions
nr_195_id_11_02714d5c0104537a47dc1c70d549f9ccbcc193d9_IconResources_GTSPOON.csv,1555,0.7585365853658537,0.9259597114673632
