file,nrBest,proportionBest,entropyNrActions
nr_471_id_30_1c87333275e24aa2c6813a7fa9130514209bf83e_CollationTest_GTSPOON.csv,440,0.2146341463414634,2.70801491998417
