file,nrBest,proportionBest,entropyNrActions
nr_43_id_4_00264e246e996927ae3e293a9841a4840710a596_TankShape_GTSPOON.csv,1733,0.8453658536585366,0.6925692515558721
