file,nrBest,proportionBest,entropyNrActions
nr_453_id_26_0f27e3cb323783b91ac65e6b90a5a3424feaf03d_PredicateMaster_GTSPOON.csv,551,0.26878048780487807,3.2358568770888017
