file,nrBest,proportionBest,entropyNrActions
nr_256_id_16_04b025547988350bbf409ffaf22ee673a8624450_FlipperDream_GTSPOON.csv,2025,0.9878048780487805,0.08661049925515463
