file,nrBest,proportionBest,entropyNrActions
nr_480_id_30_1d2db9956b72a0d2544a3d75865b5f4f330c1edb_NotificationHelper_GTSPOON.csv,2030,0.9902439024390244,0.06736412716311363
