file,nrBest,proportionBest,entropyNrActions
nr_357_id_30_16585c429fdd17a96cdc9c39d233cec686743f7a_MeasureListener_GTSPOON.csv,1343,0.6551219512195122,1.4868903066909482
