file,nrBest,proportionBest,entropyNrActions
nr_235_id_4_00da6b4df499f576d321e7da368e1450d4fc24f3_Board_GTSPOON.csv,1172,0.5717073170731707,1.947899528690305
