file,nrBest,proportionBest,entropyNrActions
nr_191_id_10_01a984e8e9000a78527ecc1d3ec7c9e20dc014e6_UserService_GTSPOON.csv,1324,0.6458536585365854,1.583791825198849
