file,nrBest,proportionBest,entropyNrActions
nr_207_id_34_1eb5647aeef18164b3362169fd68c5d86fb9aec3_ActivityStats_GTSPOON.csv,80,0.03902439024390244,2.4289753647560666
