file,nrBest,proportionBest,entropyNrActions
nr_182_id_23_05dc591e2e468940c45152da710b6b8c8b40dc45_BootLoader_GTSPOON.csv,326,0.15902439024390244,2.515648954760651
