file,nrBest,proportionBest,entropyNrActions
nr_525_id_9_0603893e51daac70965f83f600c14780758da1c9_WebServer_GTSPOON.csv,1820,0.8878048780487805,0.6278081702399738
