file,nrBest,proportionBest,entropyNrActions
nr_145_id_14_01f6c1185d8d24760a802e40e6a2c5a5b7705df8_Geocache_GTSPOON.csv,148,0.0721951219512195,2.6937463229371197
