file,nrBest,proportionBest,entropyNrActions
nr_209_id_24_0668fa933e0e2694835b75997fd42b6e38b3f55b_InventoryManager_GTSPOON.csv,1222,0.5960975609756097,1.7871319550871172
