file,nrBest,proportionBest,entropyNrActions
nr_545_id_1_0611e6db8df17a5b81bc9747166bc3871b9c1b7c_CartServlet_GTSPOON.csv,1734,0.8458536585365853,0.9040387075474795
