file,nrBest,proportionBest,entropyNrActions
nr_357_id_6_0225ece0c6a2259b371b295b8f8862cf1177b447_TwlRenderer_GTSPOON.csv,1262,0.615609756097561,1.6319065616825983
