file,nrBest,proportionBest,entropyNrActions
nr_175_id_9_02278d54bfab8c74a649cd12403689870026dc79_CVAA_Sample_GTSPOON.csv,210,0.1024390243902439,1.206079065674653
