file,nrBest,proportionBest,entropyNrActions
nr_455_id_33_3785e390d2538b11d98be17388af69c97c8995b2_Memory_GTSPOON.csv,171,0.08341463414634147,2.4768148346117878
