file,nrBest,proportionBest,entropyNrActions
nr_105_id_23_02fdcaef920cd764cc7c0ab937367475835e9c9b_PhotoController_GTSPOON.csv,1553,0.7575609756097561,1.1443470824876971
