file,nrBest,proportionBest,entropyNrActions
nr_190_id_7_020f08723f092ffe80c2e4b3150487971aa85958_GameUI_GTSPOON.csv,189,0.09219512195121951,2.580263841154958
