file,nrBest,proportionBest,entropyNrActions
nr_194_id_5_019d494a1892e3937bc9db25687ab2ff8e081951_Base64Test_GTSPOON.csv,2000,0.975609756097561,0.15372243244778838
