file,nrBest,proportionBest,entropyNrActions
nr_173_id_13_028c8bd52924866c369e4ed0b5518dc592c8e3b1_List_GTSPOON.csv,678,0.3307317073170732,1.553814501537458
