file,nrBest,proportionBest,entropyNrActions
nr_72_id_34_0b20d2b5e5eab69eaf33424fc552221aa8643b88_QueryResult_GTSPOON.csv,348,0.16975609756097562,1.5734953722819491
