file,nrBest,proportionBest,entropyNrActions
nr_410_id_16_0765e1bf482f02bb42f6bed089403a7d390a827b_BindingsImpl_GTSPOON.csv,1442,0.7034146341463414,1.5608992772605823
