file,nrBest,proportionBest,entropyNrActions
nr_301_id_31_15158a49e42c9bb19868209d91d0fd869c2e292f_Utility_GTSPOON.csv,1484,0.7239024390243902,1.1386340085401776
