file,nrBest,proportionBest,entropyNrActions
nr_643_id_1_0733cbd76259f69a62386d5a3f1080e88800da11_OrderedQueryTable_GTSPOON.csv,1928,0.9404878048780487,0.34876824557917013
