file,nrBest,proportionBest,entropyNrActions
nr_1_id_14_0001614e7188967fabe8597d4c5663952ab19197_SoneInserter_GTSPOON.csv,115,0.05609756097560976,1.9796493747687909
