file,nrBest,proportionBest,entropyNrActions
nr_48_id_18_00ba4a822d841760cb35aa1eb9f91a51182bb5d3_ResourceDAOImpl_GTSPOON.csv,1934,0.9434146341463414,0.3582045851087037
