file,nrBest,proportionBest,entropyNrActions
nr_555_id_8_047dc00a03547383ff00a5e9251914d0083e3d80_Interpreter_GTSPOON.csv,176,0.08585365853658537,2.9855509552615214
