file,nrBest,proportionBest,entropyNrActions
nr_351_id_27_0f758a1e3b5363bfb71b83a194674e25c1a7f47c_DistriviaAPI_GTSPOON.csv,825,0.4024390243902439,0.9753996106773916
