file,nrBest,proportionBest,entropyNrActions
nr_613_id_2_015098fcf2a9aee3d061c4c130c180775a62f668_CircuitBreaker_GTSPOON.csv,2028,0.9892682926829268,0.08430518821163922
