file,nrBest,proportionBest,entropyNrActions
nr_139_id_34_15da870e19f317aacd87d94526fe865243682599_ContactList_GTSPOON.csv,20,0.00975609756097561,3.419065659138746
