file,nrBest,proportionBest,entropyNrActions
nr_314_id_24_09955bb0f5b1e3208c4669cac2d9acd24a2d9b36_VelocityService_GTSPOON.csv,1929,0.9409756097560975,0.33350570472683755
