file,nrBest,proportionBest,entropyNrActions
nr_280_id_38_bddca299f24fc867c7e67b5754e81ab26cd451c2_main_GTSPOON.csv,958,0.46731707317073173,1.8057873509445554
