file,nrBest,proportionBest,entropyNrActions
nr_6_id_15_0017f21578357b5661cd9332b8bc8177cedf0c87_HighScoreManager_GTSPOON.csv,1846,0.9004878048780488,0.5511335197128497
