file,nrBest,proportionBest,entropyNrActions
nr_114_id_33_0f100f726179f9b57ceaa6685745549c7d193bef_Utility_GTSPOON.csv,176,0.08585365853658537,2.2640523932890533
