file,nrBest,proportionBest,entropyNrActions
nr_242_id_26_08c55b9bb8e798d62975debb9f282233e719b3fa_MaxPriorityQueue_GTSPOON.csv,1440,0.7024390243902439,1.2384278435487839
