file,nrBest,proportionBest,entropyNrActions
nr_670_id_5_059970b994c3432fb8200693e4d4d5b8c3c71de1_JmxContextParserImpl_GTSPOON.csv,1557,0.7595121951219512,1.1530042086823697
