file,nrBest,proportionBest,entropyNrActions
nr_313_id_18_06411779467055b1c3fbc46b182c2ab92e44c50d_BatchController_GTSPOON.csv,480,0.23414634146341465,1.7198480041965314
