file,nrBest,proportionBest,entropyNrActions
nr_306_id_5_028811b02281f8ee2bd62689c1051699729f71f9_SipJBossContextConfig_GTSPOON.csv,1252,0.6107317073170732,1.672420487401912
