file,nrBest,proportionBest,entropyNrActions
nr_97_id_25_037473d13b6d4ed79119f4b257f7655c2d7bbca7_Commandbalance_GTSPOON.csv,2,0.000975609756097561,0.4541367933408794
