file,nrBest,proportionBest,entropyNrActions
nr_390_id_14_05b38ce3ae1659ae5abad4345b428594bf46f9ca_MergeAdapter_GTSPOON.csv,1313,0.6404878048780488,1.6097149188165076
