file,nrBest,proportionBest,entropyNrActions
nr_243_id_18_04c01781ce5518258cbe035d72984334cf313dc6_PyList_GTSPOON.csv,20,0.00975609756097561,2.179699267401524
