file,nrBest,proportionBest,entropyNrActions
nr_374_id_25_0d116f6bbb6ee59ac500291c2dff28af92d004e6_StageControl_GTSPOON.csv,1938,0.9453658536585365,0.31857828521014514
