file,nrBest,proportionBest,entropyNrActions
nr_357_id_23_0b71ad9db6651e9331ae4e32a5374f5204c531b4_SourceManagementTest_GTSPOON.csv,238,0.11609756097560976,2.5768012377930916
