file,nrBest,proportionBest,entropyNrActions
nr_290_id_10_02b0d59ab22c1498e6e7b54f127229cc062f63ef_ParameterizedType_GTSPOON.csv,1129,0.5507317073170732,1.7405158973387898
