file,nrBest,proportionBest,entropyNrActions
nr_131_id_5_01301e6b90b575ba9700f144b4514d6dcb7751b7_Text_GTSPOON.csv,1548,0.7551219512195122,1.1637628901494117
