file,nrBest,proportionBest,entropyNrActions
nr_101_id_14_01578dc55d80fe57a8b5bb5d01dfa477a189c748_SignaturePacket_GTSPOON.csv,1018,0.49658536585365853,1.906812921390466
