file,nrBest,proportionBest,entropyNrActions
nr_315_id_33_28aca03965b5d5b1cc2d139ed0df644a2635960d_TagSelectionDialog_GTSPOON.csv,1477,0.7204878048780488,1.2832944096400474
