file,nrBest,proportionBest,entropyNrActions
nr_310_id_17_0658e144dd996b35707d52798959e6e0d706e449_ParameterList_GTSPOON.csv,830,0.40487804878048783,0.9077065152249493
