file,nrBest,proportionBest,entropyNrActions
nr_65_id_5_009e0062264c2a0e602e1752a866097dbccae2e2_TNoodleServer_GTSPOON.csv,1407,0.6863414634146342,1.3019202211887595
