file,nrBest,proportionBest,entropyNrActions
nr_442_id_11_061773dc86515d38741e364f638b8bdf58e69e58_StaticError_GTSPOON.csv,1848,0.9014634146341464,0.5523923165214932
