file,nrBest,proportionBest,entropyNrActions
nr_565_id_3_03b44fc7cedb675363b1fd44b7f25d5a26250908_IndexTest_GTSPOON.csv,482,0.23512195121951218,2.38353283673072
