file,nrBest,proportionBest,entropyNrActions
nr_663_id_3_047c9447d01c75776d464a0cb8b0dca1f30e411a_FlowLatencyUtil_GTSPOON.csv,974,0.4751219512195122,1.9023303888931387
