file,nrBest,proportionBest,entropyNrActions
nr_92_id_30_05e8bbb84ffb5b08c9c826f844654526d955dce1_BeanProperty_GTSPOON.csv,1632,0.7960975609756098,1.047292817704904
