file,nrBest,proportionBest,entropyNrActions
nr_302_id_16_0579c3a37d22f8b905142e8b2fab4d353706408f_CalendarServiceImpl_GTSPOON.csv,12,0.005853658536585366,2.8349179261934188
