file,nrBest,proportionBest,entropyNrActions
nr_396_id_22_097901df8b719e449f602dfc53922513e2be3112_IFilterSelect_GTSPOON.csv,175,0.08536585365853659,3.26323122631233
