file,nrBest,proportionBest,entropyNrActions
nr_131_id_24_03e2a12f2f03685a061486cffc5492fbd5b592b7_LockCommand_GTSPOON.csv,1843,0.8990243902439025,0.5925684833085495
