file,nrBest,proportionBest,entropyNrActions
nr_572_id_12_064dacf6e290f039327911755732e3d821ec54f3_DecoratorMixin_GTSPOON.csv,2015,0.9829268292682927,0.11654053551264995
