file,nrBest,proportionBest,entropyNrActions
nr_647_id_5_056a07c030cf230755ec04cdc7a61e272f0866c4_TodosPage_GTSPOON.csv,1902,0.9278048780487805,0.4248541012730371
