file,nrBest,proportionBest,entropyNrActions
nr_695_id_5_05cb8a5c8b2f55ad3494edbddb2a1360600878ca_PhoneUtils_GTSPOON.csv,209,0.10195121951219512,2.552497911069937
