file,nrBest,proportionBest,entropyNrActions
nr_538_id_8_045914d2c0b1a049509fd9ddcdc77efff075985a_Parameter_GTSPOON.csv,1876,0.9151219512195122,0.4720468370023106
