file,nrBest,proportionBest,entropyNrActions
nr_380_id_23_0c20619927e74b3335d9d017d3635b29c87cedff_DBUnitImporter_GTSPOON.csv,1544,0.7531707317073171,1.2369607425126001
