file,nrBest,proportionBest,entropyNrActions
nr_432_id_4_01b885ddb224563220b39bf27c90747a51e06464_Model_GTSPOON.csv,120,0.05853658536585366,2.52132117009677
