file,nrBest,proportionBest,entropyNrActions
nr_445_id_10_04438fefedd983934e74597f5470d1632aa6d40d_Group4ShopFactory_GTSPOON.csv,1943,0.9478048780487804,0.29393415006357565
