file,nrBest,proportionBest,entropyNrActions
nr_333_id_16_06218e8c6342c79beefe7476678e7929e31eb366_JDBCDataStore_GTSPOON.csv,176,0.08585365853658537,3.1597951245988343
