file,nrBest,proportionBest,entropyNrActions
nr_6_id_10_0007398a07223dcb44029cbce6768c4dcfe69563_MmMapViewer_GTSPOON.csv,150,0.07317073170731707,3.042337134396687
