file,nrBest,proportionBest,entropyNrActions
nr_219_id_35_2a1418053dba9a1378fe39a4a705b0f31ec7c5e4_EditorAWT_GTSPOON.csv,1636,0.7980487804878049,0.9412262788603968
