file,nrBest,proportionBest,entropyNrActions
nr_19_id_39_1ac0260f17ce507040e2381a1314830bce0b8d88_SMTUtilities_GTSPOON.csv,712,0.3473170731707317,2.587249418868406
