file,nrBest,proportionBest,entropyNrActions
nr_428_id_37_c4723f6594659d9770d691d14d300ddb840b3030_Scan_GTSPOON.csv,1393,0.6795121951219513,1.3527159375551907
