file,nrBest,proportionBest,entropyNrActions
nr_405_id_13_05f08a2513063d8e25391ac048d2b812041a0327_ScannerImpl_GTSPOON.csv,149,0.07268292682926829,2.7044946553310343
