file,nrBest,proportionBest,entropyNrActions
nr_291_id_10_02b810d9dee8dc1d7efa8197490945299cc03330_SshProcess_GTSPOON.csv,1911,0.9321951219512196,0.423398508213546
