file,nrBest,proportionBest,entropyNrActions
nr_501_id_36_8053ead97179c4c39f828c015b6aa683a4c6c939_XMLHttpRequestTest_GTSPOON.csv,210,0.1024390243902439,1.6857953777010415
