file,nrBest,proportionBest,entropyNrActions
nr_546_id_10_054a462b78bfd7ea84e29874bc9682ece7b858ef_UICategoryForm_GTSPOON.csv,476,0.23219512195121952,2.7640608964686875
