file,nrBest,proportionBest,entropyNrActions
nr_528_id_35_65790eea64f4145d11c27f4d9278df8e924a3a32_ASTEvaluationEngine_GTSPOON.csv,1347,0.6570731707317073,1.6126803797265719
