file,nrBest,proportionBest,entropyNrActions
nr_417_id_5_037cf00b508c8d71050f862e607d4d4c1f631479_SVNCommitProcessor_GTSPOON.csv,1847,0.9009756097560976,0.5389654221374253
