file,nrBest,proportionBest,entropyNrActions
nr_235_id_26_08971b145eb2e3bd314b8ba833da2b34f213f99a_DispatchBParser_GTSPOON.csv,1200,0.5853658536585366,1.6450155570731422
