file,nrBest,proportionBest,entropyNrActions
nr_275_id_25_093b8ff8d64b56df6d8bb9fa09f96e583033f959_Cell_GTSPOON.csv,60,0.02926829268292683,2.479146494008682
