file,nrBest,proportionBest,entropyNrActions
nr_357_id_16_0686af040b98400b141d68d3b8abf9fd373b0f15_Diversify_GTSPOON.csv,1743,0.8502439024390244,0.7835585265146402
