file,nrBest,proportionBest,entropyNrActions
nr_202_id_26_07a1ecbb7fb15c159d54ea90064727a4cd618352_FileSystemTask_GTSPOON.csv,1666,0.8126829268292682,0.8548603614619168
