file,nrBest,proportionBest,entropyNrActions
nr_30_id_28_0188473ef0ceff1ee9d59f08e8bd9368bf234824_CSV2Config_GTSPOON.csv,120,0.05853658536585366,2.761599615102467
