file,nrBest,proportionBest,entropyNrActions
nr_13_id_12_002582d728546fc58a6d0c63a91618b749badab2_CronJobs_GTSPOON.csv,1544,0.7531707317073171,0.9639984250557839
