file,nrBest,proportionBest,entropyNrActions
nr_494_id_18_09533352155e2ef585cc52f729b85d7bfc94bafe_PTPCorePlugin_GTSPOON.csv,952,0.46439024390243905,2.3102305585508587
