file,nrBest,proportionBest,entropyNrActions
nr_369_id_13_0550b73f351be890e5b4f79bef60050e8998bdb1_SudokuService_GTSPOON.csv,1527,0.7448780487804878,1.2224576096507311
