file,nrBest,proportionBest,entropyNrActions
nr_302_id_12_034b77ef481af2baae2ab5a3264c760c079f5159_EssentialsConf_GTSPOON.csv,1632,0.7960975609756098,1.0236277501177178
