file,nrBest,proportionBest,entropyNrActions
nr_730_id_2_018fd2ac6fc3340e57b582aa6c97ed8d148fa975_Utils_GTSPOON.csv,1919,0.9360975609756098,0.41229267886161675
