file,nrBest,proportionBest,entropyNrActions
nr_81_id_21_025f05b748112132062b9ff6366dcfd05301176c_SelectWorkspaceDialog_GTSPOON.csv,1906,0.9297560975609757,0.42581922076609285
