file,nrBest,proportionBest,entropyNrActions
nr_484_id_34_42a417661e90c6d1a6a3f5369ee254e9de4e1ea4_DeploymentResource_GTSPOON.csv,155,0.07560975609756097,2.5590329230056463
