file,nrBest,proportionBest,entropyNrActions
nr_323_id_28_0e828f843349f4e3c787822964ceef3cfed42335_SpectrumExtractor_GTSPOON.csv,1742,0.8497560975609756,0.8109374481938425
