file,nrBest,proportionBest,entropyNrActions
nr_496_id_15_09176444094915f6ab44965055449d86054eaf52_MetaContentExtractor_GTSPOON.csv,1467,0.715609756097561,1.279797346791112
