file,nrBest,proportionBest,entropyNrActions
nr_187_id_3_014c589d2eeb677336acf994602e61dff6dceb02_IntDict_GTSPOON.csv,1023,0.49902439024390244,1.9074776580607786
