file,nrBest,proportionBest,entropyNrActions
nr_468_id_17_096163e4dceb94ddd19e9e62147c96d96236d8e2_HessianFactory_GTSPOON.csv,1520,0.7414634146341463,1.1094381684529941
