file,nrBest,proportionBest,entropyNrActions
nr_475_id_34_408c164827c2540a3547e45272e8fd2a8755bdab_TestBasicVersioner_GTSPOON.csv,1937,0.9448780487804878,0.31958820477808836
