file,nrBest,proportionBest,entropyNrActions
nr_505_id_26_113b48b1628ab78d3df7484d3f9fb849ef0ea899_MiscTest_GTSPOON.csv,210,0.1024390243902439,2.063046457934308
