file,nrBest,proportionBest,entropyNrActions
nr_296_id_28_0d5d0186a6bb1a5a11be82465ab858248d6abfd4_XSConstraints_GTSPOON.csv,171,0.08341463414634147,2.6099700200272253
