file,nrBest,proportionBest,entropyNrActions
nr_319_id_33_292199c0d9eb768d6ba181f4fec8119f08d82c38_DemoInteractor_GTSPOON.csv,665,0.32439024390243903,2.095767435615682
