file,nrBest,proportionBest,entropyNrActions
nr_285_id_14_04465463868f488ec8d9059d2a1a81c034170c0a_AbstractConditionalElement_GTSPOON.csv,1939,0.9458536585365853,0.34083594379769305
