file,nrBest,proportionBest,entropyNrActions
nr_418_id_7_04684f38ac6103b63f3934df96a5046e5ae88979_OsdWindow_GTSPOON.csv,1561,0.7614634146341464,1.1549987573598095
