file,nrBest,proportionBest,entropyNrActions
nr_12_id_2_0009920701db503781ecae61f69f99612f559b9f_Deployer_GTSPOON.csv,1256,0.6126829268292683,1.8105059200790596
