file,nrBest,proportionBest,entropyNrActions
nr_274_id_18_05855c8b70b0110bcbf00b9d2336010ea271a86a_RubeDefaults_GTSPOON.csv,1723,0.8404878048780487,0.695388698542811
