file,nrBest,proportionBest,entropyNrActions
nr_19_id_34_02629ba8357bbd32bf7a4e457ed762e2c2d01d9b_MainFrame_GTSPOON.csv,75,0.036585365853658534,2.7488824568048464
