file,nrBest,proportionBest,entropyNrActions
nr_29_id_19_00d6e66af335f9b9829ae46cdbe79cce1bb5e7f7_MainStep_GTSPOON.csv,1908,0.9307317073170732,0.40817176550092127
