file,nrBest,proportionBest,entropyNrActions
nr_336_id_20_0688483304fff4a0f520ccd928e8e8e1c1e79054_DataPortalError_GTSPOON.csv,1928,0.9404878048780487,0.3623631247296155
