file,nrBest,proportionBest,entropyNrActions
nr_12_id_26_0053fe6e3427237006f0703d16ad33a4fff9ee51_ToTitlecase_GTSPOON.csv,15,0.007317073170731708,0.15846584363893756
