file,nrBest,proportionBest,entropyNrActions
nr_476_id_18_08de968f9f9a5e24a83ed43165404656e08f9b6e_ExtForEachMigrationTest_GTSPOON.csv,1933,0.9429268292682926,0.36984116221676405
