file,nrBest,proportionBest,entropyNrActions
nr_249_id_25_085996724868deba9311ae898cdaab7969b3f849_EditShell_GTSPOON.csv,18,0.00878048780487805,3.717374843900817
