file,nrBest,proportionBest,entropyNrActions
nr_42_id_4_0024687802a969f35d342d1af024666cc20ca543_BoardView_GTSPOON.csv,1816,0.8858536585365854,0.6166548643280707
