file,nrBest,proportionBest,entropyNrActions
nr_260_id_10_0263db57e08274abedfba65730209783e3e63c34_ProfileMonitor_GTSPOON.csv,975,0.47560975609756095,2.253227790514785
