file,nrBest,proportionBest,entropyNrActions
nr_421_id_12_0492c969a1ca19209bd05879cf0ed4524da978ef_Defaults_GTSPOON.csv,1847,0.9009756097560976,0.5703449771165191
