file,nrBest,proportionBest,entropyNrActions
nr_603_id_4_0259e4d8be468bfe850fc87a21c4e76da9865606_ImageProcessor_GTSPOON.csv,1508,0.735609756097561,1.1557335004778877
