file,nrBest,proportionBest,entropyNrActions
nr_8_id_29_008981a6eeae4584e1a0ca133e975964e90dbc6b_StringsXML_GTSPOON.csv,1641,0.8004878048780488,1.0792933517022698
