file,nrBest,proportionBest,entropyNrActions
nr_240_id_10_023a909ac559ea304c25318b03325004ddad85f7_Lore_GTSPOON.csv,1737,0.8473170731707317,0.8043564425056554
