file,nrBest,proportionBest,entropyNrActions
nr_238_id_16_0474078eddb1bf10b52df8b66a126737c2fcc122_Rectangle_GTSPOON.csv,1170,0.5707317073170731,1.729402487325126
