file,nrBest,proportionBest,entropyNrActions
nr_342_id_11_04803ae879ce8762c2b59656a0b5c1614c18712f_SslValidatorDialog_GTSPOON.csv,592,0.288780487804878,2.725265235729734
