file,nrBest,proportionBest,entropyNrActions
nr_404_id_5_03629d5230813adfaeebfd97387edc0329ba3e53_PrintData_GTSPOON.csv,1307,0.6375609756097561,1.765009808646352
