file,nrBest,proportionBest,entropyNrActions
nr_117_id_2_0037e0865fe28235d2c1421724e13c97f0275b0d_DataAPI_GTSPOON.csv,735,0.35853658536585364,2.1837659350986582
