file,nrBest,proportionBest,entropyNrActions
nr_279_id_12_03118168241078f38bb89d1ae9908ab0bb4a7cc4_DrawAction_GTSPOON.csv,17,0.008292682926829269,2.867244253787801
