file,nrBest,proportionBest,entropyNrActions
nr_163_id_10_0168ca5a8b38e0cd11b36dcb28a2222cd9085888_BPELTestAbstract_GTSPOON.csv,194,0.09463414634146342,3.048771169187168
