file,nrBest,proportionBest,entropyNrActions
nr_375_id_21_09d272d142b48133a5b23bff9fa29007425b9224_JpaRoleImpl_GTSPOON.csv,87,0.042439024390243905,3.078502301093729
