file,nrBest,proportionBest,entropyNrActions
nr_259_id_25_089fa2664494aedc71b8d566bb20b918a65503a5_TomEEContainer_GTSPOON.csv,1098,0.535609756097561,1.908056260182054
