file,nrBest,proportionBest,entropyNrActions
nr_566_id_5_04b37f577f7207e3980269df5687addeece7e37c_Plugin_GTSPOON.csv,106,0.05170731707317073,1.1624995091966273
