file,nrBest,proportionBest,entropyNrActions
nr_65_id_3_00784ed19016b616857f70525e4d737227a84577_Nexus2178ErrorReportingConfigRest_GTSPOON.csv,1610,0.7853658536585366,0.7593684962607078
