file,nrBest,proportionBest,entropyNrActions
nr_473_id_26_0fb29b0ae2dcc51af59300c96cd11a4d18020787_JumpToPanel_GTSPOON.csv,1175,0.573170731707317,1.9847887084330544
