file,nrBest,proportionBest,entropyNrActions
nr_215_id_22_05508f8d4cd215b3120495995caba2a1de5cc564_GPEBTWTweak_GTSPOON.csv,25,0.012195121951219513,2.912796773525775
