file,nrBest,proportionBest,entropyNrActions
nr_603_id_6_03b5416a35ad78773fb0a97a98686fec18c0c05e_Repository_GTSPOON.csv,143,0.06975609756097562,2.787194083143798
