file,nrBest,proportionBest,entropyNrActions
nr_443_id_15_083ce0a69128ca6d1528de488467423bf0880234_Throwable_GTSPOON.csv,1817,0.8863414634146342,0.6396664618040395
