file,nrBest,proportionBest,entropyNrActions
nr_76_id_33_09ece51569c6951809d2a8eed949aec25158a486_CSMicroarray_GTSPOON.csv,110,0.05365853658536585,2.5992183267329794
