file,nrBest,proportionBest,entropyNrActions
nr_131_id_24_03e2a12f2f03685a061486cffc5492fbd5b592b7_KillCommand_GTSPOON.csv,2027,0.988780487804878,0.07351558643472868
