file,nrBest,proportionBest,entropyNrActions
nr_358_id_13_051f73c19bdd1b776132e176d92333cacd976700_CollectionAccessFormatter_GTSPOON.csv,1529,0.7458536585365854,1.4388275721271007
