file,nrBest,proportionBest,entropyNrActions
nr_118_id_19_02e185e530c8deebe6768c238edd6ab9fd94e5be_Module_GTSPOON.csv,1462,0.713170731707317,1.0811889982834064
