file,nrBest,proportionBest,entropyNrActions
nr_480_id_32_2a9868f42896828dcceafeab496515dd756289b6_Instantiator_GTSPOON.csv,7,0.0034146341463414634,2.712612242652377
