file,nrBest,proportionBest,entropyNrActions
nr_408_id_18_07aec909664e82f4616f9dab8e2d16179366dea6_BaseResource_GTSPOON.csv,1409,0.6873170731707318,1.366297859080975
