file,nrBest,proportionBest,entropyNrActions
nr_262_id_16_04d2826c935b3d9173ee28e03dba0bc5fca6f005_FragmentPart_GTSPOON.csv,2013,0.9819512195121951,0.1314456338208512
