file,nrBest,proportionBest,entropyNrActions
nr_63_id_33_08ef6bbbdb88834f82b737721594a040072b1336_ComposeMessageActivity_GTSPOON.csv,152,0.07414634146341463,2.8850990129638037
