file,nrBest,proportionBest,entropyNrActions
nr_246_id_21_065c47975291072586395f72904be0d3101334a8_WSFederationMetaSecurityUtils_GTSPOON.csv,867,0.42292682926829267,2.2961076883794154
