file,nrBest,proportionBest,entropyNrActions
nr_211_id_15_03f7fd388b51062b92099f0bef03c4f2d158d867_FIXMessageAugmentor_41_GTSPOON.csv,1907,0.9302439024390244,0.43315270574718445
