file,nrBest,proportionBest,entropyNrActions
nr_531_id_13_08201817c03ba3d7cdbc717d8097607ce1d1ab3a_ImageCurves_GTSPOON.csv,96,0.04682926829268293,2.413915698684624
