file,nrBest,proportionBest,entropyNrActions
nr_243_id_33_1e748a86f3e2370f85246398b288ea8d1426c3d7_PathParamITest_GTSPOON.csv,1484,0.7239024390243902,1.2183786067939764
