file,nrBest,proportionBest,entropyNrActions
nr_299_id_26_0a746bac81955ceb6306bf75298722755a4c7858_MainActivity_GTSPOON.csv,165,0.08048780487804878,2.805104045455397
