file,nrBest,proportionBest,entropyNrActions
nr_229_id_10_0222ec9deed9d2fd06a07dfc1a6203086e9165f5_UnitAdminTests_GTSPOON.csv,1806,0.8809756097560976,0.5956088158966683
