file,nrBest,proportionBest,entropyNrActions
nr_522_id_35_648eba978373968927f1b64b59a1b6e4a478af9d_XpPylons_GTSPOON.csv,119,0.05804878048780488,2.829163528648992
