file,nrBest,proportionBest,entropyNrActions
nr_369_id_31_19c25a64a5218028b7ef7e07294af706b329c867_BpelEngineImpl_GTSPOON.csv,5,0.0024390243902439024,1.5517208752525067
