file,nrBest,proportionBest,entropyNrActions
nr_475_id_2_00fa19514bc0ade934641eebdbcee62a27993fa6_TypeUtil_GTSPOON.csv,1550,0.7560975609756098,1.0000015828704192
