file,nrBest,proportionBest,entropyNrActions
nr_173_id_23_056d8ea19f86530caa5c032c5e5a854207a3f98b_StructureEdit_GTSPOON.csv,805,0.3926829268292683,2.219663719150893
