file,nrBest,proportionBest,entropyNrActions
nr_3_id_11_0002398b0d0990edd82593c317c7f51dc483ffe9_X10IdentityMapper_GTSPOON.csv,1206,0.5882926829268292,1.7678686382794908
