file,nrBest,proportionBest,entropyNrActions
nr_193_id_14_02ac28d1c67735f6cda053c8799af2fd414ca888_IfConstruct_GTSPOON.csv,2020,0.9853658536585366,0.10585084905863128
