file,nrBest,proportionBest,entropyNrActions
nr_522_id_32_2dcea14aec4b06f07c1e021f290f49c622d1ddbd_Level2PDF_GTSPOON.csv,163,0.07951219512195122,2.747047476713708
