file,nrBest,proportionBest,entropyNrActions
nr_364_id_1_04318fd0e6b6e2a02e94116345755d46f9e1f8bd_SVOutlinePage_GTSPOON.csv,357,0.17414634146341462,2.4213324357122836
