file,nrBest,proportionBest,entropyNrActions
nr_226_id_11_02f0a9d0f1ac52d00134c0558269da2389d53eb8_DistributedLock_GTSPOON.csv,1525,0.7439024390243902,1.2319886196764775
