file,nrBest,proportionBest,entropyNrActions
nr_121_id_29_06e2f619696a0810ca109ee633adb05a20274a9f_UUIDConverterTests_GTSPOON.csv,1712,0.8351219512195122,0.7133295589128382
