file,nrBest,proportionBest,entropyNrActions
nr_168_id_9_0219b6c1e3829eaf9fcf61fdb3120ef175b3a631_RedisSession_GTSPOON.csv,1933,0.9429268292682926,0.3867453285013059
