file,nrBest,proportionBest,entropyNrActions
nr_374_id_24_0b72b00774b44701ebeeb9e1278f6508aab60e85_FlumeMaster_GTSPOON.csv,821,0.4004878048780488,2.225365849254329
