file,nrBest,proportionBest,entropyNrActions
nr_464_id_5_03cf2627d6eadd1c836e572d44a0d2a1a253e68b_XMLAdapter_GTSPOON.csv,131,0.06390243902439025,2.4687931866122645
