file,nrBest,proportionBest,entropyNrActions
nr_107_id_28_04ef048cc34136b31ac2652b22f0da050dd112b7_ObjectTest_GTSPOON.csv,756,0.36878048780487804,2.0357461680510545
