file,nrBest,proportionBest,entropyNrActions
nr_584_id_36_93ec07b413e0e12e499cb1f71f2b1d6f9c4e8b74_FindbugsMetrics_GTSPOON.csv,1020,0.4975609756097561,1.9578652690125466
