file,nrBest,proportionBest,entropyNrActions
nr_80_id_16_018dcd345c61fc1a87ef6f66059052c3d1c471d8_BlockChainTest_GTSPOON.csv,988,0.4819512195121951,2.0381991357977265
