file,nrBest,proportionBest,entropyNrActions
nr_483_id_9_058930869c91752d3572932e965a9e2f11162a8a_ArtifactTypeMapping_GTSPOON.csv,1847,0.9009756097560976,0.5321099346658502
