file,nrBest,proportionBest,entropyNrActions
nr_261_id_33_21015c435b6af5c11ca10961ad484d5eb501984b_StorageProxy_GTSPOON.csv,113,0.055121951219512196,3.5670902306983443
