file,nrBest,proportionBest,entropyNrActions
nr_170_id_11_022d3d37a6a499878f89f350f805b5610edfd23e_RunToolAction_GTSPOON.csv,1933,0.9429268292682926,0.3669576221851184
