file,nrBest,proportionBest,entropyNrActions
nr_171_id_11_022d6d7e809fcd47ebc751deaea84e2d3639069a_ModePicker_GTSPOON.csv,1,0.0004878048780487805,2.006780399887994
