file,nrBest,proportionBest,entropyNrActions
nr_384_id_20_0778ac4a4ee4f65f34646b4be979351170a7306e_PyInstance_GTSPOON.csv,440,0.2146341463414634,2.496363524610413
