file,nrBest,proportionBest,entropyNrActions
nr_120_id_27_0530321b5c5758a88623b577446318301fab55ae_PerformanceTestHelper_GTSPOON.csv,106,0.05170731707317073,2.0171814257372596
