file,nrBest,proportionBest,entropyNrActions
nr_475_id_26_0fbc9d4052c3342c31983b59aca940a290b1b3dd_MockVoltDB_GTSPOON.csv,1000,0.4878048780487805,2.0085025346431187
