file,nrBest,proportionBest,entropyNrActions
nr_372_id_37_a87a262fc59be659043ea3a93a881d7d6c858c53_AjaxBehavior_GTSPOON.csv,1749,0.853170731707317,0.7335524306665445
