file,nrBest,proportionBest,entropyNrActions
nr_47_id_4_0027f52c7cc4d974b3d65c7e2823f1e671929dc3_DeliveriesAction_GTSPOON.csv,112,0.054634146341463415,3.6432448929860755
