file,nrBest,proportionBest,entropyNrActions
nr_305_id_18_06120c38f9c8194225460ffb37921f9a079765b4_MapConfigKey_GTSPOON.csv,1600,0.7804878048780488,1.1135035710125967
