file,nrBest,proportionBest,entropyNrActions
nr_96_id_19_025f93f0aa12ea2d60a89700cc206a75242aa137_dump_rdf_GTSPOON.csv,161,0.07853658536585366,1.3597595291172944
