file,nrBest,proportionBest,entropyNrActions
nr_14_id_14_0040d2046737d5f6daa91b7bdf1e78f11daccb9c_Node_GTSPOON.csv,209,0.10195121951219512,2.478730938215799
