file,nrBest,proportionBest,entropyNrActions
nr_149_id_6_0108fb1410e7bf6ede0825991c4882e7b6a702bf_UnfreindlyItemList_GTSPOON.csv,1696,0.8273170731707317,0.8810125951899057
