file,nrBest,proportionBest,entropyNrActions
nr_492_id_1_0570782f6d79f013d9b6de3b67edf65d68a43476_ClusterSession_GTSPOON.csv,1547,0.7546341463414634,1.145716697843758
