file,nrBest,proportionBest,entropyNrActions
nr_38_id_21_015e95c95a44156edf5d62ac784f27b36b6a7bc1_AnalyzerGuru_GTSPOON.csv,1282,0.6253658536585366,1.6047703501939448
