file,nrBest,proportionBest,entropyNrActions
nr_15_id_39_1808544b91f24607a214e820de9d3d0c159a9cda_Invoke_GTSPOON.csv,54,0.026341463414634145,1.7289391224551838
