file,nrBest,proportionBest,entropyNrActions
nr_322_id_20_0641b03ab8bacd928498faf38c093b38c13b896a_GroupDao_GTSPOON.csv,1109,0.5409756097560976,1.816443425402558
