file,nrBest,proportionBest,entropyNrActions
nr_156_id_16_031821f3382e956597f68d4158ffe5b18efdb3c0_ReverseGeocoder_GTSPOON.csv,993,0.484390243902439,1.7431314005751688
