file,nrBest,proportionBest,entropyNrActions
nr_694_id_3_04c392326682e4c179b39977d6a58aee51415c28_SIPCommPopupMenuUI_GTSPOON.csv,2007,0.9790243902439024,0.1328374224056386
