file,nrBest,proportionBest,entropyNrActions
nr_231_id_14_036560dc7bc431339c4e308691c53846dafdd403_Room_GTSPOON.csv,399,0.19463414634146342,0.8280508940472199
