file,nrBest,proportionBest,entropyNrActions
nr_225_id_12_0276f2cfcb7a077dbfd8b6f5db17d747a1a647bd_BoxADT_GTSPOON.csv,819,0.39951219512195124,2.100432394358191
