file,nrBest,proportionBest,entropyNrActions
nr_612_id_1_06dcc2b4a2c6c49887dba5b6b4e52dd80a6c28d9_Redeemer_GTSPOON.csv,1173,0.5721951219512195,2.0172482945980152
