file,nrBest,proportionBest,entropyNrActions
nr_403_id_24_0c2f4f311d59a0dc53b2e074f5e583b640566956_Mesh_GTSPOON.csv,1484,0.7239024390243902,1.2116142311515135
