file,nrBest,proportionBest,entropyNrActions
nr_272_id_22_070294e41a2f753e435380aae7a557c6bb20fa0b_ReceiveThread_GTSPOON.csv,1309,0.6385365853658537,1.7282320528917439
