file,nrBest,proportionBest,entropyNrActions
nr_515_id_3_03535f4a4ec27a68d93ffbd7679031d4d3543208_EntityManager_GTSPOON.csv,316,0.15414634146341463,1.8004474972163984
