file,nrBest,proportionBest,entropyNrActions
nr_431_id_29_18fd8c389ef42fb1210aa356f72423c51eb79328_UnitTestSuite_GTSPOON.csv,2006,0.9785365853658536,0.13593732806460565
