file,nrBest,proportionBest,entropyNrActions
nr_200_id_32_12180bc0fd9135c593114b15c92d749995d83e7a_FIXMessageHistory_GTSPOON.csv,1757,0.8570731707317073,0.7385603616874236
