file,nrBest,proportionBest,entropyNrActions
nr_796_id_2_01b1b771d10de79026b882778619d7da40168054_ModuleFileMerger_GTSPOON.csv,1013,0.49414634146341463,1.9920881738488396
