file,nrBest,proportionBest,entropyNrActions
nr_427_id_8_038cf9f59ff02596151e2ed9f04c247258824985_InGameInputHandler_GTSPOON.csv,156,0.07609756097560975,2.6990177202831194
