file,nrBest,proportionBest,entropyNrActions
nr_28_id_20_0071661b5ee4e7ba8862339c290c77eda3534768_EventService_GTSPOON.csv,1284,0.6263414634146341,1.6148383532628858
