file,nrBest,proportionBest,entropyNrActions
nr_275_id_20_053776137ba227a1e4a1b5154817ffc86173b645_PDFSitesFactsheet_GTSPOON.csv,28,0.013658536585365854,3.112712953743723
