file,nrBest,proportionBest,entropyNrActions
nr_4_id_26_002a80b8efab713a240d2f84901ce9fd41d5db63_RollingBall_GTSPOON.csv,2025,0.9878048780487805,0.08618950110034715
