file,nrBest,proportionBest,entropyNrActions
nr_514_id_10_04ef14973abe2703aa1464dc7063cd0feaae992a_DeathListener_GTSPOON.csv,1716,0.8370731707317073,0.7264657306817177
