file,nrBest,proportionBest,entropyNrActions
nr_232_id_28_0a22d7b88994d8f64340baeb69e344168a400229_SchemaCreator_GTSPOON.csv,1266,0.6175609756097561,1.5038948934326595
