file,nrBest,proportionBest,entropyNrActions
nr_593_id_5_050008a806ae0f860ff72d197d59dea316dcdbe7_Path_GTSPOON.csv,1938,0.9453658536585365,0.3494827225047848
