file,nrBest,proportionBest,entropyNrActions
nr_319_id_21_084cd447084cfcdc3806c18381bfd646d06f26e8_XMLReader_GTSPOON.csv,1842,0.8985365853658537,0.5942254969577625
