file,nrBest,proportionBest,entropyNrActions
nr_484_id_17_09c8cd64e53b4ad51a919d47a0e39b2d5517083e_LogDef_GTSPOON.csv,1843,0.8990243902439025,0.5816382322265344
