file,nrBest,proportionBest,entropyNrActions
nr_156_id_18_030969669aa1dde711f9bc868629db2175209af9_DummyEntry_GTSPOON.csv,2,0.000975609756097561,1.182753689695323
