file,nrBest,proportionBest,entropyNrActions
nr_493_id_5_040a86c917be4943cbce0357b251e1463b3b758d_UpdateSourcesMojo_GTSPOON.csv,1238,0.6039024390243902,1.546352908542706
