file,nrBest,proportionBest,entropyNrActions
nr_478_id_9_057daba02d989652bf363b9eca0e6132e4e34d43_Enemy_GTSPOON.csv,1741,0.8492682926829268,0.6850312705855068
