file,nrBest,proportionBest,entropyNrActions
nr_141_id_20_02e29598a16613c93706a8bf184953fe1c9053eb_PMS_GTSPOON.csv,149,0.07268292682926829,2.7312817410952963
