file,nrBest,proportionBest,entropyNrActions
nr_319_id_35_3bd3ec5be4b3022608fb2b8600e3d1e3710e2329_DatatablesUtils_GTSPOON.csv,870,0.424390243902439,2.4304148838156245
