file,nrBest,proportionBest,entropyNrActions
nr_144_id_15_02c9ce3ca796592e45b04f3a42c8922b38ea2305_ConfigurationImpl_GTSPOON.csv,40,0.01951219512195122,2.641643230069941
