file,nrBest,proportionBest,entropyNrActions
nr_250_id_23_083c987a00272741d739b6389bee812507edd912_story1_GTSPOON.csv,269,0.13121951219512196,2.398222926714939
