file,nrBest,proportionBest,entropyNrActions
nr_624_id_6_03de2636d3694a0b37c3001965b668bb2a4235bd_TableBody_GTSPOON.csv,1337,0.6521951219512195,1.6226359767314251
