file,nrBest,proportionBest,entropyNrActions
nr_339_id_37_96ad4cd5d97d6196d41f644369811fc4a5e0a3e5_dashActivity_GTSPOON.csv,1754,0.855609756097561,0.7029133609514814
