file,nrBest,proportionBest,entropyNrActions
nr_15_id_32_01687ffe9c61d982a78cfb66fb07476c390e3886_PDOStatement_GTSPOON.csv,185,0.09024390243902439,3.063960339067029
