file,nrBest,proportionBest,entropyNrActions
nr_295_id_34_294c4cc944b3d61a24138c838f9490a1ad1b502e_GMLParserTest_GTSPOON.csv,1393,0.6795121951219513,1.257004107289785
