file,nrBest,proportionBest,entropyNrActions
nr_484_id_26_1046192d8b47f1dd64ff1a3c3033dc817b0bc975_CheckoutServiceImpl_GTSPOON.csv,1719,0.8385365853658536,0.6933166261130767
