file,nrBest,proportionBest,entropyNrActions
nr_111_id_28_04ffa9374293b5edd69f4f560b02f512a8fa9442_CaptureActivity_GTSPOON.csv,482,0.23512195121951218,2.8808826702286954
