file,nrBest,proportionBest,entropyNrActions
nr_618_id_5_052ce1dfc48211a8f759e65324e64ed24bac1364_CLI_GTSPOON.csv,1939,0.9458536585365853,0.34039503040273617
