file,nrBest,proportionBest,entropyNrActions
nr_528_id_28_17cca1fb88f08867a5dd89055cd2298471b9b193_AbstractID3v2Tag_GTSPOON.csv,124,0.06048780487804878,3.296712819945449
