file,nrBest,proportionBest,entropyNrActions
nr_166_id_17_034d4e67367610ce29b15c3343695da0e4f5abfc_TileAnimationTablet_GTSPOON.csv,200,0.0975609756097561,2.7229851421695326
