file,nrBest,proportionBest,entropyNrActions
nr_123_id_35_19d04a72b6f1c4efe9e983bc731d31145c78e4f5_SystemIDResolver_GTSPOON.csv,1818,0.8868292682926829,0.39344571469720324
