file,nrBest,proportionBest,entropyNrActions
nr_394_id_17_07c215ddcb9b04f2198317c3b613052ad5ced345_ThriftClient_GTSPOON.csv,960,0.4682926829268293,2.104077290664606
