file,nrBest,proportionBest,entropyNrActions
nr_273_id_5_023a7bd7d622a3bf9d5c9706fabd9221eef08456_MasterGui_GTSPOON.csv,1936,0.944390243902439,0.3383790061724409
