file,nrBest,proportionBest,entropyNrActions
nr_159_id_33_135de8d9c672236ac707593f6164ea0af8b6a618_AbstractTypeAwareCheck_GTSPOON.csv,1181,0.5760975609756097,1.7632596643828897
