file,nrBest,proportionBest,entropyNrActions
nr_66_id_24_01f6d988877535a80a5b719e87f124916894b76c_TypeDeclaration_GTSPOON.csv,10,0.004878048780487805,0.446791916348725
