file,nrBest,proportionBest,entropyNrActions
nr_660_id_5_058bfcfa8aaf8183770eb095672973274f312487_LTLFormulaVisitor_GTSPOON.csv,800,0.3902439024390244,2.132377586407241
