file,nrBest,proportionBest,entropyNrActions
nr_436_id_24_0d37b5d304771376abfa0ccddb16505fbb860be3_PowerFilter_GTSPOON.csv,846,0.41268292682926827,2.0281834488404917
