file,nrBest,proportionBest,entropyNrActions
nr_114_id_38_4da89032055e36b129632a085feeff86bae11d78_AdminServlet_GTSPOON.csv,345,0.16829268292682928,2.593495667073878
