file,nrBest,proportionBest,entropyNrActions
nr_17_id_18_0037a194522b63be9c2b503108f0bbabc2919f88_SopInform_GTSPOON.csv,2006,0.9785365853658536,0.13471683434865886
