file,nrBest,proportionBest,entropyNrActions
nr_308_id_12_03571a7e645f7a123fe1a4fa1ab822d9c7c088b4_PublisherUtil_GTSPOON.csv,2024,0.9873170731707317,0.09297271277379592
