file,nrBest,proportionBest,entropyNrActions
nr_460_id_34_3f218cfbbb47b4744a5c6856380da8affd3616a7_MainActivity_GTSPOON.csv,19,0.009268292682926829,1.552889162310289
