file,nrBest,proportionBest,entropyNrActions
nr_441_id_20_087f1e05066e34d80f41213646c975b324c651ce_JiraIssuePlugin_GTSPOON.csv,1627,0.7936585365853659,1.0484830562407486
