file,nrBest,proportionBest,entropyNrActions
nr_108_id_17_020443ecebb95f44db0f63e2fa26a525f1ac66b8_FinalFrame_GTSPOON.csv,1573,0.7673170731707317,1.1135409882880554
