file,nrBest,proportionBest,entropyNrActions
nr_49_id_39_4a6f69aaf5f6cb01ad11de9b0fd55f1ac0c43003_Utils_GTSPOON.csv,1029,0.5019512195121951,1.6335231470822094
