file,nrBest,proportionBest,entropyNrActions
nr_755_id_2_019c8de3a8f2e88d849a372abd2c2785dbc6be86_Main_GTSPOON.csv,1392,0.6790243902439025,1.3736526298713818
