file,nrBest,proportionBest,entropyNrActions
nr_157_id_21_042f82ab5b9b0ff34cf10a5f180c92d22c03ca10_DocumentTest_GTSPOON.csv,1800,0.8780487804878049,0.4814083906412965
