file,nrBest,proportionBest,entropyNrActions
nr_655_id_6_0409826f2c832c12c7bb9611303b5b2a774e0487_UITableCellView_GTSPOON.csv,1443,0.7039024390243902,1.304978877764326
