file,nrBest,proportionBest,entropyNrActions
nr_169_id_16_0340923612b9cc0e4eb57a1c4ba846f2a424fbdc_LogoutAction_GTSPOON.csv,2000,0.975609756097561,0.15964383660640874
