file,nrBest,proportionBest,entropyNrActions
nr_240_id_8_0202f30e384cd4e87c1a003ff2776b68444a3052_EngineEmitterServices_GTSPOON.csv,1921,0.9370731707317074,0.3934777237727176
