file,nrBest,proportionBest,entropyNrActions
nr_56_id_19_0149936b5f1fa270c33891281df1153623d0565c_WaiterAgent_GTSPOON.csv,725,0.35365853658536583,2.1655702494988516
