file,nrBest,proportionBest,entropyNrActions
nr_478_id_25_10fe350c74a7c2268c3b9dac5e7fc2845e1231fe_SAMLUtil_GTSPOON.csv,645,0.3146341463414634,1.919070199116649
