file,nrBest,proportionBest,entropyNrActions
nr_307_id_25_0a3630e7b6ef71edb28927044fd00c60f45e4f2e_PTPException_GTSPOON.csv,1600,0.7804878048780488,0.8744551261137719
