file,nrBest,proportionBest,entropyNrActions
nr_148_id_17_02e3e236d34217eaf71342ec440fe5bacaa73840_CachedManifest_GTSPOON.csv,1638,0.7990243902439025,1.0197895177553733
