file,nrBest,proportionBest,entropyNrActions
nr_513_id_5_0431a1c0f73869d7bbd3cd137a26516c945c2623_FormEntry_GTSPOON.csv,145,0.07073170731707316,3.2187252127679455
