file,nrBest,proportionBest,entropyNrActions
nr_351_id_14_0529d383361fcd5b8b254978f0752d45d4519c28_TCPMessageChannel_GTSPOON.csv,524,0.255609756097561,2.8843291605325985
