file,nrBest,proportionBest,entropyNrActions
nr_105_id_18_01e54f306673397692fe8fa73342b44881e965f9_FayeClient_GTSPOON.csv,1293,0.6307317073170732,1.901395239695412
