file,nrBest,proportionBest,entropyNrActions
nr_49_id_11_0086568793573daba5e03d843e1505ac4a829c65_DebugStatusLineElement_GTSPOON.csv,1165,0.5682926829268292,1.8700131758087872
