file,nrBest,proportionBest,entropyNrActions
nr_355_id_32_1f6e6dc75c77b1f60629f6eef7397b77eccdbc34_Dialog_GTSPOON.csv,960,0.4682926829268293,2.0747176484289778
