file,nrBest,proportionBest,entropyNrActions
nr_263_id_28_0b80b7ae9236615b408051a4c128426832d8fbc2_PropertiesManager_GTSPOON.csv,1714,0.8360975609756097,0.7622455486670133
