file,nrBest,proportionBest,entropyNrActions
nr_40_id_6_004b03dbb1a0a7e27e29f7006968778814ac618e_QueuePooler_GTSPOON.csv,2028,0.9892682926829268,0.08089021588254584
