file,nrBest,proportionBest,entropyNrActions
nr_342_id_7_038800a8d857139b2015e1676e5db455f8fc0f81_PasteDialog_GTSPOON.csv,1167,0.5692682926829268,1.8063674684551105
