file,nrBest,proportionBest,entropyNrActions
nr_231_id_25_0780f6e18b6d061632890630ac2fa1da6fdf9322_JXListIssues_GTSPOON.csv,1939,0.9458536585365853,0.31670604900331467
