file,nrBest,proportionBest,entropyNrActions
nr_276_id_28_0c39284106d29e8852197d163dcc95c01da29f0d_NfcService_GTSPOON.csv,209,0.10195121951219512,2.7858116837686846
