file,nrBest,proportionBest,entropyNrActions
nr_384_id_11_054771fe504d204ec66b97f627c1bf403fb0571f_Ssh_GTSPOON.csv,1440,0.7024390243902439,1.3207198865466838
