file,nrBest,proportionBest,entropyNrActions
nr_425_id_17_08946a268170625f6ba19cb037032f1fa9905614_TagsTest_GTSPOON.csv,1843,0.8990243902439025,0.5461268211145525
