file,nrBest,proportionBest,entropyNrActions
nr_57_id_14_00c94183f8a7016df27637f7262b8ff324eed7c3_EditEvent_GTSPOON.csv,118,0.0575609756097561,3.0574970063871616
