file,nrBest,proportionBest,entropyNrActions
nr_243_id_3_01a4d8df8312a1c020f45b8df3e57ee3248669ee_Block_GTSPOON.csv,152,0.07414634146341463,2.9856881493082117
