file,nrBest,proportionBest,entropyNrActions
nr_252_id_11_03541fc8b65f3d9b5689a2afb5a607113d529640_Loader_GTSPOON.csv,93,0.045365853658536584,2.155872063627446
