file,nrBest,proportionBest,entropyNrActions
nr_310_id_27_0d772b9aa77e425f704b743fc141cf408db48bf6_LR0_GTSPOON.csv,57,0.027804878048780488,3.3901675107076517
