file,nrBest,proportionBest,entropyNrActions
nr_95_id_13_01685cbd219ae6513b85e5991d7e3af04d67bb56_StaticFuncs_GTSPOON.csv,1036,0.5053658536585366,2.109678161761374
