file,nrBest,proportionBest,entropyNrActions
nr_300_id_26_0a76cfd3b07832ee2f59a1cb91d51dac0558c309_FormScreen_GTSPOON.csv,5,0.0024390243902439024,3.9069862223423963
