file,nrBest,proportionBest,entropyNrActions
nr_330_id_31_170413120db18790896b5cb8d43e6bc23c9976ee_AddWordFragment_GTSPOON.csv,540,0.2634146341463415,3.0750234473862887
