file,nrBest,proportionBest,entropyNrActions
nr_310_id_12_03599bd0834b322cb9eec8f0f3299025ab1fe190_HomePageController_GTSPOON.csv,1914,0.9336585365853659,0.4083339548798298
