file,nrBest,proportionBest,entropyNrActions
nr_296_id_27_0d0441891fcd895fc66ab227f3e4a80cda3f477b_HStoreConf_GTSPOON.csv,38,0.018536585365853658,2.7710146204485095
