file,nrBest,proportionBest,entropyNrActions
nr_466_id_28_149a4e8f030f1f1485fd826a43af17a3a13c7fd0_Reviewer_GTSPOON.csv,174,0.08487804878048781,2.5965773464703745
