file,nrBest,proportionBest,entropyNrActions
nr_216_id_25_07154d1d9bcb380287e55b2bd5161e318b90df6b_Message_GTSPOON.csv,140,0.06829268292682927,2.9055131231045204
