file,nrBest,proportionBest,entropyNrActions
nr_14_id_1_00223414b97e1c740211a5d2c2197b197593e783_ListOption_GTSPOON.csv,1729,0.8434146341463414,0.8384645909397893
