file,nrBest,proportionBest,entropyNrActions
nr_460_id_28_14722f8627134b7ae804e84bebf5697ea5a3df39_FrameTranslator_GTSPOON.csv,1733,0.8453658536585366,0.863222800349671
