file,nrBest,proportionBest,entropyNrActions
nr_515_id_26_119f384a1fc2b42831c9c967d1ac8ef84c7089c2_StaticResource_GTSPOON.csv,1802,0.8790243902439024,0.6333531860788381
