file,nrBest,proportionBest,entropyNrActions
nr_543_id_2_0123b6775961dc0a1a58778ee902c7424ecf9fca_MainActivity_GTSPOON.csv,2007,0.9790243902439024,0.13661034609116854
