file,nrBest,proportionBest,entropyNrActions
nr_206_id_11_029b73ef10eaf2c9bf1ba397a26bc12218a34080_Controleur_GTSPOON.csv,167,0.08146341463414634,2.991167970793325
