file,nrBest,proportionBest,entropyNrActions
nr_382_id_21_09ff280e9a540b6105878cde8c00b9bf84dd180e_PhpTest_GTSPOON.csv,567,0.27658536585365856,1.3591282463494032
