file,nrBest,proportionBest,entropyNrActions
nr_421_id_19_0a011175a7210b1a2b8644bdfc066dd118259a04_AbstractFileRegionTest_GTSPOON.csv,1734,0.8458536585365853,0.8646267712008895
