file,nrBest,proportionBest,entropyNrActions
nr_108_id_20_023fb6fb1ed0e51017b8e948ac6426d0746d9a7f_Xtend2ValidationTest_GTSPOON.csv,1120,0.5463414634146342,1.6366308454725125
