file,nrBest,proportionBest,entropyNrActions
nr_171_id_26_0692ff36a27672a716959d83c5ea83511ad2a952_NutzSetUp_GTSPOON.csv,1828,0.8917073170731707,0.6235424578092761
