file,nrBest,proportionBest,entropyNrActions
nr_69_id_17_013278a3a8f8e4e8cdb483f6f7ef370d2c7e35e7_PlayerMessages_GTSPOON.csv,171,0.08341463414634147,2.6435526632209343
