file,nrBest,proportionBest,entropyNrActions
nr_191_id_11_0263a350064f554b6986795d54d9233f2377a59e_cgBase_GTSPOON.csv,5,0.0024390243902439024,3.415059561592318
