file,nrBest,proportionBest,entropyNrActions
nr_516_id_25_126b6272319a465ee66b15d348cd0a0a09743c1f_RegionEdit_GTSPOON.csv,134,0.06536585365853659,1.3720870841587245
