file,nrBest,proportionBest,entropyNrActions
nr_27_id_13_008717fb0394384e0ba238492f689be262095e55_LinkJLabel_GTSPOON.csv,1847,0.9009756097560976,0.5505907080552793
