file,nrBest,proportionBest,entropyNrActions
nr_408_id_29_179edbd2b9ba35f1f38a96a9556f68368e686712_TreeContactList_GTSPOON.csv,209,0.10195121951219512,2.5083630011496116
