file,nrBest,proportionBest,entropyNrActions
nr_427_id_7_04817a4a780c203615be5289a9106692aff8fed6_ModuleManagerTest_GTSPOON.csv,1070,0.5219512195121951,1.8505012458236478
