file,nrBest,proportionBest,entropyNrActions
nr_71_id_20_01567a3747ca1002ebda99a4789a45915798847b_MozillaJSTest_GTSPOON.csv,1560,0.7609756097560976,1.1747651104404042
