file,nrBest,proportionBest,entropyNrActions
nr_329_id_34_2de41c31601377c14a3c1c0cbc78cb44b48a604c_CompilePiqlMojo_GTSPOON.csv,80,0.03902439024390244,1.3632768899823033
