file,nrBest,proportionBest,entropyNrActions
nr_617_id_4_0261346906ca82039d4ccb06186d5705ccc92cb7_DicomUtil_GTSPOON.csv,1367,0.666829268292683,1.4252314059840692
