file,nrBest,proportionBest,entropyNrActions
nr_149_id_31_0a9e2980320e4086a8a6f5f7d1e9d4a578ce9ef5_GetPeople_GTSPOON.csv,20,0.00975609756097561,1.4662120764776738
