file,nrBest,proportionBest,entropyNrActions
nr_146_id_24_04650b667f16c27f1ba2b198a0c4769c859a4684_PlayerTest_GTSPOON.csv,1374,0.6702439024390244,1.4846403114610152
