file,nrBest,proportionBest,entropyNrActions
nr_194_id_28_0890d2f55d23fe58a5d7a4afe790fc3ba6300981_PlayerGui_GTSPOON.csv,928,0.4526829268292683,2.4416224719570314
