file,nrBest,proportionBest,entropyNrActions
nr_352_id_17_07094c8ceb51e6a85f2eee09e6886fb950dea4e3_Activator_GTSPOON.csv,1611,0.7858536585365854,0.7641929832270821
