file,nrBest,proportionBest,entropyNrActions
nr_398_id_32_2284c7786a729836b8cf1afbac008f357e784d4b_LexerTest_GTSPOON.csv,1393,0.6795121951219513,1.2547242358311934
