file,nrBest,proportionBest,entropyNrActions
nr_264_id_16_04d8af4f905277f02e417e60ff318778b1a94a17_NativeGlobal_GTSPOON.csv,196,0.09560975609756098,2.775354172509533
