file,nrBest,proportionBest,entropyNrActions
nr_334_id_16_062365dc983f7d7840016ad434e4f9d78835019d_NYOrleansCountyParser_GTSPOON.csv,1833,0.8941463414634147,0.6486603689214889
