file,nrBest,proportionBest,entropyNrActions
nr_7_id_27_005c280f7926d677dfa504d7961d5dc3bcc41635_AM71AgentProvider_GTSPOON.csv,727,0.3546341463414634,2.6508029028658315
