file,nrBest,proportionBest,entropyNrActions
nr_235_id_25_07ad70002758c5f763b76b5f5892f01c2b9d3ef1_BlackoutDatesResource_GTSPOON.csv,494,0.24097560975609755,1.4242494996039403
