file,nrBest,proportionBest,entropyNrActions
nr_284_id_16_0535b4f8b78824f0373d86c809b3d792218b4efb_RefUpdateTest_GTSPOON.csv,1372,0.6692682926829269,1.4025038857873564
