file,nrBest,proportionBest,entropyNrActions
nr_407_id_27_123e0b61202ec1cfd6632736954bd80d65d3f8b3_MySQLDictionary_GTSPOON.csv,620,0.3024390243902439,1.4931277117183217
