file,nrBest,proportionBest,entropyNrActions
nr_65_id_29_0418275336dcba136f01ab6b0b41a521985208bd_Database_GTSPOON.csv,1716,0.8370731707317073,0.725051355809152
