file,nrBest,proportionBest,entropyNrActions
nr_78_id_2_002545fac8c94df9cb35644b3394d0508607c86f_DirectoryLayout_GTSPOON.csv,1300,0.6341463414634146,1.552449803943559
