file,nrBest,proportionBest,entropyNrActions
nr_489_id_30_1d942f68718f3e1964803cec59bf0f60d4f1dfe8_Centipede_GTSPOON.csv,1816,0.8858536585365854,0.6110772214546011
