file,nrBest,proportionBest,entropyNrActions
nr_300_id_27_0d26c395978d90b379086ae2b7c5dec62f25395e_BufferedBlockCipher_GTSPOON.csv,95,0.046341463414634146,1.7101154570850992
