file,nrBest,proportionBest,entropyNrActions
nr_484_id_13_0720e122f90bbfe486f2efc3b82903641e0681e6_UnitAction_GTSPOON.csv,1678,0.8185365853658536,0.9673439760597838
