file,nrBest,proportionBest,entropyNrActions
nr_585_id_11_084f67df06cdf27f62c86d8559f877cd4f78883b_Accumulator_GTSPOON.csv,1914,0.9336585365853659,0.39529597576662523
