file,nrBest,proportionBest,entropyNrActions
nr_541_id_34_49f51283bc6bd0cdd060cee4713b8880f9338183_GameEntity_GTSPOON.csv,180,0.08780487804878048,2.5732877670268497
