file,nrBest,proportionBest,entropyNrActions
nr_371_id_12_03fac99902a5ef23433f559225478e50665976b1_VariantSupport_GTSPOON.csv,977,0.4765853658536585,2.0084962369129125
