file,nrBest,proportionBest,entropyNrActions
nr_173_id_29_09f336b0fdcee62c8d1693ca52f021736db225ac_SolidFill_GTSPOON.csv,148,0.0721951219512195,1.1516866589850414
