file,nrBest,proportionBest,entropyNrActions
nr_162_id_27_07464b371560ecd68127163ac41ff766b8daee7a_JOPHWarn_GTSPOON.csv,1249,0.6092682926829268,1.696802875500403
