file,nrBest,proportionBest,entropyNrActions
nr_425_id_37_c42b677b73ac3d925a4b83c2975fb90d379bffaa_floAuction_GTSPOON.csv,61,0.02975609756097561,3.2373509188695806
