file,nrBest,proportionBest,entropyNrActions
nr_541_id_1_060d8bfac58485397c43b67d26b7b48b8154db2f_ForbiddenSystemClass_GTSPOON.csv,1969,0.9604878048780487,0.21088900356862367
