file,nrBest,proportionBest,entropyNrActions
nr_325_id_4_0144eb4a02a292a70f153c210d4d8339b4fd5105_AbstractMavenWizardPage_GTSPOON.csv,1041,0.5078048780487805,1.4815215746905066
