file,nrBest,proportionBest,entropyNrActions
nr_436_id_16_07d8e350b5f157d1c2bd39534e14db5dfacee633_TUI_GTSPOON.csv,1132,0.5521951219512196,1.957168798220795
