file,nrBest,proportionBest,entropyNrActions
nr_274_id_30_1106589c2f6f34f86c48adb45712ad3e22db70f7_ResultSetAdapterTest_GTSPOON.csv,309,0.15073170731707317,1.7679565311407932
