file,nrBest,proportionBest,entropyNrActions
nr_133_id_19_03701adf1d4d10dc2b63082939b3c96a8c1dfad1_CustomDrawable_GTSPOON.csv,1925,0.9390243902439024,0.36242935246876123
