file,nrBest,proportionBest,entropyNrActions
nr_193_id_12_0220c0556abe57ca736fbf9c05cc0f8997fafc18_DynAnyImpl_GTSPOON.csv,1729,0.8434146341463414,0.815267662822501
