file,nrBest,proportionBest,entropyNrActions
nr_243_id_24_07b0a5352096fcf4a30302f172fa0a11b702ff52_PyList_GTSPOON.csv,100,0.04878048780487805,2.8256544096315026
