file,nrBest,proportionBest,entropyNrActions
nr_547_id_10_0554ba17db0d9f57c9d4d708f66d339232230572_WPService_GTSPOON.csv,1055,0.5146341463414634,1.8359845628938785
