file,nrBest,proportionBest,entropyNrActions
nr_50_id_36_0c7801a63c5002dcb869ed8d3d31c66a49953038_SendMain_GTSPOON.csv,10,0.004878048780487805,1.8524652014341747
