file,nrBest,proportionBest,entropyNrActions
nr_472_id_8_03e964bbaeae988919ed5711d4bd07610f888be0_EditEventView_GTSPOON.csv,168,0.08195121951219513,2.5406623891154236
