file,nrBest,proportionBest,entropyNrActions
nr_114_id_23_033a7718937cce70fc95a7a04cb91a52b8bc122b_ListWrapper_GTSPOON.csv,1413,0.6892682926829268,1.4793922087240965
