file,nrBest,proportionBest,entropyNrActions
nr_499_id_3_033ae14d4606055e28913083583792679b99e41f_Run_GTSPOON.csv,1900,0.926829268292683,0.4417445072532622
