file,nrBest,proportionBest,entropyNrActions
nr_176_id_10_017ef9d006c56ec83b096614cc36010f3684934b_DefaultRubyParser_GTSPOON.csv,80,0.03902439024390244,2.4531583618613304
