file,nrBest,proportionBest,entropyNrActions
nr_100_id_29_05ed4b80e3a4e0c54c0c847bd80677a384c247c7_FeatureEntry_GTSPOON.csv,55,0.026829268292682926,3.0367841169151744
