file,nrBest,proportionBest,entropyNrActions
nr_71_id_20_01567a3747ca1002ebda99a4789a45915798847b_MozillaJitTest_GTSPOON.csv,1565,0.7634146341463415,1.1801344819043058
