file,nrBest,proportionBest,entropyNrActions
nr_202_id_27_090f1017f3890881a486f9fb3a28d8de5ba7337b_MySpaceIMSession_GTSPOON.csv,1741,0.8492682926829268,0.7469440550717594
