file,nrBest,proportionBest,entropyNrActions
nr_449_id_32_26c9c761051ea2c0e3a5d3aa5e800666f349e33c_HtmlSelect_GTSPOON.csv,1424,0.6946341463414634,1.3690675341543845
