file,nrBest,proportionBest,entropyNrActions
nr_107_id_24_03473ed88c1e982191c72e21b253e54386cd72af_ImageFactory_GTSPOON.csv,1633,0.7965853658536586,0.9945382596578797
