file,nrBest,proportionBest,entropyNrActions
nr_525_id_37_e973f90af0664ff135593e6ab3d4b912aa1cd588_PolicyCommon_GTSPOON.csv,847,0.41317073170731705,1.5738901838285595
