file,nrBest,proportionBest,entropyNrActions
nr_359_id_12_03e60ea5f42c060729401014dabe3e4a846b4a90_JvmRouteBinderValve_GTSPOON.csv,40,0.01951219512195122,2.4384326980653874
