file,nrBest,proportionBest,entropyNrActions
nr_155_id_38_6b4fde6e5eda97df0ae3d837482ab47377c7a5a6_Prueba_GTSPOON.csv,2000,0.975609756097561,0.14609398117903963
