file,nrBest,proportionBest,entropyNrActions
nr_206_id_13_02ef48574ef7099ebaa0386bd6fd676bd2fd5489_PhotoPage_GTSPOON.csv,114,0.055609756097560976,2.9995921128543195
