file,nrBest,proportionBest,entropyNrActions
nr_163_id_17_03387f277027665f0c25ebc380d793b69ee6dd4b_AdminResources_GTSPOON.csv,276,0.13463414634146342,2.5357273097188577
