file,nrBest,proportionBest,entropyNrActions
nr_3_id_10_000368f1a8b575e627694b06068032f67720c189_UserBuilder_GTSPOON.csv,1787,0.8717073170731707,0.6416956670628529
