file,nrBest,proportionBest,entropyNrActions
nr_358_id_30_168eb77c014d4d679f961e5bcb605e2161388ff5_DOMParserTest_GTSPOON.csv,1939,0.9458536585365853,0.2973512069448271
