file,nrBest,proportionBest,entropyNrActions
nr_135_id_38_5bcd1a71a40f6d0bf1b8184c460c2d72e601be29_EnwidaUtils_GTSPOON.csv,1612,0.7863414634146342,1.049146531382136
