file,nrBest,proportionBest,entropyNrActions
nr_520_id_34_471ea53c77c4dd5e20a4b4955903979fc22d761a_NavigationDerbyUI_GTSPOON.csv,769,0.3751219512195122,1.0918116464157068
