file,nrBest,proportionBest,entropyNrActions
nr_58_id_18_00e1b7323c140c0093893253b55ad4df4dc688e9_ChestTrapListener_GTSPOON.csv,1757,0.8570731707317073,0.6419330818028318
