file,nrBest,proportionBest,entropyNrActions
nr_43_id_21_018217067c671061f803da1d8607856a8d58a286_ConfigureSalesForceApps_GTSPOON.csv,1808,0.8819512195121951,0.6317781841652033
