file,nrBest,proportionBest,entropyNrActions
nr_207_id_7_0246ad21cc7ad411f016b43f33e744a2f04b50ba_Sprite_GTSPOON.csv,27,0.013170731707317073,0.6673576519373156
