file,nrBest,proportionBest,entropyNrActions
nr_404_id_30_18cd8c2936a5543b2fe00f7237d36170c18e7707_ExtensionContainer_GTSPOON.csv,1938,0.9453658536585365,0.34553207165615285
