file,nrBest,proportionBest,entropyNrActions
nr_503_id_13_076d29f320543bb670a510954af219de19a9a6b6_Settings_GTSPOON.csv,155,0.07560975609756097,2.5613557123776647
