file,nrBest,proportionBest,entropyNrActions
nr_217_id_37_60607ec15f5233a9ffd5475165ed762d16dbbdb3_ParametersPanel_GTSPOON.csv,847,0.41317073170731705,1.9821042605077854
