file,nrBest,proportionBest,entropyNrActions
nr_736_id_2_01929c11f9777fad32f133023ab74b367ce5935f_TEMP_ITEMNAMES_GTSPOON.csv,1933,0.9429268292682926,0.3641173626485121
