file,nrBest,proportionBest,entropyNrActions
nr_461_id_21_0bbc0fa57d3c6494460007e831d1e746d1cf957c_OnEditorInteraction_GTSPOON.csv,2007,0.9790243902439024,0.13325842056044607
