file,nrBest,proportionBest,entropyNrActions
nr_442_id_15_083a7dd4f04612fb9590f7f28199710c263e54a9_ProjectBuildingException_GTSPOON.csv,1550,0.7560975609756098,1.1787818487007837
