file,nrBest,proportionBest,entropyNrActions
nr_341_id_2_00b3ccdc7ca739fb5098531635505e7924b2eb0b_S3IntegrationTest_GTSPOON.csv,1264,0.6165853658536585,1.612910608566665
