file,nrBest,proportionBest,entropyNrActions
nr_243_id_32_157ed6b92ea8982670b09d0d4b930497bc660836_PR34580_GTSPOON.csv,2000,0.975609756097561,0.1525879291793702
