file,nrBest,proportionBest,entropyNrActions
nr_189_id_7_020b415753961e7b7c72f91c16ea222f65ce79b6_AbstractJavaMainTab_GTSPOON.csv,644,0.31414634146341464,1.4255896043494758
