file,nrBest,proportionBest,entropyNrActions
nr_194_id_36_303dbc1f6e3d7ea6eb37409fcf04b3b73218116a_SOCBoard_GTSPOON.csv,152,0.07414634146341463,2.5851438005975256
