file,nrBest,proportionBest,entropyNrActions
nr_85_id_26_03235bd55650191b5f0169bcc378c9029623e29a_Tray_GTSPOON.csv,100,0.04878048780487805,2.891445101599951
