file,nrBest,proportionBest,entropyNrActions
nr_126_id_15_024dcd511aefac26b48afd584f36b49cb49c711a_BotCore_GTSPOON.csv,1624,0.7921951219512195,1.0110419069903147
