file,nrBest,proportionBest,entropyNrActions
nr_535_id_5_046bd853f7fb5507621f2dc449850c6e08294f89_DeliveryContext_GTSPOON.csv,750,0.36585365853658536,2.1346738339955342
