file,nrBest,proportionBest,entropyNrActions
nr_35_id_8_004918061a2bcafbfe4a8155e68bb369330abeb4_Pages_GTSPOON.csv,1825,0.8902439024390244,0.6843910533629928
