file,nrBest,proportionBest,entropyNrActions
nr_240_id_21_06361269a38edd093946d412f2004a7fd4c4deaf_TableLocation_GTSPOON.csv,5,0.0024390243902439024,1.0524640263310259
