file,nrBest,proportionBest,entropyNrActions
nr_495_id_25_11854e94583418c08453d04f00318d626ff0b7fc_Connection_GTSPOON.csv,1847,0.9009756097560976,0.5401424614169155
