file,nrBest,proportionBest,entropyNrActions
nr_50_id_19_0130eeff1456f8361801579bf47e04f999997be7_Board_GTSPOON.csv,252,0.12292682926829268,2.977829501612778
