file,nrBest,proportionBest,entropyNrActions
nr_582_id_35_70335b2b0a967f31b1aa063ace4845bff413b086_ReadClipper_GTSPOON.csv,1666,0.8126829268292682,0.8532231618903006
