file,nrBest,proportionBest,entropyNrActions
nr_241_id_15_048e5cc956b7818f7a7de178fcab5b48d97a27c8_R66Environment_GTSPOON.csv,1370,0.6682926829268293,1.4353670647679637
