file,nrBest,proportionBest,entropyNrActions
nr_99_id_13_016dd9274f03a3e2aa277a64aa8f60c116b511e0_BusLineActivity_GTSPOON.csv,1491,0.7273170731707317,1.3893234785960455
