file,nrBest,proportionBest,entropyNrActions
nr_288_id_21_0798ef4d6414358c941b56975839e9c1b2d14ea6_TaskStoreTest_GTSPOON.csv,1008,0.4917073170731707,2.0557247080903176
