file,nrBest,proportionBest,entropyNrActions
nr_353_id_1_04206f8be9104f657d0d8e62969e67fe566197b5_CorrelationKeySerializer_GTSPOON.csv,2023,0.9868292682926829,0.09919396251631608
