file,nrBest,proportionBest,entropyNrActions
nr_400_id_26_0d94d21a0d0481e7a9f26ce09106baa05f57a802_Frame_GTSPOON.csv,12,0.005853658536585366,3.4586945658146933
