file,nrBest,proportionBest,entropyNrActions
nr_75_id_12_00e4d83407d01b77dd4142a191ee39c9c96fad13_Autoenchanter_GTSPOON.csv,1618,0.7892682926829269,1.137291678880231
