file,nrBest,proportionBest,entropyNrActions
nr_322_id_19_07b0b2b1e8ec7a99a3db1dfc72c9e86c4985147b_GCVote_GTSPOON.csv,1309,0.6385365853658537,1.8216102145869286
