file,nrBest,proportionBest,entropyNrActions
nr_181_id_16_035a6521c43075e13aeb577f9f40c30b7a451202_SparklingServerImpl_GTSPOON.csv,1741,0.8492682926829268,0.7987555267048992
