file,nrBest,proportionBest,entropyNrActions
nr_75_id_27_0358ff688f60698852f1d3fbce92496f3bd007ef_YahooCommunicator_GTSPOON.csv,1728,0.8429268292682927,0.8390208757855308
