file,nrBest,proportionBest,entropyNrActions
nr_262_id_10_02666d2f020be46a536bbf43d293f23da41b0f8f_LRUIndex_GTSPOON.csv,169,0.0824390243902439,2.7201735621997427
