file,nrBest,proportionBest,entropyNrActions
nr_122_id_32_0b5e147f758af9e60ba3c076446b065a50458588_FileSet_GTSPOON.csv,461,0.2248780487804878,1.636386712378024
