file,nrBest,proportionBest,entropyNrActions
nr_354_id_13_0511c3ee77ca2204575c1e013f17aef8ffa95e8d_Econ_GTSPOON.csv,1712,0.8351219512195122,0.8821214068209756
