file,nrBest,proportionBest,entropyNrActions
nr_42_id_13_00c2c17586b922241615375535fb2f4c3eb8a4e2_HostedTest_GTSPOON.csv,351,0.17121951219512196,2.539155247272258
