file,nrBest,proportionBest,entropyNrActions
nr_462_id_30_1c26545ef3a4d8ceb3d8e15638e71e8459c9c3b2_ExploreDataPage_GTSPOON.csv,127,0.06195121951219512,3.709629403918608
