file,nrBest,proportionBest,entropyNrActions
nr_246_id_20_04a0e89d63de08d430f33ca789d73caadfb12374_ContourUtils_GTSPOON.csv,15,0.007317073170731708,1.2973065576444929
