file,nrBest,proportionBest,entropyNrActions
nr_203_id_27_09159192c7a866e96d29fed0c4f75c030f0118ce_TCFNodeExpression_GTSPOON.csv,167,0.08146341463414634,2.652328721496061
