file,nrBest,proportionBest,entropyNrActions
nr_5_id_18_001171ea16e108f80a08b94c760d793ee1a2c943_Splitter_GTSPOON.csv,112,0.054634146341463415,1.1814710334299217
