file,nrBest,proportionBest,entropyNrActions
nr_446_id_21_0b6823542699249a8bac31cbe19e77a9abce4062_AvroViewType_GTSPOON.csv,1585,0.7731707317073171,1.0526389704867372
