file,nrBest,proportionBest,entropyNrActions
nr_256_id_16_04b025547988350bbf409ffaf22ee673a8624450_PhotoTableDream_GTSPOON.csv,1925,0.9390243902439024,0.3436075366654175
