file,nrBest,proportionBest,entropyNrActions
nr_114_id_9_01640b410c64267ac303067fb16ce1cc1d0952f6_ProxyClient_GTSPOON.csv,2028,0.9892682926829268,0.06260667239281614
