file,nrBest,proportionBest,entropyNrActions
nr_173_id_35_216f83ea0267e40917c91416a059eceb15ea7163_Selector_GTSPOON.csv,883,0.43073170731707316,1.6639863272994018
