file,nrBest,proportionBest,entropyNrActions
nr_281_id_29_107fafbcc5d93284e5098686cc287c41280ee263_SpelReproTests_GTSPOON.csv,210,0.1024390243902439,2.297504856880064
