file,nrBest,proportionBest,entropyNrActions
nr_95_id_36_16a2a822b4b10673537d025d57b9e147543cca80_Reviewer_GTSPOON.csv,60,0.02926829268292683,2.675633360266966
