file,nrBest,proportionBest,entropyNrActions
nr_35_id_23_01055e854df883746321b955bd5b9b41a840feda_AjProblemReporter_GTSPOON.csv,1844,0.8995121951219512,0.5849677711107645
