file,nrBest,proportionBest,entropyNrActions
nr_172_id_17_037286796bb780d6e9d01b6fd4d571122ad9087b_HBaseScanNode_GTSPOON.csv,1172,0.5717073170731707,1.7425762362492887
