file,nrBest,proportionBest,entropyNrActions
nr_350_id_38_e8b5b03f5e2bd5240fe25fa0b1bc699039cb612a_UIContext_GTSPOON.csv,1101,0.5370731707317074,1.8107871540351443
