file,nrBest,proportionBest,entropyNrActions
nr_139_id_36_224cd9804eca4c655773d48399a0ac383c1b3c13_LookupData_GTSPOON.csv,40,0.01951219512195122,3.407979803822679
