file,nrBest,proportionBest,entropyNrActions
nr_214_id_36_36bc71824fb9e598f5ed822c847a8d56ee0544cf_XMLDocument_GTSPOON.csv,206,0.10048780487804879,3.450462180583931
