file,nrBest,proportionBest,entropyNrActions
nr_234_id_17_04be96d24b80e84ad70c604be1c0c11fb9b976cb_Database_GTSPOON.csv,135,0.06585365853658537,2.9341322210901226
