file,nrBest,proportionBest,entropyNrActions
nr_7_id_24_0023031c1b888cf834d731c418fc7d15263acfe1_UriTemplateParser_GTSPOON.csv,1112,0.5424390243902439,1.980095710612802
