file,nrBest,proportionBest,entropyNrActions
nr_28_id_7_003d5b70ae1d376c8a11589ade59b960a98b43bc_Manager_GTSPOON.csv,1202,0.5863414634146341,1.805370103292889
