file,nrBest,proportionBest,entropyNrActions
nr_154_id_20_0303fd04682114065b3d45dcbb48748c3bee1468_UpcLookupActivity_GTSPOON.csv,1723,0.8404878048780487,0.688307855971436
