file,nrBest,proportionBest,entropyNrActions
nr_204_id_31_0e84f44c96ef1a85801e2b043c77090e1b6b9f78_AndrePanel_GTSPOON.csv,85,0.041463414634146344,1.9065134749739208
