file,nrBest,proportionBest,entropyNrActions
nr_73_id_2_002385b7367c94ae1559535ded503ddbee53b3ce_TestNGListener_GTSPOON.csv,1641,0.8004878048780488,0.8431067518161004
