file,nrBest,proportionBest,entropyNrActions
nr_613_id_8_04d83629a5ebda975ab005556c033f2443d28816_CloudbeesPublisher_GTSPOON.csv,408,0.19902439024390245,2.1046886992260423
