file,nrBest,proportionBest,entropyNrActions
nr_310_id_5_028b624e52d3f6b2f27e01566915084cbb6f0724_LauncherModel_GTSPOON.csv,140,0.06829268292682927,3.89093350753261
