file,nrBest,proportionBest,entropyNrActions
nr_405_id_25_0e0e3f028514ca6fcadd8e798ae923fb81b326f2_Deflater_GTSPOON.csv,1328,0.6478048780487805,1.5075565830115627
