file,nrBest,proportionBest,entropyNrActions
nr_639_id_8_050207905b3bf82f85763559b8f4578fc0113267_FileConverter_GTSPOON.csv,1641,0.8004878048780488,0.9380652546128936
