file,nrBest,proportionBest,entropyNrActions
nr_341_id_30_14ddccc61dc9cd89303e9520812654cd45a059a8_CorrelationMatrix_GTSPOON.csv,1632,0.7960975609756098,1.0373608766512867
