file,nrBest,proportionBest,entropyNrActions
nr_761_id_1_08b435bfce9da710513512fdd9861563154cf6db_JavaFunction_GTSPOON.csv,2013,0.9819512195121951,0.12535946345495902
