file,nrBest,proportionBest,entropyNrActions
nr_570_id_1_0657a7cf02ee55aa029b86d5e3f01840474fb642_WorldCommand_GTSPOON.csv,1224,0.5970731707317073,1.9593000015616155
