file,nrBest,proportionBest,entropyNrActions
nr_670_id_3_048b2375c6575c01d220e4a309d16dbc648a79b8_AsmClassGenerator_GTSPOON.csv,162,0.07902439024390244,2.625795135078992
