file,nrBest,proportionBest,entropyNrActions
nr_28_id_12_0056bdc7f2bc4fbe2ba224d2918428eb58b1b718_SVNConnection_GTSPOON.csv,1016,0.49560975609756097,1.920684271779125
