file,nrBest,proportionBest,entropyNrActions
nr_320_id_32_1bd163f7426c25db8bd6bb4e65a6a018c99664e5_Cloud_GTSPOON.csv,1316,0.6419512195121951,1.6140187583360657
