file,nrBest,proportionBest,entropyNrActions
nr_392_id_35_4aa8353d39ad2bf3d1a12880ca76cd8157e9c656_EsbEditor_GTSPOON.csv,68,0.033170731707317075,3.728125800505498
