file,nrBest,proportionBest,entropyNrActions
nr_533_id_34_48eceba85e97e951ac947aa49a5e4a1c85870086_VideoPageActivity_GTSPOON.csv,237,0.11560975609756098,3.0301031660189555
