file,nrBest,proportionBest,entropyNrActions
nr_206_id_25_06ca1ca1b684c9df0090d1175e6537d84e155562_Http_GTSPOON.csv,1500,0.7317073170731707,1.209381137926336
