file,nrBest,proportionBest,entropyNrActions
nr_125_id_11_01927ebe696bae23e820e0b4bd42cb2126387b63_ServerUtils_GTSPOON.csv,258,0.12585365853658537,1.0604748208080355
