file,nrBest,proportionBest,entropyNrActions
nr_33_id_5_0060b024b3434f21a1d462ddfd3affaa5b3790ae_Lightning_GTSPOON.csv,1574,0.7678048780487805,1.0864215144163443
