file,nrBest,proportionBest,entropyNrActions
nr_355_id_24_0ad580c966f6fed875c82155033c4eb4257d2e58_MainWindow_GTSPOON.csv,132,0.06439024390243903,2.3078383821443875
