file,nrBest,proportionBest,entropyNrActions
nr_45_id_10_0060423ea4c9411f8ebec8c856654bf5284b5d7e_PluginInfo_GTSPOON.csv,173,0.08439024390243903,3.0130190825621916
