file,nrBest,proportionBest,entropyNrActions
nr_120_id_5_010c38b4b5fb64d298817a5e14356764d3eefdd3_MessageViewFragment_GTSPOON.csv,158,0.07707317073170732,2.5122947494320282
