file,nrBest,proportionBest,entropyNrActions
nr_84_id_17_018f234b172d02009538d752710f65dffc572502_CommonsCollectionsIT_GTSPOON.csv,1566,0.7639024390243903,1.0881902627073612
