file,nrBest,proportionBest,entropyNrActions
nr_139_id_27_0625f8da451b1eb7b20708602c1bb7cc0166c975_Config_GTSPOON.csv,1923,0.9380487804878048,0.35984303821722463
