file,nrBest,proportionBest,entropyNrActions
nr_443_id_7_04b0c9efb4dba39c009d1b483982260c05bf51d0_Invoice_GTSPOON.csv,1934,0.9434146341463414,0.3457930041549984
