file,nrBest,proportionBest,entropyNrActions
nr_118_id_21_034cdbb0fb45d761194463778cda41824828ff7d_testSimon_GTSPOON.csv,2010,0.9804878048780488,0.13280858834094178
