file,nrBest,proportionBest,entropyNrActions
nr_422_id_3_02c7269b3ad3ad824bc08c7360bf56f198923b54_HomePage_GTSPOON.csv,298,0.14536585365853658,2.9984344893338513
