file,nrBest,proportionBest,entropyNrActions
nr_212_id_18_042019d89baac85d4297a444a7966a91e9dd9eaf_ConcurrentUtil_GTSPOON.csv,2010,0.9804878048780488,0.12349374685370065
