file,nrBest,proportionBest,entropyNrActions
nr_358_id_18_06dd6cb58e15fd1f9178f140cbf1c2020f25e83d_TextViewer_GTSPOON.csv,159,0.0775609756097561,3.1159157017347647
