file,nrBest,proportionBest,entropyNrActions
nr_78_id_25_028f1099fe910684b3e7a988e40b5e0b261f9240_AbstractLabelFactory_GTSPOON.csv,80,0.03902439024390244,0.6803940147662688
