file,nrBest,proportionBest,entropyNrActions
nr_385_id_23_0c48c4d7eee24505c0d46f8805e18a3ca57b80b6_PrivacyManager_GTSPOON.csv,95,0.046341463414634146,2.6628995951685077
