file,nrBest,proportionBest,entropyNrActions
nr_493_id_35_5e439ac50f8974c25f5bcc69641f496c2f0d2f0a_Charm_GTSPOON.csv,1201,0.5858536585365853,1.695067261371429
