file,nrBest,proportionBest,entropyNrActions
nr_632_id_5_05533794886546ed3fe013e0d6caee1abca9829f_SignHandler_GTSPOON.csv,1637,0.7985365853658537,0.9868464442722221
