file,nrBest,proportionBest,entropyNrActions
nr_23_id_1_003694e9f780ad32e3d3124446aaca06cbacd057_ImapStore_GTSPOON.csv,154,0.07512195121951219,3.2371389198249063
