file,nrBest,proportionBest,entropyNrActions
nr_423_id_7_04780afe3100021740ef7f43867f8047954d5a6b_ZoneMoveHandler_GTSPOON.csv,10,0.004878048780487805,0.654626877068185
