file,nrBest,proportionBest,entropyNrActions
nr_321_id_16_05e4000da0a1c8f33e54802e653a0a13f8806c9c_UtilConverter_GTSPOON.csv,72,0.0351219512195122,1.5956747030232588
