file,nrBest,proportionBest,entropyNrActions
nr_468_id_18_08bc15b822e783aa4c3aef9526bb1e8b285a6357_DOTExporterTest_GTSPOON.csv,1816,0.8858536585365854,0.6258856214057069
