file,nrBest,proportionBest,entropyNrActions
nr_197_id_15_03c45d6623b2b0e124c748db6f0415584d9c7fda_Balance_GTSPOON.csv,2028,0.9892682926829268,0.07339584194427726
