file,nrBest,proportionBest,entropyNrActions
nr_409_id_26_0df63ab870ecbe1a0cc5501209ed597d7c64977e_Controller_GTSPOON.csv,1939,0.9458536585365853,0.32438083671154544
