file,nrBest,proportionBest,entropyNrActions
nr_209_id_21_0562924e2ecd11b4fc9a7528e028b1fb2f446b09_RaceActivity_GTSPOON.csv,85,0.041463414634146344,2.50927622142341
