file,nrBest,proportionBest,entropyNrActions
nr_441_id_28_1388203b87dbf460b65cb02dcec78231a908e7da_DatabaseSearchUI_GTSPOON.csv,156,0.07609756097560975,2.041894568067655
