file,nrBest,proportionBest,entropyNrActions
nr_689_id_2_017ace91d7ec068d62060b15dd0648acd8d0954d_SmtpHeaders_GTSPOON.csv,875,0.4268292682926829,2.156311960940277
