file,nrBest,proportionBest,entropyNrActions
nr_132_id_7_016d15b8334830648438f074241d0b8fdbf3a4eb_Getdown_GTSPOON.csv,959,0.4678048780487805,2.140812197680251
