file,nrBest,proportionBest,entropyNrActions
nr_72_id_16_0173e47f90c34637e2146653a3a5ada63818bb64_CiteSeerXFetcher_GTSPOON.csv,1567,0.764390243902439,1.0702271794838447
