file,nrBest,proportionBest,entropyNrActions
nr_358_id_20_07036600510eb2f2d059dfe59032d42177e1b7c3_FileLogTest_GTSPOON.csv,1349,0.6580487804878049,0.9747829757799521
