file,nrBest,proportionBest,entropyNrActions
nr_408_id_32_2328690fa67862f76eef4b144fea1461a7552548_Axis2FlexibleMEPClient_GTSPOON.csv,1232,0.6009756097560975,2.099927643825947
