file,nrBest,proportionBest,entropyNrActions
nr_485_id_6_02f3081cc41387cf2d221a663493cd7458e0f796_IdenticalBlockCombiner_GTSPOON.csv,168,0.08195121951219513,2.2026663520959717
