file,nrBest,proportionBest,entropyNrActions
nr_184_id_20_03949a1e421f93877b924c2cb4aad1822ae6cc6f_FetchQueue_GTSPOON.csv,106,0.05170731707317073,1.619757969523657
