file,nrBest,proportionBest,entropyNrActions
nr_291_id_26_0a59916879540867cc144399b902f9a31375e72b_SerializationTest_GTSPOON.csv,1916,0.9346341463414635,0.40810546711152396
