file,nrBest,proportionBest,entropyNrActions
nr_357_id_31_18c61008491358f78ae0ec758d89bae23400e91c_TreasureManager_GTSPOON.csv,268,0.13073170731707318,3.3220112809447713
