file,nrBest,proportionBest,entropyNrActions
nr_87_id_22_01e835ce5333e16067626acab7e386147df9adf7_NoticeBusinessBean_GTSPOON.csv,1702,0.8302439024390244,0.9284989084609149
