file,nrBest,proportionBest,entropyNrActions
nr_105_id_25_03a10f365120a94551ebad4f70d2f55a8f087b2f_MatrixViewer_GTSPOON.csv,149,0.07268292682926829,3.2725281558874473
