file,nrBest,proportionBest,entropyNrActions
nr_506_id_8_042443bac2b92abf699c9425c9580a86ab7d211e_SM_TARGET_SELECTED_GTSPOON.csv,1907,0.9302439024390244,0.4240319235920602
