file,nrBest,proportionBest,entropyNrActions
nr_244_id_33_1ea0dc4e21d863f34b2f887c28cb750843744d6d_HtmlForm_GTSPOON.csv,1019,0.4970731707317073,1.888542205992869
