file,nrBest,proportionBest,entropyNrActions
nr_161_id_15_03290ff9c7c5569ef01d3db04acc56f071137c03_Generator_GTSPOON.csv,138,0.06731707317073171,3.6977179143713435
