file,nrBest,proportionBest,entropyNrActions
nr_221_id_38_926ee517261629eefb942cc2a23dd6e253126d2c_DataGeneratorForDate_GTSPOON.csv,1600,0.7804878048780488,0.8670262061668237
