file,nrBest,proportionBest,entropyNrActions
nr_516_id_11_0739d3b8e75ac31f10e7da17d050fd6e4017de57_MapPanel_GTSPOON.csv,157,0.07658536585365854,2.735326115480724
