file,nrBest,proportionBest,entropyNrActions
nr_115_id_5_0101168657b9a8e8bdc5943f73a788c6111aa3ed_ChildRefUpdateTask_GTSPOON.csv,1841,0.8980487804878049,0.5785268195640872
