file,nrBest,proportionBest,entropyNrActions
nr_297_id_30_126b8968c6cd88f73f8676df1160f173bbed6004_Selecc_Pal_Clave_GTSPOON.csv,120,0.05853658536585366,2.730186087195994
