file,nrBest,proportionBest,entropyNrActions
nr_380_id_15_06fa06f55e26b88c5e3420779f32477990793c81_ExplodedControlFlowGraph_GTSPOON.csv,648,0.31609756097560976,2.658119003729808
