file,nrBest,proportionBest,entropyNrActions
nr_273_id_13_03e7f4ba824128fcd4dce5909a19d3fcaddc9d98_Num_GTSPOON.csv,1680,0.8195121951219512,0.6760184483185624
