file,nrBest,proportionBest,entropyNrActions
nr_44_id_5_006f5c126578fc897d593ae8248f18c50b3e8e31_ModelBoatKayak_GTSPOON.csv,1967,0.9595121951219512,0.21260020239470517
