file,nrBest,proportionBest,entropyNrActions
nr_700_id_2_0180a67357ea53e67dbc7f45df03ec740248544f_CometClient_GTSPOON.csv,1363,0.6648780487804878,1.5290825381537172
