file,nrBest,proportionBest,entropyNrActions
nr_192_id_12_0220a2d0e670687f0352679fb35511c969fed206_RVisitor_GTSPOON.csv,680,0.33170731707317075,2.6788869165210683
