file,nrBest,proportionBest,entropyNrActions
nr_166_id_13_02693f872930994fffc46c600927cac3a2f82e6d_TestRequestBuilder_GTSPOON.csv,1560,0.7609756097560976,1.157130924519616
