file,nrBest,proportionBest,entropyNrActions
nr_261_id_16_04c5ec44aba4ca559965f360575cf7331ddc8116_Fact_GTSPOON.csv,1239,0.604390243902439,1.7112094925128138
