file,nrBest,proportionBest,entropyNrActions
nr_376_id_27_11200bce0884dcaf12166338274e0ba0c83a23c0_MethodReader_GTSPOON.csv,1926,0.9395121951219512,0.3692609398116091
