file,nrBest,proportionBest,entropyNrActions
nr_55_id_26_0239d6be84cfd531310e486c51eebaa1065f9351_JSPUtils_GTSPOON.csv,1561,0.7614634146341464,1.202171541533406
