file,nrBest,proportionBest,entropyNrActions
nr_453_id_3_030025df46a9caee2c372a115088eb08356829a6_AlgoIsInRegion_GTSPOON.csv,1723,0.8404878048780487,0.7044997377312813
