file,nrBest,proportionBest,entropyNrActions
nr_229_id_13_0347e0a7cfeb06cb55a7905840569076271c6f19_LoginController_GTSPOON.csv,1900,0.926829268292683,0.3624982419357583
