file,nrBest,proportionBest,entropyNrActions
nr_111_id_32_09bfb949921ee6805c29e12ce0957d841986bfdc_BusTripActivity_GTSPOON.csv,1386,0.6760975609756098,1.4215990491973143
