file,nrBest,proportionBest,entropyNrActions
nr_375_id_8_0317a223a2bee1bd4b42133ae78aa7dd806229f2_PGraphics_GTSPOON.csv,189,0.09219512195121951,2.3611236678326355
