file,nrBest,proportionBest,entropyNrActions
nr_486_id_25_11497e9e987064a65ed73b03afe97df2f8a30660_AMQ3622Test_GTSPOON.csv,1873,0.9136585365853659,0.5023687311795197
