file,nrBest,proportionBest,entropyNrActions
nr_550_id_9_064352697e361b093158594f93d87588730a001c_TrackLoader_GTSPOON.csv,85,0.041463414634146344,2.4689028665834467
