file,nrBest,proportionBest,entropyNrActions
nr_182_id_17_03a39a908aca657df2c6558d25c3e94c569eabaa_Definition_GTSPOON.csv,1908,0.9307317073170732,0.40034349735155267
