file,nrBest,proportionBest,entropyNrActions
nr_336_id_37_951605b66dd26bddc80c04568923a239eab66485_MergeCommand_GTSPOON.csv,1520,0.7414634146341463,1.2880413642311346
