file,nrBest,proportionBest,entropyNrActions
nr_445_id_19_0a95f15f6ef5b3e249c161c5de8b3a3258140e5f_imp_GTSPOON.csv,85,0.041463414634146344,2.5104966785006084
