file,nrBest,proportionBest,entropyNrActions
nr_537_id_7_0594598894cbbf10712162ae955d7115214f04ae_GraphicClient_GTSPOON.csv,1326,0.646829268292683,1.4974593004132477
