file,nrBest,proportionBest,entropyNrActions
nr_222_id_32_1428cbb35abc859793fb1784f1e6e76d077f7106_BuildrootConfiguration_GTSPOON.csv,1933,0.9429268292682926,0.3903687318731025
