file,nrBest,proportionBest,entropyNrActions
nr_109_id_11_0156f7bd5a7272f00e4f17faa98017a42e69a736_SignShops_GTSPOON.csv,1584,0.7726829268292683,1.344117652135794
