file,nrBest,proportionBest,entropyNrActions
nr_433_id_25_0f1660e4ee7a04dfe8f40e2811a47629d0975703_ResourceUtilTest_GTSPOON.csv,525,0.25609756097560976,2.3105988454223763
