file,nrBest,proportionBest,entropyNrActions
nr_101_id_3_00ba5081e98aedb76342a9efb5b761e43819441e_Allocation_c_GTSPOON.csv,1911,0.9321951219512196,0.4199137856247176
