file,nrBest,proportionBest,entropyNrActions
nr_610_id_11_08d58212023c5e49896b3c47c699f6c5968bd910_CacheManager_GTSPOON.csv,155,0.07560975609756097,2.4235569352312725
