file,nrBest,proportionBest,entropyNrActions
nr_307_id_20_060550bf46a1d35a5679afa1113edae449b6d71c_guessVarify_GTSPOON.csv,1710,0.8341463414634146,0.7937309422423187
