file,nrBest,proportionBest,entropyNrActions
nr_140_id_22_03677ecf5b790e41234734e3c400977135945710_Error_GTSPOON.csv,1934,0.9434146341463414,0.3478687147009294
