file,nrBest,proportionBest,entropyNrActions
nr_293_id_27_0cdd2de99cbc306bf0f422f2ff13d08626129e05_CamelWidget_GTSPOON.csv,1980,0.9658536585365853,0.21882923954515943
