file,nrBest,proportionBest,entropyNrActions
nr_213_id_3_017a3e194ec6af457703c269c2704dc22f7aa5d0_IsoHDPerspective_GTSPOON.csv,146,0.07121951219512195,2.6554032502424048
