file,nrBest,proportionBest,entropyNrActions
nr_194_id_38_81e8317659ba04e97c9f84bdbd84951a526d6412_ImportSessionFrame_GTSPOON.csv,209,0.10195121951219512,2.4880282129753315
