file,nrBest,proportionBest,entropyNrActions
nr_595_id_11_08747697b22d2d05259459efc8b59e921bf4e469_SAMLv2AuthContexts_GTSPOON.csv,60,0.02926829268292683,1.780902560051334
