file,nrBest,proportionBest,entropyNrActions
nr_122_id_28_058d7d12dd8741809858867391af09e7182cdea7_XlintWarn_GTSPOON.csv,1625,0.7926829268292683,0.7064596880843621
