file,nrBest,proportionBest,entropyNrActions
nr_16_id_33_01d4f542a3e8acf893387de8f46935d6802e8460_TypeCheckTest_GTSPOON.csv,210,0.1024390243902439,2.3023637438721085
