file,nrBest,proportionBest,entropyNrActions
nr_221_id_6_016f9960421a54724c5be11acaf595110fcc05a7_ParserResult_GTSPOON.csv,1829,0.8921951219512195,0.6177899277713156
