file,nrBest,proportionBest,entropyNrActions
nr_80_id_12_00f275df11a962b239c3bcbaf3ff93ef1df8b2b8_Client_GTSPOON.csv,1225,0.5975609756097561,1.5730078652101038
