file,nrBest,proportionBest,entropyNrActions
nr_103_id_24_03320e3ce494ab2fbf3a172eed3e81d24566925b_SVNCollect_GTSPOON.csv,1816,0.8858536585365854,0.6256409047463003
