file,nrBest,proportionBest,entropyNrActions
nr_436_id_25_0f458f3d2e94099c8253c549f024007bb48a6c44_WebScaffoldMetadata_GTSPOON.csv,181,0.08829268292682926,3.200378554605818
