file,nrBest,proportionBest,entropyNrActions
nr_159_id_11_02073cc6a7fd2d78cdcd55fa92d62c71d6bb72c3_Groop_GTSPOON.csv,1551,0.7565853658536585,1.1335058563625573
