file,nrBest,proportionBest,entropyNrActions
nr_215_id_13_030e05ad43104b85dae8189060683ef9d2610d06_FlagsBlock_GTSPOON.csv,198,0.09658536585365854,1.4623333401386327
