file,nrBest,proportionBest,entropyNrActions
nr_226_id_6_01776930f16ba0a12b954295b7d7123194b03ed0_Order_GTSPOON.csv,918,0.4478048780487805,2.1908178096998077
