file,nrBest,proportionBest,entropyNrActions
nr_66_id_16_015f981739e3d282cd5f13988827cdac6dcc4959_LayoutManagerMapping_GTSPOON.csv,732,0.3570731707317073,1.3178218149332537
