file,nrBest,proportionBest,entropyNrActions
nr_294_id_13_044ca4e81b93f972e1aa9893af53b8332348b627_Tokenizer_GTSPOON.csv,183,0.08926829268292683,2.5364408644888257
