file,nrBest,proportionBest,entropyNrActions
nr_306_id_10_02daddfdef4a07425ca24a2818f3b13214cecc21_File_GTSPOON.csv,135,0.06585365853658537,1.8820569683957373
