file,nrBest,proportionBest,entropyNrActions
nr_353_id_28_0fdd2fa6499f650f3a46615659c9fbc7da930ff0_StringModule_GTSPOON.csv,40,0.01951219512195122,2.6262983080677333
