file,nrBest,proportionBest,entropyNrActions
nr_228_id_14_035dffecc95c65c1b0edae34a02d4d0f3d9cb710_App_GTSPOON.csv,1825,0.8902439024390244,0.6360976123473887
