file,nrBest,proportionBest,entropyNrActions
nr_346_id_11_048579a8bb66ca81a2064caa456a5c8a0b517f0b_SearchTool_GTSPOON.csv,1080,0.526829268292683,1.7653848386390814
