file,nrBest,proportionBest,entropyNrActions
nr_384_id_13_058dfa29ce0b95f2a5e5e98918503d8822246e0d_CModelBuilder_GTSPOON.csv,503,0.24536585365853658,2.4187106603270596
