file,nrBest,proportionBest,entropyNrActions
nr_29_id_31_020e136d32940b7847ee0aef89d2269c5db92d14_HttpUtil_GTSPOON.csv,1265,0.6170731707317073,1.6638475542215845
