file,nrBest,proportionBest,entropyNrActions
nr_329_id_4_014816287bca05c042c181209880ac5a0f91e030_HBaseFetchFieldManager_GTSPOON.csv,1103,0.5380487804878049,1.9677283212534369
