file,nrBest,proportionBest,entropyNrActions
nr_164_id_38_6fa4b86717c1e2e552833796ea4ae5155e02233c_SharedFilesPanel_GTSPOON.csv,284,0.13853658536585367,2.66754338603294
