file,nrBest,proportionBest,entropyNrActions
nr_317_id_30_13874f47e6868307d1ba5c29411944b7e91f3486_IOHandlerJavaIO_GTSPOON.csv,1641,0.8004878048780488,0.9869498578095942
