file,nrBest,proportionBest,entropyNrActions
nr_143_id_19_03a26016e5d7d53e08db64a0e5aeb4f816575f88_Platform_GTSPOON.csv,1902,0.9278048780487805,0.438500431372682
