file,nrBest,proportionBest,entropyNrActions
nr_355_id_13_051557a7f4db54760393fbe1232c8788c44af599_Builder_GTSPOON.csv,1215,0.5926829268292683,1.9098250937714445
