file,nrBest,proportionBest,entropyNrActions
nr_411_id_4_01a0419816a52195c263411d685150bb637d8149_ServerParamProvider_GTSPOON.csv,2015,0.9829268292682927,0.1047847065935152
