file,nrBest,proportionBest,entropyNrActions
nr_91_id_16_01c5037103d0f2efde6e41173a81f32a867c59fd_SPConstants_GTSPOON.csv,216,0.10536585365853658,1.535168089324561
