file,nrBest,proportionBest,entropyNrActions
nr_447_id_10_044a540c74bf0e726c002fb9c65a82b74a07b94c_MessageTest_GTSPOON.csv,69,0.033658536585365856,2.2844568573973563
