file,nrBest,proportionBest,entropyNrActions
nr_410_id_12_047de72e159cc8a0ffcef806da90c4a26a68328c_MainGUI_GTSPOON.csv,12,0.005853658536585366,2.8093971879928676
