file,nrBest,proportionBest,entropyNrActions
nr_383_id_26_0d1e5872dc012829b9b0c8abafc4bc1df4687072_JobEntryHTTP_GTSPOON.csv,681,0.33219512195121953,2.4681227999642923
