file,nrBest,proportionBest,entropyNrActions
nr_372_id_1_0441e464796d4985490be686a5a896659cf1e5f1_AbstractSectionDialog_GTSPOON.csv,1483,0.7234146341463414,1.3097928495728415
