file,nrBest,proportionBest,entropyNrActions
nr_480_id_7_04fe668237fdcf8fd077ab56b9bc83596fcbb614_iDCT_GTSPOON.csv,137,0.06682926829268293,2.8278357030564574
