file,nrBest,proportionBest,entropyNrActions
nr_39_id_10_005b47cb4696c7241b33002c11610da8edea50fe_Model_GTSPOON.csv,1932,0.9424390243902439,0.3543575638701632
