file,nrBest,proportionBest,entropyNrActions
nr_322_id_20_0641b03ab8bacd928498faf38c093b38c13b896a_EventDao_GTSPOON.csv,1382,0.6741463414634147,1.4209131764046996
