file,nrBest,proportionBest,entropyNrActions
nr_198_id_6_01511fb6246c3676ca2a9024d1a75b41b8a97777_BiocepPropertiesUtils_GTSPOON.csv,1756,0.8565853658536585,0.7688371203386328
