file,nrBest,proportionBest,entropyNrActions
nr_279_id_1_0357857a63b73a44e6f1ef9e6a4ba94f7ab7547d_TemplatePanel_GTSPOON.csv,1009,0.4921951219512195,2.4042351153926482
