file,nrBest,proportionBest,entropyNrActions
nr_24_id_39_23061012b777c607100ce30250c3542b4fc8c1c8_ContactsProvider2_GTSPOON.csv,185,0.09024390243902439,2.553600822395756
