file,nrBest,proportionBest,entropyNrActions
nr_101_id_23_02e291236244d9ea84687cc27995a347c90bcbb2_BugzillaClient_GTSPOON.csv,64,0.03121951219512195,3.6932601854187364
