file,nrBest,proportionBest,entropyNrActions
nr_101_id_16_0208fca69eb43300d900543ab8895f1504d2acdc_Check_GTSPOON.csv,1463,0.7136585365853658,1.5253284813454169
