file,nrBest,proportionBest,entropyNrActions
nr_14_id_9_003d65627e894eef4c0f7544369ff60d579452fc_AppDetails_GTSPOON.csv,325,0.15853658536585366,2.547830170265816
