file,nrBest,proportionBest,entropyNrActions
nr_539_id_9_0629a7aa87643e3ca4ed422ddad773841fdd7672_BlockArrowTrap_GTSPOON.csv,1210,0.5902439024390244,1.6830462417932643
