file,nrBest,proportionBest,entropyNrActions
nr_492_id_8_04104a2b11d9add138d23620ec2d3ed0024ed41a_SpellReader_GTSPOON.csv,60,0.02926829268292683,2.4846346677605795
