file,nrBest,proportionBest,entropyNrActions
nr_469_id_18_08bd795eb583550c22c2b9fd8ba8450081f92685_ReportType_GTSPOON.csv,1615,0.7878048780487805,0.837282561240718
