file,nrBest,proportionBest,entropyNrActions
nr_123_id_9_018600641742f139c922f5e1d28ad53fdc7e724e_WorldGuardController_GTSPOON.csv,1645,0.802439024390244,0.9228085010104956
