file,nrBest,proportionBest,entropyNrActions
nr_12_id_1_0020bfa49589a65feb322130d2dd09591992a7d2_QuestSesameCMD_GTSPOON.csv,1929,0.9409756097560975,0.37575029413574423
