file,nrBest,proportionBest,entropyNrActions
nr_199_id_27_08f252428ee2427d9dffc581e526b5a09c6c04c9_IndexDAO_GTSPOON.csv,1276,0.6224390243902439,1.5159802066178656
