file,nrBest,proportionBest,entropyNrActions
nr_29_id_18_00675e8cf42438a800e32f6a020c7270f409d838_SharedDeckPicker_GTSPOON.csv,587,0.2863414634146341,2.6593609029749157
