file,nrBest,proportionBest,entropyNrActions
nr_204_id_5_01ad3b1f08064e3cfb7195c2d27d93a2016b8f92_MainServiceImpl_GTSPOON.csv,5,0.0024390243902439024,1.2210478774793814
