file,nrBest,proportionBest,entropyNrActions
nr_502_id_36_80725d0e4719eb192a7a82d92eb9211b9ef5c836_InternalTrustBroker_GTSPOON.csv,25,0.012195121951219513,2.961025095291583
