file,nrBest,proportionBest,entropyNrActions
nr_331_id_29_1345ec1d41f29ab141b2c2e05508ba4115c10f61_StreamFish_GTSPOON.csv,114,0.055609756097560976,2.3511149623684853
