file,nrBest,proportionBest,entropyNrActions
nr_370_id_3_026b3a8344889dc2d9031546571a43199913cedc_MasterEndpointFailoverTest_GTSPOON.csv,1757,0.8570731707317073,0.6897844301176578
