file,nrBest,proportionBest,entropyNrActions
nr_248_id_38_a7443a92017c2c0598fa6f603b41fd79165298ba_AntTargetAnnotationTest_GTSPOON.csv,2000,0.975609756097561,0.14377624815651957
