file,nrBest,proportionBest,entropyNrActions
nr_120_id_25_0406572d4524b4f36be2b81121ed7998e5d17940_BDefValueImpl_GTSPOON.csv,168,0.08195121951219513,2.7316287308676936
