file,nrBest,proportionBest,entropyNrActions
nr_694_id_5_05c56429c519c2dbf13a8f0443fc3162152f07fb_DataSyncService_GTSPOON.csv,189,0.09219512195121951,2.663829124895188
