file,nrBest,proportionBest,entropyNrActions
nr_72_id_21_0232c7710150ab2f74c8a28b5fe1abb658b8424a_ExceptionFactoryTest_GTSPOON.csv,1934,0.9434146341463414,0.33250426727095866
