file,nrBest,proportionBest,entropyNrActions
nr_440_id_13_067a4224058db35540c54e6945ec91b3c894c1df_DocumentManager_GTSPOON.csv,1485,0.724390243902439,1.2611262332158966
