file,nrBest,proportionBest,entropyNrActions
nr_331_id_23_0aa88c6b1e45f6bf9049c73724d1174071ffb742_JPADefaults_GTSPOON.csv,2027,0.988780487804878,0.07300510044081204
