file,nrBest,proportionBest,entropyNrActions
nr_218_id_4_00c5e20751c3186e4e89990934e0685d31418a12_ManualImportTest_GTSPOON.csv,1910,0.9317073170731708,0.38336961351335364
