file,nrBest,proportionBest,entropyNrActions
nr_557_id_11_07fd5bea2d459284627f5852eabda8db5a87eb7b_Axis2Sender_GTSPOON.csv,1818,0.8868292682926829,0.6778876508376636
