file,nrBest,proportionBest,entropyNrActions
nr_143_id_9_01bd87f5dc6f6edb81c314494cef2f75adcf0781_PhotoUtil_GTSPOON.csv,1904,0.9287804878048781,0.44837480938341284
