file,nrBest,proportionBest,entropyNrActions
nr_216_id_15_0413977d278e368d52f36b20dea32a96b21430d3_LogfileUpload_GTSPOON.csv,107,0.05219512195121951,0.3290136997493044
