file,nrBest,proportionBest,entropyNrActions
nr_288_id_35_371e70225c835432d8db5f9c79141d43622e9d68_BPELModelReconcileAdapter_GTSPOON.csv,17,0.008292682926829269,2.29141496859331
