file,nrBest,proportionBest,entropyNrActions
nr_466_id_35_59cddd35d4398a81c5343404adcdfe43d64748b7_AopXmlIntegrator_GTSPOON.csv,1600,0.7804878048780488,0.8611887961070541
