file,nrBest,proportionBest,entropyNrActions
nr_417_id_35_504151e5366b2c5a9a3002031dbd919578c17f5c_CaldroidFragment_GTSPOON.csv,40,0.01951219512195122,2.481227051512925
