file,nrBest,proportionBest,entropyNrActions
nr_120_id_28_0576f95b52d960fc01e5a0ccfcf285391c638743_Time_GTSPOON.csv,1637,0.7985365853658537,0.9134415651085142
