file,nrBest,proportionBest,entropyNrActions
nr_462_id_25_1066824b8866f1480d37c6125095ce036084de50_FeatureTrack_GTSPOON.csv,160,0.07804878048780488,2.643875422635305
