file,nrBest,proportionBest,entropyNrActions
nr_57_id_36_0e8c1ad5d0b8d2dc086216b58c8cef3e783ff12a_Board_GTSPOON.csv,190,0.09268292682926829,0.7161643285242035
