file,nrBest,proportionBest,entropyNrActions
nr_263_id_6_01aa8902873f374c2e260815585cb09b8ae3860d_DrillDownFactory_GTSPOON.csv,386,0.18829268292682927,1.059190431198319
