file,nrBest,proportionBest,entropyNrActions
nr_89_id_23_02939d4fd80a1d284987742817ec326c4b7b8a21_DataUsageSummary_GTSPOON.csv,209,0.10195121951219512,2.5399572793415475
