file,nrBest,proportionBest,entropyNrActions
nr_54_id_25_01c7284f269020f66c927132c05378162b33dca6_NumbersSolverTest_GTSPOON.csv,1941,0.9468292682926829,0.3129407622860249
