file,nrBest,proportionBest,entropyNrActions
nr_86_id_16_01b302ddeb11f2cc16c779f81d7772b952b8fcd9_RenderTask_GTSPOON.csv,224,0.10926829268292683,3.2295653088501646
