file,nrBest,proportionBest,entropyNrActions
nr_188_id_29_0abc4c919250c7265981baee4f65c07ef785243b_PermalinkParameter_GTSPOON.csv,2015,0.9829268292682927,0.11409954808075636
