file,nrBest,proportionBest,entropyNrActions
nr_85_id_6_009e2b5fd632140a72935835546b05a75334f4fe_LuaAnnotator_GTSPOON.csv,1757,0.8570731707317073,0.743854562489686
