file,nrBest,proportionBest,entropyNrActions
nr_21_id_11_00325af500f83d47caec411f6009e328454241c6_MultiLanguages_GTSPOON.csv,200,0.0975609756097561,2.529725207391036
