file,nrBest,proportionBest,entropyNrActions
nr_18_id_18_003ad48380fe90556da408fedba7dfc1a37790b9_SearchDialog_GTSPOON.csv,197,0.09609756097560976,2.666848821022404
