file,nrBest,proportionBest,entropyNrActions
nr_606_id_4_025b8712ad71638b284cd224aeeb307418999500_GoGame_GTSPOON.csv,60,0.02926829268292683,2.3886799510597867
