file,nrBest,proportionBest,entropyNrActions
nr_453_id_14_06936ffa22f9e303f83dc354b1987705a7576831_WBLocalDataStoreDao_GTSPOON.csv,248,0.12097560975609756,3.2246104368613304
