file,nrBest,proportionBest,entropyNrActions
nr_327_id_23_0a981449a62ef2f7fbb3887edda839875d787812_TypeCheckTest_GTSPOON.csv,230,0.11219512195121951,2.314116196194862
