file,nrBest,proportionBest,entropyNrActions
nr_496_id_32_2bd6b0aa0b8514c247813eb3a300cf0ecfe68263_TabFolderTab_GTSPOON.csv,1330,0.6487804878048781,1.3975530785557748
