file,nrBest,proportionBest,entropyNrActions
nr_5_id_20_0010e92747d45c14bb0edadb2bf5764df49a2f32_TextGridTier_GTSPOON.csv,1821,0.8882926829268293,0.6161350692122267
