file,nrBest,proportionBest,entropyNrActions
nr_2_id_14_0016f817041aadadd8b01d26e4574796842950de_Interface_GTSPOON.csv,1655,0.8073170731707318,0.9694221424586491
