file,nrBest,proportionBest,entropyNrActions
nr_91_id_27_04028458dd72dc2060256e1840294954eadb2218_Main_GTSPOON.csv,95,0.046341463414634146,2.419663954295756
