file,nrBest,proportionBest,entropyNrActions
nr_223_id_37_630d702155875ed1756572b340fb6ef70ceef111_DSLJavaValidator_GTSPOON.csv,1754,0.855609756097561,0.7414054128555309
