file,nrBest,proportionBest,entropyNrActions
nr_127_id_32_0b96c17d6c198b29ab380f768b37df138333be14_ParametersTab_GTSPOON.csv,64,0.03121951219512195,3.3441891753579363
