file,nrBest,proportionBest,entropyNrActions
nr_355_id_26_0c30105b7e1a85ca9dc2b231376800a2bc0ed28d_WurstValidator_GTSPOON.csv,210,0.1024390243902439,2.336924124399457
