file,nrBest,proportionBest,entropyNrActions
nr_252_id_19_063af868c0de8eb38eb7899771dc710fe08089cb_ClusterManager_GTSPOON.csv,171,0.08341463414634147,2.8512144449392403
