file,nrBest,proportionBest,entropyNrActions
nr_341_id_38_e16970d8285accbfc1bf2988c80f904a77a650c3_BasicDataSource_GTSPOON.csv,366,0.17853658536585365,2.8340979003520554
