file,nrBest,proportionBest,entropyNrActions
nr_274_id_6_01b8807c8078f9b23ddc7f6db8c0e761e8313c31_UIStyles_GTSPOON.csv,1933,0.9429268292682926,0.35916119399205126
