file,nrBest,proportionBest,entropyNrActions
nr_390_id_21_0a2e80a14bb7e8fe544c2eee8ccba7887f636785_S3Test_GTSPOON.csv,1805,0.8804878048780488,0.6640218370842733
