file,nrBest,proportionBest,entropyNrActions
nr_222_id_23_074671302c12d531baa7734043822480f2a3372f_Help_GTSPOON.csv,1535,0.748780487804878,1.1828899014537968
