file,nrBest,proportionBest,entropyNrActions
nr_118_id_5_010827d57ae8bde15f513be059f126950674fc20_IoFileMgrForUser_GTSPOON.csv,176,0.08585365853658537,3.2652794523346333
