file,nrBest,proportionBest,entropyNrActions
nr_344_id_32_1eb09d2c048cc0784ec9c154f0d097a3e06ad111_ChangeDocGenerator_GTSPOON.csv,25,0.012195121951219513,1.4295643025777882
