file,nrBest,proportionBest,entropyNrActions
nr_224_id_2_006c8c4033649b9b1fbed3a23e8068b37bb295b6_Web_GTSPOON.csv,570,0.2780487804878049,2.712232966620154
