file,nrBest,proportionBest,entropyNrActions
nr_208_id_8_01c92befcc1fbae87655a727faee0e2b2fc03239_Factory_GTSPOON.csv,1905,0.9292682926829269,0.43325750104286004
