file,nrBest,proportionBest,entropyNrActions
nr_461_id_25_105d234e8e51d4a9dc8355818eb6cb0de12534b3_AbstractService_GTSPOON.csv,5,0.0024390243902439024,0.1719481659257779
