file,nrBest,proportionBest,entropyNrActions
nr_150_id_23_04829e68191c2e0cf97504c560e0b0fd669ef5fb_ComicImageView_GTSPOON.csv,1734,0.8458536585365853,0.8020966286555827
