file,nrBest,proportionBest,entropyNrActions
nr_97_id_28_046666a7154ca2301c7f14a569d0298e53e82851_DefaultMaven_GTSPOON.csv,1100,0.5365853658536586,1.8511639847729837
