file,nrBest,proportionBest,entropyNrActions
nr_123_id_28_05a6a1cb9717bab09685f062e06d173b06a6b8eb_FileDataSet_GTSPOON.csv,1636,0.7980487804878049,1.041209791217173
