file,nrBest,proportionBest,entropyNrActions
nr_467_id_3_0315b50432d81a2add4191b29577a631ea656864_PointCountBean_GTSPOON.csv,1932,0.9424390243902439,0.35312520431674577
