file,nrBest,proportionBest,entropyNrActions
nr_364_id_31_192717103c3d0464caeeb44727ffbd61a1b3e974_ClassTransformer_GTSPOON.csv,209,0.10195121951219512,2.555910232372611
