file,nrBest,proportionBest,entropyNrActions
nr_263_id_23_088843aa52010ef27dac97d47dd74a3a9083ed4d_DatosAutoView_GTSPOON.csv,20,0.00975609756097561,2.8153008344509263
