file,nrBest,proportionBest,entropyNrActions
nr_570_id_6_037c0a82e4a8e7ee3fdb09241a4465d99723be77_StaticController_GTSPOON.csv,1735,0.8463414634146341,0.6467888443224716
