file,nrBest,proportionBest,entropyNrActions
nr_477_id_19_0b307653200077144937b41ecf4c88bf71ee54e3_DataFactoryManager_GTSPOON.csv,1620,0.7902439024390244,0.9954715493418773
