file,nrBest,proportionBest,entropyNrActions
nr_176_id_32_0f7e4749fe036c0cf553890c304be94f1a0269e6_IOUtilities_GTSPOON.csv,1938,0.9453658536585365,0.32508501931439887
