file,nrBest,proportionBest,entropyNrActions
nr_14_id_35_02de76fd09bbaf501e4664b4746655dc67845651_I18nValidatorTest_GTSPOON.csv,1841,0.8980487804878049,0.5255506571627163
