file,nrBest,proportionBest,entropyNrActions
nr_54_id_26_0238dce7633ec1af1a10922e82b7e74f1d496b0c_AbstractDemo_GTSPOON.csv,1397,0.6814634146341464,1.229639989101783
