file,nrBest,proportionBest,entropyNrActions
nr_207_id_33_18f41f8327860d7e257d063888d08b6b5c528fe9_Launcher_GTSPOON.csv,120,0.05853658536585366,3.1768214723672537
