file,nrBest,proportionBest,entropyNrActions
nr_162_id_32_0e6317d374e3ee86bc1033603824638b0b83a52c_DESdroid_GTSPOON.csv,144,0.0702439024390244,0.8346195306281645
