file,nrBest,proportionBest,entropyNrActions
nr_5_id_21_002c02972ca658fc9cfb959456effe380d1b7374_DcIndexDomain_GTSPOON.csv,1900,0.926829268292683,0.3931784588312085
