file,nrBest,proportionBest,entropyNrActions
nr_396_id_30_1872282f076f84578c1ff12598945add1ef2bc58_MainActivity_GTSPOON.csv,81,0.03951219512195122,1.645490497242688
