file,nrBest,proportionBest,entropyNrActions
nr_37_id_7_0063322fd39f1b46bc714cd1cae835d816412a74_Infrastructure_GTSPOON.csv,5,0.0024390243902439024,0.43666240129225314
