file,nrBest,proportionBest,entropyNrActions
nr_415_id_14_0605dc89652937594130f3f99b3f14e17f805d6e_WebStringTemplateGroup_GTSPOON.csv,1929,0.9409756097560975,0.3694401392990884
