file,nrBest,proportionBest,entropyNrActions
nr_378_id_23_0bec899159ba37d96d2c7d46fa6bd09bf27bc955_Tile_GTSPOON.csv,117,0.05707317073170732,2.9826859348119243
