file,nrBest,proportionBest,entropyNrActions
nr_54_id_21_01b6943f2d55cbcd83c8c69c2da1f98a638369a6_ServiceIT_GTSPOON.csv,1217,0.5936585365853658,1.6470820045647665
