file,nrBest,proportionBest,entropyNrActions
nr_349_id_11_0489263eefa59ea4666a922e18987ddd5e146cc6_HibCatalogImpl_GTSPOON.csv,60,0.02926829268292683,2.9517270363882004
