file,nrBest,proportionBest,entropyNrActions
nr_463_id_28_148672cf0023c69aa1c43668bb38118a0f1cf25a_RegistrationsResource_GTSPOON.csv,1743,0.8502439024390244,0.6728155821568778
