file,nrBest,proportionBest,entropyNrActions
nr_466_id_34_3fdab165d6601d48ff9b0a9244200d74f2b14154_LoginActivity_GTSPOON.csv,1430,0.697560975609756,1.3692444162626458
