file,nrBest,proportionBest,entropyNrActions
nr_684_id_4_02aa9fed64c721611ec11ae4bf1472d0210ae436_UIText_GTSPOON.csv,163,0.07951219512195122,1.7284072804155661
