file,nrBest,proportionBest,entropyNrActions
nr_551_id_4_0229973a54ef935114fd0ab394004cd710e4d92d_GeneratedMessage_GTSPOON.csv,230,0.11219512195121951,2.3364699425878697
