file,nrBest,proportionBest,entropyNrActions
nr_373_id_3_026f67d3e31fa7468fbd845960d6ebc3ccaa70f2_Patch_GTSPOON.csv,1480,0.7219512195121951,1.3364276430073425
