file,nrBest,proportionBest,entropyNrActions
nr_19_id_13_004f9518c62592e13c7818e56990db73dac2410a_StateChangeContextImpl_GTSPOON.csv,1557,0.7595121951219512,1.1274102330868359
