file,nrBest,proportionBest,entropyNrActions
nr_365_id_30_17312f48c06bd66bc26b04b511d6953be0c03e7d_River_GTSPOON.csv,114,0.055609756097560976,3.2201563378896294
