file,nrBest,proportionBest,entropyNrActions
nr_287_id_19_06eef689ea064e06224c233c4a37fed8e70dd7ce_TextBreakTest_GTSPOON.csv,1272,0.6204878048780488,1.4944275297875635
