file,nrBest,proportionBest,entropyNrActions
nr_424_id_13_0638f3539531bc6305ea0664f66f9e5afb34a648_TemporalEvaluation_GTSPOON.csv,1745,0.8512195121951219,0.7755402086124557
