file,nrBest,proportionBest,entropyNrActions
nr_41_id_8_005f90c86ec29300e9388a30ceab85dd579ae1be_Driver_GTSPOON.csv,415,0.20243902439024392,2.4534008312926345
