file,nrBest,proportionBest,entropyNrActions
nr_63_id_13_00f8f952c0bbe8d414784d414894736f1acbf28b_EMBLFormat_GTSPOON.csv,45,0.02195121951219512,3.0590438131680497
