file,nrBest,proportionBest,entropyNrActions
nr_168_id_14_02416e3c59008ef9fa0f5d620e006c2a5f2afa06_TextBlock_GTSPOON.csv,300,0.14634146341463414,2.4238320377984364
