file,nrBest,proportionBest,entropyNrActions
nr_34_id_34_05403c0cf8a29a56c601ab2b8bb1a82b15d209df_LockInternals_GTSPOON.csv,1000,0.4878048780487805,2.0221018211402257
