file,nrBest,proportionBest,entropyNrActions
nr_524_id_28_17871352124d41f144f82c26aaa2ce1f80cd3407_XMLValidator_GTSPOON.csv,145,0.07073170731707316,2.7392734430140058
