file,nrBest,proportionBest,entropyNrActions
nr_360_id_10_03764f0c8e27d8f2d6ed186ae64ffb0976868a9f_RailwaySystem_GTSPOON.csv,1847,0.9009756097560976,0.5750901417521105
