file,nrBest,proportionBest,entropyNrActions
nr_146_id_20_02f2b5e2907ec978bd35c4d410e5f5aec1bb9587_VanillaCommand_GTSPOON.csv,1848,0.9014634146341464,0.5493559244129298
