file,nrBest,proportionBest,entropyNrActions
nr_198_id_23_0648b39ed719cf3d11b0f1f045e8d92f5ab8986b_Resolver_GTSPOON.csv,1848,0.9014634146341464,0.5559956841449041
