file,nrBest,proportionBest,entropyNrActions
nr_265_id_36_42530b1409ce6b9c64ce4d311496da51a36cc869_VariableUsageInfo_GTSPOON.csv,1822,0.8887804878048781,0.6438446629452623
