file,nrBest,proportionBest,entropyNrActions
nr_189_id_8_01a32d6361e24469516d1b440bd0b7841ef1bd28_RecordStore_GTSPOON.csv,1742,0.8497560975609756,0.6018629833836141
