file,nrBest,proportionBest,entropyNrActions
nr_249_id_28_0aca0ea0986a7a20a617d5e422f375803ae7b09a_ContentAssistant_GTSPOON.csv,149,0.07268292682926829,3.591699815921193
