file,nrBest,proportionBest,entropyNrActions
nr_556_id_5_049b1be46c23770d9c641ceda9c803476ef519e8_PathView_GTSPOON.csv,446,0.2175609756097561,0.9247287584689954
