file,nrBest,proportionBest,entropyNrActions
nr_244_id_3_01a5341c26380e84815dc82a66ef23823a93efec_SlaveTransfer_GTSPOON.csv,1723,0.8404878048780487,0.8723207724263058
