file,nrBest,proportionBest,entropyNrActions
nr_13_id_29_00d09af029918f9a595f8351353285343a652558_Types_GTSPOON.csv,134,0.06536585365853659,3.334250654162844
