file,nrBest,proportionBest,entropyNrActions
nr_341_id_32_1e74a80238346db81fc209f4a0cc8376f9ee3569_SimpleNameImplTest_GTSPOON.csv,1940,0.9463414634146341,0.2990031706617196
