file,nrBest,proportionBest,entropyNrActions
nr_104_id_28_0486eaf65b7675c0e241538cd4ff32137b1e592f_Search_GTSPOON.csv,62,0.03024390243902439,1.381199481798429
