file,nrBest,proportionBest,entropyNrActions
nr_373_id_20_074b7e9ae81c9a46c610545496a7f5a01d445554_OpticalImageTest_GTSPOON.csv,2000,0.975609756097561,0.15720284917451513
