file,nrBest,proportionBest,entropyNrActions
nr_1_id_21_00037ef4793394fe92a8f786722751483ea7b824_JavaUiBridgePlugin_GTSPOON.csv,1552,0.7570731707317073,1.1356874003406154
