file,nrBest,proportionBest,entropyNrActions
nr_663_id_4_028ed06147d3ff4bffcc22a8c44bc9176a6d1948_TronGame_GTSPOON.csv,1894,0.9239024390243903,0.46477555681659966
