file,nrBest,proportionBest,entropyNrActions
nr_471_id_4_01e033ee408e0311e2815d4615d5380f797cbe8c_RackServlet_GTSPOON.csv,1843,0.8990243902439025,0.6025923888143427
