file,nrBest,proportionBest,entropyNrActions
nr_422_id_21_0ac4b2a63e454d24ccdd6937630eacd620f4802e_SearchTest_GTSPOON.csv,545,0.2658536585365854,2.221138714542241
