file,nrBest,proportionBest,entropyNrActions
nr_350_id_16_066f1038f168560b03397ec2c2d609da0e7eb822_NGramUtils_GTSPOON.csv,1837,0.8960975609756098,0.5213882496162279
