file,nrBest,proportionBest,entropyNrActions
nr_682_id_5_05b60f78051630052730201041085efe81674a13_ANCEnrollmentPage_GTSPOON.csv,1104,0.5385365853658537,1.7634435119418672
