file,nrBest,proportionBest,entropyNrActions
nr_154_id_33_12d5a5f3ccaec717942009a56089eaf34d4783d7_DomTreeTest_GTSPOON.csv,1842,0.8985365853658537,0.49493350011356774
