file,nrBest,proportionBest,entropyNrActions
nr_557_id_3_039f5bfefb5d3e3f6029c3710b4d70d712914671_Main_GTSPOON.csv,1492,0.7278048780487805,0.9966542326548508
