file,nrBest,proportionBest,entropyNrActions
nr_319_id_37_8f77b0b5d956bb7584caf68dd59d3f65f892a2c1_SettingsDialog_GTSPOON.csv,29,0.014146341463414635,3.0816254729752233
