file,nrBest,proportionBest,entropyNrActions
nr_190_id_11_02638771c05366473929b4d3718d9ba85810deb7_WorldGui_GTSPOON.csv,1933,0.9429268292682926,0.3704333296618129
