file,nrBest,proportionBest,entropyNrActions
nr_339_id_21_08d359b7a04cd1638d978f5169096f5e2a25829c_ViewOrderPagination_GTSPOON.csv,1625,0.7926829268292683,0.9022949878163316
