file,nrBest,proportionBest,entropyNrActions
nr_330_id_35_3e78aa6596343e424d75d1d4f8e215fd6d0a4817_JPDLUserTask_GTSPOON.csv,60,0.02926829268292683,1.637433037870096
