file,nrBest,proportionBest,entropyNrActions
nr_13_id_33_017ff7853a378b2393c774ce2f84a0330214f4ec_FlowIdProducerOut_GTSPOON.csv,366,0.17853658536585365,1.2720642351240867
