file,nrBest,proportionBest,entropyNrActions
nr_244_id_28_0a911f031c77c69fe456af89b4640bc780b2ba55_TemporalEntity_GTSPOON.csv,1400,0.6829268292682927,1.0847584772681464
