file,nrBest,proportionBest,entropyNrActions
nr_710_id_5_05f057d4ce6e11888a487f0c70ef00f39593ba4d_Renderer_GTSPOON.csv,195,0.0951219512195122,2.609241466006191
