file,nrBest,proportionBest,entropyNrActions
nr_199_id_13_02d8f5e62676292f086926449c28408d9c974fec_AbstractTemplateApp_GTSPOON.csv,1821,0.8882926829268293,0.6186348059616588
