file,nrBest,proportionBest,entropyNrActions
nr_108_id_11_0156b882a4afc6413211503187ecb4d6c5808003_RandomLayoutStress_GTSPOON.csv,1560,0.7609756097560976,1.1019384102586702
