file,nrBest,proportionBest,entropyNrActions
nr_505_id_15_093c31377d859a3e191ab4c140ab5439f4fe3d7e_Fish_GTSPOON.csv,2020,0.9853658536585366,0.09866743938616579
