file,nrBest,proportionBest,entropyNrActions
nr_92_id_32_08445890d6f1c944e857c27ec1eea40820d291e8_TableSelector_GTSPOON.csv,1354,0.6604878048780488,1.7502800524120532
