file,nrBest,proportionBest,entropyNrActions
nr_461_id_26_0f5a0e2980d55db73ece3a217f4ed3f39fe598af_ScopedName_GTSPOON.csv,217,0.10585365853658536,3.5074532610323748
