file,nrBest,proportionBest,entropyNrActions
nr_207_id_3_017276efe3de33e7ac60246892bd80722fa31ab2_ExecConverter_GTSPOON.csv,606,0.29560975609756096,2.343642898014821
