file,nrBest,proportionBest,entropyNrActions
nr_333_id_32_1d4442a57a46544681178291411ed85b5a88831b_OpenRevisionAction_GTSPOON.csv,193,0.09414634146341463,1.6704444477492872
