file,nrBest,proportionBest,entropyNrActions
nr_230_id_33_1c727aad12bf520a46471fe602131a3ff179ca0a_ImageUtils_GTSPOON.csv,12,0.005853658536585366,2.562871794430966
