file,nrBest,proportionBest,entropyNrActions
nr_468_id_28_149d269bcf8432993c93b42308274b5a5063ba18_VideoCamera_GTSPOON.csv,160,0.07804878048780488,2.6485040862477707
