file,nrBest,proportionBest,entropyNrActions
nr_124_id_13_01c13944747b5fc4b2f55da27914c86d4252f85d_AnyKeyboardBaseView_GTSPOON.csv,100,0.04878048780487805,3.5723832805955125
