file,nrBest,proportionBest,entropyNrActions
nr_340_id_28_0f65a295aa70b477fcd62523139c4c15af8ae6f7_GameApplet_GTSPOON.csv,1939,0.9458536585365853,0.3223941059125972
