file,nrBest,proportionBest,entropyNrActions
nr_530_id_8_0447c28448526f156a45eea9892563d364f2f7bb_Enemy_GTSPOON.csv,1932,0.9424390243902439,0.369101972938019
