file,nrBest,proportionBest,entropyNrActions
nr_318_id_5_02964d157a23ccf98e821299463ff72072e6e5c5_Application_GTSPOON.csv,452,0.22048780487804878,2.4488594208595678
