file,nrBest,proportionBest,entropyNrActions
nr_81_id_12_00f2cb221a7134c97f562be366940e852fba91b4_Pages_GTSPOON.csv,1832,0.8936585365853659,0.48020504737204167
