file,nrBest,proportionBest,entropyNrActions
nr_482_id_8_04062e004825b71606809215c907118c7b350cbc_SearchResultViewer_GTSPOON.csv,879,0.42878048780487804,2.303557043294031
