file,nrBest,proportionBest,entropyNrActions
nr_310_id_24_098799c8ab9c96283a300946304d0aaeea3f124b_Rivet_GTSPOON.csv,126,0.06146341463414634,2.3993344206282714
