file,nrBest,proportionBest,entropyNrActions
nr_463_id_31_205d02598d8da8c975ead6614f5ab3636035099e_FailoverBackupLeakTest_GTSPOON.csv,1816,0.8858536585365854,0.6700861291153091
