file,nrBest,proportionBest,entropyNrActions
nr_44_id_5_006f5c126578fc897d593ae8248f18c50b3e8e31_EntityBoatBase_GTSPOON.csv,391,0.19073170731707317,2.7109404271387256
