file,nrBest,proportionBest,entropyNrActions
nr_215_id_8_01d209c787d2a9e7dd8f6b2004a2f6ceea919322_Codegen_GTSPOON.csv,153,0.07463414634146341,2.7184284594535066
