file,nrBest,proportionBest,entropyNrActions
nr_419_id_31_1d700b027ae893b348b80c353da0cc2f738ea881_PictureData_GTSPOON.csv,1152,0.5619512195121952,1.2122628594586848
