file,nrBest,proportionBest,entropyNrActions
nr_219_id_23_0733858d0c27f35a934814730518b34266f12d38_ExpressionTransformer_GTSPOON.csv,210,0.1024390243902439,2.3340297724443633
