file,nrBest,proportionBest,entropyNrActions
nr_304_id_26_0a9b5eee283106a049d1813b6c3476f0ec93ed55_MOReceiver_GTSPOON.csv,155,0.07560975609756097,2.243877991078443
