file,nrBest,proportionBest,entropyNrActions
nr_498_id_18_095e14dbc83a84ce9e8aa674338a362ee81582b3_MvcModelContext_GTSPOON.csv,2000,0.975609756097561,0.14377624815651957
