file,nrBest,proportionBest,entropyNrActions
nr_574_id_7_05fd69054f238803943182bf129bbb27e8272078_ObjectWrapper_GTSPOON.csv,1120,0.5463414634146342,1.3580076925073707
