file,nrBest,proportionBest,entropyNrActions
nr_77_id_24_023ff5572a5f5af1335ac93a47d0da4965c401eb_Instruction_GTSPOON.csv,692,0.3375609756097561,2.7719094411836327
