file,nrBest,proportionBest,entropyNrActions
nr_285_id_31_13fa6ff2b2e3c45ac20996ae9dee9923ebd4c811_Ant_GTSPOON.csv,1902,0.9278048780487805,0.4428258662858311
