file,nrBest,proportionBest,entropyNrActions
nr_29_id_24_00e526321f33dd165a19ef7bb340837cc5b3b9b7_EngineIRVisitor_GTSPOON.csv,60,0.02926829268292683,2.502903180768237
