file,nrBest,proportionBest,entropyNrActions
nr_354_id_33_2da3fd73c2b751016bcb4404768b733a6006dc2a_AgaveFilter_GTSPOON.csv,100,0.04878048780487805,3.207302923007588
