file,nrBest,proportionBest,entropyNrActions
nr_143_id_18_02c4623e787c14b6fe2bf03da0f3411f0322fade_DawgChooser_GTSPOON.csv,948,0.4624390243902439,2.2494598899250082
