file,nrBest,proportionBest,entropyNrActions
nr_138_id_34_15c1cf252ec9d646747a03ba72fbc9fb34df1039_UsbAssume_GTSPOON.csv,1173,0.5721951219512195,1.8743040544753942
