file,nrBest,proportionBest,entropyNrActions
nr_190_id_35_24b2ee3335c6f825b022f262946c627f74c662cc_BOPVanillaCompat_GTSPOON.csv,354,0.17268292682926828,1.3358338701521384
