file,nrBest,proportionBest,entropyNrActions
nr_489_id_1_056ce5b046c1c65d76d534ed8adcd4dc79558e88_JavaPlugin_GTSPOON.csv,1341,0.6541463414634147,1.467905286870062
