file,nrBest,proportionBest,entropyNrActions
nr_609_id_8_04cff6853aa46da7e3649f3801fd1e7f27ce6037_LLVMBackendImpl_GTSPOON.csv,1663,0.811219512195122,1.0432965829835936
