file,nrBest,proportionBest,entropyNrActions
nr_470_id_9_055f367758829143868ecdd0d00f0a496a72797f_Scratch_GTSPOON.csv,2005,0.9780487804878049,0.1476536361875373
