file,nrBest,proportionBest,entropyNrActions
nr_112_id_8_00fa1ee8d80e60615bee45642234e032017dbe68_XMLValidator_GTSPOON.csv,173,0.08439024390243903,2.697396472251016
