file,nrBest,proportionBest,entropyNrActions
nr_364_id_38_efefa1c72ec923158670647d6a370e0b6b11d591_TableAreaLayout_GTSPOON.csv,54,0.026341463414634145,2.73097472027342
