file,nrBest,proportionBest,entropyNrActions
nr_152_id_1_01b0b6318634b1bb3c99cdc043512ebb829ec6da_Launcher_GTSPOON.csv,204,0.09951219512195122,2.518997859909039
