file,nrBest,proportionBest,entropyNrActions
nr_633_id_7_0688c8d57da531abe5a8180d124f4fb6f58c2ea3_FastDOReader_GTSPOON.csv,474,0.23121951219512196,2.0063509986823167
