file,nrBest,proportionBest,entropyNrActions
nr_41_id_22_00d486576bade2d03e9b34f0f49a762b10c25534_PACheck_GTSPOON.csv,184,0.0897560975609756,2.83586800774796
