file,nrBest,proportionBest,entropyNrActions
nr_26_id_20_0063ae703d3b72cd105c382914551348cbeaee1b_TwitterUtil_GTSPOON.csv,1557,0.7595121951219512,1.122739239888982
