file,nrBest,proportionBest,entropyNrActions
nr_110_id_22_02769955955208f93d49d792d02b6402df05f46d_DrawView_GTSPOON.csv,1224,0.5970731707317073,1.751166942925446
