file,nrBest,proportionBest,entropyNrActions
nr_313_id_3_01ff50890e526416bc411119863a1a3749285ac4_LogicHandler_GTSPOON.csv,1839,0.8970731707317073,0.5625869401794532
