file,nrBest,proportionBest,entropyNrActions
nr_11_id_26_0053dff90f29335365facf217a5ee9d73da320fb_NSData_GTSPOON.csv,2026,0.9882926829268293,0.08755470892704474
