file,nrBest,proportionBest,entropyNrActions
nr_162_id_23_04fb2c93706d75957c307485d384e08699742dcb_HTMLTableEmitter_GTSPOON.csv,178,0.08682926829268292,2.2105566708607434
