file,nrBest,proportionBest,entropyNrActions
nr_375_id_18_071c31ff0f116e3279925ea9ddb9b1d0ae9c5622_Partie_GTSPOON.csv,743,0.3624390243902439,1.2017140746503212
