file,nrBest,proportionBest,entropyNrActions
nr_227_id_37_644587452062f0f2a3e856db12be351406769db1_TCP_GTSPOON.csv,1087,0.5302439024390244,2.0352010192276495
