file,nrBest,proportionBest,entropyNrActions
nr_379_id_31_1a64826e32c5892359d06954017cf8674dc70cd9_MessageCompose_GTSPOON.csv,141,0.06878048780487805,2.671969103258144
