file,nrBest,proportionBest,entropyNrActions
nr_407_id_17_0811f525fefc0afa320faa47b8e1e912b050ec6a_UriTest_GTSPOON.csv,25,0.012195121951219513,1.5093574277264628
