file,nrBest,proportionBest,entropyNrActions
nr_24_id_40_47f62e4a83366dc3f8102864207a8b73cec072e5_LargeCalTag_GTSPOON.csv,1420,0.6926829268292682,1.3402336446349485
