file,nrBest,proportionBest,entropyNrActions
nr_291_id_27_0cd24d71aa31cf0d26936d79e5fdd06fd71149fb_Jogador_GTSPOON.csv,2007,0.9790243902439024,0.1464429991018524
