file,nrBest,proportionBest,entropyNrActions
nr_418_id_6_028b4fbae72d725b0553d30b7b0e0cfe1d94e9cf_TestCase_GTSPOON.csv,1831,0.8931707317073171,0.5984147979027499
