file,nrBest,proportionBest,entropyNrActions
nr_476_id_14_06ca20d5da86d2927128d7a07c8567f232a91d18_Annotation_GTSPOON.csv,1800,0.8780487804878049,0.7031203280396898
