file,nrBest,proportionBest,entropyNrActions
nr_48_id_8_007045ca68afd3fc47940c9beb926087a8d34455_InstantiateTree_GTSPOON.csv,2015,0.9829268292682927,0.10520570474832268
