file,nrBest,proportionBest,entropyNrActions
nr_499_id_31_22e4e58359d0c742ca227480d7fca30ac815ad49_MDBApp_GTSPOON.csv,1709,0.8336585365853658,0.8812758114042814
