file,nrBest,proportionBest,entropyNrActions
nr_117_id_17_0242ed3948480862b1a3e2b2bc729011a99ce2d0_NavigationTest_GTSPOON.csv,1080,0.526829268292683,1.812481625820499
