file,nrBest,proportionBest,entropyNrActions
nr_130_id_11_019df24ac7b91230136efed3aa6bd92769545827_AdminController_GTSPOON.csv,1305,0.6365853658536585,1.8267931972635791
