file,nrBest,proportionBest,entropyNrActions
nr_175_id_37_50170e681841fc0c4e85ea215fc163c9f3fc998a_PyDebugTarget_GTSPOON.csv,791,0.3858536585365854,2.2661422699119886
