file,nrBest,proportionBest,entropyNrActions
nr_82_id_25_02c929e952078ac507e0b49818f2f105c2dc281a_XMPSchema_GTSPOON.csv,311,0.15170731707317073,2.491970150464788
