file,nrBest,proportionBest,entropyNrActions
nr_87_id_16_01b45b1ce1bf97d274176175f3f032a4769629eb_FNCryptoTest_GTSPOON.csv,1533,0.7478048780487805,1.171227248740596
