file,nrBest,proportionBest,entropyNrActions
nr_343_id_8_02d32843c94575a4f7a50df78c4176e3d9bfe85c_HelloWorld_GTSPOON.csv,1907,0.9302439024390244,0.44033810511704097
