file,nrBest,proportionBest,entropyNrActions
nr_199_id_17_03ed24d674bde3b676fdf47fe51431197358e097_PopupDisplayAction_GTSPOON.csv,1756,0.8565853658536585,0.7271636881662715
