file,nrBest,proportionBest,entropyNrActions
nr_528_id_33_3eea557023236eefc7d48e37c44d04789a958aec_MathArrays_GTSPOON.csv,76,0.037073170731707315,2.6877427157650935
