file,nrBest,proportionBest,entropyNrActions
nr_234_id_33_1cf543d187a5b299c499e717dc278463ed6ca2e5_Parser_GTSPOON.csv,113,0.055121951219512196,3.1713711030138363
