file,nrBest,proportionBest,entropyNrActions
nr_695_id_4_02b418c23f7f6109844a1593e5c7cd7d5f83ab3e_GridBagLayout_GTSPOON.csv,150,0.07317073170731707,2.476272585439931
