file,nrBest,proportionBest,entropyNrActions
nr_168_id_2_0051877f8486d06f05c46ed96400da7c89442d61_CliOverlord_GTSPOON.csv,1665,0.8121951219512196,0.9676217850238688
