file,nrBest,proportionBest,entropyNrActions
nr_91_id_16_01c5037103d0f2efde6e41173a81f32a867c59fd_SP12Constants_GTSPOON.csv,75,0.036585365853658534,2.2343358425187168
