file,nrBest,proportionBest,entropyNrActions
nr_349_id_23_0b499db9d80d03c9d8bb1949e43dda49a04ea1bb_TestCase_GTSPOON.csv,1484,0.7239024390243902,1.188607273146115
