file,nrBest,proportionBest,entropyNrActions
nr_308_id_37_889022c235fa40ffe5e9759f14c83897003b185b_ImageFrame_GTSPOON.csv,1936,0.944390243902439,0.34729007197772255
