file,nrBest,proportionBest,entropyNrActions
nr_487_id_2_0102084ca78b92b501192fc543d5f8b02e92a9f4_InstrumentedPlayer_GTSPOON.csv,1918,0.935609756097561,0.4010161680258023
