file,nrBest,proportionBest,entropyNrActions
nr_291_id_12_0330d8b010d42553da12fcced5fd65f3909f2d5a_Same_GTSPOON.csv,1,0.0004878048780487805,0.7288206556527048
