file,nrBest,proportionBest,entropyNrActions
nr_191_id_35_24bce7bf94638a035f0772df9754176633469c98_FeatureFileDumper_GTSPOON.csv,1161,0.5663414634146341,1.4376252117135422
