file,nrBest,proportionBest,entropyNrActions
nr_326_id_33_2a163980dab0651f63ee156f5241e9e368f9dc6b_MvcBaseTest_GTSPOON.csv,2025,0.9878048780487805,0.08835021314322934
