file,nrBest,proportionBest,entropyNrActions
nr_67_id_26_0288e86ef78696bc3e1777f6509223ff513618f1_ConfigXMLReader_GTSPOON.csv,155,0.07560975609756097,2.9550393998001248
