file,nrBest,proportionBest,entropyNrActions
nr_459_id_37_d0336e4c894919a7cc4599135af2495344aaabbd_ShadowType_GTSPOON.csv,109,0.05317073170731707,3.6664511454830775
