file,nrBest,proportionBest,entropyNrActions
nr_382_id_10_039c328559e147f6806d1b9e7575a4adbc1cf5e2_BlockingWriteLock_GTSPOON.csv,1934,0.9434146341463414,0.3459645315860712
