file,nrBest,proportionBest,entropyNrActions
nr_198_id_35_25c015fcd88ddb76e48baec0167b5d85c99d5032_Play_GTSPOON.csv,95,0.046341463414634146,2.932913148193454
