file,nrBest,proportionBest,entropyNrActions
nr_103_id_24_03320e3ce494ab2fbf3a172eed3e81d24566925b_FileUtil_GTSPOON.csv,1939,0.9458536585365853,0.32645654725747636
