file,nrBest,proportionBest,entropyNrActions
nr_395_id_19_097ed72417e981478ecde5872748ba8b266bd0eb_DisplayFrame_GTSPOON.csv,933,0.4551219512195122,2.0475451457192366
