file,nrBest,proportionBest,entropyNrActions
nr_268_id_6_01ae0cec69a545a010c071669c897242da89241a_PluginResource_GTSPOON.csv,1938,0.9453658536585365,0.3611778823989381
