file,nrBest,proportionBest,entropyNrActions
nr_514_id_37_e5117555dd14c89b9234b39175f4cf509a468116_XYChart_GTSPOON.csv,86,0.041951219512195125,2.57831516447865
