file,nrBest,proportionBest,entropyNrActions
nr_250_id_35_307aa2e6640d3fd81eb5ac01102b4b8f07018199_ProjectPreferencesTest_GTSPOON.csv,1484,0.7239024390243902,1.0230270836155395
