file,nrBest,proportionBest,entropyNrActions
nr_640_id_7_06ae5428a3551fb90c103884d569378efd690409_NameServer_GTSPOON.csv,1547,0.7546341463414634,1.2947443310501112
