file,nrBest,proportionBest,entropyNrActions
nr_376_id_27_11200bce0884dcaf12166338274e0ba0c83a23c0_FieldReader_GTSPOON.csv,2018,0.984390243902439,0.10517105337447924
