file,nrBest,proportionBest,entropyNrActions
nr_125_id_19_03260c3e6fd9affaba4a8006bc04966e52265a66_ConfigFile_GTSPOON.csv,1388,0.6770731707317074,1.380330289806167
