file,nrBest,proportionBest,entropyNrActions
nr_89_id_34_0ef94f4512a6d16ead26c70da95ac4fb434295cd_GridUtility_GTSPOON.csv,567,0.27658536585365856,2.8498646330116264
