file,nrBest,proportionBest,entropyNrActions
nr_306_id_36_4ecb76585d2a51a4dd6765002b4b4f55dbd9510a_OtherTab_GTSPOON.csv,81,0.03951219512195122,1.4783595719458729
