file,nrBest,proportionBest,entropyNrActions
nr_319_id_31_161bd99eaa43002d2a6315ee0f7bb96adbabe3c7_Halo_GTSPOON.csv,10,0.004878048780487805,2.664186628852815
