file,nrBest,proportionBest,entropyNrActions
nr_504_id_8_0421f5f1a5d82953d0a7651c46467b55764291f7_TaskListView_GTSPOON.csv,108,0.05268292682926829,2.7773072592374737
