file,nrBest,proportionBest,entropyNrActions
nr_230_id_26_086c8e735cb67bf8092bf8a19aff9f1a6866467f_Editor_GTSPOON.csv,1254,0.6117073170731707,1.6821244482189897
