file,nrBest,proportionBest,entropyNrActions
nr_277_id_12_030d237cd70b3fb612dbe01f6bb5c68a62eab6fe_I18nProps_GTSPOON.csv,1536,0.7492682926829268,1.1459053063639821
