file,nrBest,proportionBest,entropyNrActions
nr_444_id_1_0500a00f7965581aa5e9e86e2ea4f9ac067ac457_ServerBehaviourMove_GTSPOON.csv,1352,0.6595121951219513,1.7015325081650454
