file,nrBest,proportionBest,entropyNrActions
nr_512_id_13_07b44301b70319ab3936b420702755785a03ff46_DefaultGroovyMethods_GTSPOON.csv,230,0.11219512195121951,2.3210312002958347
