file,nrBest,proportionBest,entropyNrActions
nr_488_id_21_0c45f179b347eee82cf864979ab34a7d26867709_MBeanRegistrationSupport_GTSPOON.csv,355,0.17317073170731706,1.8296161840104959
