file,nrBest,proportionBest,entropyNrActions
nr_171_id_21_0475b86190a3ac903fb7828fb84f468f68b90b00_GMapsDrivePlugIn_GTSPOON.csv,690,0.33658536585365856,2.0894205583817236
