file,nrBest,proportionBest,entropyNrActions
nr_214_id_16_040277641f38dccf31b9889964f361ccbd69e213_JsonJavaObjectI_GTSPOON.csv,2030,0.9902439024390244,0.07168555124887804
