file,nrBest,proportionBest,entropyNrActions
nr_292_id_10_02b86d8e8bf62e899d7e35083907d9ff8a75be16_XHTMLImporterImpl_GTSPOON.csv,186,0.09073170731707317,2.5659101520103014
