file,nrBest,proportionBest,entropyNrActions
nr_172_id_24_051bcbe01d341fa125f120969b7bb85d05de0ffb_TestView1_GTSPOON.csv,1929,0.9409756097560975,0.3465979268290402
