file,nrBest,proportionBest,entropyNrActions
nr_107_id_36_1a934809b5f56109e10cd72e5628b67d5f3afe13_PGraphicsOpenGL_GTSPOON.csv,125,0.06097560975609756,2.751200377306981
