file,nrBest,proportionBest,entropyNrActions
nr_137_id_35_1bf5641e7f5f2a77315cb05c26d4746ffb89e29c_IO_GTSPOON.csv,702,0.34243902439024393,1.336982082811525
