file,nrBest,proportionBest,entropyNrActions
nr_189_id_24_05a8148084ab9d5cc8ab2f85466b8a4f5e458251_MongoMappingContext_GTSPOON.csv,2017,0.9839024390243902,0.1141295857264087
