file,nrBest,proportionBest,entropyNrActions
nr_511_id_12_0580fcffd86068494324f75c041eb45df154071b_NetworkFrame_GTSPOON.csv,1280,0.624390243902439,1.7752736278408707
