file,nrBest,proportionBest,entropyNrActions
nr_74_id_36_1189af5eb06ab8c9f0362648711ecab506392451_CourseService_GTSPOON.csv,1400,0.6829268292682927,1.3323245070861471
