file,nrBest,proportionBest,entropyNrActions
nr_360_id_24_0af71962f77b8a2ec07971239dc9a29ff2c01972_SetElement_GTSPOON.csv,1742,0.8497560975609756,0.6516191048438761
