file,nrBest,proportionBest,entropyNrActions
nr_34_id_6_003ec4f424e3042eb52a5017b20a5822f56274eb_BookPagePreviewPanel_GTSPOON.csv,223,0.10878048780487805,2.3962846080734725
