file,nrBest,proportionBest,entropyNrActions
nr_433_id_25_0f1660e4ee7a04dfe8f40e2811a47629d0975703_ResourceUtil_GTSPOON.csv,1341,0.6541463414634147,1.5406042326975211
