file,nrBest,proportionBest,entropyNrActions
nr_466_id_12_050422079fe77d72f47dd0169320f855ab818880_Asteroid_GTSPOON.csv,1151,0.5614634146341464,1.838004538934248
