file,nrBest,proportionBest,entropyNrActions
nr_406_id_8_03587abd6035ed4e9ca1e2d89f35e150e7d22a99_XMPPListener_GTSPOON.csv,1565,0.7634146341463415,1.180559086818611
