file,nrBest,proportionBest,entropyNrActions
nr_569_id_8_049571af9fb217357ecec1e497e856e3bb513fca_DTDGrammar_GTSPOON.csv,14,0.006829268292682927,1.869335779366074
