file,nrBest,proportionBest,entropyNrActions
nr_397_id_21_0a5bb2edee0147aa0929223a35a1b804809c6bca_Quiz_GTSPOON.csv,104,0.050731707317073174,2.151846363697932
