file,nrBest,proportionBest,entropyNrActions
nr_19_id_25_00a499f40c54b44368e3eac73484ac52b05be56d_MultiWii210_GTSPOON.csv,10,0.004878048780487805,2.8047658725951727
