file,nrBest,proportionBest,entropyNrActions
nr_498_id_24_0eeaff98621646f2804a5273a4d7ea0073561f9f_InlineTest_GTSPOON.csv,2030,0.9902439024390244,0.06788334733524155
