file,nrBest,proportionBest,entropyNrActions
nr_192_id_17_03b8b167bd40d83cf928c918e883c131f2d442ac_URaceListener_GTSPOON.csv,117,0.05707317073170732,3.244851368355265
