file,nrBest,proportionBest,entropyNrActions
nr_482_id_25_11261c406d39c811ac88ad0c7c4676115a37de78_CassandraDataHandlerBase_GTSPOON.csv,133,0.06487804878048781,3.182599441352637
