file,nrBest,proportionBest,entropyNrActions
nr_37_id_35_0880072c2ef69ea1f97fa0748145a27ec7c9724c_NewProjectActivity_GTSPOON.csv,2000,0.975609756097561,0.15391986543300656
