file,nrBest,proportionBest,entropyNrActions
nr_480_id_9_057fee086a325ccd169ee930905a5209bd393bf7_AbsenceManager_GTSPOON.csv,744,0.36292682926829267,2.496489111980963
