file,nrBest,proportionBest,entropyNrActions
nr_393_id_2_00d0941f0241c7c8ad8c43464aaa560d81836e43_PortletUrlFilter_GTSPOON.csv,1826,0.8907317073170732,0.6758667358568347
