file,nrBest,proportionBest,entropyNrActions
nr_422_id_10_040a72591b0680e1d2f5d68bef37c1b4a27baf7d_ElementParser_GTSPOON.csv,1935,0.9439024390243902,0.357209267029961
