file,nrBest,proportionBest,entropyNrActions
nr_374_id_4_01791bd0f6801be307f9b769ef766c7816605c5f_Game_GTSPOON.csv,172,0.08390243902439025,3.202697783057821
