file,nrBest,proportionBest,entropyNrActions
nr_215_id_32_1398938e68aa07c24f4c485f886688c5a55b12a1_Table_GTSPOON.csv,40,0.01951219512195122,2.7319413115821547
