file,nrBest,proportionBest,entropyNrActions
nr_275_id_38_b8e89f656dc49f9c6a332d36157be05a75d7d42e_Database_GTSPOON.csv,789,0.3848780487804878,2.3617121040822346
