file,nrBest,proportionBest,entropyNrActions
nr_307_id_38_cd17541e9c6f4ca8cad6685bdb058f1265732706_HTMLEmitter_GTSPOON.csv,705,0.3439024390243902,2.7628987813042487
