file,nrBest,proportionBest,entropyNrActions
nr_344_id_28_0f7e277ae701812b8fdf95249c254c671c918d3b_AtmosphereFilter_GTSPOON.csv,108,0.05268292682926829,3.171116696124117
