file,nrBest,proportionBest,entropyNrActions
nr_345_id_21_09011fabcac176d45b093d8fd7104a74781f1a2e_Block2_GTSPOON.csv,1754,0.855609756097561,0.6646455638310194
