file,nrBest,proportionBest,entropyNrActions
nr_22_id_36_05c1303826f1383693a0982ea4795d515a13d7b0_PermissionUser_GTSPOON.csv,209,0.10195121951219512,2.5270678755593825
