file,nrBest,proportionBest,entropyNrActions
nr_411_id_16_07694b6e9f175039b38dfdd5002988c0604abd61_TalkMapper_GTSPOON.csv,1741,0.8492682926829268,0.6564384103324069
