file,nrBest,proportionBest,entropyNrActions
nr_567_id_33_43b13c1ae0477cee0dad73c44870737f4264fb56_PatchSetPanel_GTSPOON.csv,811,0.395609756097561,2.672774213588891
