file,nrBest,proportionBest,entropyNrActions
nr_19_id_16_0084ce1d3c743b820b4ff4afdf6138a1e7c2a261_MainAdapter_GTSPOON.csv,52,0.025365853658536587,2.3528478784222973
