file,nrBest,proportionBest,entropyNrActions
nr_174_id_18_03571f5b465a001492ad2e92b28202b9a9978975_AndroidSound_GTSPOON.csv,270,0.13170731707317074,1.2045100734758116
