file,nrBest,proportionBest,entropyNrActions
nr_53_id_37_18a784e5f742a0c706663f14933cd6c813677ef4_OWLClausification_GTSPOON.csv,40,0.01951219512195122,3.5444991119717657
