file,nrBest,proportionBest,entropyNrActions
nr_286_id_26_0a30e3b6c43e22fc306831e5b32b2b3076920524_CacheImpl_GTSPOON.csv,125,0.06097560975609756,2.9818818610441817
