file,nrBest,proportionBest,entropyNrActions
nr_121_id_13_01b5125dc44ef25f1f73e60d51947f689321a3de_AquaponicsData_GTSPOON.csv,672,0.3278048780487805,2.4066081006920776
