file,nrBest,proportionBest,entropyNrActions
nr_571_id_10_057f988e194ee1eb34077065eb31234542ca5e0a_RangeCheck_GTSPOON.csv,1651,0.8053658536585366,0.9482881055037656
