file,nrBest,proportionBest,entropyNrActions
nr_146_id_26_059f436568117b8b97c81bee1921d1bb0a98f578_SettingsActivity_GTSPOON.csv,1283,0.6258536585365854,1.6009739056351961
