file,nrBest,proportionBest,entropyNrActions
nr_290_id_27_0ccf3d4f5e8915cec1418802bcd5e3e2fb2b761d_PApplet_GTSPOON.csv,152,0.07414634146341463,2.652526028433006
