file,nrBest,proportionBest,entropyNrActions
nr_304_id_34_2a1e3a1b419672e1b4eefe42e4092365bbe52cbe_TilePump_GTSPOON.csv,5,0.0024390243902439024,4.285327381724139
