file,nrBest,proportionBest,entropyNrActions
nr_247_id_22_06699c0d911ad71d5964c68e182745f5c4144569_CalendarSyncAdapter_GTSPOON.csv,135,0.06585365853658537,3.5066704605224417
