file,nrBest,proportionBest,entropyNrActions
nr_366_id_18_06fa44a0f516ef5bdae01bc235c0dba7b2113934_UserManage_GTSPOON.csv,1637,0.7985365853658537,1.1012504171789834
