file,nrBest,proportionBest,entropyNrActions
nr_382_id_11_054019dbeafd33de4e39601e0f305926c15bad15_AllAppsList_GTSPOON.csv,1617,0.7887804878048781,1.0253569708392996
