file,nrBest,proportionBest,entropyNrActions
nr_37_id_39_385339fc645b05e7ad5d73e8a74b84e265f60d12_Main_GTSPOON.csv,1741,0.8492682926829268,0.8145211710141509
