file,nrBest,proportionBest,entropyNrActions
nr_464_id_35_59a07ae65ceb0479cc9842d2a0d65bc4c206f5f1_StyleImplTest_GTSPOON.csv,1928,0.9404878048780487,0.3550556161200761
