file,nrBest,proportionBest,entropyNrActions
nr_154_id_32_0df1be90307d969efe0efd713b79667e41f26729_VideoModule_GTSPOON.csv,63,0.03073170731707317,3.1018963563529365
