file,nrBest,proportionBest,entropyNrActions
nr_30_id_19_00da642a06b82730e576cc9e8021d6ac10f49c1d_AI_GTSPOON.csv,1816,0.8858536585365854,0.6090876111338699
