file,nrBest,proportionBest,entropyNrActions
nr_114_id_2_00360c07b23e52082e921eb47cf7a01d57ac952d_CalendarSyncAdapter_GTSPOON.csv,146,0.07121951219512195,3.3933765893092565
