file,nrBest,proportionBest,entropyNrActions
nr_569_id_1_0657548f9662775d615c83544038f7d2068bff69_ContactView_GTSPOON.csv,1837,0.8960975609756098,0.6967891435841574
