file,nrBest,proportionBest,entropyNrActions
nr_455_id_8_03cff371305cc6e030e729e54ff6b51a9b91f925_MavenModuleSet_GTSPOON.csv,1211,0.5907317073170731,1.5920861379582107
