file,nrBest,proportionBest,entropyNrActions
nr_33_id_7_0055002c3ea1eaa1eedb8686226386a2b191cbe1_KahluaParser_GTSPOON.csv,188,0.09170731707317073,2.452064765544131
