file,nrBest,proportionBest,entropyNrActions
nr_309_id_17_065886110cf038bb9ee058cfb5624bfcf2f37261_Decl_GTSPOON.csv,99,0.04829268292682927,2.994146007625485
