file,nrBest,proportionBest,entropyNrActions
nr_72_id_16_0173e47f90c34637e2146653a3a5ada63818bb64_TablePrefsTab_GTSPOON.csv,740,0.36097560975609755,2.4725505170887425
