file,nrBest,proportionBest,entropyNrActions
nr_220_id_2_0068c492a0b116735ea8a5f8994e044759391005_AirMod_GTSPOON.csv,1931,0.9419512195121951,0.3724023057645446
