file,nrBest,proportionBest,entropyNrActions
nr_509_id_14_0748bf0956302d3af0b427b787234db1d1a1dac6_MongoDbStorage_GTSPOON.csv,217,0.10585365853658536,1.6875986318545815
