file,nrBest,proportionBest,entropyNrActions
nr_266_id_9_033275d635db28638226c7d4da90b6f32679ef84_FolderSyncParser_GTSPOON.csv,59,0.02878048780487805,3.1479054518850815
