file,nrBest,proportionBest,entropyNrActions
nr_356_id_28_100ae071aa0588b479decb4222ff5bb9d6196eb4_FieldSet_GTSPOON.csv,1330,0.6487804878048781,1.4819547087966325
