file,nrBest,proportionBest,entropyNrActions
nr_445_id_9_052366e923473c7232b90367de987b5ab4dec8d2_HTMLBuilder_GTSPOON.csv,49,0.023902439024390244,2.7357860561879477
