file,nrBest,proportionBest,entropyNrActions
nr_512_id_5_04303914460a3b5e921af4720ece5d683cc5b396_TActiveOmniMod_GTSPOON.csv,1064,0.5190243902439025,1.7937869324443672
