file,nrBest,proportionBest,entropyNrActions
nr_262_id_38_af1e9d566d984c7683cf3742d5adac13bde1a549_StartTLS_GTSPOON.csv,200,0.0975609756097561,1.8303228081226226
