file,nrBest,proportionBest,entropyNrActions
nr_674_id_8_053a23a04174664f604cb87535bae3bbc701c29e_QuestionView_GTSPOON.csv,828,0.40390243902439027,2.4687340029973432
