file,nrBest,proportionBest,entropyNrActions
nr_321_id_11_04236e089db3ad6a5e0711b3cb42401fe2af7478_AjaxBehaviorHandler_GTSPOON.csv,168,0.08195121951219513,2.3183284449521873
