file,nrBest,proportionBest,entropyNrActions
nr_386_id_12_04272e335a8987b6a4cad733200a6126e389b491_AbstractSolrOntologyService_GTSPOON.csv,1757,0.8570731707317073,0.6392195448455599
