file,nrBest,proportionBest,entropyNrActions
nr_257_id_22_069f128244910e2e637910bec3e70a56b9b0e956_Clergyman_GTSPOON.csv,1939,0.9458536585365853,0.3392791006267364
