file,nrBest,proportionBest,entropyNrActions
nr_349_id_30_1576a2bad6806e5e4877be99b3bfe1c0d4d8a6bb_NetMash_GTSPOON.csv,5,0.0024390243902439024,3.378588779601105
