file,nrBest,proportionBest,entropyNrActions
nr_401_id_9_04ac35a5c4039f1ef2d85bfc5abea71662cd2847_FlipScreen_GTSPOON.csv,1325,0.6463414634146342,1.4618444453222352
