file,nrBest,proportionBest,entropyNrActions
nr_193_id_27_08b3823211accf2ab78493d7cee679d69ac1f793_ImporterTopLevel_GTSPOON.csv,1342,0.6546341463414634,1.523887349467174
