file,nrBest,proportionBest,entropyNrActions
nr_361_id_31_18f985182392810161598dd4aa942ec6544fe080_TestTFunc_GTSPOON.csv,1843,0.8990243902439025,0.5465565339983185
