file,nrBest,proportionBest,entropyNrActions
nr_57_id_38_25bb64cd0775be93b448d931edfc422c72a8b5f8_DOMUtils_GTSPOON.csv,209,0.10195121951219512,2.496109593553933
