file,nrBest,proportionBest,entropyNrActions
nr_84_id_14_012da9cd74cbc06989cb063aa4a1e5c51ed12677_DOMUtil_GTSPOON.csv,1575,0.7682926829268293,1.0677029110299843
