file,nrBest,proportionBest,entropyNrActions
nr_174_id_12_01f13eb999170ea7fd14dfc9b317a9ad0c677958_CCNInputStream_GTSPOON.csv,1380,0.6731707317073171,1.4761507258091535
