file,nrBest,proportionBest,entropyNrActions
nr_215_id_23_0700a7443aab94e482f83327cb9b62b82f867114_BXFolder_GTSPOON.csv,204,0.09951219512195122,1.914170077459185
