file,nrBest,proportionBest,entropyNrActions
nr_96_id_10_00c1173f6b2e9726b2f3ea412432c5b7a57de1d6_ID3v1Genres_GTSPOON.csv,1900,0.926829268292683,0.33134718771910027
