file,nrBest,proportionBest,entropyNrActions
nr_384_id_14_05a0a332dec2eef4515f9638327130b960793f36_SetupScreen_GTSPOON.csv,887,0.4326829268292683,2.2225226162286207
