file,nrBest,proportionBest,entropyNrActions
nr_167_id_7_01d41773d50aa5598441186b8fdba8c36650450d_FileTest_GTSPOON.csv,1188,0.5795121951219512,1.6200884526513604
