file,nrBest,proportionBest,entropyNrActions
nr_364_id_16_069e2422b9f819a91fc6436d5a2044c3c8699653_EuchreTabletGame_GTSPOON.csv,909,0.44341463414634147,2.1373771417815153
