file,nrBest,proportionBest,entropyNrActions
nr_183_id_28_0822805ab10a02d456bfa090033c0b2d462a3577_QueryTest_GTSPOON.csv,210,0.1024390243902439,2.3321589612411087
