file,nrBest,proportionBest,entropyNrActions
nr_231_id_17_04a80fca075b6051a51905b8f9f66723959cbbd5_DispatchNotify_GTSPOON.csv,1816,0.8858536585365854,0.6449370556809612
