file,nrBest,proportionBest,entropyNrActions
nr_274_id_2_008b528cbd52fbd8180da56e6e4d251d1a503293_LatinIME_GTSPOON.csv,160,0.07804878048780488,2.7508549912828215
