file,nrBest,proportionBest,entropyNrActions
nr_733_id_1_0857299795e57711e040b05fdb95c7b61b3bd6a6_ContactListItemView_GTSPOON.csv,200,0.0975609756097561,2.488244943408666
