file,nrBest,proportionBest,entropyNrActions
nr_250_id_26_091531915019f4e82075f48383d3399f81d6cfa9_MultipleRoiComputePanel_GTSPOON.csv,955,0.4658536585365854,1.7929072334231082
