file,nrBest,proportionBest,entropyNrActions
nr_67_id_16_01697c6838c1defe55c8aa4a06052779eff66560_PlayMenu_GTSPOON.csv,133,0.06487804878048781,3.365732183318178
