file,nrBest,proportionBest,entropyNrActions
nr_74_id_26_02c9232ebf2a4eb71349a901584f8b6db0669054_JSONFormat_GTSPOON.csv,5,0.0024390243902439024,0.48530008239404215
