file,nrBest,proportionBest,entropyNrActions
nr_333_id_16_06218e8c6342c79beefe7476678e7929e31eb366_QueryData_GTSPOON.csv,157,0.07658536585365854,1.6298351645515183
