file,nrBest,proportionBest,entropyNrActions
nr_213_id_24_067b8eecec33a64b3a24e5d3632f0fc432cd70c9_Tile_GTSPOON.csv,741,0.36146341463414633,2.05995739573531
