file,nrBest,proportionBest,entropyNrActions
nr_17_id_37_06893a45e7d732871d52d346f3a8f601b4485ae9_SyncManager_GTSPOON.csv,162,0.07902439024390244,2.8037601025244636
