file,nrBest,proportionBest,entropyNrActions
nr_297_id_23_097203ed32c100add2297df7b7f962940fe848ca_PDOMManager_GTSPOON.csv,191,0.09317073170731707,2.522712725739494
