file,nrBest,proportionBest,entropyNrActions
nr_140_id_35_1caf4788db2ef9b40d3691d615b24d829b77cf44_DataExportActivity_GTSPOON.csv,315,0.15365853658536585,3.1871549092045672
