file,nrBest,proportionBest,entropyNrActions
nr_494_id_15_09150c98a8e5d41af893417880671e1931849e13_Main_GTSPOON.csv,188,0.09170731707317073,1.4273576199592204
