file,nrBest,proportionBest,entropyNrActions
nr_386_id_29_16776620062afcbc3c1c7c1c6e8397e4d15b94b8_TourBehavior_GTSPOON.csv,2030,0.9902439024390244,0.07116633107675012
