file,nrBest,proportionBest,entropyNrActions
nr_423_id_28_12a7bbd67225413880d42082f37807c7ccd43c30_CartoEventManagerImpl_GTSPOON.csv,209,0.10195121951219512,1.5426653438864777
