file,nrBest,proportionBest,entropyNrActions
nr_690_id_5_05c1cb53a260d3df2ca06901dc065d14a5f742a7_MemoryMeter_GTSPOON.csv,1724,0.8409756097560975,0.8728797716340867
