file,nrBest,proportionBest,entropyNrActions
nr_420_id_23_0d0f6ab41eef118737ce69159fa0da816239ed11_BpelEngineImpl_GTSPOON.csv,1177,0.5741463414634146,1.76642172880258
