file,nrBest,proportionBest,entropyNrActions
nr_274_id_7_02e7a2a3ac77799fbe132e2d79892aa9810c1dc6_ContactListPane_GTSPOON.csv,824,0.40195121951219515,2.2255351265715637
