file,nrBest,proportionBest,entropyNrActions
nr_321_id_5_029b3f885b5c90f26917b9489a491bb683e9b796_About_GTSPOON.csv,1743,0.8502439024390244,0.6495937312872453
