file,nrBest,proportionBest,entropyNrActions
nr_526_id_14_078849ed12b7b83fd9b93c958b332e8f4c6c8cdf_XMLBeansType_GTSPOON.csv,1904,0.9287804878048781,0.40118341319439405
