file,nrBest,proportionBest,entropyNrActions
nr_21_id_4_0011a3f1822294d90e4977b6da0a79747bd99518_ResultsCollector_GTSPOON.csv,1739,0.8482926829268292,0.8248269788033675
