file,nrBest,proportionBest,entropyNrActions
nr_311_id_23_0a017593dcbeab409c1634da87b3f500b848e903_DeclarePrecedence_GTSPOON.csv,1747,0.8521951219512195,0.818613934480289
