file,nrBest,proportionBest,entropyNrActions
nr_448_id_27_14a2112306d050264f6a43fa30b85c131306e0ff_TranslatorSymbolTable_GTSPOON.csv,1548,0.7551219512195122,1.1880561641016765
