file,nrBest,proportionBest,entropyNrActions
nr_124_id_24_03b9c7d083af189b51050819b93f4226b160541c_FacebookContactSync_GTSPOON.csv,1719,0.8385365853658536,0.9116470238906358
