file,nrBest,proportionBest,entropyNrActions
nr_209_id_31_0ec8f7a684b72a2c8d8fe26d60b4d465e72fc3f5_MapActivity_GTSPOON.csv,403,0.19658536585365854,2.6396423707212175
