file,nrBest,proportionBest,entropyNrActions
nr_353_id_23_0b580e2b2826dfca594424a999b3ca21004bd87f_SearchBox_GTSPOON.csv,1723,0.8404878048780487,0.8464179893221158
