file,nrBest,proportionBest,entropyNrActions
nr_107_id_19_0290adf5b595a673c1fc453941e7f46084a995f5_CodeCompiler_GTSPOON.csv,167,0.08146341463414634,2.5871842928582183
