file,nrBest,proportionBest,entropyNrActions
nr_103_id_1_0111139e61d857da7beb285c9822f994c68a990c_NavigationView_GTSPOON.csv,1741,0.8492682926829268,0.7887058974504343
