file,nrBest,proportionBest,entropyNrActions
nr_191_id_27_08aedd3e0fc744488b7c97c580ca5f178ac516b3_LineConnection_GTSPOON.csv,2007,0.9790243902439024,0.1442060197402302
