file,nrBest,proportionBest,entropyNrActions
nr_693_id_4_02b2cb0503437be51c87f5e6a3b7632c9087d3ba_TileEntityPillar_GTSPOON.csv,1822,0.8887804878048781,0.5892579536783596
