file,nrBest,proportionBest,entropyNrActions
nr_212_id_6_0162e5a069e1eb1652ededc385698136ff05d83a_JPakeCrypto_GTSPOON.csv,1379,0.6726829268292683,1.4237040910302297
