file,nrBest,proportionBest,entropyNrActions
nr_379_id_21_09f11e6b899b67e5ffbb8472f1029057ef819458_OsdPlugin_GTSPOON.csv,2025,0.9878048780487805,0.08999170501398362
