file,nrBest,proportionBest,entropyNrActions
nr_369_id_22_090c12a0a4a7562df069299d9d6657afffa14079_GuiController_GTSPOON.csv,1911,0.9321951219512196,0.4265688942053153
