file,nrBest,proportionBest,entropyNrActions
nr_450_id_21_0b8843fa35a8167abd13285cc8fd42f46d8645ff_MultiBaseSearch_GTSPOON.csv,1938,0.9453658536585365,0.3529019426699317
