file,nrBest,proportionBest,entropyNrActions
nr_156_id_16_031821f3382e956597f68d4158ffe5b18efdb3c0_CacheService_GTSPOON.csv,2,0.000975609756097561,2.4863911213607093
