file,nrBest,proportionBest,entropyNrActions
nr_397_id_22_097c50356fbd378004299d65c9e5bbb862b8be35_SsoServerSessSvcImpl_GTSPOON.csv,1902,0.9278048780487805,0.4421768678705984
