file,nrBest,proportionBest,entropyNrActions
nr_49_id_29_02e29e4b7927564373e6891174d57190cf960cae_DataBankConnection_GTSPOON.csv,152,0.07414634146341463,2.7873645743939477
