file,nrBest,proportionBest,entropyNrActions
nr_55_id_16_013323f8f4d7411832ad588cec0773c4a696f9bb_GroupView_GTSPOON.csv,1256,0.6126829268292683,1.677487385807503
