file,nrBest,proportionBest,entropyNrActions
nr_335_id_31_17460bce3813bd8030ff687ea2f658620b27da7c_ClientProxy_GTSPOON.csv,1185,0.5780487804878048,1.5742303511626314
