file,nrBest,proportionBest,entropyNrActions
nr_25_id_30_021996fea6144be69893d2254172222946039535_LegacyContactImporterTest_GTSPOON.csv,1529,0.7458536585365854,1.0924038666556053
