file,nrBest,proportionBest,entropyNrActions
nr_257_id_30_104f933ab690580c184eacb6375dc4d13230ec52_ImageJ3DTableCellView_GTSPOON.csv,987,0.4814634146341463,2.405803574326392
