file,nrBest,proportionBest,entropyNrActions
nr_13_id_2_0009dee57061b384dcf4a837256bf458ff4fd986_CallTagHandler_GTSPOON.csv,1928,0.9404878048780487,0.38152832074638987
