file,nrBest,proportionBest,entropyNrActions
nr_188_id_24_05a22da0421001111fd72e4b002bb20c004397ad_BusinessObjectQueryTest_GTSPOON.csv,1814,0.8848780487804878,0.6539602453299961
