file,nrBest,proportionBest,entropyNrActions
nr_648_id_1_0754fc044a4080e121232ea6149510af03c474f4_PlotDataComponent_GTSPOON.csv,183,0.08926829268292683,2.557723362638426
