file,nrBest,proportionBest,entropyNrActions
nr_225_id_15_0428be4bca2f8a1b665dd9b1c9a75fa4c730d3b2_OracleDAO_GTSPOON.csv,183,0.08926829268292683,2.448346002300217
