file,nrBest,proportionBest,entropyNrActions
nr_166_id_14_0236f551bb5edf6e832868a30898ac24b71425e3_TestAuthService_GTSPOON.csv,1825,0.8902439024390244,0.40443240089265287
