file,nrBest,proportionBest,entropyNrActions
nr_54_id_29_0354c8c8cfc2f3e52c90ec7691a5504b8e1810e9_AddNewsSourceDialog_GTSPOON.csv,1658,0.8087804878048781,0.9229613344648326
