file,nrBest,proportionBest,entropyNrActions
nr_206_id_17_041dcc1680fce40c05ca55fd2d958c0d618cb357_SvnAddCommand_GTSPOON.csv,5,0.0024390243902439024,0.45055372332653576
