file,nrBest,proportionBest,entropyNrActions
nr_336_id_18_0697bd6668c83dc992654bb320e43317f2f16f32_IssueApp_GTSPOON.csv,1746,0.8517073170731707,0.7699586480198788
