file,nrBest,proportionBest,entropyNrActions
nr_86_id_20_01c085fcea31a5122f5a4824eadf2486be349880_AdtPrefs_GTSPOON.csv,1744,0.8507317073170731,0.8483593919715271
