file,nrBest,proportionBest,entropyNrActions
nr_410_id_11_0592324200e44e7686dc40859c6c15fed59f5a24_FxData_GTSPOON.csv,1000,0.4878048780487805,1.8881475234499039
