file,nrBest,proportionBest,entropyNrActions
nr_262_id_8_0236c892e6e2a1c313f26380b5d23269600d0c2f_XmlDictInputOutput_GTSPOON.csv,1540,0.751219512195122,1.2613495296397341
