file,nrBest,proportionBest,entropyNrActions
nr_86_id_1_00f068adf25922808121538f0b6482ceea000786_TableColumnChooser_GTSPOON.csv,1847,0.9009756097560976,0.5401720528955128
