file,nrBest,proportionBest,entropyNrActions
nr_87_id_1_00f0941142e9b9b8da5a999771467a1046885f5a_MetadataWriter_GTSPOON.csv,485,0.23658536585365852,1.9732368380209575
