file,nrBest,proportionBest,entropyNrActions
nr_185_id_2_00596ed496c32412d2383719e51c395c1dfa8217_ScionManager_GTSPOON.csv,335,0.16341463414634147,2.3757383768050255
