file,nrBest,proportionBest,entropyNrActions
nr_611_id_2_015071e6aa45b7afc31e010f2fee57f58d66b190_SaatysTools_GTSPOON.csv,1496,0.7297560975609756,1.1740184308001502
