file,nrBest,proportionBest,entropyNrActions
nr_451_id_14_068b53dd5de928fd80815b54963af796f51f1c38_CompactionsPurgeTest_GTSPOON.csv,95,0.046341463414634146,2.874056975836522
