file,nrBest,proportionBest,entropyNrActions
nr_391_id_13_05b6555930b2c9c5fc21a968b7e92a5a90cd3bed_IsEmpty_GTSPOON.csv,2000,0.975609756097561,0.1601626267744743
