file,nrBest,proportionBest,entropyNrActions
nr_510_id_31_236b8213da36fb2a815772fa828e68dc008caf07_Convention_GTSPOON.csv,147,0.07170731707317073,2.660595856452387
