file,nrBest,proportionBest,entropyNrActions
nr_104_id_30_06cd6624d91358b6245679dec10b0e4fd761f4f1_Tree_GTSPOON.csv,1309,0.6385365853658537,1.6310153331756228
