file,nrBest,proportionBest,entropyNrActions
nr_379_id_24_0b8f90f247dfae611fbae3f3849e7d904aee52aa_Main_GTSPOON.csv,20,0.00975609756097561,1.0268119647482272
