file,nrBest,proportionBest,entropyNrActions
nr_529_id_8_0446220f374779299fd47267fcfe07242102304d_LiveCMN_GTSPOON.csv,1745,0.8512195121951219,0.7680214662234174
