file,nrBest,proportionBest,entropyNrActions
nr_217_id_10_020113f1d206c036a4281e390014889bc350e361_JavaTranslator_GTSPOON.csv,175,0.08536585365853659,2.524277482396284
