file,nrBest,proportionBest,entropyNrActions
nr_26_id_28_017a930cfbafb18f73130d453443c6b618aab7ed_VerseAdapter_GTSPOON.csv,152,0.07414634146341463,3.0594325660580903
