file,nrBest,proportionBest,entropyNrActions
nr_62_id_18_00f967c3976f2d2d8672b033fc355f4f0d9b978d_LevelUpFragment_GTSPOON.csv,1638,0.7990243902439025,1.0876737311309757
