file,nrBest,proportionBest,entropyNrActions
nr_316_id_30_136bf2d958c21befbf94f640bd91da3283496db1_Browser_GTSPOON.csv,13,0.006341463414634147,1.3517876237542654
