file,nrBest,proportionBest,entropyNrActions
nr_489_id_15_090b1bfa896dcc6dd5752f2667faf216691842d9_ComponentContainer_GTSPOON.csv,1632,0.7960975609756098,1.0343570085353493
