file,nrBest,proportionBest,entropyNrActions
nr_429_id_29_18fcb3f4dbc75856b06b8525fa5bcf3ef1364398_MethodTest_GTSPOON.csv,1635,0.7975609756097561,0.8547133050266502
