file,nrBest,proportionBest,entropyNrActions
nr_463_id_10_046cfa1bd062cc884c65822a59bf1f24969ba300_H2CreateQuery_GTSPOON.csv,1743,0.8502439024390244,0.835536085401114
