file,nrBest,proportionBest,entropyNrActions
nr_471_id_8_03e898ea4fd79b5d11f43872be6a5d4890a912a2_InOutBinder_GTSPOON.csv,1456,0.7102439024390244,1.2611645648360366
