file,nrBest,proportionBest,entropyNrActions
nr_376_id_22_0924623f6a1452f68c248b35113f1824a1ade30f_ITextualDate_GTSPOON.csv,16,0.007804878048780488,2.5612093943017187
