file,nrBest,proportionBest,entropyNrActions
nr_260_id_11_036cec33665d14794b49b79adeb58163362184a5_VariablePresenterTest_GTSPOON.csv,1918,0.935609756097561,0.3958869791458942
