file,nrBest,proportionBest,entropyNrActions
nr_238_id_35_2e1f7068073c07094e6cbf470bc9328a1f2c13f3_WsdlMockOperation_GTSPOON.csv,682,0.3326829268292683,2.286837389966766
