file,nrBest,proportionBest,entropyNrActions
nr_342_id_9_0416f36a0c56b80a20197866617157eba50832b7_UIProjection_GTSPOON.csv,1748,0.8526829268292683,0.7462988520365428
