file,nrBest,proportionBest,entropyNrActions
nr_360_id_6_022da0a7df2c1825b933961c35eb690a6ec7dc97_EmitterImpl_GTSPOON.csv,186,0.09073170731707317,2.8005875326021155
