file,nrBest,proportionBest,entropyNrActions
nr_210_id_25_06f42f54c0ed6109f6e9ccd4f19045396edd34bd_praatEdit_GTSPOON.csv,13,0.006341463414634147,3.457888672192531
