file,nrBest,proportionBest,entropyNrActions
nr_458_id_13_06c26b2e9af2935539ad5cd90d585c79eb7d52a4_TransportObject_GTSPOON.csv,1573,0.7673170731707317,0.9736252280740282
