file,nrBest,proportionBest,entropyNrActions
nr_24_id_34_037046d69b08c51f82c1482fd171934cfbb6c965_InfoflowProblem_GTSPOON.csv,10,0.004878048780487805,4.947409296777096
