file,nrBest,proportionBest,entropyNrActions
nr_198_id_34_1d79d4009de41533d399380615efaf75471c6e5e_CCScrollView_GTSPOON.csv,36,0.0175609756097561,2.93886770908677
