file,nrBest,proportionBest,entropyNrActions
nr_442_id_7_04b0526fbef5ccba10693a97bb8834e2dd526311_DOMHelper_GTSPOON.csv,1393,0.6795121951219513,1.2559094099710482
