file,nrBest,proportionBest,entropyNrActions
nr_458_id_13_06c26b2e9af2935539ad5cd90d585c79eb7d52a4_User_GTSPOON.csv,1118,0.5453658536585366,1.8297107383235753
