file,nrBest,proportionBest,entropyNrActions
nr_72_id_33_09b32e806f2559339d6244d6855605f8e1405cb9_SetupWizardActivity_GTSPOON.csv,580,0.28292682926829266,2.9653172356778033
