file,nrBest,proportionBest,entropyNrActions
nr_387_id_6_0258fefa350be49f0e1d8e644486542900f2a88f_EventListenerBaseImpl_GTSPOON.csv,1600,0.7804878048780488,1.0821435168847686
