file,nrBest,proportionBest,entropyNrActions
nr_137_id_31_09c49d778884de8587c13770c9c381de56e834a3_VcardResolver_GTSPOON.csv,1465,0.7146341463414634,1.084951042091361
