file,nrBest,proportionBest,entropyNrActions
nr_83_id_5_00ba11c4a44278c65b5b38ac09805b7a3d7fb9ce_Camera_GTSPOON.csv,760,0.37073170731707317,1.6015762429083114
