file,nrBest,proportionBest,entropyNrActions
nr_70_id_17_013758b2f55822eccb953eddc6083e691db93e34_Executor_GTSPOON.csv,1329,0.6482926829268293,1.5337156367583396
