file,nrBest,proportionBest,entropyNrActions
nr_64_id_20_013401ce3bf255ed1ae418ecc381c3ead18a64c5_Main_GTSPOON.csv,16,0.007804878048780488,1.6689230543770308
