file,nrBest,proportionBest,entropyNrActions
nr_187_id_31_0d0803c96e8cb62fb734c6c6696444ad53724e5b_Main_GTSPOON.csv,1626,0.7931707317073171,0.9715942693601817
