file,nrBest,proportionBest,entropyNrActions
nr_18_id_8_0028c3e775d755035eb3471944daa339f71e84cd_HiveConf_GTSPOON.csv,120,0.05853658536585366,2.2360076146917836
