file,nrBest,proportionBest,entropyNrActions
nr_298_id_13_0458f8a10618e471cc201f38d200a66fd1e0662c_CreateEmptyEnsembleFeature_GTSPOON.csv,2015,0.9829268292682927,0.11683827925808392
