file,nrBest,proportionBest,entropyNrActions
nr_282_id_14_043efb020949ffe3f9aea261d131695e44c62e3d_SMSEntry_GTSPOON.csv,200,0.0975609756097561,2.524839780682276
