file,nrBest,proportionBest,entropyNrActions
nr_381_id_15_06fe2fa2ed0ea48a79cd1b4f0df53947765d70e5_Connector_GTSPOON.csv,176,0.08585365853658537,3.1961577337982705
