file,nrBest,proportionBest,entropyNrActions
nr_49_id_6_0057d04688668cb58576d8488365fc31826c4871_AbstractELCompletionEngine_GTSPOON.csv,119,0.05804878048780488,3.83767234302388
