file,nrBest,proportionBest,entropyNrActions
nr_509_id_28_16dbfd319cdf37a42f565edd1e3d6bde55138517_Derporia_GTSPOON.csv,2005,0.9780487804878049,0.13769324242532205
