file,nrBest,proportionBest,entropyNrActions
nr_106_id_39_ac87201d63fb87d0d1ef90f64bca86f6662bc3fb_Posts_GTSPOON.csv,106,0.05170731707317073,2.428002546772752
