file,nrBest,proportionBest,entropyNrActions
nr_116_id_7_014b2994c2655c7c5de177701bb13429732258ff_JdbcFeedSource_GTSPOON.csv,103,0.05024390243902439,2.885454503761323
