file,nrBest,proportionBest,entropyNrActions
nr_275_id_12_0302b5f91189a8b2c1e22f5a299f1ea81e599b1e_GLJPanel_GTSPOON.csv,106,0.05170731707317073,2.666879521334108
