file,nrBest,proportionBest,entropyNrActions
nr_470_id_3_0317d11f7deffcfeec8ea4cd60077fe283396481_ProxyImpl_GTSPOON.csv,179,0.0873170731707317,3.0405512314009653
