file,nrBest,proportionBest,entropyNrActions
nr_322_id_37_917a31e29438f222eb1401a3b7c00b0e00835660_Album_GTSPOON.csv,1602,0.7814634146341464,1.0038470636824772
