file,nrBest,proportionBest,entropyNrActions
nr_382_id_27_114be582e804d796119598ada772a81fee0b9f4e_ProjectManager_GTSPOON.csv,905,0.44146341463414634,2.1611417788937324
