file,nrBest,proportionBest,entropyNrActions
nr_299_id_15_0594ad6a91da52b13b880632cde11f52c8d20894_RewardVirtual_GTSPOON.csv,1737,0.8473170731707317,0.8104500345409903
