file,nrBest,proportionBest,entropyNrActions
nr_496_id_6_03041b146f7ef3315fa9bb7dd860d5918e56bbfa_ThemeService_GTSPOON.csv,1815,0.8853658536585366,0.6178305731010558
