file,nrBest,proportionBest,entropyNrActions
nr_468_id_3_03169f221a012a2bcfbc38a543edc232a2191d9f_ModelEditor_GTSPOON.csv,1201,0.5858536585365853,1.7422767668915273
