file,nrBest,proportionBest,entropyNrActions
nr_303_id_38_c8957caae1a1e47f07699802c051c4e3858fe0c4_Molecules_GTSPOON.csv,177,0.08634146341463414,2.6111887134066833
