file,nrBest,proportionBest,entropyNrActions
nr_418_id_25_0e7cb68474117fffbf2060b750afe4b7ef095a63_StreamJob_GTSPOON.csv,32,0.015609756097560976,3.215510808200784
