file,nrBest,proportionBest,entropyNrActions
nr_182_id_25_060d41a1f54b3f92c1997122575f4fe72ff7dd75_HTMLObjectElement_GTSPOON.csv,1559,0.7604878048780488,1.1839692099584382
