file,nrBest,proportionBest,entropyNrActions
nr_311_id_15_05d11a7d3ca59c9f194fc604396b1c47355342c8_AbstractControllerImpl_GTSPOON.csv,91,0.04439024390243902,3.207021128253445
