file,nrBest,proportionBest,entropyNrActions
nr_456_id_32_28343db5b9cf05492856bb82e692a98f04030272_BasicPreferenceActivity_GTSPOON.csv,680,0.33170731707317075,2.3586857512507224
