file,nrBest,proportionBest,entropyNrActions
nr_357_id_17_0717caadfddc03a791890404e5241bf6c521e38c_CoolBarLCA_Test_GTSPOON.csv,1575,0.7682926829268293,0.9085722224566606
