file,nrBest,proportionBest,entropyNrActions
nr_280_id_29_107e0456f0f2e5d67519f68562d89ad11cb5c8e9_RenderPlayer_GTSPOON.csv,80,0.03902439024390244,2.3822615107380622
