file,nrBest,proportionBest,entropyNrActions
nr_533_id_14_079f1beee56f176cb2ede643809654921b2b4abb_ModelInfo_GTSPOON.csv,6,0.002926829268292683,1.1072940937966234
