file,nrBest,proportionBest,entropyNrActions
nr_59_id_27_02b4c619a9ed8afc161190c3f074f44e1228d8f2_SenseMainActivity_GTSPOON.csv,158,0.07707317073170732,2.9526239189948953
