file,nrBest,proportionBest,entropyNrActions
nr_131_id_35_1b2aab5c09195371b811e38c763dfd57081328e5_DefaultScheduleEvent_GTSPOON.csv,1839,0.8970731707317073,0.5542138250283508
