file,nrBest,proportionBest,entropyNrActions
nr_485_id_25_11455c57575e0873bbf182320b3515c8f069cb51_PublicationHasAuthorValidator_GTSPOON.csv,38,0.018536585365853658,1.729236914634373
