file,nrBest,proportionBest,entropyNrActions
nr_100_id_4_0054115c9ba7d7c51083ab31cfc669115586df8c_VAccordion_GTSPOON.csv,570,0.2780487804878049,2.532413610277918
