file,nrBest,proportionBest,entropyNrActions
nr_559_id_11_08033ed388b5738ff2f52ffc7b48323bcbee9b54_OgreXmlLoader_GTSPOON.csv,355,0.17317073170731706,2.986881920393154
