file,nrBest,proportionBest,entropyNrActions
nr_559_id_1_063e38a3ce5d4960a504609beb41d00f77946c19_GDHDMovieActivity_GTSPOON.csv,650,0.3170731707317073,2.3357860962039427
