file,nrBest,proportionBest,entropyNrActions
nr_11_id_39_120edc11791f615754af593f5cbba5901790a111_LoginScreen_GTSPOON.csv,1247,0.6082926829268293,1.5611425286788858
