file,nrBest,proportionBest,entropyNrActions
nr_543_id_8_0460f8fd614f1cb2f307a6a88e7c4e3b3d393474_MsgInfo_GTSPOON.csv,196,0.09560975609756098,2.912070769501139
