file,nrBest,proportionBest,entropyNrActions
nr_236_id_23_07aba9527ddd6f096858840bfa8907510d9c2786_Main_GTSPOON.csv,1305,0.6365853658536585,1.6250973951529792
