file,nrBest,proportionBest,entropyNrActions
nr_217_id_27_099b08d3af701df647c25f55a7ed9b6e7fdb8b96_EditPJ_GTSPOON.csv,1929,0.9409756097560975,0.38337863495968577
