file,nrBest,proportionBest,entropyNrActions
nr_58_id_21_01d3dce0fdf0f8883a3bba18806ca1261b1c832d_TestResult_GTSPOON.csv,1908,0.9307317073170732,0.4433654242702515
