file,nrBest,proportionBest,entropyNrActions
nr_338_id_24_0a6d0b9cd756b5e940325035356433cb07fb9578_LogFetcher_GTSPOON.csv,135,0.06585365853658537,2.868829669284053
