file,nrBest,proportionBest,entropyNrActions
nr_339_id_28_0f640e08ff7c4b32b04174417f19f3af5fad2490_SWTBotFactory_GTSPOON.csv,720,0.35121951219512193,2.37652270509314
