file,nrBest,proportionBest,entropyNrActions
nr_22_id_19_00bef82fdc2b6a4acf81e0f55b03558b54c410de_Shader_GTSPOON.csv,792,0.38634146341463416,2.280250651338405
