file,nrBest,proportionBest,entropyNrActions
nr_140_id_28_065c7e3175424c37a88c936212bb6b76c43e514b_Peer_GTSPOON.csv,320,0.15609756097560976,1.5016056462155885
