file,nrBest,proportionBest,entropyNrActions
nr_427_id_10_041b0ed87505814f8941a8ad891c94e95c0f8627_BetaMoveRuleSet_GTSPOON.csv,34,0.016585365853658537,2.16871917674799
