file,nrBest,proportionBest,entropyNrActions
nr_517_id_28_17221502a016c6283a99ec0bea403145ff785fb8_SimpleAsyncHttpClient_GTSPOON.csv,350,0.17073170731707318,2.4092209007165892
