file,nrBest,proportionBest,entropyNrActions
nr_495_id_37_dde16e11b19df26c4d1c2af330fcc4b906730ebd_Frame_GTSPOON.csv,149,0.07268292682926829,3.21064406213088
