file,nrBest,proportionBest,entropyNrActions
nr_55_id_1_008c0ebbd1f9dd34a72409bb20245d90aca8d7b9_AllTest_GTSPOON.csv,2013,0.9819512195121951,0.11250639522925096
