file,nrBest,proportionBest,entropyNrActions
nr_21_id_38_0cd3e18793ada52d238411440010b87374fa24e5_Runner_GTSPOON.csv,1186,0.5785365853658536,1.7868619803979426
