file,nrBest,proportionBest,entropyNrActions
nr_329_id_23_0aa5b599f392089481b88338900eb46dc744be66_GremlinScriptEngineTest_GTSPOON.csv,210,0.1024390243902439,2.02848607740696
