file,nrBest,proportionBest,entropyNrActions
nr_449_id_23_0e0497d038dab894e9d1d562a889799cc2825f2c_CreateGameActivity_GTSPOON.csv,1125,0.5487804878048781,2.104298464014243
