file,nrBest,proportionBest,entropyNrActions
nr_635_id_8_04fa211e66940b785136ae94d380d20124b86fb2_ProvisionParser_GTSPOON.csv,979,0.4775609756097561,2.0693491417718435
