file,nrBest,proportionBest,entropyNrActions
nr_428_id_13_064550a662d801ae610f5198571affd42dea0788_VertexInfoCompiler_GTSPOON.csv,1752,0.8546341463414634,0.7867208287268188
