file,nrBest,proportionBest,entropyNrActions
nr_197_id_15_03c45d6623b2b0e124c748db6f0415584d9c7fda_Account_GTSPOON.csv,1805,0.8804878048780488,0.44700646998243365
