file,nrBest,proportionBest,entropyNrActions
nr_857_id_2_01d637f216cb876e08104c779d4c1843855d8d5f_JUnitParser_GTSPOON.csv,2022,0.9863414634146341,0.10259548629115066
