file,nrBest,proportionBest,entropyNrActions
nr_198_id_14_02d7540b44da1de139c3b330c68ecef82b920083_Autorank_GTSPOON.csv,825,0.4024390243902439,0.9513811620403805
