file,nrBest,proportionBest,entropyNrActions
nr_504_id_8_0421f5f1a5d82953d0a7651c46467b55764291f7_Messages_GTSPOON.csv,1833,0.8941463414634147,0.5146291403528995
