file,nrBest,proportionBest,entropyNrActions
nr_421_id_20_081bdfb87533141c0e9e61b200f1e7199836ccc1_LoginServiceFactory_GTSPOON.csv,1933,0.9429268292682926,0.34298829287109933
