file,nrBest,proportionBest,entropyNrActions
nr_6_id_37_01c0520abab51dbfa5117612ddd15d723c781939_JidePopup_GTSPOON.csv,144,0.0702439024390244,2.7277103817477433
