file,nrBest,proportionBest,entropyNrActions
nr_291_id_17_05c8ac5a28aa69c8106e0ccd99e4d1d3312c94b9_DbAdapter_GTSPOON.csv,1254,0.6117073170731707,1.7312665837972123
