file,nrBest,proportionBest,entropyNrActions
nr_112_id_19_02b063caa59c9e0e328c7d758ca3081af97f94e4_R_GTSPOON.csv,1921,0.9370731707317074,0.364827936330034
