file,nrBest,proportionBest,entropyNrActions
nr_242_id_32_1574e3542ad55e27fc50c0d269f83c98d46f69b4_AbstractProperties_GTSPOON.csv,194,0.09463414634146342,2.537967486794178
