file,nrBest,proportionBest,entropyNrActions
nr_304_id_4_01262e334adc066aac289bb52c5e3077cdd84b21_SplitterTool_GTSPOON.csv,1544,0.7531707317073171,1.0843599670008983
