file,nrBest,proportionBest,entropyNrActions
nr_104_id_7_012236116b4e407f003bee94ac9cbfbc547b59c3_ConditionTestSet_GTSPOON.csv,1903,0.9282926829268293,0.44367804348868617
