file,nrBest,proportionBest,entropyNrActions
nr_376_id_35_47737d87aada7af976bc4755e567a122a13a7467_ReliableModule_GTSPOON.csv,190,0.09268292682926829,0.9714597961220232
