file,nrBest,proportionBest,entropyNrActions
nr_260_id_37_703ceb03d8adbc0251412a3cce18ea811374c571_RtpConnectionImpl_GTSPOON.csv,85,0.041463414634146344,3.1712659231376885
