file,nrBest,proportionBest,entropyNrActions
nr_169_id_33_155345c49d85bb268ec65be80cffd2e115a1d0e7_ContactAction_GTSPOON.csv,105,0.05121951219512195,0.7226643090432662
