file,nrBest,proportionBest,entropyNrActions
nr_210_id_14_0307fba70b8278171bafb3c70a151530f1bb5cd3_HNPostCommentsTask_GTSPOON.csv,1843,0.8990243902439025,0.6146664381530476
