file,nrBest,proportionBest,entropyNrActions
nr_9_id_40_1e1db29ec379a1722d7e4a5b6971be067b47b356_DigitsEditText_GTSPOON.csv,1742,0.8497560975609756,0.804725531360647
