file,nrBest,proportionBest,entropyNrActions
nr_242_id_25_07f388ce0aee4838150aa942dca357195bb49dca_KeyPressManager_GTSPOON.csv,2005,0.9780487804878049,0.1400829949305287
