file,nrBest,proportionBest,entropyNrActions
nr_232_id_36_3b417f159b84e3572d81a8ce3d44dbfedf63224b_FileUtilities_GTSPOON.csv,5,0.0024390243902439024,2.0102433992659288
