file,nrBest,proportionBest,entropyNrActions
nr_127_id_35_1a9b1a05369631420b32311a0ce8b773d1f0d485_BsonParserTest_GTSPOON.csv,497,0.2424390243902439,1.5559463023245554
