file,nrBest,proportionBest,entropyNrActions
nr_244_id_31_11541f86a408f9523a870e8bbb5780d0cfe96e99_MavenBuilderTest_GTSPOON.csv,1040,0.5073170731707317,1.7061933019759652
