file,nrBest,proportionBest,entropyNrActions
nr_84_id_13_01442b2d8bc4004ce0f06a9d25956502200b4f1f_LeftRecursionException_GTSPOON.csv,2011,0.9809756097560975,0.126968980023344
