file,nrBest,proportionBest,entropyNrActions
nr_325_id_19_07c518272d92393ea9d62f981bcdd43f3eec9e04_CreativeGameMode_GTSPOON.csv,1200,0.5853658536585366,1.045254044364821
