file,nrBest,proportionBest,entropyNrActions
nr_139_id_30_08e056f873b286329bc3913fdbe8f4e1f3f56db9_PrivacyService_GTSPOON.csv,947,0.46195121951219514,2.164297392654622
