file,nrBest,proportionBest,entropyNrActions
nr_464_id_31_20689fc059d52f4097d885468c72415d38f5383f_DisplaySettings_GTSPOON.csv,1374,0.6702439024390244,1.4780649366757705
