file,nrBest,proportionBest,entropyNrActions
nr_278_id_11_039d8489431affe57b908beeb4b3c1adb46ecd34_Dao_GTSPOON.csv,2025,0.9878048780487805,0.08017086387498366
