file,nrBest,proportionBest,entropyNrActions
nr_599_id_11_0887bf9e44e2681534f2beb2fd82eb61d30b1238_SkypeAPI_GTSPOON.csv,2022,0.9863414634146341,0.09895903753536332
