file,nrBest,proportionBest,entropyNrActions
nr_257_id_33_200875d9282804c47d1e64a63fb24c887424be81_App_GTSPOON.csv,2006,0.9785365853658536,0.13471683434865886
