file,nrBest,proportionBest,entropyNrActions
nr_397_id_28_1189e97198e3b7722d1872a9d2a1a5478bb4855c_GLSubGraph_GTSPOON.csv,314,0.15317073170731707,2.2094105208823818
