file,nrBest,proportionBest,entropyNrActions
nr_344_id_5_02cbf8b0e73a7e169445e341f387356242f0334d_ActionBarAdapter_GTSPOON.csv,1560,0.7609756097560976,1.1399834829185145
