file,nrBest,proportionBest,entropyNrActions
nr_148_id_14_01fbc7b264e67432914334c2d4a1f6a1ed2d2978_RectanglePulsator_GTSPOON.csv,5,0.0024390243902439024,0.8064027975355268
