file,nrBest,proportionBest,entropyNrActions
nr_179_id_29_0a478e2086d053f219b6ca55a169ad707d9a13b4_PopConnection_GTSPOON.csv,1,0.0004878048780487805,2.6481071163618184
