file,nrBest,proportionBest,entropyNrActions
nr_46_id_25_0176ec3a3a42704f774ed21035b1d8bdc16492fd_Border_GTSPOON.csv,1837,0.8960975609756098,0.5937918573059993
