file,nrBest,proportionBest,entropyNrActions
nr_86_id_25_02f48e888d977d3f380597492a117a4aa603be24_AbstractTrack_GTSPOON.csv,100,0.04878048780487805,2.4594325993949635
