file,nrBest,proportionBest,entropyNrActions
nr_238_id_27_0aa24c9d0364e42857e075e2a08038a1b797ebce_ImageHelperTest_GTSPOON.csv,190,0.09268292682926829,1.2192247306732509
