file,nrBest,proportionBest,entropyNrActions
nr_327_id_18_067c57e66df90e34ce83d367b3139f073091d447_Item_GTSPOON.csv,905,0.44146341463414634,0.7200618645202026
