file,nrBest,proportionBest,entropyNrActions
nr_175_id_6_012d548bbb185c715a71080770c6066863c71e25_Longs_GTSPOON.csv,602,0.29365853658536584,2.4686289730037725
