file,nrBest,proportionBest,entropyNrActions
nr_120_id_26_0478004e0974f5570b562b27549a245648f69c9e_EmailSyncAdapter_GTSPOON.csv,162,0.07902439024390244,3.3634610234723485
