file,nrBest,proportionBest,entropyNrActions
nr_219_id_22_0588b900fdff211b966aa5b6d908032b3c58609b_MonitorClientSerivce_GTSPOON.csv,72,0.0351219512195122,1.5310042682816278
