file,nrBest,proportionBest,entropyNrActions
nr_101_id_26_03a4e60c0e9ea16834f392375e0bebf64ae70b4c_Editor_GTSPOON.csv,17,0.008292682926829269,3.191078208065444
