file,nrBest,proportionBest,entropyNrActions
nr_191_id_10_01a984e8e9000a78527ecc1d3ec7c9e20dc014e6_TatamiUserDetails_GTSPOON.csv,2026,0.9882926829268293,0.08810769566943702
