file,nrBest,proportionBest,entropyNrActions
nr_251_id_12_02baa69a7c232a22ae720785df10a9888001cf83_TraceSignatureVisitor_GTSPOON.csv,1051,0.5126829268292683,2.1334686776970138
