file,nrBest,proportionBest,entropyNrActions
nr_354_id_13_0511c3ee77ca2204575c1e013f17aef8ffa95e8d_FactoryGui_GTSPOON.csv,285,0.13902439024390245,2.8925837244692323
