file,nrBest,proportionBest,entropyNrActions
nr_352_id_26_0c1ec28fe5571eee6de014d1b15075764e3d9c44_GLStratomex_GTSPOON.csv,199,0.09707317073170732,2.432112153359077
