file,nrBest,proportionBest,entropyNrActions
nr_246_id_22_0662c61cd357b5eb1734445057f9227713773dca_GroovyDataProviderTest_GTSPOON.csv,938,0.4575609756097561,1.8925817966590575
