file,nrBest,proportionBest,entropyNrActions
nr_248_id_21_0669c26773d4b5b0a0d28bae02322e2d0c3f4544_StatementTransformer_GTSPOON.csv,992,0.48390243902439023,2.3734734156292348
