file,nrBest,proportionBest,entropyNrActions
nr_218_id_24_06b1fded48498ed88aea23880326404b259c179b_TokenStream_GTSPOON.csv,190,0.09268292682926829,2.2528506357475626
