file,nrBest,proportionBest,entropyNrActions
nr_103_id_39_ab38d8cb412c7d95796f5c634487644107163e7c_TestIndexesSuite_GTSPOON.csv,210,0.1024390243902439,2.151022603949427
