file,nrBest,proportionBest,entropyNrActions
nr_456_id_6_02c76a119f3e37dd1b6c7910821a977c2f5fc911_DOValidatorImpl_GTSPOON.csv,1550,0.7560975609756098,1.1105727661215146
