file,nrBest,proportionBest,entropyNrActions
nr_24_id_18_004d177d7f1d0a0a62d62855071ab894dfe5a2bd_BZRFlag_GTSPOON.csv,1248,0.608780487804878,1.6825407517391657
