file,nrBest,proportionBest,entropyNrActions
nr_451_id_8_03c91ca5d49cceedc77235d933dec526933612cc_TableDialog_GTSPOON.csv,1311,0.6395121951219512,1.7730890064329818
