file,nrBest,proportionBest,entropyNrActions
nr_304_id_27_0d49e7c2d29f295ad97679300d5ae8b598c495f1_WorldEntityType_GTSPOON.csv,896,0.4370731707317073,2.3012347366739827
