file,nrBest,proportionBest,entropyNrActions
nr_153_id_6_010f4c123ae047a068720f3bd22b7dcbaf34ea1f_DropIndex_GTSPOON.csv,1929,0.9409756097560975,0.3848538383953811
