file,nrBest,proportionBest,entropyNrActions
nr_164_id_11_021c4a80dc8d332ba78c6a8692073d45ea7cb85d_HSQLDatabase_GTSPOON.csv,2015,0.9829268292682927,0.1184797711288382
