file,nrBest,proportionBest,entropyNrActions
nr_83_id_11_00f90c4ad373d8759410e7fdb2beb49921ccc651_Lecture_GTSPOON.csv,938,0.4575609756097561,1.9135486782277376
