file,nrBest,proportionBest,entropyNrActions
nr_338_id_10_034dc6d10fafc036e0dc05dd447bc0f27cf74415_Encrypter_GTSPOON.csv,2004,0.9775609756097561,0.07685620184747328
