file,nrBest,proportionBest,entropyNrActions
nr_88_id_36_152c7ba6eb5aa3bdb508b94762932e77c1ba28f4_CSMarkerVector_GTSPOON.csv,1484,0.7239024390243902,1.2129241811728173
