file,nrBest,proportionBest,entropyNrActions
nr_494_id_28_1638d2d9b658d4e91a100a49bf0063489afa894e_SWTBotConnectorTestUtil_GTSPOON.csv,1484,0.7239024390243902,1.1373400499618793
