file,nrBest,proportionBest,entropyNrActions
nr_757_id_1_089f80993a9a170299cb6bab4447f8209306ceef_GoGui_GTSPOON.csv,209,0.10195121951219512,2.5029536621944204
