file,nrBest,proportionBest,entropyNrActions
nr_557_id_8_047f1b1478178fdfea8259c38006ad7b17254397_QueryTest_GTSPOON.csv,25,0.012195121951219513,1.80840764055803
