file,nrBest,proportionBest,entropyNrActions
nr_672_id_5_059b3485521ebab3f88c38ae36593d3c3e70a769_Deflater_GTSPOON.csv,1455,0.7097560975609756,1.2598461599620328
