file,nrBest,proportionBest,entropyNrActions
nr_131_id_12_01751a1c65774a3b3aa7d3fffc714664c7f2ecfd_FileManager_GTSPOON.csv,300,0.14634146341463414,1.7588800591819327
