file,nrBest,proportionBest,entropyNrActions
nr_736_id_1_085b12f5a14ce8248c68edf7eb0b130fdab15d50_BSPlayer_GTSPOON.csv,1119,0.5458536585365854,1.7754164442077907
