file,nrBest,proportionBest,entropyNrActions
nr_160_id_16_032b9efa3d5392f526617fb6ae3c17f82451086d_Planet_GTSPOON.csv,610,0.2975609756097561,2.6222194392574036
