file,nrBest,proportionBest,entropyNrActions
nr_380_id_8_03200d621c6e59e7199072736e365a051d34756c_Metric_GTSPOON.csv,1718,0.8380487804878048,0.729417685024226
