file,nrBest,proportionBest,entropyNrActions
nr_258_id_23_086b33f7d847192d2344b7afeb179d39746cd832_NetworkPanel_GTSPOON.csv,1650,0.8048780487804879,0.9879744286773966
