file,nrBest,proportionBest,entropyNrActions
nr_219_id_12_0268da74946ed83453e5ee91dd03b3e17fa96832_Notebook_GTSPOON.csv,1014,0.4946341463414634,2.26693137380535
