file,nrBest,proportionBest,entropyNrActions
nr_323_id_26_0b52801e3577bcff0982bd1b147b50f690086081_SimpleStepExecutorFactory_GTSPOON.csv,2030,0.9902439024390244,0.07116633107675012
