file,nrBest,proportionBest,entropyNrActions
nr_406_id_8_03587abd6035ed4e9ca1e2d89f35e150e7d22a99_BaseTransport_GTSPOON.csv,152,0.07414634146341463,2.6473724558696943
