file,nrBest,proportionBest,entropyNrActions
nr_41_id_3_00558c64709e607c95dec7365a40689d555900ba_JarDiff_GTSPOON.csv,162,0.07902439024390244,2.7142769933781876
