file,nrBest,proportionBest,entropyNrActions
nr_311_id_34_2b16333232cf06ab01260965c131da0879fa59a7_CompilerTest_GTSPOON.csv,210,0.1024390243902439,2.3321589612411087
