file,nrBest,proportionBest,entropyNrActions
nr_165_id_28_077843fcb4dce81d6b56c72eb9c2d47652517ae4_ClusterService_GTSPOON.csv,1545,0.7536585365853659,1.1458830633370327
