file,nrBest,proportionBest,entropyNrActions
nr_425_id_27_131f6b648514f3fc84ca856772f261e1d0ae461c_LayoutParser_GTSPOON.csv,190,0.09268292682926829,1.4838946927782952
