file,nrBest,proportionBest,entropyNrActions
nr_145_id_10_013d088029ddff2b9611a05c42a27aa6bdf473a1_GenomeImporter_GTSPOON.csv,826,0.4029268292682927,2.1804148248819835
