file,nrBest,proportionBest,entropyNrActions
nr_64_id_37_1b11d6537fec145d3700b945f6244af887e9229d_GLButton_GTSPOON.csv,68,0.033170731707317075,2.557633001650674
