file,nrBest,proportionBest,entropyNrActions
nr_361_id_25_0c754204f6e6528e5937320630d38f2e2c5febf6_LayoutManagerActionBean_GTSPOON.csv,1225,0.5975609756097561,1.7424007347553132
