file,nrBest,proportionBest,entropyNrActions
nr_82_id_8_00b12019b22744a0319be904886e0449ca3a89e5_TestUtil_GTSPOON.csv,1753,0.8551219512195122,0.7923960869138792
