file,nrBest,proportionBest,entropyNrActions
nr_435_id_11_05f43ce4c2366d4f68dff68b933a2304c7753179_NpcDropController_GTSPOON.csv,1163,0.5673170731707317,1.7974883156417778
