file,nrBest,proportionBest,entropyNrActions
nr_146_id_26_059f436568117b8b97c81bee1921d1bb0a98f578_PlaylistFragment_GTSPOON.csv,646,0.3151219512195122,2.4841992833563236
