file,nrBest,proportionBest,entropyNrActions
nr_409_id_37_bd9604f246b5703c1197664baac6f7c1c60931fd_Java_GTSPOON.csv,100,0.04878048780487805,2.658223199059817
