file,nrBest,proportionBest,entropyNrActions
nr_201_id_36_3259bd67a04b1b95aaf5fd91beeb33e249b25812_DalMultiPanel_GTSPOON.csv,146,0.07121951219512195,2.9706295997890724
