file,nrBest,proportionBest,entropyNrActions
nr_265_id_34_2591c5eae6228c5585edaf1982769f3be2e9f458_GameInstance_GTSPOON.csv,20,0.00975609756097561,2.851610915345958
