file,nrBest,proportionBest,entropyNrActions
nr_45_id_7_00782897ff4263f4be6b40a48061cd4b9995721d_QueryTest_GTSPOON.csv,1642,0.8009756097560976,0.9995327792894393
