file,nrBest,proportionBest,entropyNrActions
nr_93_id_7_00f874e8911c03a4359363bbec8bfc0199539c6b_KeyFrameMarkers_GTSPOON.csv,1357,0.6619512195121952,1.4454509528294575
