file,nrBest,proportionBest,entropyNrActions
nr_329_id_9_03f212d27d3df153d581e2cab327143676e6520f_CMap_GTSPOON.csv,1080,0.526829268292683,1.964956445017662
