file,nrBest,proportionBest,entropyNrActions
nr_430_id_25_0f043ac93a05257e82cb28600e92f11748f84f25_base32_GTSPOON.csv,42,0.02048780487804878,2.289501610778836
