file,nrBest,proportionBest,entropyNrActions
nr_253_id_8_022730a3bf1255765d4ec963a72a255f61c46033_Interact_GTSPOON.csv,1715,0.8365853658536585,0.7345065031002733
