file,nrBest,proportionBest,entropyNrActions
nr_309_id_14_04b1f7494d374a94134c75547eb94199e9e767e9_SubscriptionManagedBean_GTSPOON.csv,463,0.22585365853658537,3.352581655969557
