file,nrBest,proportionBest,entropyNrActions
nr_68_id_7_00b6e179319e083936e09ef84aa21cb642cf9fa0_Uml2SDTestFacility_GTSPOON.csv,1574,0.7678048780487805,1.092001632509728
