file,nrBest,proportionBest,entropyNrActions
nr_257_id_12_02c7f5a058b1f38e4553ae92e90c96940941401d_CreateThumbNailsThread_GTSPOON.csv,772,0.37658536585365854,2.3204294490752733
