file,nrBest,proportionBest,entropyNrActions
nr_392_id_16_07232f251597d936eaa77cd20a73ac7133182520_TestBeanImpl_GTSPOON.csv,1965,0.9585365853658536,0.2368004900800779
