file,nrBest,proportionBest,entropyNrActions
nr_504_id_31_2339ddcbe0cd6c3e18ba9fa0f1ca527a3263fc76_Dataset_GTSPOON.csv,1365,0.6658536585365854,1.4732499959552758
