file,nrBest,proportionBest,entropyNrActions
nr_303_id_22_07ac8e76851ca78a79812a9146b4c94f4a1eb148_VirtualboxLiveTest_GTSPOON.csv,874,0.42634146341463414,2.2838495830589
