file,nrBest,proportionBest,entropyNrActions
nr_365_id_12_03f0912f11ab0623d0a8d6819c13e024ed78cd60_BrowseExecute_GTSPOON.csv,1606,0.7834146341463415,1.1738963727974179
