file,nrBest,proportionBest,entropyNrActions
nr_425_id_33_34ef5be695ba0b664d55357edc227e6b12d715a0_Keepchat_GTSPOON.csv,1555,0.7585365853658537,1.0864639062861294
