file,nrBest,proportionBest,entropyNrActions
nr_62_id_18_00f967c3976f2d2d8672b033fc355f4f0d9b978d_PfCharacter_GTSPOON.csv,200,0.0975609756097561,2.5254730479492133
