file,nrBest,proportionBest,entropyNrActions
nr_356_id_24_0ada596696487747c187234862c14d9e71c3fbd7_WarningsPriorityGraphPortlet_GTSPOON.csv,1,0.0004878048780487805,0.1494828379147211
