file,nrBest,proportionBest,entropyNrActions
nr_680_id_8_054192349ab1b1c7034ad224fddf811539afd954_IRCService_GTSPOON.csv,1742,0.8497560975609756,0.8024237585913635
