file,nrBest,proportionBest,entropyNrActions
nr_254_id_30_0fd17f1978dc94b61a95241723df02836f812a53_TextUtilTest_GTSPOON.csv,2030,0.9902439024390244,0.061443711955070604
