file,nrBest,proportionBest,entropyNrActions
nr_269_id_6_01b1d1d9c6cc0e2cf6255b9834cf8d0036078e90_CvTemplateLoader_GTSPOON.csv,1933,0.9429268292682926,0.34232138320683586
