file,nrBest,proportionBest,entropyNrActions
nr_368_id_38_f34ec318e40c1b6b646cb764c425f27469b75090_Settings_GTSPOON.csv,209,0.10195121951219512,2.572910872750991
