file,nrBest,proportionBest,entropyNrActions
nr_4_id_28_0038dbaa5f919f9e25824300194fba53c4181d66_ExecuteCommand_GTSPOON.csv,120,0.05853658536585366,0.8461717658068239
