file,nrBest,proportionBest,entropyNrActions
nr_39_id_20_00a71e7a0b4e1c373fc781782558c76cc699c467_Project_GTSPOON.csv,875,0.4268292682926829,0.7951241354823687
