file,nrBest,proportionBest,entropyNrActions
nr_133_id_17_02a529d51fd8747a876ea502385e2e68ec002ddb_Health_GTSPOON.csv,761,0.37121951219512195,2.540895791048129
