file,nrBest,proportionBest,entropyNrActions
nr_326_id_27_0e328854d2a625b550a5429b0e2c2233ffcd1d2c_HtmlPublisherTarget_GTSPOON.csv,1472,0.7180487804878048,1.376688821674472
