file,nrBest,proportionBest,entropyNrActions
nr_133_id_34_1596cf640d3a105890d9cc4764ba52f8f971b536_VoiceRouter_GTSPOON.csv,214,0.10439024390243902,3.40089070950966
