file,nrBest,proportionBest,entropyNrActions
nr_585_id_8_04aae085aa727feda518f675176636976bfa67b3_StatusFragment_GTSPOON.csv,157,0.07658536585365854,3.2965207050964227
