file,nrBest,proportionBest,entropyNrActions
nr_190_id_2_005b56169b12d39de81d790f6959234e12392210_JavaLogic_GTSPOON.csv,977,0.4765853658536585,1.9822250679907625
