file,nrBest,proportionBest,entropyNrActions
nr_393_id_37_b559a2299a5b89b5ec1c18e40198c6ed8b30d449_DropboxConnector_GTSPOON.csv,265,0.12926829268292683,2.580466091161256
