file,nrBest,proportionBest,entropyNrActions
nr_156_id_36_260e4645c5211a1c110d7c42b5b7b74835909921_SiteAction_GTSPOON.csv,8,0.003902439024390244,3.121169497188631
