file,nrBest,proportionBest,entropyNrActions
nr_407_id_1_04aa029b46430dc72244272b0ca38579f02c5d82_RenderedWebElementTest_GTSPOON.csv,1388,0.6770731707317074,1.398412379679676
