file,nrBest,proportionBest,entropyNrActions
nr_459_id_26_0f535ea2f8cf7b62c5006b209363ac33bda0d7d0_StudentPlacings_GTSPOON.csv,51,0.024878048780487806,2.7288647774029293
