file,nrBest,proportionBest,entropyNrActions
nr_683_id_5_05b64a547385d69621b2901778740ec771a2e9cd_Shell_GTSPOON.csv,1197,0.5839024390243902,1.9471797011144938
