file,nrBest,proportionBest,entropyNrActions
nr_367_id_15_06c23d8730c93f23100c56bbbb779b9c51912305_RunControl_GTSPOON.csv,981,0.47853658536585364,2.6072963582895943
