file,nrBest,proportionBest,entropyNrActions
nr_252_id_4_00eab377df9142cb1517cc41f382b0bc16a6b6e2_SpoutRegion_GTSPOON.csv,176,0.08585365853658537,2.947921733005939
