file,nrBest,proportionBest,entropyNrActions
nr_194_id_14_02ad6ba83b54ef4f75e563573b92c601800dacfb_VariantPool_GTSPOON.csv,58,0.02829268292682927,2.6280264812542735
