file,nrBest,proportionBest,entropyNrActions
nr_336_id_19_080702581803598deac0622d6ba49868e7c5db13_Settings_GTSPOON.csv,1924,0.9385365853658536,0.3107872358466517
