file,nrBest,proportionBest,entropyNrActions
nr_51_id_22_010e977f2c47d32467316492723cce03ef6104a3_IndicatorsController_GTSPOON.csv,5,0.0024390243902439024,1.0139861641297665
