file,nrBest,proportionBest,entropyNrActions
nr_447_id_7_04b9b676d47300dd01f465a5ef07c6853f3ad8b1_FileLister_GTSPOON.csv,1292,0.6302439024390244,1.578764647786206
