file,nrBest,proportionBest,entropyNrActions
nr_551_id_30_21243c3a297e4c1a3faf2fabfb3543a31cd42853_Controller_GTSPOON.csv,1338,0.6526829268292683,1.0126750893230991
