file,nrBest,proportionBest,entropyNrActions
nr_591_id_8_04b262a665a520f8dc81646ffca2f3229ef25f9c_Stage_GTSPOON.csv,1742,0.8497560975609756,0.8075042105322827
