file,nrBest,proportionBest,entropyNrActions
nr_108_id_19_02931c55391067faebad7d2662c1755a7d662d23_MyCastsActivity_GTSPOON.csv,1477,0.7204878048780488,1.2917867385234503
