file,nrBest,proportionBest,entropyNrActions
nr_396_id_20_07a7790753ee12bb06a81d4e9fc15ca8da523249_RexsterApplication_GTSPOON.csv,1560,0.7609756097560976,1.1879980682579925
