file,nrBest,proportionBest,entropyNrActions
nr_120_id_6_00d8195484d1cb8da48976dd48149fd4a931f210_PlayerView_GTSPOON.csv,1839,0.8970731707317073,0.5961767335930891
