file,nrBest,proportionBest,entropyNrActions
nr_134_id_27_05ed7873e3fb04266e2eff4b5aaeb675164355fd_Oracle_GTSPOON.csv,1366,0.6663414634146342,1.4195425181869394
