file,nrBest,proportionBest,entropyNrActions
nr_457_id_13_06c10728bcd04e95167a79b50569d64eaeb9a8a6_Push_GTSPOON.csv,1377,0.6717073170731708,1.2753780728534343
