file,nrBest,proportionBest,entropyNrActions
nr_489_id_12_054b68371febebb22d319dd3ba2fab71640393d8_Game_GTSPOON.csv,190,0.09268292682926829,2.605077626145699
