file,nrBest,proportionBest,entropyNrActions
nr_501_id_32_2c5cb668f525c71be29963795b9de62cfeb59f32_CreateAccount_GTSPOON.csv,1360,0.6634146341463415,1.4788595204435906
