file,nrBest,proportionBest,entropyNrActions
nr_481_id_19_0b4b64f30e4c316f5528684f33c462aa6b258cc0_Connection_GTSPOON.csv,1203,0.5868292682926829,1.96056892043487
