file,nrBest,proportionBest,entropyNrActions
nr_65_id_24_01f6a6a88333209aead28df685ef7f7918c91e51_NokiaTopologyLoader_GTSPOON.csv,145,0.07073170731707316,2.4473937441806948
