file,nrBest,proportionBest,entropyNrActions
nr_189_id_14_028a7679a9a325ef006f4ac1cf52760e9c6a1f82_FileListAdapter_GTSPOON.csv,2025,0.9878048780487805,0.08754198340387874
