file,nrBest,proportionBest,entropyNrActions
nr_579_id_2_0141b7576f884dfc72f06aea658a0db7972ff843_Activator_GTSPOON.csv,1935,0.9439024390243902,0.3584178877138809
