file,nrBest,proportionBest,entropyNrActions
nr_191_id_6_0149c887ffcc9915adde1121f2c0c5b4d9a12330_BasicPileup_GTSPOON.csv,832,0.4058536585365854,2.3312728149583535
