file,nrBest,proportionBest,entropyNrActions
nr_264_id_27_0ba23e60cb88c3771112401120d82735828acfab_JavaStubGenerator_GTSPOON.csv,179,0.0873170731707317,3.0780526554922396
