file,nrBest,proportionBest,entropyNrActions
nr_145_id_21_03efb11e3d2e06f29d85a6d9e577d48f4ed77b2c_TrackService_GTSPOON.csv,1577,0.7692682926829268,1.0719020485349526
