file,nrBest,proportionBest,entropyNrActions
nr_128_id_33_107d5819e8192a56e61a157070f6b291e9472b30_AddGeometriesToMapWizardAction_GTSPOON.csv,1211,0.5907317073170731,1.5893281841001345
