file,nrBest,proportionBest,entropyNrActions
nr_91_id_29_0558c26dea513e7d7b88f7f2693f4dae58336f6e_TLabel_GTSPOON.csv,1818,0.8868292682926829,0.6581502444862686
