file,nrBest,proportionBest,entropyNrActions
nr_18_id_19_0085f978d15b2cce81a1bc95ac8b8977375d9239_GiraphJob_GTSPOON.csv,130,0.06341463414634146,2.930039092746628
