file,nrBest,proportionBest,entropyNrActions
nr_260_id_18_0536d5eb91b18d95f28a1cac32d07cb0fa6605cf_Range_GTSPOON.csv,1484,0.7239024390243902,1.2150467334169923
