file,nrBest,proportionBest,entropyNrActions
nr_451_id_21_0b8a1353ca2015cb0d292c27b3f971921ca0cace_VPC_GTSPOON.csv,48,0.023414634146341463,3.5317084499780593
