file,nrBest,proportionBest,entropyNrActions
nr_306_id_23_09e430c24b74f27f8218b158f956e7b6df7b013c_CloudStore_GTSPOON.csv,100,0.04878048780487805,3.404896151092734
