file,nrBest,proportionBest,entropyNrActions
nr_79_id_31_05f23e998aea8d88b19d1af984f7baf3231df7c6_BtJob_GTSPOON.csv,581,0.28341463414634144,2.348775425399457
