file,nrBest,proportionBest,entropyNrActions
nr_293_id_37_81d565b19dc2fa6ee86d9bb8d7622238f8bf842f_User_GTSPOON.csv,2000,0.975609756097561,0.14910850140322077
