file,nrBest,proportionBest,entropyNrActions
nr_235_id_38_a09c7e14f899c9e93a05cdf78e05582623c0c507_AVLTreeDup_GTSPOON.csv,263,0.12829268292682927,2.8922723343318752
