file,nrBest,proportionBest,entropyNrActions
nr_163_id_12_01be0b306fc0e7b2ba4b790008a7eef0c001316d_Enemy_GTSPOON.csv,873,0.42585365853658536,1.9150531754174542
