file,nrBest,proportionBest,entropyNrActions
nr_614_id_5_05262935f4552acde1448bc99a1326fe0d8f4671_LuaBinaryExpressionImpl_GTSPOON.csv,3,0.0014634146341463415,0.8384389201262037
