file,nrBest,proportionBest,entropyNrActions
nr_617_id_1_06e1438ea4984456944474167f181d09d244443a_EsbFactoryImpl_GTSPOON.csv,153,0.07463414634146341,2.3867540589216696
