file,nrBest,proportionBest,entropyNrActions
nr_376_id_16_06cb326fe2db086a3421a6a7097484accdb32ce5_OFSwitchBase_GTSPOON.csv,424,0.20682926829268292,2.6149534125161775
