file,nrBest,proportionBest,entropyNrActions
nr_82_id_20_0198269362c75421b6039e12de0c92a66e76b2ea_InterfaceHandler_GTSPOON.csv,166,0.08097560975609756,3.4075238488332875
