file,nrBest,proportionBest,entropyNrActions
nr_321_id_7_03498b26e1aa476eccacc387194446c872f3a17e_ApplicationAdapter_GTSPOON.csv,956,0.46634146341463417,0.5437887203099265
