file,nrBest,proportionBest,entropyNrActions
nr_307_id_24_0977035623d6dcb8995c74edf3f96ac370a3929c_NativeEncoder_GTSPOON.csv,851,0.4151219512195122,2.2195178911893185
