file,nrBest,proportionBest,entropyNrActions
nr_300_id_29_11e777fc653bb62e172fca81d1091e63579a9cb3_LevelControl_GTSPOON.csv,1655,0.8073170731707318,0.9067212701612771
