file,nrBest,proportionBest,entropyNrActions
nr_206_id_36_344accef31352dc49362cdc34e4867a84022b32a_HTMLWriter_GTSPOON.csv,18,0.00878048780487805,2.8934561825202527
