file,nrBest,proportionBest,entropyNrActions
nr_38_id_23_0119f5c3ec37b71e4660501b42603c201a17329e_Plus1BannerView_GTSPOON.csv,130,0.06341463414634146,2.9863791868342098
