file,nrBest,proportionBest,entropyNrActions
nr_431_id_23_0d625dcb6ac5e6754e96a5c6575a8c5c9fbc0c47_NoSshModule_GTSPOON.csv,2017,0.9839024390243902,0.10585767092558121
