file,nrBest,proportionBest,entropyNrActions
nr_99_id_19_0266b7957ccb5fb04e9b4c45d3509fa4a060fe90_InertBaseMaterial_GTSPOON.csv,2015,0.9829268292682927,0.10520570474832268
