file,nrBest,proportionBest,entropyNrActions
nr_232_id_20_047f95bce523792e6e0f633262e62102c867a595_PuzzleApplet_GTSPOON.csv,66,0.03219512195121951,3.6689093345049297
