file,nrBest,proportionBest,entropyNrActions
nr_407_id_28_11f4667b7c628d4d05eaf6736666d40da8da61fe_PostCommentPanel_GTSPOON.csv,1223,0.5965853658536585,1.8031570855582473
