file,nrBest,proportionBest,entropyNrActions
nr_547_id_37_f4537b3d05e5c7c5aa26b1dd1b192708152218dc_LLVMBackendImpl_GTSPOON.csv,1425,0.6951219512195121,1.3699058913242896
