file,nrBest,proportionBest,entropyNrActions
nr_449_id_35_578c3116750c4bb67351d4f0642744def4d8ef04_VmBackupModel_GTSPOON.csv,178,0.08682926829268292,2.4761999465894307
