file,nrBest,proportionBest,entropyNrActions
nr_299_id_3_01ec119948620d876c8b40fecbdd510007acf374_PortletFrame_GTSPOON.csv,433,0.21121951219512194,2.555857137689378
