file,nrBest,proportionBest,entropyNrActions
nr_195_id_9_0259edf730ebd3d2e300a892040ace3160c22968_Message_GTSPOON.csv,144,0.0702439024390244,2.7448014036642014
