file,nrBest,proportionBest,entropyNrActions
nr_29_id_18_00675e8cf42438a800e32f6a020c7270f409d838_PersonalDeckPicker_GTSPOON.csv,746,0.36390243902439023,2.5255657137681355
