file,nrBest,proportionBest,entropyNrActions
nr_503_id_26_112dba9f16e99a91885ecbbf5bf59162a9e8e158_AboutBox_GTSPOON.csv,320,0.15609756097560976,2.014984984835307
