file,nrBest,proportionBest,entropyNrActions
nr_217_id_11_02d57284a48f0998af5e0fb6d7d822ba8b5775fc_Topic_GTSPOON.csv,516,0.25170731707317073,2.5830505684403695
