file,nrBest,proportionBest,entropyNrActions
nr_3_id_39_072ceb4610214017da35951d667076e9ad887709_Journey_GTSPOON.csv,630,0.3073170731707317,2.468699445103559
