file,nrBest,proportionBest,entropyNrActions
nr_151_id_17_02fae60963563e4bf2165e8e5a2fe148025f2cb9_LimeAnswer_GTSPOON.csv,1846,0.9004878048780488,0.5525339484756578
