file,nrBest,proportionBest,entropyNrActions
nr_70_id_11_00d3045335ec1f0072aa487a3630cf80138661c5_SeleniumServer_GTSPOON.csv,152,0.07414634146341463,2.744901538839535
