file,nrBest,proportionBest,entropyNrActions
nr_76_id_16_01879e3bccd18d2328ee386e5ca11308801b8a1f_PlayersConfig_GTSPOON.csv,1553,0.7575609756097561,0.8261248143772625
