file,nrBest,proportionBest,entropyNrActions
nr_64_id_39_69f3864610681d77c9a713cf07d0955919cd9380_DataAccessServiceDeleteTest_GTSPOON.csv,1754,0.855609756097561,0.5333631924131096
