file,nrBest,proportionBest,entropyNrActions
nr_455_id_27_14e945932112b531b584cb13cee08a3f9f9f9563_Base_GTSPOON.csv,392,0.19121951219512195,2.2902670908264553
