file,nrBest,proportionBest,entropyNrActions
nr_128_id_28_05f54d25620c40d742aa810e5d0fc93d054a5037_Server_GTSPOON.csv,152,0.07414634146341463,2.7954026353286014
