file,nrBest,proportionBest,entropyNrActions
nr_606_id_11_08c7290b354815e11ee4c7e221970098a668c664_SimpleSmtpServer_GTSPOON.csv,1834,0.8946341463414634,0.6030929294855174
