file,nrBest,proportionBest,entropyNrActions
nr_440_id_2_00e86472d4782ea7dc6285923c1ef6bcd91e8480_ETimeUtils_GTSPOON.csv,1200,0.5853658536585366,1.780580604940028
