file,nrBest,proportionBest,entropyNrActions
nr_582_id_4_0246cc62ee196a865a075f2c7cb5a33b75ddb97c_MavenBuild_GTSPOON.csv,927,0.4521951219512195,2.216068184192763
