file,nrBest,proportionBest,entropyNrActions
nr_321_id_21_0865d8e3e988ead1951edb8885f095be43ba6f7c_FObj_GTSPOON.csv,576,0.2809756097560976,2.178011463296601
