file,nrBest,proportionBest,entropyNrActions
nr_273_id_13_03e7f4ba824128fcd4dce5909a19d3fcaddc9d98_Op_GTSPOON.csv,1651,0.8053658536585366,0.9298215119702147
