file,nrBest,proportionBest,entropyNrActions
nr_188_id_4_00a64f030db37b19d7c75ceef2d268ad3829700a_ForaChatButtons_GTSPOON.csv,59,0.02878048780487805,2.7363687829923347
