file,nrBest,proportionBest,entropyNrActions
nr_94_id_13_0166742d5f26b9ad060de87aed96120f369e4a8b_CdlView_GTSPOON.csv,490,0.23902439024390243,2.638090891920095
