file,nrBest,proportionBest,entropyNrActions
nr_15_id_19_00512068ffc18f544e64d9ad5869a018b49dcc92_Namespace_GTSPOON.csv,823,0.40146341463414636,2.4635486404964237
