file,nrBest,proportionBest,entropyNrActions
nr_197_id_30_0c347f784827809be892f808222e424e19c67597_BaseWebInspector_GTSPOON.csv,665,0.32439024390243903,2.1400481695014806
