file,nrBest,proportionBest,entropyNrActions
nr_125_id_33_10369a40b89fc299954c59557ac13c72571bac35_ApunKaBollywoodFileRunner_GTSPOON.csv,5,0.0024390243902439024,1.671098008388694
