file,nrBest,proportionBest,entropyNrActions
nr_267_id_18_05690c45fc908209e16f836a2d8529575f406f84_SerializableIssues_GTSPOON.csv,1575,0.7682926829268293,0.7933620952664658
