file,nrBest,proportionBest,entropyNrActions
nr_463_id_15_0895d86940743a6f8091c5b03955369604b7c339_FunctionHandler_GTSPOON.csv,40,0.01951219512195122,2.518397911644418
