file,nrBest,proportionBest,entropyNrActions
nr_446_id_14_0676f2b97ecff3c81de1242c319b1542a422d8c6_JMSPriorityHeaderTest_GTSPOON.csv,1001,0.48829268292682926,1.8482830025760806
