file,nrBest,proportionBest,entropyNrActions
nr_446_id_4_01cab57ea23a4a843c37fc3c422b07ad435743d5_HttpRequest_GTSPOON.csv,1705,0.8317073170731707,0.9196272929382161
