file,nrBest,proportionBest,entropyNrActions
nr_125_id_27_056d72d6a52791b45298b8938ea9560a8094ca3b_JSONObject_GTSPOON.csv,178,0.08682926829268292,2.759953791832405
