file,nrBest,proportionBest,entropyNrActions
nr_231_id_3_0195225b85ef1edd90877f824fb87f6ca8e228a2_PatientDto_GTSPOON.csv,1821,0.8882926829268293,0.6107413780756947
