file,nrBest,proportionBest,entropyNrActions
nr_342_id_14_051138759d7e29bb5aad15ab6c41757c2b1a207f_ServerSessionImpl_GTSPOON.csv,105,0.05121951219512195,2.9086862995365688
