file,nrBest,proportionBest,entropyNrActions
nr_420_id_5_03826dc572fd01f2d891ad013a7aa6da9f618043_ClusterCommands_GTSPOON.csv,15,0.007317073170731708,2.6507603886577145
