file,nrBest,proportionBest,entropyNrActions
nr_161_id_25_05815c2a31a53316b8df12831b1f715f5b8adcff_Footage_GTSPOON.csv,660,0.32195121951219513,2.7355036098894905
