file,nrBest,proportionBest,entropyNrActions
nr_4_id_3_00057c3be368480b595346e01f94bf11d1a48848_DescriptorConflicts_GTSPOON.csv,1555,0.7585365853658537,1.2486601888688136
