file,nrBest,proportionBest,entropyNrActions
nr_127_id_8_01210739e11700ad8f87ef4bc6b2d4472fa8674a_PluginLoader_GTSPOON.csv,613,0.2990243902439024,2.566442647837194
