file,nrBest,proportionBest,entropyNrActions
nr_70_id_20_014ef753175b637787bc10d7e34180a636efc199_Entity_GTSPOON.csv,1709,0.8336585365853658,0.8634805319988984
