file,nrBest,proportionBest,entropyNrActions
nr_338_id_11_046e59fc580d6bc9693b5add58a336a122c64cbe_IconCache_GTSPOON.csv,57,0.027804878048780488,2.584024362980398
