file,nrBest,proportionBest,entropyNrActions
nr_40_id_6_004b03dbb1a0a7e27e29f7006968778814ac618e_DownloadsQueueManager_GTSPOON.csv,1929,0.9409756097560975,0.39218417256103555
