file,nrBest,proportionBest,entropyNrActions
nr_3_id_9_0014191441c77065b6f279d5567ae684073e3844_InterviewService_GTSPOON.csv,376,0.18341463414634146,1.240086765671113
