file,nrBest,proportionBest,entropyNrActions
nr_165_id_7_01d04887b99fe43c316d4bbf37e7e78f16d14a24_DPSFClientDecoder_GTSPOON.csv,2006,0.9785365853658536,0.14229196194782529
