file,nrBest,proportionBest,entropyNrActions
nr_268_id_19_068ae9a0e3e44dfd7d047171a03e047efbc75a56_LintedPage_GTSPOON.csv,834,0.4068292682926829,2.4247086682673538
