file,nrBest,proportionBest,entropyNrActions
nr_380_id_26_0cfe57c3ce151cd9d2203d4822d1b726604e6eae_Gambler_GTSPOON.csv,1295,0.6317073170731707,1.1220799929081902
