file,nrBest,proportionBest,entropyNrActions
nr_457_id_8_03d3a4652b6ae476badce60a9e447d629c1e13ab_IntMap_GTSPOON.csv,1208,0.5892682926829268,1.7691352094425077
