file,nrBest,proportionBest,entropyNrActions
nr_416_id_36_6bf6ee4d78a1e7da981e00507237254647b3d94c_TestFunctionQuery_GTSPOON.csv,167,0.08146341463414634,2.602232181045541
