file,nrBest,proportionBest,entropyNrActions
nr_420_id_30_198c621cf519dd47efd5bf3444785b43f9ebc06a_Sorter_GTSPOON.csv,1372,0.6692682926829269,1.4151594184869565
