file,nrBest,proportionBest,entropyNrActions
nr_115_id_32_0a23b86ba14a663f3473c5e695cebed675176be4_ColorToolPanel_GTSPOON.csv,61,0.02975609756097561,2.4938043923391597
