file,nrBest,proportionBest,entropyNrActions
nr_69_id_35_0dc24b6ea70e1b43ac5967209600011b90bc5673_scePsmf_GTSPOON.csv,13,0.006341463414634147,3.167558911206977
