file,nrBest,proportionBest,entropyNrActions
nr_218_id_13_0324d7423bf68bd6f83af91b600729a915623bc7_PDOMCPPClassType_GTSPOON.csv,1533,0.7478048780487805,1.081490653678394
