file,nrBest,proportionBest,entropyNrActions
nr_100_id_22_022da09934de4002adccd873398dd529d0ddc95c_CollectionInfo_GTSPOON.csv,1916,0.9346341463414635,0.4090460761052419
