file,nrBest,proportionBest,entropyNrActions
nr_230_id_16_04462933a41ef39b3a5ea7a806f608b4244e1164_hocWriter_GTSPOON.csv,963,0.4697560975609756,2.132246553719074
