file,nrBest,proportionBest,entropyNrActions
nr_510_id_14_074fd035ff3222b20a79ec4da734e17f606db764_StyleSheetController_GTSPOON.csv,1020,0.4975609756097561,1.9971464067819173
