file,nrBest,proportionBest,entropyNrActions
nr_263_id_13_03bf3761d3e042fe89cfef6369f35b006b99d72f_DetailPresenter_GTSPOON.csv,1932,0.9424390243902439,0.36667668211075466
