file,nrBest,proportionBest,entropyNrActions
nr_316_id_15_05e97938f2647f533af39f04028a68d3ed99d828_ConnectivityManagerTest_GTSPOON.csv,90,0.04390243902439024,2.4302944922693674
