file,nrBest,proportionBest,entropyNrActions
nr_288_id_14_044d12d29838946a6a84a44e1d1b1213e81927e0_X509RSAOpenSSLBlacklistValidatorTest_GTSPOON.csv,1747,0.8521951219512195,0.6342475863714256
