file,nrBest,proportionBest,entropyNrActions
nr_543_id_10_054533b73d0db12e67279ea48520bbc4c692e462_RepositoryStatus_GTSPOON.csv,1656,0.8078048780487805,0.9436013002730319
