file,nrBest,proportionBest,entropyNrActions
nr_870_id_2_01e1686574d5e2722a75175fbae696381bd150c0_Finished_GTSPOON.csv,2012,0.9814634146341463,0.1319740199577288
