file,nrBest,proportionBest,entropyNrActions
nr_153_id_13_021bd5b318107fdd727a81c6dfc6f9f04418e9f3_UIViewer_GTSPOON.csv,1839,0.8970731707317073,0.5895701633981235
