file,nrBest,proportionBest,entropyNrActions
nr_127_id_12_0171b9c04a8b41eb00be07180856278384a92596_TownCommand_GTSPOON.csv,1323,0.6453658536585366,1.7087263252598197
