file,nrBest,proportionBest,entropyNrActions
nr_388_id_28_111d1c2d5d8e57bf26c10972a44befbbd481e062_OfxFormatter_GTSPOON.csv,1757,0.8570731707317073,0.6991425611504576
