file,nrBest,proportionBest,entropyNrActions
nr_293_id_1_038fe25e6c34362a1b555a317c124843f3e0df59_ThaumCraftProxy_GTSPOON.csv,1747,0.8521951219512195,0.7825885273395006
