file,nrBest,proportionBest,entropyNrActions
nr_363_id_24_0b1625f4c1252734f476a6c4c11bc432dcdd07df_EssentialsProtect_GTSPOON.csv,1706,0.8321951219512195,0.8872001553318879
