file,nrBest,proportionBest,entropyNrActions
nr_171_id_25_05d7a2583f37b704404238ec80d9cb133c342849_JsonOutput_GTSPOON.csv,1273,0.6209756097560976,1.585952580727063
