file,nrBest,proportionBest,entropyNrActions
nr_239_id_28_0a5640b3a6b46d285f96ac3f7880b4dbeefd3847_MoneyManager_GTSPOON.csv,478,0.23317073170731709,2.8304868965011405
