file,nrBest,proportionBest,entropyNrActions
nr_182_id_18_037f5037836189a4087967052cc0cb68d9c9a1f8_DataNodeIdentifier_GTSPOON.csv,39,0.01902439024390244,0.8407226920719111
