file,nrBest,proportionBest,entropyNrActions
nr_17_id_16_007f6d77cac0549520112edb36a89cbcc0a59e68_DiscoveryItem_GTSPOON.csv,1156,0.5639024390243902,1.8600639208116956
