file,nrBest,proportionBest,entropyNrActions
nr_53_id_19_01401018fc985241f21510ffbafa09bab0cc2214_ComponentFactory_GTSPOON.csv,444,0.21658536585365853,2.075871185275441
