file,nrBest,proportionBest,entropyNrActions
nr_413_id_32_23b266bb2e2d8f8054bfccaaca923c5a27f447ca_Settings_GTSPOON.csv,1747,0.8521951219512195,0.7640859794977555
