file,nrBest,proportionBest,entropyNrActions
nr_455_id_33_3785e390d2538b11d98be17388af69c97c8995b2_MasterClear_GTSPOON.csv,1655,0.8073170731707318,0.978056474504295
