file,nrBest,proportionBest,entropyNrActions
nr_328_id_32_1c96d5e82362b7ed1aa51a87696459a6e9d7e07b_CommonsHTTPMethod_GTSPOON.csv,2020,0.9853658536585366,0.0948652354725293
