file,nrBest,proportionBest,entropyNrActions
nr_265_id_16_04dc2bc6139ff414e49fc423d28edbd5801cdc03_Folder_GTSPOON.csv,195,0.0951219512195122,2.5287611159455055
