file,nrBest,proportionBest,entropyNrActions
nr_14_id_20_0030800479161612c0f0131e745bf31304366acc_UIIntegrationTestCase_GTSPOON.csv,152,0.07414634146341463,2.660202004958691
