file,nrBest,proportionBest,entropyNrActions
nr_216_id_3_01820438cfabc1cae6ab457e7c463e98c7be7086_OldThreadTest_GTSPOON.csv,1037,0.5058536585365854,1.9895844855333622
