file,nrBest,proportionBest,entropyNrActions
nr_386_id_23_0c502505d9b141457f8c125e979684340d6b99a0_GetParameterDefinitionTask_GTSPOON.csv,182,0.08878048780487804,2.9421244914156346
