file,nrBest,proportionBest,entropyNrActions
nr_456_id_10_045bb072bc2c24ba0d08109443e697a9aa7ad0b7_ForNode_GTSPOON.csv,1630,0.7951219512195122,1.0097004708986925
