file,nrBest,proportionBest,entropyNrActions
nr_356_id_23_0b6dc5c407e785653cebb65d698f3a8d6004bf67_IResourceProxy_GTSPOON.csv,2015,0.9829268292682927,0.1047847065935152
