file,nrBest,proportionBest,entropyNrActions
nr_156_id_34_186842a94c6c155fde1917cac0e71b3ba76b1231_ReverseAction_GTSPOON.csv,190,0.09268292682926829,0.7411029087406428
