file,nrBest,proportionBest,entropyNrActions
nr_201_id_16_03b785517781ab8104d7da809b79e5b1c802c0fc_RubyStringScanner_GTSPOON.csv,300,0.14634146341463414,2.5556392520851205
