file,nrBest,proportionBest,entropyNrActions
nr_156_id_9_01e5d1e71e810e71d549dbdf338eb78a78843b5d_Connection_GTSPOON.csv,993,0.484390243902439,1.8847055636040362
