file,nrBest,proportionBest,entropyNrActions
nr_184_id_20_03949a1e421f93877b924c2cb4aad1822ae6cc6f_LookupThread_GTSPOON.csv,1632,0.7960975609756098,1.1177534769366675
