file,nrBest,proportionBest,entropyNrActions
nr_551_id_36_8a609175929feacff8a680e6f0a26c9243c3824c_ConfigUploader_GTSPOON.csv,1365,0.6658536585365854,1.4752673666091942
