file,nrBest,proportionBest,entropyNrActions
nr_227_id_36_39f4bd84931304ba91b597593588733a828ad3d8_StripesFilter_GTSPOON.csv,298,0.14536585365853658,2.044320666976871
