file,nrBest,proportionBest,entropyNrActions
nr_331_id_25_0b2bf5d39429b872d8b8fc756869f573070f6049_Angle2d_GTSPOON.csv,40,0.01951219512195122,1.2698769485992154
