file,nrBest,proportionBest,entropyNrActions
nr_88_id_13_015286dfdf42e4c384d0761f66906662f3be9a42_Link_GTSPOON.csv,720,0.35121951219512193,2.457704906483036
