file,nrBest,proportionBest,entropyNrActions
nr_17_id_33_021afabf95a6d7289d601c37d89f4bc767873731_ReadingFragment_GTSPOON.csv,19,0.009268292682926829,3.247119007994098
