file,nrBest,proportionBest,entropyNrActions
nr_211_id_32_1330401447c6a84c45c54e606d8efe12e132c6f0_ValidatorUnitTest_GTSPOON.csv,896,0.4370731707317073,2.3688887865628763
