file,nrBest,proportionBest,entropyNrActions
nr_152_id_6_010e7e316e8d2f1373c8c4205f699b74f032ba76_LifecycleMappingFactory_GTSPOON.csv,209,0.10195121951219512,2.5266528151028558
