file,nrBest,proportionBest,entropyNrActions
nr_456_id_37_cfbf06228de52ca2f12d16238b2c2ce46a97d9ce_Cluster_GTSPOON.csv,323,0.1575609756097561,1.757088257360875
