file,nrBest,proportionBest,entropyNrActions
nr_60_id_32_0507aa382063d1d984d3fbcae5c7388478273147_BadNeighbors_GTSPOON.csv,80,0.03902439024390244,0.8767899385384404
