file,nrBest,proportionBest,entropyNrActions
nr_168_id_13_0270e73af1457844a8b6a82c093d747d094f6ded_XmlTokenizer_GTSPOON.csv,1816,0.8858536585365854,0.5911772020086112
