file,nrBest,proportionBest,entropyNrActions
nr_209_id_31_0ec8f7a684b72a2c8d8fe26d60b4d465e72fc3f5_Position_GTSPOON.csv,1140,0.5560975609756098,1.680304686114152
