file,nrBest,proportionBest,entropyNrActions
nr_61_id_27_02d587080bf11e3a9bb7aa2c89b62f0c0c2d6bb5_ShadeMojo_GTSPOON.csv,936,0.45658536585365855,2.4451525001565146
