file,nrBest,proportionBest,entropyNrActions
nr_21_id_26_00a9f796bb28d4f55e21cc0d49533bf7c9f3950a_ClassTransformer_GTSPOON.csv,54,0.026341463414634145,3.1127467747456854
