file,nrBest,proportionBest,entropyNrActions
nr_278_id_22_071c9a85385798bef69014e712dc60bda27e55bb_GCMParserHelper_GTSPOON.csv,1497,0.7302439024390244,1.0916166619281582
