file,nrBest,proportionBest,entropyNrActions
nr_119_id_23_037edfc3d519a82889ef3c25e0100b702796cc13_InputFileHandler_GTSPOON.csv,1561,0.7614634146341464,1.214131733579174
