file,nrBest,proportionBest,entropyNrActions
nr_113_id_31_083db506cc32db19bd29b4752218aa318c700ed9_ErrorMessageTest_GTSPOON.csv,320,0.15609756097560976,1.4891700130938954
