file,nrBest,proportionBest,entropyNrActions
nr_457_id_28_144d60436b2a55a7643f6636c8bcb104d9901b53_PpobSimulatorServiceImpl_GTSPOON.csv,5,0.0024390243902439024,2.3323090756263527
