file,nrBest,proportionBest,entropyNrActions
nr_100_id_22_022da09934de4002adccd873398dd529d0ddc95c_Library_GTSPOON.csv,1406,0.6858536585365854,1.5230445391932612
