file,nrBest,proportionBest,entropyNrActions
nr_420_id_17_086e49c177c63b719042378a6948fcc3b6f3534a_LingoClusteringAlgorithm_GTSPOON.csv,1724,0.8409756097560975,0.8713657746218808
