file,nrBest,proportionBest,entropyNrActions
nr_132_id_18_029130e46166f134352f744277ac967d0c67f6a2_KKListViewDelegate_GTSPOON.csv,102,0.04975609756097561,2.2982051495782803
