file,nrBest,proportionBest,entropyNrActions
nr_117_id_25_03e2144c47cdd7f385e9e0797a9562576c9c85d9_HolidayServlet_GTSPOON.csv,100,0.04878048780487805,0.6597280730904284
