file,nrBest,proportionBest,entropyNrActions
nr_259_id_36_4099db352b1881a403813de8e83ab26f31609df3_EmailSyncAdapter_GTSPOON.csv,139,0.06780487804878049,3.207091705573779
