file,nrBest,proportionBest,entropyNrActions
nr_158_id_20_030a63037b30f212f062c0c0c9a16c21d463b070_ReferencesDaoImpl_GTSPOON.csv,801,0.3907317073170732,2.3243284074175428
