file,nrBest,proportionBest,entropyNrActions
nr_100_id_20_0202faf7f918a85ba314d23ac3f92689894097fc_EstablishmentManager_GTSPOON.csv,5,0.0024390243902439024,3.216193348082725
