file,nrBest,proportionBest,entropyNrActions
nr_411_id_37_bfd0c0ebf6824f67b6045a5935861e63dd5d986f_Snapshot_GTSPOON.csv,312,0.1521951219512195,2.0486265410893503
