file,nrBest,proportionBest,entropyNrActions
nr_398_id_11_057abaf6fe59e364b93d2c987bff1988daaae445_RESTRun_GTSPOON.csv,1810,0.8829268292682927,0.4615754460103032
