file,nrBest,proportionBest,entropyNrActions
nr_109_id_24_0351cb4a20f289177791418d5675b90bff6c5aa9_EnvelopedDataTest_GTSPOON.csv,336,0.16390243902439025,2.9712262466904287
