file,nrBest,proportionBest,entropyNrActions
nr_284_id_15_05489f153b5998d7759b867f7c47dd679fa7b71a_Axis2Util_GTSPOON.csv,300,0.14634146341463414,1.804044930779598
