file,nrBest,proportionBest,entropyNrActions
nr_340_id_29_13b218424945e56cabed10df12de351c527f6a78_AbstractBatchRunner_GTSPOON.csv,359,0.17512195121951218,2.6493926113827144
