file,nrBest,proportionBest,entropyNrActions
nr_274_id_17_0581f5d4822ea73e7f84f8af5ad65b707f4e86a9_SingleResultScanner_GTSPOON.csv,2030,0.9902439024390244,0.07074533292194264
