file,nrBest,proportionBest,entropyNrActions
nr_291_id_12_0330d8b010d42553da12fcced5fd65f3909f2d5a_Equals_GTSPOON.csv,1810,0.8829268292682927,0.669931803706664
