file,nrBest,proportionBest,entropyNrActions
nr_212_id_38_8d0c51530a976c67ccbd2d4b45ef495c0df4e258_Main_GTSPOON.csv,1456,0.7102439024390244,1.1121489084659717
