file,nrBest,proportionBest,entropyNrActions
nr_82_id_19_0224eb415b7c395c6ad7aba8e6482725cc242aa4_Sketch_GTSPOON.csv,145,0.07073170731707316,2.4817718004470093
