file,nrBest,proportionBest,entropyNrActions
nr_431_id_27_1393c7a99eceabd770300199e808c893cfcb5107_PopupPanel_GTSPOON.csv,1226,0.5980487804878049,1.7450828581563835
