file,nrBest,proportionBest,entropyNrActions
nr_363_id_17_0733a0b86feacc6d86a87503d0fbd5fdec223894_HtmlUtilTest_GTSPOON.csv,1848,0.9014634146341464,0.5468271634834058
