file,nrBest,proportionBest,entropyNrActions
nr_190_id_21_04f7b9e722ae4108fb0650aa4648898ee36c6733_JNDIServiceLocator_GTSPOON.csv,2029,0.9897560975609756,0.07672151812475143
