file,nrBest,proportionBest,entropyNrActions
nr_525_id_12_05ba0f4b7b9ae0dff59a976688f22a75b5db98ee_HC128Engine_GTSPOON.csv,583,0.284390243902439,2.2778005669855528
