file,nrBest,proportionBest,entropyNrActions
nr_457_id_17_093b80345e3783d53431bc37561652433de8df67_MainActivity_GTSPOON.csv,1811,0.8834146341463415,0.6549558653460413
