file,nrBest,proportionBest,entropyNrActions
nr_318_id_30_13984fed779e1b9df8b31324c5529e40aff51d17_BDDLJavaValidator_GTSPOON.csv,646,0.3151219512195122,2.6963627685838425
