file,nrBest,proportionBest,entropyNrActions
nr_245_id_6_018f539c218940e0fad05c10552759e4fa2e77e4_RecurrencePickerDialog_GTSPOON.csv,185,0.09024390243902439,3.014516028675372
