file,nrBest,proportionBest,entropyNrActions
nr_399_id_5_035143a8e6c5939c1673120c6cb366eea682c2b4_SSLTestTemplate_GTSPOON.csv,1652,0.8058536585365854,0.9559232762134188
