file,nrBest,proportionBest,entropyNrActions
nr_315_id_25_0a9cfda0f0b996e7b0ba6439657584db0011eb8f_TripRecord_GTSPOON.csv,1570,0.7658536585365854,1.0402542472852252
