file,nrBest,proportionBest,entropyNrActions
nr_263_id_13_03bf3761d3e042fe89cfef6369f35b006b99d72f_DetailView_GTSPOON.csv,1842,0.8985365853658537,0.5777984178584075
