file,nrBest,proportionBest,entropyNrActions
nr_30_id_23_00efac05fc2ab99a460645ebe525927d2d2296b9_DPrimeDisplay_GTSPOON.csv,15,0.007317073170731708,3.7020916369940773
