file,nrBest,proportionBest,entropyNrActions
nr_149_id_9_01d0fc5d58f78f263368d148f95522a7070c4f1e_LeeroyCommands_GTSPOON.csv,840,0.4097560975609756,2.493251685931711
