file,nrBest,proportionBest,entropyNrActions
nr_710_id_1_08039440f38d41f218a7b5b975ec2a29300de482_TCFNodeExpression_GTSPOON.csv,209,0.10195121951219512,2.505597489790482
