file,nrBest,proportionBest,entropyNrActions
nr_42_id_7_00662cb0615a5f19478696e2872351f8f0a3f46c_GrisuUserApp_GTSPOON.csv,1559,0.7604878048780488,1.042079812881675
