file,nrBest,proportionBest,entropyNrActions
nr_391_id_37_b4648b6c52aa00eef1f82094f3461d9801e942b1_ExplosionAnimation_GTSPOON.csv,1724,0.8409756097560975,0.8270761168851146
