file,nrBest,proportionBest,entropyNrActions
nr_367_id_2_00c37292e35caf641a0338425bc3b121ad81fbad_Design_GTSPOON.csv,1570,0.7658536585365854,0.9748681590249879
