file,nrBest,proportionBest,entropyNrActions
nr_437_id_35_56013c38f2cf9290c99b37b7010acfe6ad3872dd_PreferencesActivity_GTSPOON.csv,2011,0.9809756097560975,0.13373139154100203
