file,nrBest,proportionBest,entropyNrActions
nr_324_id_5_02a1853e056d6164796369417eed115a459bf369_ComputerMateusz_GTSPOON.csv,829,0.40439024390243905,2.0825600039183376
