file,nrBest,proportionBest,entropyNrActions
nr_426_id_25_0ecec3d4083c57977a51e60593f88d08276a9e1f_WigMathTool_GTSPOON.csv,160,0.07804878048780488,2.001943611864272
