file,nrBest,proportionBest,entropyNrActions
nr_82_id_37_2538983ee4278985e5e0027a8954c247a0862cc4_BluetoothChatService_GTSPOON.csv,197,0.09609756097560976,2.883435977216442
