file,nrBest,proportionBest,entropyNrActions
nr_561_id_5_04a39131370f1d2ad63c1f917602e5a6de5027c8_PopupMessages_GTSPOON.csv,1939,0.9458536585365853,0.3265498165563834
