file,nrBest,proportionBest,entropyNrActions
nr_503_id_11_06fa4f7a20072a1792d5ed10f316e34f8da662cb_Command_GTSPOON.csv,1649,0.8043902439024391,0.9803284849404488
