file,nrBest,proportionBest,entropyNrActions
nr_268_id_4_0101b8397f25fc63b7747e0be0858d248487e58c_Evaluation_GTSPOON.csv,20,0.00975609756097561,2.522914783715021
