file,nrBest,proportionBest,entropyNrActions
nr_299_id_8_02839989469e74e08a0370492412683b921a7898_CDMahoutEvaluatorTest_GTSPOON.csv,2000,0.975609756097561,0.1553373793423018
