file,nrBest,proportionBest,entropyNrActions
nr_98_id_24_030f38ed62478fa65a89f8c754973cbf8e729979_Camera_GTSPOON.csv,187,0.09121951219512195,2.5127440739831415
