file,nrBest,proportionBest,entropyNrActions
nr_85_id_34_0da3cb2cc13f02441505d1f06e674e38a478d1c9_EraserTool_GTSPOON.csv,1713,0.8356097560975609,0.7307800379183008
