file,nrBest,proportionBest,entropyNrActions
nr_330_id_23_0aa6c5200d07051d9acc1d77123960261c4e9323_TelemetrySession_GTSPOON.csv,90,0.04390243902439024,2.8070615426582926
