file,nrBest,proportionBest,entropyNrActions
nr_435_id_26_0ec4c61a8c9417f599b3a92abf7127bc2836eaec_JenkinsSuite_GTSPOON.csv,2008,0.9795121951219512,0.12835102482110766
