file,nrBest,proportionBest,entropyNrActions
nr_449_id_33_373b01c768cf4c709e34210beae19a98b48ac65d_MavenUtil_GTSPOON.csv,1632,0.7960975609756098,1.0738426994916108
