file,nrBest,proportionBest,entropyNrActions
nr_115_id_14_016e041a02be3e984220f8722a0aae2af8a974a2_NewRESTProjectAction_GTSPOON.csv,1655,0.8073170731707318,0.9591729217850242
