file,nrBest,proportionBest,entropyNrActions
nr_380_id_32_214f1179b8f1f94893d0032546d615bd281fb908_AbstractEditorPage_GTSPOON.csv,1937,0.9448780487804878,0.3270085525098434
