file,nrBest,proportionBest,entropyNrActions
nr_106_id_24_0340565c256086ef79fd231ca3eb6381e85421ec_ErrorHandler_GTSPOON.csv,1472,0.7180487804878048,1.275173996096732
