file,nrBest,proportionBest,entropyNrActions
nr_199_id_33_17f536836640406cef2518c6ceb43b30bd465dfb_IcalToXcal_GTSPOON.csv,252,0.12292682926829268,2.597600655398729
