file,nrBest,proportionBest,entropyNrActions
nr_455_id_15_087601ff4b451e5e16536c0eac7b53b79e49f95c_MenuController_GTSPOON.csv,5,0.0024390243902439024,0.7634869413318799
