file,nrBest,proportionBest,entropyNrActions
nr_498_id_26_10fd35f3710a32c82b3415dde52f80bd0b2a910d_S3ClientImpl_GTSPOON.csv,720,0.35121951219512193,2.6649311944941205
