file,nrBest,proportionBest,entropyNrActions
nr_305_id_18_06120c38f9c8194225460ffb37921f9a079765b4_HttpFeedIntegrationTest_GTSPOON.csv,1582,0.7717073170731708,1.0103425994499922
