file,nrBest,proportionBest,entropyNrActions
nr_66_id_6_00801582ec3bc7d486704bf36b839f96c8c31b9e_EventSeries_GTSPOON.csv,1323,0.6453658536585366,1.4452670533128193
