file,nrBest,proportionBest,entropyNrActions
nr_405_id_17_07f690d5c1f360894aab0d328c8b103d91628147_PlayingGameState_GTSPOON.csv,1465,0.7146341463414634,1.1148327015329986
