file,nrBest,proportionBest,entropyNrActions
nr_395_id_28_116ab7661353f46689b914654900a99782815f04_HtmlCleaner_GTSPOON.csv,70,0.03414634146341464,2.738311081972225
