file,nrBest,proportionBest,entropyNrActions
nr_547_id_10_0554ba17db0d9f57c9d4d708f66d339232230572_CSWController_GTSPOON.csv,570,0.2780487804878049,2.0773159507014505
