file,nrBest,proportionBest,entropyNrActions
nr_329_id_23_0aa5b599f392089481b88338900eb46dc744be66_CodeBlock_GTSPOON.csv,1906,0.9297560975609757,0.4504891806706072
