file,nrBest,proportionBest,entropyNrActions
nr_357_id_1_042625105648597184d4c8caf1534168e8d2f183_MapTab_GTSPOON.csv,1200,0.5853658536585366,1.6496013098197617
