file,nrBest,proportionBest,entropyNrActions
nr_367_id_17_073aa46e1870356c3057d20dbf6fdf4cec02661a_APIImporter_GTSPOON.csv,929,0.4531707317073171,2.1410469816268853
