file,nrBest,proportionBest,entropyNrActions
nr_316_id_14_04bc49aca41fbc6feb07daf1e75714c454a1d150_Config_GTSPOON.csv,1929,0.9409756097560975,0.36426382015197817
