file,nrBest,proportionBest,entropyNrActions
nr_442_id_33_36a64c6880e3fbf10e0999495496ce81967643bb_ExtendedTypedSelenium_GTSPOON.csv,2025,0.9878048780487805,0.08661049925515463
