file,nrBest,proportionBest,entropyNrActions
nr_81_id_24_026878ae4c5377e267a7f135699cca35d0f6b70b_UserInterfaceMain_GTSPOON.csv,133,0.06487804878048781,2.9669071827850364
