file,nrBest,proportionBest,entropyNrActions
nr_154_id_3_01042d3eec57415df692ad479e5a6a03f379b12b_FormItemFactories_GTSPOON.csv,1648,0.8039024390243903,0.9769114435660061
