file,nrBest,proportionBest,entropyNrActions
nr_249_id_5_0208094aa9a6e46fad9554493f37b2ffe5803de6_RestClient_GTSPOON.csv,1632,0.7960975609756098,1.0564236849697883
