file,nrBest,proportionBest,entropyNrActions
nr_604_id_36_9be8f1c70a8a6fc1d654d659d1421f63564aae7f_GroovyMain_GTSPOON.csv,859,0.4190243902439024,2.2779753221653447
