file,nrBest,proportionBest,entropyNrActions
nr_182_id_5_018e66b840276887ef8077b71835b8d4953d374f_Window_GTSPOON.csv,189,0.09219512195121951,2.5344356424599983
