file,nrBest,proportionBest,entropyNrActions
nr_318_id_8_02b084f51d965698aeef7a284a0359226090fb72_SorcerRunner_GTSPOON.csv,346,0.16878048780487806,1.7303429448400665
