file,nrBest,proportionBest,entropyNrActions
nr_427_id_12_049b55e9e526f2e92f77c74caf11ab067dddfd49_Executor_GTSPOON.csv,1734,0.8458536585365853,0.8540252492521667
