file,nrBest,proportionBest,entropyNrActions
nr_264_id_4_00fe243c3b40cfc577b03018b3649e91a556274c_SerializationUtil_GTSPOON.csv,1076,0.5248780487804878,2.1674591280501065
