file,nrBest,proportionBest,entropyNrActions
nr_177_id_3_013d2c5498e67b22b09577cbc4364b8e94652c98_IOClient_GTSPOON.csv,2029,0.9897560975609756,0.07250705023451876
