file,nrBest,proportionBest,entropyNrActions
nr_155_id_36_25ff48d0ed4055101a035ad55662265d91bcf593_H2Functions_GTSPOON.csv,20,0.00975609756097561,3.0475618408409666
