file,nrBest,proportionBest,entropyNrActions
nr_412_id_21_0a81b2ade689c7eb98ee291eb82453af24b37b7d_ZoomPanLayout_GTSPOON.csv,146,0.07121951219512195,2.8216217070809844
