file,nrBest,proportionBest,entropyNrActions
nr_205_id_7_0241d9b8d5674e24daa77ddac656f10419bf8b46_ViewBehavior_GTSPOON.csv,142,0.06926829268292684,2.6673067789594027
