file,nrBest,proportionBest,entropyNrActions
nr_320_id_25_0ad4678bea40bf50210679529c696cad3a46dc67_SDEntityListener_GTSPOON.csv,1767,0.8619512195121951,0.5230942854825256
