file,nrBest,proportionBest,entropyNrActions
nr_443_id_16_07f8f43a598a85a8f70fa4e30046e6d761332405_FB2CoverImage_GTSPOON.csv,1774,0.8653658536585366,0.8086380838387671
