file,nrBest,proportionBest,entropyNrActions
nr_64_id_6_00790a3585faf64931b11c17e93fef63ac7e607e_MediaService_GTSPOON.csv,155,0.07560975609756097,2.9820966346669815
