file,nrBest,proportionBest,entropyNrActions
nr_397_id_2_00d28a09cc6c41a3ed94c51c87847578f28a88a2_JobManager_GTSPOON.csv,1111,0.5419512195121952,1.6698703955536924
