file,nrBest,proportionBest,entropyNrActions
nr_379_id_36_61d895b0e76269c0a02903f0a118a80dfaa80856_GeoView_GTSPOON.csv,812,0.3960975609756098,2.197662850236809
