file,nrBest,proportionBest,entropyNrActions
nr_18_id_11_00285f7b23d2ca550f85a347e46152afde2622f8_Statistics_GTSPOON.csv,550,0.2682926829268293,3.2227353817282087
