file,nrBest,proportionBest,entropyNrActions
nr_438_id_15_081dce0ce3478555eebdca7ae5c640289504da8e_ParseCsv_GTSPOON.csv,1831,0.8931707317073171,0.5922804054420355
