file,nrBest,proportionBest,entropyNrActions
nr_476_id_8_03f448189b3bf211d6ce04489da18de97d5fdb22_TradingDayUtils_GTSPOON.csv,1917,0.9351219512195122,0.41504071725558345
