file,nrBest,proportionBest,entropyNrActions
nr_163_id_21_0460ab292e9d641cd25604fe3d96f06bdb9dbe35_DefaultHandler_GTSPOON.csv,1709,0.8336585365853658,0.9170417147514169
