file,nrBest,proportionBest,entropyNrActions
nr_243_id_23_07d14b579182bf3cb558c1c6530744b68eec5d73_JettySolrRunner_GTSPOON.csv,292,0.1424390243902439,1.9451590525263995
