file,nrBest,proportionBest,entropyNrActions
nr_148_id_19_03a8bbdd424025da684ea116f52180bf299b8b12_CopyPasteCut_GTSPOON.csv,718,0.35024390243902437,2.533380642860859
