file,nrBest,proportionBest,entropyNrActions
nr_51_id_24_01890f5860bfe24a8f0bd118bd1846db88d470a7_FormEntry_GTSPOON.csv,195,0.0951219512195122,2.9870150811962963
