file,nrBest,proportionBest,entropyNrActions
nr_489_id_2_01045f65a6bb67e7a3b3f8b12f0029388ce278ce_GameField_GTSPOON.csv,1780,0.8682926829268293,0.7030229171064999
