file,nrBest,proportionBest,entropyNrActions
nr_461_id_23_0e5fa157eb1f2298578aa40171920a7db2fe89e1_PgServer_GTSPOON.csv,1029,0.5019512195121951,1.788034046651852
