file,nrBest,proportionBest,entropyNrActions
nr_491_id_7_0521bc977c64881a45162a32e7d60c1a664898d8_ObjectFactory_GTSPOON.csv,445,0.21707317073170732,2.5201951127184987
