file,nrBest,proportionBest,entropyNrActions
nr_384_id_21_0a0de755be2519b90f33be4a3cf5dbe11f1822b1_HangupHandler_GTSPOON.csv,180,0.08780487804878048,1.2212153771693282
