file,nrBest,proportionBest,entropyNrActions
nr_400_id_24_0c23aea53df91ae5788f2325667f98110bd0b185_ToolbarFactory_GTSPOON.csv,1438,0.7014634146341463,1.2460101473790004
