file,nrBest,proportionBest,entropyNrActions
nr_427_id_16_07adc84cba0ed3d48425a5537447c2a69fd7cce0_EventManager_GTSPOON.csv,1091,0.5321951219512195,1.8435275899181343
