file,nrBest,proportionBest,entropyNrActions
nr_643_id_8_05065867de95d94ed605c2c0ed233075d5e20356_AbstractLifeCycle_GTSPOON.csv,1462,0.713170731707317,1.1907831157165347
