file,nrBest,proportionBest,entropyNrActions
nr_572_id_1_065c530979d962c8867c9c93e47de98ec61a843a_AbstractReceiver_GTSPOON.csv,1752,0.8546341463414634,0.7675579091794219
