file,nrBest,proportionBest,entropyNrActions
nr_335_id_20_06844b1d241a942da52d0a16eff4eebebff1e622_TemplateTest_GTSPOON.csv,1848,0.9014634146341464,0.43735037694505186
