file,nrBest,proportionBest,entropyNrActions
nr_161_id_26_063b2db5821144566b7aeed56f54deca4285f83f_Operator_GTSPOON.csv,848,0.41365853658536583,2.2214320396385814
