file,nrBest,proportionBest,entropyNrActions
nr_316_id_24_09a592a670234b8a2507132d99070b5131aef109_SLM_GTSPOON.csv,1843,0.8990243902439025,0.5516729483847602
