file,nrBest,proportionBest,entropyNrActions
nr_133_id_24_03eb02156859f0a1a03228a9f051bf303f6ee1df_ConcurrentARC_GTSPOON.csv,68,0.033170731707317075,1.728887622793372
