file,nrBest,proportionBest,entropyNrActions
nr_194_id_1_025b84173469db075b0a14656f063860411cd065_TestCorpusAdministration_GTSPOON.csv,1288,0.6282926829268293,1.1669153400060366
