file,nrBest,proportionBest,entropyNrActions
nr_196_id_12_022eb71bfe8ec65b8817eaa432a530194210ec23_MediaProvider_GTSPOON.csv,80,0.03902439024390244,2.9902881911754715
