file,nrBest,proportionBest,entropyNrActions
nr_434_id_32_254931bfa100bf8fdf843af8f95aa2556586754e_ConnectionTest_GTSPOON.csv,155,0.07560975609756097,2.7470188932518944
