file,nrBest,proportionBest,entropyNrActions
nr_493_id_36_7e9613e244e663b4d7f1f57163bb2dad5995ad9c_RegisterInfo_GTSPOON.csv,95,0.046341463414634146,1.0376687500697805
