file,nrBest,proportionBest,entropyNrActions
nr_708_id_2_01832598af190adeb2733f995d300ac64e2643ed_RelationshipPanel_GTSPOON.csv,36,0.0175609756097561,1.1248550656331207
