file,nrBest,proportionBest,entropyNrActions
nr_512_id_35_6318cf7604895e9c496dc1b382de642c9c07ff8f_Utils_GTSPOON.csv,1015,0.4951219512195122,2.1604219599168912
