file,nrBest,proportionBest,entropyNrActions
nr_379_id_28_10c8f704274dda3272472e3a812cec991d64f346_StickyListHeadersListView_GTSPOON.csv,11,0.005365853658536586,2.8301315286291757
