file,nrBest,proportionBest,entropyNrActions
nr_244_id_38_a62770a3dda7ac4a0fa7877e1cd42db3a99a8ecc_GC_GTSPOON.csv,68,0.033170731707317075,3.127451583557348
