file,nrBest,proportionBest,entropyNrActions
nr_75_id_37_20109359b2a854a7a128f7b3a622f4a0dc46ac35_ThreadTableModel_GTSPOON.csv,78,0.03804878048780488,1.1324917183531933
