file,nrBest,proportionBest,entropyNrActions
nr_395_id_19_097ed72417e981478ecde5872748ba8b266bd0eb_Rivet_GTSPOON.csv,172,0.08390243902439025,2.9871410845977
