file,nrBest,proportionBest,entropyNrActions
nr_457_id_3_0302db3ede91445bd8120164e49722276f860284_EventInfoFragment_GTSPOON.csv,176,0.08585365853658537,2.5888837817113792
