file,nrBest,proportionBest,entropyNrActions
nr_20_id_23_00ac8ed93171933b24f25171a9d0fa71d9f5ae67_VonHippelModlet_GTSPOON.csv,1212,0.5912195121951219,1.7601553908452754
