file,nrBest,proportionBest,entropyNrActions
nr_307_id_13_04825e216d898c842a8b8e297fa08e5e082c45b0_UserPositionOverlay_GTSPOON.csv,1654,0.806829268292683,0.9142904050889141
