file,nrBest,proportionBest,entropyNrActions
nr_158_id_4_0087242b2f1798210da726f7bd0d0547c6dc9ac8_LazyPackage_GTSPOON.csv,913,0.4453658536585366,2.212191173718195
