file,nrBest,proportionBest,entropyNrActions
nr_622_id_1_06f9fc7a56a404aea48c4bd16e3ff95683202ef5_GUI_Lane_GTSPOON.csv,1663,0.811219512195122,1.0040936247935295
