file,nrBest,proportionBest,entropyNrActions
nr_321_id_28_0e72775b0815eb1a9585abf62991e68207014c71_IPathVariableTest_GTSPOON.csv,550,0.2682926829268293,2.9112891507099996
