file,nrBest,proportionBest,entropyNrActions
nr_130_id_18_028304c8af242c8651de1cbd561aa6ba95017016_LayerMarkovBackward_GTSPOON.csv,163,0.07951219512195122,2.598974392346944
