file,nrBest,proportionBest,entropyNrActions
nr_5_id_26_002e2a43d31f24b06281dae8e9e19079c460ae42_GamePanel_GTSPOON.csv,1461,0.7126829268292683,1.3386633359235096
