file,nrBest,proportionBest,entropyNrActions
nr_136_id_5_01341b9dce29a67efa4b01868b0a736b8a947a95_MailServiceLocal_GTSPOON.csv,1535,0.748780487804878,0.9908006495687506
