file,nrBest,proportionBest,entropyNrActions
nr_180_id_26_06ccbd12898c468ca48d6e1f7bf4aa5c2a9698ef_Karma_GTSPOON.csv,10,0.004878048780487805,2.9297572325646053
