file,nrBest,proportionBest,entropyNrActions
nr_70_id_28_031aafaed4634607c138256e048a3efe6a8b30c5_RESTServlet_GTSPOON.csv,200,0.0975609756097561,1.012429372201714
