file,nrBest,proportionBest,entropyNrActions
nr_472_id_24_0e289990f4f322d228b94035d907b384ccc32606_FixedLengthStreamSinkConduit_GTSPOON.csv,26,0.012682926829268294,2.223380864541931
