file,nrBest,proportionBest,entropyNrActions
nr_103_id_25_0398b203e0976f139b2235451f7a9cf8304da7d6_SequenceServices_GTSPOON.csv,126,0.06146341463414634,3.14343853787428
