file,nrBest,proportionBest,entropyNrActions
nr_342_id_17_06c7a8c428c2e67210a646774c4b3456a406d643_ReflectionUtils2_GTSPOON.csv,1665,0.8121951219512196,0.956607066317046
