file,nrBest,proportionBest,entropyNrActions
nr_110_id_14_0169254b57d9981ceffa925c9209dea8d05a8a7a_JavafxAttr_GTSPOON.csv,143,0.06975609756097562,2.823079309349257
