file,nrBest,proportionBest,entropyNrActions
nr_401_id_8_0347d876c0b66a1c1b41ebb4e37e271648a87f25_SDLSurface_GTSPOON.csv,654,0.31902439024390244,2.6966290811420777
