file,nrBest,proportionBest,entropyNrActions
nr_263_id_14_03efd6caf75339a194131e603eb62b56723b83a3_ArtifactBasicMetadata_GTSPOON.csv,1449,0.7068292682926829,1.3419235807806509
