file,nrBest,proportionBest,entropyNrActions
nr_112_id_12_01507b7117d006d2de2f6c4b28c903eda03efdc9_Ocl2java4genmodel_GTSPOON.csv,1555,0.7585365853658537,1.0886474368684729
