file,nrBest,proportionBest,entropyNrActions
nr_66_id_39_704c2f4a719453e9f1b791f5f6dbdeefc1950869_PollListView_GTSPOON.csv,640,0.3121951219512195,2.396875431593438
