file,nrBest,proportionBest,entropyNrActions
nr_380_id_24_0b95856de09934209ca746bb5fb7024415e240d1_OrderLayer_GTSPOON.csv,1384,0.6751219512195122,1.5465985018906574
