file,nrBest,proportionBest,entropyNrActions
nr_356_id_9_04349a03c81e7d12670abd20f088be0e6a693761_ValangParser_GTSPOON.csv,194,0.09463414634146342,2.405055320548215
