file,nrBest,proportionBest,entropyNrActions
nr_35_id_15_00904aad9230e58207cbdee489d73d29a7d66ac5_ObjectHelper_GTSPOON.csv,706,0.344390243902439,1.9611115421067524
