file,nrBest,proportionBest,entropyNrActions
nr_221_id_16_04132631521e1024f70958f680a26d2e24880142_Datum_GTSPOON.csv,1548,0.7551219512195122,1.2082254938694867
