file,nrBest,proportionBest,entropyNrActions
nr_303_id_30_12c58c96e348aa2374092536eaf65862f1696185_TestXSLFTextParagraph_GTSPOON.csv,95,0.046341463414634146,2.2395455093230705
