file,nrBest,proportionBest,entropyNrActions
nr_500_id_6_030c5e88b8df6b0a8d7598fefd027f7f4a8935db_App_GTSPOON.csv,1940,0.9463414634146341,0.2700950426357972
