file,nrBest,proportionBest,entropyNrActions
nr_218_id_10_02016abea1316d827de8be118d07c6aba827fd64_NewRepeatTests_GTSPOON.csv,909,0.44341463414634147,2.143791424101929
