file,nrBest,proportionBest,entropyNrActions
nr_331_id_19_07ef622d728bdb982aba0b83e260b3bf95f375ad_WishList_GTSPOON.csv,591,0.28829268292682925,1.744781995395164
