file,nrBest,proportionBest,entropyNrActions
nr_56_id_5_0090c6a397c8cb08fdbfc6b07262879c40c220e1_DangerControl_GTSPOON.csv,1928,0.9404878048780487,0.3739848151579272
