file,nrBest,proportionBest,entropyNrActions
nr_380_id_14_05940014117a425770723ef5d8a50964a3f74555_MayAliasAnalysis_GTSPOON.csv,19,0.009268292682926829,1.3966943528002564
