file,nrBest,proportionBest,entropyNrActions
nr_516_id_37_e704a51391104e455f4c834b3a6e4af8870c0c2f_JDBCUtil_GTSPOON.csv,1937,0.9448780487804878,0.3034699997699177
