file,nrBest,proportionBest,entropyNrActions
nr_247_id_12_02ac5b92c590a580d59606ab7cc462d6a7e14154_Sheet_GTSPOON.csv,429,0.20926829268292682,2.3375461155703676
