file,nrBest,proportionBest,entropyNrActions
nr_183_id_28_0822805ab10a02d456bfa090033c0b2d462a3577_Predicates_GTSPOON.csv,86,0.041951219512195125,2.8745524329641774
