file,nrBest,proportionBest,entropyNrActions
nr_88_id_37_280b3135545930128eb7b41bf97d266df788b070_LightWeightPlotActions_GTSPOON.csv,102,0.04975609756097561,3.8374678303757777
