file,nrBest,proportionBest,entropyNrActions
nr_125_id_7_015927361ce1da2e952d18941526e6716925fea6_SubmissionListActivity_GTSPOON.csv,1835,0.8951219512195122,0.5560198066044125
