file,nrBest,proportionBest,entropyNrActions
nr_52_id_11_008e9b3e1a8c037e0275b19f284a7d2e76c9e140_LatinIME_GTSPOON.csv,152,0.07414634146341463,2.562935784143275
