file,nrBest,proportionBest,entropyNrActions
nr_474_id_37_d6f64ad25a7317930d334ae8a5b2ac1bd9b2f18f_AjState_GTSPOON.csv,730,0.35609756097560974,2.2430256770899932
