file,nrBest,proportionBest,entropyNrActions
nr_34_id_14_0083f423318a92da1c2a4b1d0140dc8741cdc533_EventManager_GTSPOON.csv,232,0.11317073170731708,1.5561538474279275
