file,nrBest,proportionBest,entropyNrActions
nr_16_id_20_0033a0e7d37697b2b1ce1841b3bd820568a99589_TOCBuilder_GTSPOON.csv,1621,0.7907317073170732,1.0404996725275495
