file,nrBest,proportionBest,entropyNrActions
nr_458_id_21_0ba6b372a22844bc058e2b0f139fbfd6181b1c2b_AIState_GTSPOON.csv,1456,0.7102439024390244,1.6216973504121572
