file,nrBest,proportionBest,entropyNrActions
nr_104_id_13_0179e23a65218f373d68c205893be3089a7eb8d9_Default_GTSPOON.csv,532,0.25951219512195123,2.986184944212381
