file,nrBest,proportionBest,entropyNrActions
nr_487_id_27_1631468551d0fcec8a911bee912c5f94ba75d94f_SymbolTable_GTSPOON.csv,515,0.25121951219512195,2.460131987937759
