file,nrBest,proportionBest,entropyNrActions
nr_312_id_9_03b32c51c895baa503976fbaca951c064d6c4d71_ExpressionTest_GTSPOON.csv,1014,0.4946341463414634,1.4577599745524468
