file,nrBest,proportionBest,entropyNrActions
nr_280_id_21_07643f941dae2e0acbc9272621e18e7e3e3215b9_AStarSearch_GTSPOON.csv,108,0.05268292682926829,2.664610124495381
