file,nrBest,proportionBest,entropyNrActions
nr_295_id_24_0915c5706f87fcc41d99634054f5661bb43e21f8_SaxonHelper_GTSPOON.csv,1370,0.6682926829268293,1.5093955390548017
