file,nrBest,proportionBest,entropyNrActions
nr_22_id_20_00532d7ae0b62f87d1124c7238e5656841a455bf_ScriptLoggingUtil_GTSPOON.csv,1472,0.7180487804878048,1.1408812473251178
