file,nrBest,proportionBest,entropyNrActions
nr_150_id_11_01ef08c36470ddcce4bde92cbfb555194edfa46b_Oval_GTSPOON.csv,1147,0.5595121951219513,1.4295399921863596
