file,nrBest,proportionBest,entropyNrActions
nr_60_id_40_b7d76e52660dc85c8de51be2d9e045d2527a75ab_Material_GTSPOON.csv,80,0.03902439024390244,2.1821102222343085
