file,nrBest,proportionBest,entropyNrActions
nr_324_id_1_03d2049d8e6dbb10a253d7a7a258f189d96324d9_CommonServiceUtils_GTSPOON.csv,1468,0.7160975609756097,1.2558387047808282
