file,nrBest,proportionBest,entropyNrActions
nr_246_id_26_08e7d742e063f3b9a33a0a6dc676e3e473d4bf27_DevMode_GTSPOON.csv,728,0.3551219512195122,2.570019150069732
