file,nrBest,proportionBest,entropyNrActions
nr_101_id_25_0384f76533ebe1b46993e286cf61ad636d042f8a_Restrict_GTSPOON.csv,185,0.09024390243902439,1.5748756089086065
