file,nrBest,proportionBest,entropyNrActions
nr_325_id_12_038113bc3dfd1d1795287f885740a1cc6533aa62_DatabaseSelector_GTSPOON.csv,90,0.04390243902439024,2.809624232855165
