file,nrBest,proportionBest,entropyNrActions
nr_206_id_21_0552c146227f22c442f013309914b49565d832a6_TaskFormPage_GTSPOON.csv,136,0.06634146341463415,3.290923612364321
