file,nrBest,proportionBest,entropyNrActions
nr_416_id_26_0e28cbc02d47c574d4c73455f546dd537731f32d_ConanApp_GTSPOON.csv,338,0.1648780487804878,2.3360345089723173
