file,nrBest,proportionBest,entropyNrActions
nr_269_id_24_08653d1128880d41d98142b6044e80e49af67a4f_MageTabGenerator_GTSPOON.csv,4,0.001951219512195122,2.830503706683488
