file,nrBest,proportionBest,entropyNrActions
nr_515_id_10_04f47345b3d46c3fff329691dd8e9524266c0bc3_GameInfo_GTSPOON.csv,1738,0.8478048780487805,0.7972192329975655
