file,nrBest,proportionBest,entropyNrActions
nr_108_id_26_040c83cc8e10984ab2e26270fd880494eac6436e_PicassoDrawable_GTSPOON.csv,75,0.036585365853658534,1.8511315126596999
