file,nrBest,proportionBest,entropyNrActions
nr_43_id_30_034e766db293d56b1b831485e411c8265f116e53_TedDailySerie_GTSPOON.csv,172,0.08390243902439025,2.131976907712806
