file,nrBest,proportionBest,entropyNrActions
nr_455_id_20_08b8948a2ae616780593080cc2ae82b5af15bb23_ServiceImpl_GTSPOON.csv,171,0.08341463414634147,2.618735173353476
