file,nrBest,proportionBest,entropyNrActions
nr_114_id_15_01f789bfde6131fe6996c47403c7f19f94d7588c_PerformanceClient_GTSPOON.csv,1922,0.937560975609756,0.3888528096056986
