file,nrBest,proportionBest,entropyNrActions
nr_428_id_31_1e334c07888bbb272e233332b9806ae014b61ac4_GameView_GTSPOON.csv,156,0.07609756097560975,2.567242777348704
