file,nrBest,proportionBest,entropyNrActions
nr_305_id_24_096461f25e4681e2dc08879f35385dd4999d0e69_WriteOp_GTSPOON.csv,1464,0.7141463414634146,1.5003228829805215
