file,nrBest,proportionBest,entropyNrActions
nr_402_id_13_05e29759de0055393707450bb1a096d036fc5246_RepoAPI_GTSPOON.csv,1939,0.9458536585365853,0.3019403793596045
