file,nrBest,proportionBest,entropyNrActions
nr_389_id_19_094ef2379e3e65b8c50e3c875aaea9e872aa9a27_Point_GTSPOON.csv,1848,0.9014634146341464,0.5514966988198101
