file,nrBest,proportionBest,entropyNrActions
nr_252_id_2_007a68abbca852d94dd91546d28112acbb7a4493_WaveController_GTSPOON.csv,1644,0.8019512195121952,0.9863452695811227
