file,nrBest,proportionBest,entropyNrActions
nr_156_id_19_03df74ede7ef3fa189993401f8575f7cd96b4e17_CommandWand_GTSPOON.csv,72,0.0351219512195122,1.4870553462623133
