file,nrBest,proportionBest,entropyNrActions
nr_298_id_38_c59820ab236f1fcef7a260c3a33d35d4b2622a26_GameTable_GTSPOON.csv,1104,0.5385365853658537,2.008321955901575
