file,nrBest,proportionBest,entropyNrActions
nr_120_id_21_0357ecd295abd395ff570cf12999f6d2d7d172a4_Tile_GTSPOON.csv,181,0.08829268292682926,2.9850434296028183
