file,nrBest,proportionBest,entropyNrActions
nr_282_id_7_02f8928250321e4370be82a8b4899bd42b822108_GridViewWithSections_GTSPOON.csv,144,0.0702439024390244,1.14418063358567
