file,nrBest,proportionBest,entropyNrActions
nr_286_id_19_06e50b4bc9a7814f47513cb8732686c07d6a24c8_List_GTSPOON.csv,1157,0.564390243902439,1.5265020807060237
