file,nrBest,proportionBest,entropyNrActions
nr_524_id_12_05b8c68444fa926e14ece07849f9d438a7e66fea_NetworkManager_GTSPOON.csv,1575,0.7682926829268293,1.0620190450196767
