file,nrBest,proportionBest,entropyNrActions
nr_525_id_8_043d1850b8bf73c5144956cad5e7864842fe1bed_PicklistInput_GTSPOON.csv,1633,0.7965853658536586,0.9393619595385968
