file,nrBest,proportionBest,entropyNrActions
nr_150_id_21_040c71203d0834c890b55d5f5bf79c6dea749048_InliningTypeTransformer_GTSPOON.csv,1000,0.4878048780487805,1.0065325161467829
