file,nrBest,proportionBest,entropyNrActions
nr_352_id_16_0674d6c8bb96c951f19c29e4fd207e64e062bf6e_CommentPanel_GTSPOON.csv,5,0.0024390243902439024,1.767962528498195
