file,nrBest,proportionBest,entropyNrActions
nr_322_id_10_03205f90354219ad8b0798468922701f6b806a54_ImporterMapper_GTSPOON.csv,1714,0.8360975609756097,0.917142360660628
