file,nrBest,proportionBest,entropyNrActions
nr_501_id_6_030f2799413c879b6e13026bb24395c65c25336a_InternalAntRunner_GTSPOON.csv,200,0.0975609756097561,2.511722358896985
