file,nrBest,proportionBest,entropyNrActions
nr_390_id_27_1183fd68c370af37e7c0e3e9e2a1e6241d2b2266_NodeBoxDocument_GTSPOON.csv,161,0.07853658536585366,2.7532421504221656
