file,nrBest,proportionBest,entropyNrActions
nr_423_id_37_c3de1e365482f236763f74c965f56a9524f3a289_Convert_GTSPOON.csv,80,0.03902439024390244,2.2744776863663567
