file,nrBest,proportionBest,entropyNrActions
nr_5_id_30_004c56f0e918da1346807889fc81e8b555a3984b_JiraClient_GTSPOON.csv,1938,0.9453658536585365,0.33882518836235387
