file,nrBest,proportionBest,entropyNrActions
nr_666_id_5_05920bdb58b54058e909a1eb051543a93ecc46b1_Config_GTSPOON.csv,2024,0.9873170731707317,0.09390419692252004
