file,nrBest,proportionBest,entropyNrActions
nr_1_id_10_00004600a08fe54f28f4ad4abf18507268763be1_Tab_GTSPOON.csv,181,0.08829268292682926,2.9476949760749536
