file,nrBest,proportionBest,entropyNrActions
nr_127_id_29_0739e8fc05b74620f30cb9298dcb2f09d4569772_Select_GTSPOON.csv,145,0.07073170731707316,1.935854399000299
