file,nrBest,proportionBest,entropyNrActions
nr_474_id_31_21036e5f637ad8c0853a9dbba574471387710ea7_LegendParser_GTSPOON.csv,800,0.3902439024390244,2.428319851266104
