file,nrBest,proportionBest,entropyNrActions
nr_244_id_20_049480277b0d4df6d223d71a101163a390286223_AI_GTSPOON.csv,586,0.28585365853658534,3.1040310634909205
