file,nrBest,proportionBest,entropyNrActions
nr_39_id_26_0167656220a57f3061376b305408be1b68fa297e_XPathDecimalFormat_GTSPOON.csv,200,0.0975609756097561,0.8375494417951922
