file,nrBest,proportionBest,entropyNrActions
nr_520_id_30_1faebc6ad35a2b79292e3d56b57f363fa73953f1_RhinoEngine_GTSPOON.csv,478,0.23317073170731709,2.7806553416748643
