file,nrBest,proportionBest,entropyNrActions
nr_137_id_3_00e8562f26211a13114890f8e036ede25d205a7b_TestCollection_GTSPOON.csv,387,0.18878048780487805,2.595580095458201
