file,nrBest,proportionBest,entropyNrActions
nr_481_id_5_03f441fc0615ee7937d4a855d5af6e672d9ba014_ColonyPanel_GTSPOON.csv,177,0.08634146341463414,2.913941269502865
