file,nrBest,proportionBest,entropyNrActions
nr_373_id_9_0458a8223b427f2f9ed83aff176bf5e51468732b_CCNOutputStream_GTSPOON.csv,1088,0.5307317073170732,1.945896979054125
