file,nrBest,proportionBest,entropyNrActions
nr_1_id_6_0003059d3b20478181194304d3d9f2ead664fb6b_DynamicObject_GTSPOON.csv,918,0.4478048780487805,2.407828097787107
