file,nrBest,proportionBest,entropyNrActions
nr_413_id_7_04599ae3d14d45a5d1ebbf8ae5c7007587111e93_XMLWriter_GTSPOON.csv,1747,0.8521951219512195,0.7153734315721979
