file,nrBest,proportionBest,entropyNrActions
nr_337_id_16_062995bc4d3628ce7bd54499a72fa74844ab17d8_JarBasedJSFResource_GTSPOON.csv,1908,0.9307317073170732,0.44097086899792654
