file,nrBest,proportionBest,entropyNrActions
nr_339_id_11_047045501edb0464c324564a03cba23946431e78_InstF99_GTSPOON.csv,1017,0.49609756097560975,1.9576472895350108
