file,nrBest,proportionBest,entropyNrActions
nr_303_id_2_009c5fadbe1518a3371634306540a39701431b44_SocialNetworkAdmin_GTSPOON.csv,1251,0.6102439024390244,1.6988706348141895
