file,nrBest,proportionBest,entropyNrActions
nr_345_id_14_0515e54d59e15ab5fded091441a5f26c0d2a8592_ContactListActivity_GTSPOON.csv,470,0.22926829268292684,2.7494869301097795
