file,nrBest,proportionBest,entropyNrActions
nr_155_id_24_04a59c05ce1549b22da16665ee606b934f5e5bc5_PageTest_GTSPOON.csv,1752,0.8546341463414634,0.7284216455005594
