file,nrBest,proportionBest,entropyNrActions
nr_489_id_7_051d3e4c3f0e14120f02d509885ad12c56cabd33_ImageView_GTSPOON.csv,1552,0.7570731707317073,1.1737091251157767
