file,nrBest,proportionBest,entropyNrActions
nr_274_id_27_0c1ec5592772bde5ff1be3e860535e75c8fd2178_MainActivity_GTSPOON.csv,1921,0.9370731707317074,0.40760967568147005
