file,nrBest,proportionBest,entropyNrActions
nr_123_id_18_0247340b0b5a845073e3d58c9f3f1a86d77f8372_ShopServlet_GTSPOON.csv,5,0.0024390243902439024,2.7852620931054246
