file,nrBest,proportionBest,entropyNrActions
nr_386_id_30_17ee4e990ab5523f8290849d391a831b9ee9d738_DrawingToolLayer_GTSPOON.csv,25,0.012195121951219513,1.7435731900734335
