file,nrBest,proportionBest,entropyNrActions
nr_204_id_24_0653654b5446a722f84b0fa08b4c71aea45c8d82_PreferencesFactory_GTSPOON.csv,38,0.018536585365853658,2.776800143070704
