file,nrBest,proportionBest,entropyNrActions
nr_134_id_32_0c4d3c4c5a0e91a981e47fbf7a48cc50b768b316_OpenLogViewer_GTSPOON.csv,691,0.33707317073170734,2.4710497596602377
