file,nrBest,proportionBest,entropyNrActions
nr_77_id_18_0153129021212a3b2224a57ffe411f2e46572b05_VectorCache_GTSPOON.csv,145,0.07073170731707316,3.018217021203694
