file,nrBest,proportionBest,entropyNrActions
nr_338_id_36_564fe48267e8539821454c285c9b7bfe93dfd5ac_SyncManager_GTSPOON.csv,167,0.08146341463414634,2.6104335795461173
