file,nrBest,proportionBest,entropyNrActions
nr_84_id_23_02705bc51a14afa8a9dde654b61bf232d7111124_Pony_GTSPOON.csv,1336,0.6517073170731708,1.5194278840363866
