file,nrBest,proportionBest,entropyNrActions
nr_148_id_21_04012616ae306a6e502bf0ba7805070d0b84f017_Reference_GTSPOON.csv,2027,0.988780487804878,0.07766252118443262
