file,nrBest,proportionBest,entropyNrActions
nr_468_id_21_0be4753029f52a9127be5524278bc0074381b320_ExtensionTracker_GTSPOON.csv,61,0.02975609756097561,1.4866093940760194
