file,nrBest,proportionBest,entropyNrActions
nr_2_id_36_01f8cfd17415c91c5c4168a1d49253efe45e9529_CalcSolidsWindow_GTSPOON.csv,72,0.0351219512195122,3.7720562771228785
