file,nrBest,proportionBest,entropyNrActions
nr_398_id_25_0dbf8b65f5f904222f77e9a6b30c7d2266ff48a7_SwisstopoComponent_GTSPOON.csv,1337,0.6521951219512195,1.3158506099545417
