file,nrBest,proportionBest,entropyNrActions
nr_496_id_4_01ffd40bd6f2e5a970527862b93b4e611367c746_WicketUtils_GTSPOON.csv,196,0.09560975609756098,2.471586042079782
