file,nrBest,proportionBest,entropyNrActions
nr_113_id_32_09c67276dc57a85abd4cbb20444307b0d2755166_LinkToNode_GTSPOON.csv,1736,0.8468292682926829,0.824265296143197
