file,nrBest,proportionBest,entropyNrActions
nr_355_id_11_04a2594f92097479c30845b7e8f6f6bdf56c8ea7_GermanWordSplitterTest_GTSPOON.csv,1484,0.7239024390243902,1.2197476416884294
