file,nrBest,proportionBest,entropyNrActions
nr_94_id_25_034d824992720a95015fae0d301a3edd9f625f82_Associate_GTSPOON.csv,57,0.027804878048780488,1.69680665240202
