file,nrBest,proportionBest,entropyNrActions
nr_246_id_16_04901f2fb4ca5182c956d8bd2d68d95735bfe476_JMXContext_GTSPOON.csv,1196,0.5834146341463414,1.7669760219163753
