file,nrBest,proportionBest,entropyNrActions
nr_70_id_38_2e3bb5ac4d9d4e9efde24cf3263a094504cc0309_HTTPUtils_GTSPOON.csv,1484,0.7239024390243902,1.2129241811728173
