file,nrBest,proportionBest,entropyNrActions
nr_50_id_15_00c60fdc7f1905bf19758cd4928541383a33b1dd_ArgumentParserImpl_GTSPOON.csv,153,0.07463414634146341,3.2464295254661923
