file,nrBest,proportionBest,entropyNrActions
nr_245_id_7_02a750dd6478689612d2c49a552c229919bd9553_RefreshManagerTest_GTSPOON.csv,218,0.10634146341463414,2.6052524021468524
