file,nrBest,proportionBest,entropyNrActions
nr_418_id_28_125e7c9747b2a0bab32e2b3fb08e950149742e96_JMSAppender_GTSPOON.csv,1586,0.7736585365853659,1.0512006939016056
