file,nrBest,proportionBest,entropyNrActions
nr_481_id_36_7c449ac76bcb207939ec546a7e6a43089b7af233_ToNumberTest_GTSPOON.csv,200,0.0975609756097561,0.45473127016358283
