file,nrBest,proportionBest,entropyNrActions
nr_624_id_3_0433a5ec710e6486e2e913600b18e5801172a8bc_AutoCompletion_GTSPOON.csv,822,0.4009756097560976,2.1493040009203677
