file,nrBest,proportionBest,entropyNrActions
nr_375_id_9_045fde156c459da26da7b94aaed5b5ee73b6ec28_Lexer_GTSPOON.csv,679,0.33121951219512197,1.308192286399685
