file,nrBest,proportionBest,entropyNrActions
nr_451_id_12_04d650eb2f23d4dce194b2bb1567e0e40d278a24_ManagementService_GTSPOON.csv,1317,0.6424390243902439,1.5821795124112656
