file,nrBest,proportionBest,entropyNrActions
nr_56_id_26_0255eb04c74f86b9bd482d65331d6d8bb4eb3d18_WireFormatNano_GTSPOON.csv,1180,0.5756097560975609,1.7117033697921848
