file,nrBest,proportionBest,entropyNrActions
nr_107_id_17_020305cd4568bbbdf1d21d072f44c35baf26d6ed_TestUtil_GTSPOON.csv,2025,0.9878048780487805,0.08237407666634153
