file,nrBest,proportionBest,entropyNrActions
nr_249_id_10_02535b17b1fb3c6335ebe7c3332e2872c8b0682f_InteractScriptHelper_GTSPOON.csv,903,0.4404878048780488,2.276087212443606
