file,nrBest,proportionBest,entropyNrActions
nr_6_id_15_0017f21578357b5661cd9332b8bc8177cedf0c87_LevelSelectScreen_GTSPOON.csv,189,0.09219512195121951,2.5638832970748133
