file,nrBest,proportionBest,entropyNrActions
nr_247_id_31_1174a2e8bdad56b6af28dc280e942f5ae6a948db_NodeList_GTSPOON.csv,1821,0.8882926829268293,0.5665598735053962
