file,nrBest,proportionBest,entropyNrActions
nr_646_id_2_01631e0fee48cd602733ac29b889028a59f97a0e_Animation_GTSPOON.csv,1652,0.8058536585365854,0.9785828403650542
