file,nrBest,proportionBest,entropyNrActions
nr_325_id_28_0e98f58bad571b3d088f4010c9893d496b30fbc8_FileCache_GTSPOON.csv,100,0.04878048780487805,2.239301386162653
