file,nrBest,proportionBest,entropyNrActions
nr_233_id_22_05e57e6645386ca53159747f4eebc30fc576edff_SwingStatusBar_GTSPOON.csv,1570,0.7658536585365854,1.0728658476613122
