file,nrBest,proportionBest,entropyNrActions
nr_660_id_3_0475070b650a80b218bf290b60f0da6c38c9864d_MyAppointments_GTSPOON.csv,1103,0.5380487804878049,1.6527473346164254
