file,nrBest,proportionBest,entropyNrActions
nr_576_id_10_058915bb2ae0ac002dbfb2e06172280d59bab498_FilePattern_GTSPOON.csv,171,0.08341463414634147,2.5506247805223072
