file,nrBest,proportionBest,entropyNrActions
nr_287_id_24_08cd7b11ce5f4f6d762cbc14734fd43f81235b25_EntitySite_GTSPOON.csv,392,0.19121951219512195,2.277721416406967
