file,nrBest,proportionBest,entropyNrActions
nr_53_id_33_07f96ea2f583ce56d183d60644743fe2d5150b40_RHSObjectTextView_GTSPOON.csv,1021,0.4980487804878049,1.7762901567324583
