file,nrBest,proportionBest,entropyNrActions
nr_83_id_22_01c426da469f9130c32ea69428c77e1981af001d_APIFilter_GTSPOON.csv,132,0.06439024390243903,1.3565334015597432
