file,nrBest,proportionBest,entropyNrActions
nr_205_id_9_027d4c43580d3d537e323386f28488c099029da0_DITAOTBuildLogger_GTSPOON.csv,1096,0.5346341463414634,1.8741978621278967
