file,nrBest,proportionBest,entropyNrActions
nr_100_id_30_06a4d444735167e2f00e167594a17257ee3bc59e_FieldFactory_GTSPOON.csv,10,0.004878048780487805,3.5662557761387026
