file,nrBest,proportionBest,entropyNrActions
nr_41_id_34_0621e699358268985040f761d103bb243c2eb87c_RunTests_GTSPOON.csv,1943,0.9478048780487804,0.3380116068709792
