file,nrBest,proportionBest,entropyNrActions
nr_501_id_2_010b77a7f3d879b593d89645cdc8a5655fe7c743_ClassModelFactory_GTSPOON.csv,162,0.07902439024390244,3.3285754884995864
