file,nrBest,proportionBest,entropyNrActions
nr_590_id_36_967511c962ec4617f5a86d5182cfeec3472b3fda_EntryActivity_GTSPOON.csv,180,0.08780487804878048,3.1070693621297973
