file,nrBest,proportionBest,entropyNrActions
nr_376_id_29_15b2394cbba4ccf762f22407888022e61020898a_PlannerWriter_GTSPOON.csv,9,0.004390243902439025,2.4340516598334005
