file,nrBest,proportionBest,entropyNrActions
nr_346_id_20_06c39f018971ace91e6770d95d03dd0a0cb6551f_EngineTest_GTSPOON.csv,665,0.32439024390243903,2.0648480607436244
