file,nrBest,proportionBest,entropyNrActions
nr_295_id_11_03d5903c3ef7380f7bff3c492ba51c3577d4093a_MusicInfoService_GTSPOON.csv,1650,0.8048780487804879,0.8892621284839042
