file,nrBest,proportionBest,entropyNrActions
nr_380_id_26_0cfe57c3ce151cd9d2203d4822d1b726604e6eae_Commandgamble_GTSPOON.csv,38,0.018536585365853658,2.6778495505016986
