file,nrBest,proportionBest,entropyNrActions
nr_383_id_18_07341031b730ea97ed7b270286ccda007d08289b_TomcatServer_GTSPOON.csv,95,0.046341463414634146,2.264242117486004
