file,nrBest,proportionBest,entropyNrActions
nr_287_id_9_03711e94085a29c2ea8f73501cbdf168fac7d64f_Main_GTSPOON.csv,1473,0.7185365853658536,1.3789713092330964
