file,nrBest,proportionBest,entropyNrActions
nr_201_id_22_050a72c6dba86123d07f4b01488323cb4b56a988_PyJavaType_GTSPOON.csv,92,0.0448780487804878,3.0357923037500965
