file,nrBest,proportionBest,entropyNrActions
nr_172_id_9_0222d52772723322ecb3b0ab34783f1bde49f65c_MapActivity_GTSPOON.csv,1480,0.7219512195121951,1.2336683715043735
