file,nrBest,proportionBest,entropyNrActions
nr_315_id_13_048de8327650c65e9e0df591f13a9d4870528fd8_LogTag_GTSPOON.csv,1839,0.8970731707317073,0.5774884643149552
