file,nrBest,proportionBest,entropyNrActions
nr_6_id_20_0012d717acc38a7b296cbd5ca25f6bc9860cc73e_Menu_GTSPOON.csv,1276,0.6224390243902439,1.46366922346516
