file,nrBest,proportionBest,entropyNrActions
nr_297_id_18_05e8e04ea807681c2895f92d26953f066b0d5cad_UserPlayer_GTSPOON.csv,1474,0.7190243902439024,1.4137917434368052
