file,nrBest,proportionBest,entropyNrActions
nr_17_id_23_00911eb286e0baf019307e3d65cd996bfd4fb6db_Overlay_GTSPOON.csv,190,0.09268292682926829,1.3040914676131252
