file,nrBest,proportionBest,entropyNrActions
nr_291_id_32_18d401a57da1697692e1c435f21397de23d375b1_LabelOverlay_GTSPOON.csv,1900,0.926829268292683,0.41116927083293425
