file,nrBest,proportionBest,entropyNrActions
nr_307_id_18_06262d9dcc4819302f1899de15cd84b414da108d_ReactionRuleXMLImport_GTSPOON.csv,1284,0.6263414634146341,2.017890075339328
