file,nrBest,proportionBest,entropyNrActions
nr_375_id_5_03155700777bdeea60fd31668f48e9933510a22a_RequestWorkflowService_GTSPOON.csv,548,0.2673170731707317,2.3942788707597353
