file,nrBest,proportionBest,entropyNrActions
nr_333_id_20_06761348648d482ee0b8fd8a5e0d1ee6f7e27205_ElectionsFragment_GTSPOON.csv,201,0.09804878048780488,1.223445140738787
