file,nrBest,proportionBest,entropyNrActions
nr_27_id_33_03dbe8ca8fe1a904c901f0d595ede714fce566fd_Main_GTSPOON.csv,1448,0.7063414634146341,1.3819257493011277
