file,nrBest,proportionBest,entropyNrActions
nr_24_id_20_005a9d129379ef2110ce0ca5ef9b6bc100b69064_HttpAsyncRequester_GTSPOON.csv,1060,0.5170731707317073,2.1908717962227886
