file,nrBest,proportionBest,entropyNrActions
nr_16_id_6_00234b34f346d25624dd3146c372f6c7e65f52a8_RrdNioBackendFactory_GTSPOON.csv,1933,0.9429268292682926,0.330894623460284
