file,nrBest,proportionBest,entropyNrActions
nr_367_id_29_15373a0611ebdc0255bf44fb3759619be92331cd_GridWatchService_GTSPOON.csv,37,0.018048780487804877,2.7002638775266963
