file,nrBest,proportionBest,entropyNrActions
nr_142_id_2_00431b3667d93c432566269e9a313c03ece6246f_AdministrationServiceImpl_GTSPOON.csv,605,0.2951219512195122,2.3024124466823523
