file,nrBest,proportionBest,entropyNrActions
nr_415_id_7_04609569d5001e1726c1df57409833ee5fe45583_PrecisionRecall_GTSPOON.csv,1840,0.8975609756097561,0.5982969955128002
