file,nrBest,proportionBest,entropyNrActions
nr_83_id_12_00f6702848c7d8ca1d00ace819eb14804d5d8baf_TestParser_GTSPOON.csv,299,0.14585365853658536,2.5588301430027407
