file,nrBest,proportionBest,entropyNrActions
nr_343_id_31_17f1eca848a0515284a79d26a65a3f9c07b7d7e2_BtJob_GTSPOON.csv,581,0.28341463414634144,2.348775425399457
