file,nrBest,proportionBest,entropyNrActions
nr_241_id_17_04e8026b369df00dd8d215eb178c59d1f7f8e616_WeatherBug_GTSPOON.csv,100,0.04878048780487805,1.886952363330447
