file,nrBest,proportionBest,entropyNrActions
nr_155_id_15_030f4a8f0466a34fd060f67e19dab9c9bb2188fb_CSVOutput_GTSPOON.csv,1657,0.8082926829268293,0.9495320745414648
