file,nrBest,proportionBest,entropyNrActions
nr_200_id_28_08e50780099971e8927b258ef2ae93d44f98668c_ContactsDatabaseHelper_GTSPOON.csv,149,0.07268292682926829,2.8529399409685956
