file,nrBest,proportionBest,entropyNrActions
nr_304_id_35_3a2bcce4b7417a04cb22b099b8cef11b45d7e71c_Main_GTSPOON.csv,176,0.08585365853658537,2.620544309366596
