file,nrBest,proportionBest,entropyNrActions
nr_117_id_24_0386a1e37c5cf2003e02c7e0d0c0e384c19ed2cd_TestJmx_GTSPOON.csv,1120,0.5463414634146342,1.796522402247739
