file,nrBest,proportionBest,entropyNrActions
nr_560_id_5_04a2e17d14791e8a439865696eb6a3f893660a8c_ConfigurationUtil_GTSPOON.csv,1738,0.8478048780487805,0.8471685512836672
