file,nrBest,proportionBest,entropyNrActions
nr_279_id_6_01c5b51009c1a4ccb888960d036b3913360a123e_Users_GTSPOON.csv,1918,0.935609756097561,0.3664526254773274
