file,nrBest,proportionBest,entropyNrActions
nr_37_id_3_005170c43a78785e905c114901519e2817a61fc5_CardHolderVerificationService_GTSPOON.csv,1247,0.6082926829268293,1.5468472047219926
