file,nrBest,proportionBest,entropyNrActions
nr_518_id_7_05599f0d6382aed5f9a74e64521437ccc0e7d57a_PlaceStatistics_GTSPOON.csv,1532,0.7473170731707317,1.2498906312107854
