file,nrBest,proportionBest,entropyNrActions
nr_365_id_2_00c2bba16c0dbd55d0b39088315f044d7be4c9ce_pspdisplay_GTSPOON.csv,199,0.09707317073170732,2.8228574457641518
