file,nrBest,proportionBest,entropyNrActions
nr_86_id_28_03f107af1669f73c11f498adaf4fbaf4ef74f110_APITest_GTSPOON.csv,1809,0.8824390243902439,0.6646310523427724
