file,nrBest,proportionBest,entropyNrActions
nr_320_id_22_08146679ff78c38f90dfb332e649cdf1f0237a3b_UserController_GTSPOON.csv,1005,0.4902439024390244,2.051530589490744
