file,nrBest,proportionBest,entropyNrActions
nr_252_id_10_0257d79a76601be7822cdfbf88209b0e3f6f10b2_ObjDTp_GTSPOON.csv,844,0.4117073170731707,2.0639519549218077
