file,nrBest,proportionBest,entropyNrActions
nr_124_id_3_00d83754beb9a9d739c74a630bdb8b1058a9509f_DatastoreImpl_GTSPOON.csv,191,0.09317073170731707,2.5781846282487546
