file,nrBest,proportionBest,entropyNrActions
nr_5_id_39_0a6012a1dc5de99ed433d904785792642ff4e564_Invoke_GTSPOON.csv,54,0.026341463414634145,1.7289391224551838
