file,nrBest,proportionBest,entropyNrActions
nr_30_id_31_021c9104857cc3e2925e5544fc7a5f7114ab393e_TestBatchInsert_GTSPOON.csv,1800,0.8780487804878049,0.48922554071705215
