file,nrBest,proportionBest,entropyNrActions
nr_127_id_13_01cef7717842d8f570870b72b8a663cb303dbe70_NewDiningActivity_GTSPOON.csv,1241,0.6053658536585366,1.8068174356367652
