file,nrBest,proportionBest,entropyNrActions
nr_33_id_15_00832f6b6b39315d702ed5ae16f11bf6007b3272_Role_GTSPOON.csv,2000,0.975609756097561,0.17181617733819307
