file,nrBest,proportionBest,entropyNrActions
nr_265_id_8_023d7052cf301935745fbd85a6d6d1910c001cc7_FrequencyGroups_GTSPOON.csv,725,0.35365853658536583,2.0507649120537828
