file,nrBest,proportionBest,entropyNrActions
nr_280_id_24_08a33782cb33652048d3aaceb6e701f956037fb5_ComponentHandler_GTSPOON.csv,1367,0.666829268292683,1.494002436588417
