file,nrBest,proportionBest,entropyNrActions
nr_209_id_14_030194f99cd758d3c0369351437fe3d91e567c93_JsonLdParser_GTSPOON.csv,720,0.35121951219512193,2.3883091685978997
