file,nrBest,proportionBest,entropyNrActions
nr_313_id_11_04116080e1cbdad50e3f76c36c26f08498c4e640_CollaboratorServiceImpl_GTSPOON.csv,1685,0.8219512195121951,0.9025237744846967
