file,nrBest,proportionBest,entropyNrActions
nr_227_id_24_07145a3706d7692806b9c53548795fa2dbf8f4f0_KeyboardSwitcher_GTSPOON.csv,199,0.09707317073170732,2.08740362584736
