file,nrBest,proportionBest,entropyNrActions
nr_65_id_18_0107e18e31051f4468f0d18a2289ad5464639c68_SourceFile_GTSPOON.csv,1378,0.6721951219512196,1.4064009498883752
