file,nrBest,proportionBest,entropyNrActions
nr_1_id_30_0028fc37538f0ea8a21e21259c45a2ab7d3b7b3b_Top_GTSPOON.csv,1384,0.6751219512195122,1.3577641964621714
