file,nrBest,proportionBest,entropyNrActions
nr_128_id_18_0271dce4e21e3fdc142dd943094827a5fccffb47_MapView_GTSPOON.csv,210,0.1024390243902439,2.322534911090715
