file,nrBest,proportionBest,entropyNrActions
nr_436_id_6_02a5e88055a148317a55d104296ee17888ca8745_EffectsPage_GTSPOON.csv,1565,0.7634146341463415,1.087495137947312
