file,nrBest,proportionBest,entropyNrActions
nr_409_id_24_0c57fb2d4638732d37753367e175c8e0cd3ccdca_HMMTagger_GTSPOON.csv,1156,0.5639024390243902,1.7330287477662443
