file,nrBest,proportionBest,entropyNrActions
nr_226_id_16_0429163ffa4b103b39ed3bd7eea4422d8efca3f2_LCMC_GTSPOON.csv,303,0.14780487804878048,2.791892002204518
