file,nrBest,proportionBest,entropyNrActions
nr_316_id_14_04bc49aca41fbc6feb07daf1e75714c454a1d150_PucmScm_GTSPOON.csv,919,0.4482926829268293,2.086165467955019
