file,nrBest,proportionBest,entropyNrActions
nr_223_id_9_02b11c40f8364c68412193bc610d62e29d74106e_TokenRepository_GTSPOON.csv,1567,0.764390243902439,1.0444762453361631
