file,nrBest,proportionBest,entropyNrActions
nr_492_id_31_2230a1c1d3d01457d8d9044db9cd1b448862e741_AlarmMBeanImpl_GTSPOON.csv,126,0.06146341463414634,3.3537751720555207
