file,nrBest,proportionBest,entropyNrActions
nr_207_id_2_00640bf1958a1f94d0e69ae27138b1d02d566229_PlayerConverter_GTSPOON.csv,1934,0.9434146341463414,0.3181561200670169
