file,nrBest,proportionBest,entropyNrActions
nr_197_id_23_0645576842ec28e52a02a7179b01fd953b7c647e_Routing_GTSPOON.csv,80,0.03902439024390244,4.067043304340127
