file,nrBest,proportionBest,entropyNrActions
nr_64_id_32_0569f0e30c12309a74cc8a9cf3fdd0c2d0c20c7c_ProxyFactory_GTSPOON.csv,2011,0.9809756097560975,0.10860776056618913
