file,nrBest,proportionBest,entropyNrActions
nr_352_id_37_9f5d65b42d6d4756e096ee17040491bb331266e9_GoActivity_GTSPOON.csv,160,0.07804878048780488,1.5483792589779852
