file,nrBest,proportionBest,entropyNrActions
nr_65_id_19_01b95efedd56e33cb724e7027ccd6126e02f2a46_XMLParserTest_GTSPOON.csv,1742,0.8497560975609756,0.6602049010011986
