file,nrBest,proportionBest,entropyNrActions
nr_382_id_22_093f747a538ba0308306e7d6abd7b78ac9793f2b_DispatcherServlet_GTSPOON.csv,1907,0.9302439024390244,0.4350983562425786
