file,nrBest,proportionBest,entropyNrActions
nr_509_id_31_236a3714fa0e9efdb113535cf4bba93a1917bb63_MitmProxyTest_GTSPOON.csv,1701,0.8297560975609756,0.6764621234717764
