file,nrBest,proportionBest,entropyNrActions
nr_125_id_3_00dad8c4120406080f7a4393c594dcc1fc28b69f_XAbstractService_GTSPOON.csv,270,0.13170731707317074,2.2070868358223152
