file,nrBest,proportionBest,entropyNrActions
nr_44_id_20_00c77bd7c2c1c3be175a8d3c4dec538d5955a8c3_Display_GTSPOON.csv,208,0.10146341463414635,2.446043975145145
