file,nrBest,proportionBest,entropyNrActions
nr_222_id_24_06e1876f1ff3f667ea67b75543f589521e856880_ModifyRemoveIT_GTSPOON.csv,588,0.2868292682926829,1.7247625443514385
