file,nrBest,proportionBest,entropyNrActions
nr_353_id_17_070972f72b7340b3ad0d81ab3ff25be5712a233c_ActFmSyncService_GTSPOON.csv,187,0.09121951219512195,2.581385763733431
