file,nrBest,proportionBest,entropyNrActions
nr_133_id_19_03701adf1d4d10dc2b63082939b3c96a8c1dfad1_ImageUtilities_GTSPOON.csv,950,0.4634146341463415,0.5615179157143071
