file,nrBest,proportionBest,entropyNrActions
nr_51_id_37_176d19165fe399b9b343b4851efbaf89771a219b_HtmlImageInputTest_GTSPOON.csv,1846,0.9004878048780488,0.41119166005186625
