file,nrBest,proportionBest,entropyNrActions
nr_463_id_5_03cbc3cf0b8910928c42a96267f149fe23eb9d94_PlayerManagement_GTSPOON.csv,196,0.09560975609756098,2.314355258799232
