file,nrBest,proportionBest,entropyNrActions
nr_293_id_9_037b0ff64de7f8461920a21445595e4a160e1381_SmtpTransport_GTSPOON.csv,681,0.33219512195121953,2.7421432064532416
