file,nrBest,proportionBest,entropyNrActions
nr_244_id_35_2f93284c5522a7379d012e64e95ef7086f715f24_BrowserController_GTSPOON.csv,5,0.0024390243902439024,2.4591436802206554
