file,nrBest,proportionBest,entropyNrActions
nr_83_id_9_00f930ec5efea30966025855c68c8fde2dc83a9d_ScoreScreen_GTSPOON.csv,43,0.020975609756097562,1.9772933079869297
