file,nrBest,proportionBest,entropyNrActions
nr_454_id_34_3ec431f185073eae1c5d85f26abaec11cf58d696_IrregularSet_GTSPOON.csv,414,0.20195121951219513,2.7693260734831693
