file,nrBest,proportionBest,entropyNrActions
nr_7_id_14_0024a65b013dfd9e13c18b2c1203c5a1d71317ab_TRCommandAlc_GTSPOON.csv,610,0.2975609756097561,2.6279106822832716
