file,nrBest,proportionBest,entropyNrActions
nr_289_id_7_0308cf1c4bd8777be84d971e38a0ceb1d4035f48_Map_GTSPOON.csv,1562,0.7619512195121951,1.148543325388838
