file,nrBest,proportionBest,entropyNrActions
nr_91_id_9_010fc0ab5933f3aa001b868be9d164f2bd31f231_TabCharTest_GTSPOON.csv,2027,0.988780487804878,0.07351558643472868
