file,nrBest,proportionBest,entropyNrActions
nr_296_id_3_01e46178d4195f96a904487347a9bffe00544ab9_DiscussionForumTool_GTSPOON.csv,198,0.09658536585365854,2.679352789781941
