file,nrBest,proportionBest,entropyNrActions
nr_2_id_26_001a627dc8a9da57436bee58e5b7749582f1f612_BnfTest_GTSPOON.csv,1415,0.6902439024390243,0.9095493263748576
