file,nrBest,proportionBest,entropyNrActions
nr_230_id_35_2c257af099b5fafeae0620a9c9176143be07b707_AjProblemReporter_GTSPOON.csv,178,0.08682926829268292,3.1279068458963772
