file,nrBest,proportionBest,entropyNrActions
nr_16_id_18_0033d697b72c765f764344163afb4d79d5935d5f_SuperPowers_GTSPOON.csv,2022,0.9863414634146341,0.10149824698457736
