file,nrBest,proportionBest,entropyNrActions
nr_83_id_17_0182bb85c3f5b54ad65ac1137a9e0f9689237229_MakeProxies_GTSPOON.csv,1821,0.8882926829268293,0.6297782441689649
