file,nrBest,proportionBest,entropyNrActions
nr_260_id_5_0226ab987095e899776bb5bd82f62ea184dc4b53_OSTdaemon_GTSPOON.csv,174,0.08487804878048781,2.440286613446431
