file,nrBest,proportionBest,entropyNrActions
nr_94_id_14_014d9586d8145a33f4e99eaad570587f6d650026_PhotoPage_GTSPOON.csv,452,0.22048780487804878,2.4512280901871453
