file,nrBest,proportionBest,entropyNrActions
nr_326_id_23_0a86f0bef7df44a2032ca7ccffa97bd032ee3806_SV_GTSPOON.csv,2027,0.988780487804878,0.07258410228600455
