file,nrBest,proportionBest,entropyNrActions
nr_167_id_12_01dab274c58c8687644e92d93a016ad4d049f619_ContentVO_GTSPOON.csv,1462,0.713170731707317,1.270740987473669
