file,nrBest,proportionBest,entropyNrActions
nr_524_id_35_64b11723bd603c6cb4180c81e037d2b89f667c31_ManagerBase_GTSPOON.csv,10,0.004878048780487805,3.127330213768956
