file,nrBest,proportionBest,entropyNrActions
nr_457_id_31_1ffdd4be97b06d38c746d73562839f351199705c_ObjectMapNamingStrategy_GTSPOON.csv,264,0.12878048780487805,2.9519091657041256
