file,nrBest,proportionBest,entropyNrActions
nr_487_id_30_1d584909664d77943cd855d3b383be330ddf4ae0_FileUtils_GTSPOON.csv,620,0.3024390243902439,2.764134396522767
