file,nrBest,proportionBest,entropyNrActions
nr_563_id_36_8d6a35e7db5520c84a5f157ee131439c10fffe6b_ConfigUnconfig_GTSPOON.csv,1545,0.7536585365853659,1.1188492766173381
