file,nrBest,proportionBest,entropyNrActions
nr_359_id_9_043d796bb124448ea2bdd700f498419918af8d36_L2BoDCapabilityServiceImpl_GTSPOON.csv,1632,0.7960975609756098,0.9588654119814877
