file,nrBest,proportionBest,entropyNrActions
nr_18_id_25_00a061e60b7cfb85bcadac392074a3110bbcd015_FactoryImpl_GTSPOON.csv,10,0.004878048780487805,2.8727473180793845
