file,nrBest,proportionBest,entropyNrActions
nr_395_id_26_0d6f07e7956118d1a7cde3040e74b7bf5e078953_QuickMessagePopup_GTSPOON.csv,95,0.046341463414634146,3.0270598058016924
