file,nrBest,proportionBest,entropyNrActions
nr_447_id_20_08a38b062e02b314c9951cd983df24bb392ac0a8_TerminalBridge_GTSPOON.csv,160,0.07804878048780488,3.050955801120653
