file,nrBest,proportionBest,entropyNrActions
nr_94_id_39_9b3a2ccb8237837a93916fb941067c74580a02b1_XSLFShape_GTSPOON.csv,36,0.0175609756097561,1.3055095155753795
