file,nrBest,proportionBest,entropyNrActions
nr_73_id_30_04f0cf82e7bc97f83f9c140eeb8e9750e58e8b3b_DFRQuery_GTSPOON.csv,1829,0.8921951219512195,0.6055299837015804
