file,nrBest,proportionBest,entropyNrActions
nr_637_id_1_072e1e43d42128e6312d4fd0bd18b4fe3ae4cd05_TouchTest_GTSPOON.csv,740,0.36097560975609755,2.2278882284903965
