file,nrBest,proportionBest,entropyNrActions
nr_90_id_15_0156a605d58dbce5647580fa38e40f7e34d44c70_MainService_GTSPOON.csv,848,0.41365853658536583,1.8379721376298135
