file,nrBest,proportionBest,entropyNrActions
nr_423_id_15_07b77037f2f5aa28d6d3188f78588dc7f2d49398_EffectsRecorder_GTSPOON.csv,162,0.07902439024390244,2.651474684705609
