file,nrBest,proportionBest,entropyNrActions
nr_268_id_27_0bbe1564b54765305c88df703079d0e74a197c6f_TestProcessor_GTSPOON.csv,230,0.11219512195121951,2.3364699425878697
