file,nrBest,proportionBest,entropyNrActions
nr_239_id_26_08b7d405aa2c0b07e48c999131a69ce4cbf970b4_BrowserSimHandler_GTSPOON.csv,110,0.05365853658536585,2.0862294590954225
