file,nrBest,proportionBest,entropyNrActions
nr_262_id_17_054c130f795fdbb8c6978576bac9364e8f3256da_AppContainerImpl_GTSPOON.csv,1922,0.937560975609756,0.38248258239099714
