file,nrBest,proportionBest,entropyNrActions
nr_96_id_15_0174152b591a8ca2f95c8bd8372686962b4decd5_ProxyOutputStream_GTSPOON.csv,40,0.01951219512195122,1.5773353413357682
