file,nrBest,proportionBest,entropyNrActions
nr_166_id_26_066a25e729de5f2e6004dd35494a90167f644cdd_QRCodeEncoder_GTSPOON.csv,114,0.055609756097560976,1.9478244076364304
