file,nrBest,proportionBest,entropyNrActions
nr_102_id_23_02e6a7a0efb43295df5eb7852550256211d9f4cf_ServerSetup_GTSPOON.csv,1432,0.6985365853658536,1.4143076857990495
