file,nrBest,proportionBest,entropyNrActions
nr_581_id_10_059152d4f7506169bd2a0d7fdc48bdc231d97b5b_MessageSender_GTSPOON.csv,1745,0.8512195121951219,0.7709679260047876
