file,nrBest,proportionBest,entropyNrActions
nr_434_id_26_0ec34fe6584c20918fe5b8f6803df4de99d2fedb_ErrorCode_GTSPOON.csv,1220,0.5951219512195122,1.3667125044025843
