file,nrBest,proportionBest,entropyNrActions
nr_296_id_26_0a6a9b5477dc064863add8a56942455a0211f98c_SelectItemViewConverter_GTSPOON.csv,95,0.046341463414634146,1.5496279104850084
