file,nrBest,proportionBest,entropyNrActions
nr_32_id_29_01f0440ee84f2bfbf1a87e91d5e4ba383ad02f64_CFParser_GTSPOON.csv,160,0.07804878048780488,2.7087962161917254
