file,nrBest,proportionBest,entropyNrActions
nr_264_id_10_0271932aa35172f4f2034e7862b541c5203509e4_SystreGUI_GTSPOON.csv,160,0.07804878048780488,3.0158969787902863
