file,nrBest,proportionBest,entropyNrActions
nr_343_id_9_041932465319d15ca8881a44615afeca85f91a56_SongPlayer_GTSPOON.csv,1436,0.7004878048780487,1.5101121524812198
