file,nrBest,proportionBest,entropyNrActions
nr_27_id_28_01870887c183472a02627e1bfd32b8e9244a9e0d_BundleTools_GTSPOON.csv,238,0.11609756097560976,2.4407301807008785
