file,nrBest,proportionBest,entropyNrActions
nr_437_id_21_0b0eb3703657999a34f8c15cab2a8598f5e0242c_EmailSyncAdapter_GTSPOON.csv,149,0.07268292682926829,3.251994440219483
