file,nrBest,proportionBest,entropyNrActions
nr_81_id_24_026878ae4c5377e267a7f135699cca35d0f6b70b_LayerTab_GTSPOON.csv,209,0.10195121951219512,2.5469730002512327
