file,nrBest,proportionBest,entropyNrActions
nr_140_id_15_02aad612ac6ab9954f462dd58e37527564f8955e_RetrieveContextHandler_GTSPOON.csv,2008,0.9795121951219512,0.1388863600242956
