file,nrBest,proportionBest,entropyNrActions
nr_576_id_10_058915bb2ae0ac002dbfb2e06172280d59bab498_BFVirtualStack_GTSPOON.csv,1307,0.6375609756097561,1.5631487592109055
