file,nrBest,proportionBest,entropyNrActions
nr_406_id_13_05f22dd965e61066524ed50adbebb7a6e6804471_PacketPlaySound_GTSPOON.csv,1841,0.8980487804878049,0.5971975652238072
