file,nrBest,proportionBest,entropyNrActions
nr_152_id_31_0b03e512352d894ae1acc79122bdede73bdcea6a_Activator_GTSPOON.csv,114,0.055609756097560976,2.1471312842616963
