file,nrBest,proportionBest,entropyNrActions
nr_514_id_8_0431de7ac23d72d2b0f4f3df6366f27569f8a3ba_Advice_GTSPOON.csv,1838,0.8965853658536586,0.5438298841982452
