file,nrBest,proportionBest,entropyNrActions
nr_359_id_25_0c6ced960484ae388876d8cd1b82b4219ba42f22_OutageDAO_GTSPOON.csv,1587,0.7741463414634147,0.9436954329554638
