file,nrBest,proportionBest,entropyNrActions
nr_312_id_9_03b32c51c895baa503976fbaca951c064d6c4d71_StructureTest_GTSPOON.csv,1105,0.5390243902439025,1.1946408286465104
