file,nrBest,proportionBest,entropyNrActions
nr_538_id_3_037a91954576059f995f91e72cf3f657aed1ac35_TaskListActivity_GTSPOON.csv,175,0.08536585365853659,2.5704512233089387
