file,nrBest,proportionBest,entropyNrActions
nr_530_id_14_07945f9cde14c23635fc698bcfca843b094f9a0e_ExcelImporter_GTSPOON.csv,1609,0.7848780487804878,1.1180666074159036
