file,nrBest,proportionBest,entropyNrActions
nr_455_id_7_04d2e3286fa50fdf1a0b248cd2447b98d119a32f_IndexDaoManager_GTSPOON.csv,1834,0.8946341463414634,0.6066876040226616
