file,nrBest,proportionBest,entropyNrActions
nr_454_id_31_1fbba101d80654874564a318d3521c471a4d55a9_IncrementalDeploymentBuilder_GTSPOON.csv,1814,0.8848780487804878,0.6825355221945044
