file,nrBest,proportionBest,entropyNrActions
nr_518_id_25_12780a8ab6071f3c12c2ce9f647e888ea522d9bd_SelectorManager_GTSPOON.csv,79,0.03853658536585366,3.0188710915838404
