file,nrBest,proportionBest,entropyNrActions
nr_120_id_13_01b15586de07ec782605a378d3c6cbc304c95f7a_Connection_GTSPOON.csv,1147,0.5595121951219513,1.7696723794675746
