file,nrBest,proportionBest,entropyNrActions
nr_47_id_21_019cfd030dce37be78be754fde7900d756151850_UserDaoImpl_GTSPOON.csv,1140,0.5560975609756098,1.5031552002101263
