file,nrBest,proportionBest,entropyNrActions
nr_430_id_21_0ad7c1b97f472e336e8e755a290111a9f7b187fe_ChangeDaoImpl_GTSPOON.csv,1728,0.8429268292682927,0.8541106564410178
