file,nrBest,proportionBest,entropyNrActions
nr_442_id_3_02e57ab30355f45a332a759ca741e489bb006038_RequestWithPayment_GTSPOON.csv,1372,0.6692682926829269,1.4756542229614622
