file,nrBest,proportionBest,entropyNrActions
nr_2_id_12_0001b8e612b74434eec71041309e3a437c549f83_MyTPCC_GTSPOON.csv,453,0.22097560975609756,2.737781636001158
