file,nrBest,proportionBest,entropyNrActions
nr_298_id_15_0593026427ceb66fe62fdba7296380488eef19fb_FlatFileBCPFile_GTSPOON.csv,139,0.06780487804878049,2.5056094695552535
