file,nrBest,proportionBest,entropyNrActions
nr_368_id_19_08aafdeaa69bc5314b266f23e384611c978e92ad_LazyCache_GTSPOON.csv,221,0.10780487804878049,2.3941373071176426
