file,nrBest,proportionBest,entropyNrActions
nr_135_id_23_041296e0b8d137a91f8c03218454bdb7117b6eaa_CacheController_GTSPOON.csv,1647,0.8034146341463415,0.9726794101857688
