file,nrBest,proportionBest,entropyNrActions
nr_662_id_3_047b516e98da8c0c26bad3735c13fccf24e80e50_SocketTest_GTSPOON.csv,1172,0.5717073170731707,1.904985412940668
