file,nrBest,proportionBest,entropyNrActions
nr_132_id_25_045552e89bdb4ea304676ca75e1abbbe184d48d6_HtmlScript_GTSPOON.csv,1757,0.8570731707317073,0.6959614553012825
