file,nrBest,proportionBest,entropyNrActions
nr_406_id_34_3920af40b9d5220c96f8f955d979be5a2bb935e5_ThingAdapter_GTSPOON.csv,45,0.02195121951219512,2.7053919354690192
