file,nrBest,proportionBest,entropyNrActions
nr_448_id_37_cd111f3a5cdcc5f142b354e07693d6982c620978_XSSSupportedAction_GTSPOON.csv,189,0.09219512195121951,1.9553334786734322
