file,nrBest,proportionBest,entropyNrActions
nr_38_id_16_00d7a1d219b9c37656117c0183cd3e8e9f19f05e_RenderScript_GTSPOON.csv,1,0.0004878048780487805,2.2948576515911596
