file,nrBest,proportionBest,entropyNrActions
nr_194_id_18_03cf598c3dc4667ac190df6dcc134e4ef0dcbe25_JSONUtil_GTSPOON.csv,300,0.14634146341463414,2.3002469022131766
