file,nrBest,proportionBest,entropyNrActions
nr_181_id_30_0b2eada50e0bc55ed7816ba6f48a679e487d4da2_SQLTest_GTSPOON.csv,210,0.1024390243902439,2.0535161316176107
