file,nrBest,proportionBest,entropyNrActions
nr_698_id_2_017fa735a9e6b57f5760871c26ab989fcfb6c956_DefaultGridSampler_GTSPOON.csv,1900,0.926829268292683,0.46882740800719225
