file,nrBest,proportionBest,entropyNrActions
nr_639_id_2_015f6dc0b8b96be4c52697ab9dd972204a03a08e_FramesetFilter_GTSPOON.csv,1829,0.8921951219512195,0.5902110872658631
