file,nrBest,proportionBest,entropyNrActions
nr_16_id_22_00618753e9f0ad941c13efb0b6804e4a06ecb076_Workspace_GTSPOON.csv,48,0.023414634146341463,3.022438441765587
