file,nrBest,proportionBest,entropyNrActions
nr_134_id_26_050dc9b084c391ab3f1509d9c133d004604fb608_EntryPoint_GTSPOON.csv,68,0.033170731707317075,3.0428169671133776
