file,nrBest,proportionBest,entropyNrActions
nr_377_id_26_0cd8ba1a100fb4567a6bff33b20767aee30e59fa_ItemName_GTSPOON.csv,210,0.1024390243902439,2.0044584178223213
