file,nrBest,proportionBest,entropyNrActions
nr_327_id_5_02a3463d3414419de6b995b96a73a5bde4fb1e42_Declaration_GTSPOON.csv,1826,0.8907317073170732,0.6353676391585044
