file,nrBest,proportionBest,entropyNrActions
nr_304_id_23_09c84b325f5c8c309b106f4e446231bda0c20d9e_jnamed_GTSPOON.csv,236,0.1151219512195122,2.8543863429988265
