file,nrBest,proportionBest,entropyNrActions
nr_335_id_15_061f05a9fe6322d0b4664d268ddf7852687b2b12_MailFacade_GTSPOON.csv,1821,0.8882926829268293,0.6339431075160797
