file,nrBest,proportionBest,entropyNrActions
nr_453_id_16_0824e929357ae29880e430000cecfb5253e810e1_JSONArrayProvider_GTSPOON.csv,1905,0.9292682926829269,0.4084540029285075
