file,nrBest,proportionBest,entropyNrActions
nr_507_id_18_09af755bb9aa9c25b492bca53a74e03224ac05f7_ArraySequence_GTSPOON.csv,1350,0.6585365853658537,1.5878884620110294
