file,nrBest,proportionBest,entropyNrActions
nr_9_id_8_0017804e2f6c25bab7f46f3999e0c2686f550c33_Response_GTSPOON.csv,1721,0.8395121951219512,0.8725005290736856
