file,nrBest,proportionBest,entropyNrActions
nr_506_id_35_61443bb864b613e408fd803507ef5bdcb4d62a21_Form_GTSPOON.csv,1556,0.7590243902439024,1.1908309958598875
