file,nrBest,proportionBest,entropyNrActions
nr_90_id_6_00a25d22d639885b69f1f080fa638e90e63fabe0_ClanManager_GTSPOON.csv,209,0.10195121951219512,2.582259462659798
