file,nrBest,proportionBest,entropyNrActions
nr_320_id_36_5348012a28ebe64a9b2145910907bce9989af449_LLVM_IRJavaValidator_GTSPOON.csv,152,0.07414634146341463,2.7533719124502998
