file,nrBest,proportionBest,entropyNrActions
nr_456_id_17_093725f26b63e6377bde6e9da40c3dc135a0ed03_Filter110XMLDecoder_GTSPOON.csv,153,0.07463414634146341,2.651009892199948
