file,nrBest,proportionBest,entropyNrActions
nr_28_id_33_03fdb2e64905f9bb30042e807c35cdb806eb6252_RampartMessageData_GTSPOON.csv,551,0.26878048780487807,2.6691892333583356
