file,nrBest,proportionBest,entropyNrActions
nr_619_id_6_03d65f8a95180beae0880b98a3f95bb03fb90414_ConstructParser_GTSPOON.csv,677,0.3302439024390244,2.429570764008406
