file,nrBest,proportionBest,entropyNrActions
nr_214_id_7_025bc09a77e84a4e298cec087ded5b326f4f2840_ActionableUser_GTSPOON.csv,1650,0.8048780487804879,0.9850663054880179
