file,nrBest,proportionBest,entropyNrActions
nr_330_id_34_2e05844665dc6054d711ccd4b96252009a162f2c_ActionBarImplICS_GTSPOON.csv,302,0.1473170731707317,2.6068933784165185
