file,nrBest,proportionBest,entropyNrActions
nr_326_id_15_060936f2cf616df292762d04a94a6eb257c5bd36_BalancedStrategy_GTSPOON.csv,95,0.046341463414634146,1.9372071785607483
