file,nrBest,proportionBest,entropyNrActions
nr_365_id_36_5d8bfa511a0923571aa8f7214e88d22d6080b40c_XMLValidator_GTSPOON.csv,13,0.006341463414634147,3.412759929965537
