file,nrBest,proportionBest,entropyNrActions
nr_131_id_13_01d89501b46e1c61706037045bb247d62cd0fad4_EditableResourceLink_GTSPOON.csv,937,0.45707317073170733,2.018424635407063
