file,nrBest,proportionBest,entropyNrActions
nr_410_id_5_03718f101b948555232c294ae785027af3f01fb9_SQLStorage_GTSPOON.csv,324,0.15804878048780488,2.859387726426581
