file,nrBest,proportionBest,entropyNrActions
nr_135_id_26_051acd09c25fbc92b0717fcaa042700173a399ce_NewPageWizardPage_GTSPOON.csv,228,0.11121951219512195,3.1530958452024214
