file,nrBest,proportionBest,entropyNrActions
nr_190_id_11_02638771c05366473929b4d3718d9ba85810deb7_SimWorld_GTSPOON.csv,740,0.36097560975609755,1.2871454778276377
