file,nrBest,proportionBest,entropyNrActions
nr_29_id_16_00a9dc1b2e4b445b1596a1b3df639fd0a2c103bb_Product_GTSPOON.csv,927,0.4521951219512195,1.6663676438612178
