file,nrBest,proportionBest,entropyNrActions
nr_27_id_20_006cc9b9edec5a7927621ebd2e53b02586a317fb_ClassMap_GTSPOON.csv,857,0.41804878048780486,2.230926669503539
