file,nrBest,proportionBest,entropyNrActions
nr_413_id_27_126027c2e9db1c9868ac0a2c4b0b19db70142285_ContextMenuHelper_GTSPOON.csv,5,0.0024390243902439024,2.7794750741701186
