file,nrBest,proportionBest,entropyNrActions
nr_377_id_36_6108e40f523e93ba962b3129b765664c71308cbc_FeedbackDialog_GTSPOON.csv,1455,0.7097560975609756,1.347524975660622
