file,nrBest,proportionBest,entropyNrActions
nr_197_id_30_0c347f784827809be892f808222e424e19c67597_RemoteIOSWebDriver_GTSPOON.csv,1284,0.6263414634146341,1.5219920040232122
