file,nrBest,proportionBest,entropyNrActions
nr_391_id_35_4a989aa51b21b829b7959aabcb88e137828940cf_Thing_GTSPOON.csv,1406,0.6858536585365854,1.3783911076317077
