file,nrBest,proportionBest,entropyNrActions
nr_341_id_6_02137fe61a20b9e07185191b950066b861074fb8_ActivityBuilder_GTSPOON.csv,1652,0.8058536585365854,1.0633638762828252
