file,nrBest,proportionBest,entropyNrActions
nr_329_id_27_0e4bf6786b66e70d00a943304f8438d5aeb025b8_PhotoDetailsActivity_GTSPOON.csv,391,0.19073170731707317,3.0519175292889105
