file,nrBest,proportionBest,entropyNrActions
nr_35_id_25_01285e782c22d2489f910021eb621184764bfa5d_AbstractTextEditor_GTSPOON.csv,5,0.0024390243902439024,2.842291376312338
