file,nrBest,proportionBest,entropyNrActions
nr_146_id_24_04650b667f16c27f1ba2b198a0c4769c859a4684_PlayerShipTest_GTSPOON.csv,1718,0.8380487804878048,0.8393949843610836
