file,nrBest,proportionBest,entropyNrActions
nr_299_id_9_038d358384e391beaa24f5e84536c26b9963e15f_CustomerController_GTSPOON.csv,625,0.3048780487804878,2.430579643893887
