file,nrBest,proportionBest,entropyNrActions
nr_345_id_18_06c15f9d6dd000b65d99d1d367e1438d37eb0efc_URLReader_GTSPOON.csv,2027,0.988780487804878,0.08428420993629454
