file,nrBest,proportionBest,entropyNrActions
nr_225_id_17_0496164447144370ef189892ba0a1fac81d3f7c3_LotStrategy_GTSPOON.csv,1400,0.6829268292682927,0.7561947979488999
