file,nrBest,proportionBest,entropyNrActions
nr_297_id_13_0455b3bc4e68059a7bda62332cd7c1be79034389_StreamHTMLOutput_GTSPOON.csv,173,0.08439024390243903,2.3080997988256335
