file,nrBest,proportionBest,entropyNrActions
nr_70_id_1_00c8ac705f7aa512b316abef9b8b717d690b99e2_BaseX_GTSPOON.csv,1079,0.5263414634146342,2.3053260317615565
