file,nrBest,proportionBest,entropyNrActions
nr_241_id_11_0326922ed614804d21326461a160ec7575255d92_SingleInputNode_GTSPOON.csv,182,0.08878048780487804,2.1177507149516117
