file,nrBest,proportionBest,entropyNrActions
nr_638_id_6_03f193bc2f89eeb8dff0d5023f0b9c8c8f67bd78_Tile_GTSPOON.csv,13,0.006341463414634147,0.43227205396695356
