file,nrBest,proportionBest,entropyNrActions
nr_195_id_14_02bb32754e57a19f7144c3bbc0753dd247b142fd_GenericDaoTest_GTSPOON.csv,1752,0.8546341463414634,0.6321674041524629
