file,nrBest,proportionBest,entropyNrActions
nr_400_id_28_11b5e37b1174430fc074f1ed2c8c1fcda0396543_LocationCleaner_GTSPOON.csv,1485,0.724390243902439,1.2147598659686876
