file,nrBest,proportionBest,entropyNrActions
nr_48_id_25_0183e4f314c8d526059b35109549600bd10f19b6_ThumbnailCache_GTSPOON.csv,884,0.43121951219512195,2.0528407055558686
