file,nrBest,proportionBest,entropyNrActions
nr_66_id_1_00b829b8e8135fa0b62a04212b5fe67b9baf57e5_ClassAddendum_GTSPOON.csv,2015,0.9829268292682927,0.10520570474832268
