file,nrBest,proportionBest,entropyNrActions
nr_123_id_15_024528dc90147182f67eadef93556d115fb58035_DataManager_GTSPOON.csv,5,0.0024390243902439024,2.7839074462053732
