file,nrBest,proportionBest,entropyNrActions
nr_214_id_24_067cff8c5194dc82b533fb650228ceb9d42b8bd1_PathTest_GTSPOON.csv,1931,0.9419512195121951,0.3741047579001576
