file,nrBest,proportionBest,entropyNrActions
nr_330_id_13_04bf42343656d0f582812acf60b8eddac59a4b96_ListValueAttribute_GTSPOON.csv,2005,0.9780487804878049,0.14422992968023263
