file,nrBest,proportionBest,entropyNrActions
nr_214_id_21_0570c99adad83cf0e550bfed25b96b1586c93849_Preferences_GTSPOON.csv,1657,0.8082926829268293,1.0005821762341287
