file,nrBest,proportionBest,entropyNrActions
nr_406_id_13_05f22dd965e61066524ed50adbebb7a6e6804471_FlansModPlayerHandler_GTSPOON.csv,1939,0.9458536585365853,0.32266632923586747
