file,nrBest,proportionBest,entropyNrActions
nr_454_id_32_28139f5e348e695a6dc13f5770821867703f13ae_PdfRenderer_GTSPOON.csv,801,0.3907317073170732,2.57084225652385
