file,nrBest,proportionBest,entropyNrActions
nr_532_id_2_011d1298cd3471f95905cfceae9ea8a373574191_Result_GTSPOON.csv,1448,0.7063414634146341,1.3774025800890253
