file,nrBest,proportionBest,entropyNrActions
nr_251_id_3_01adb91e74a63983ccfef6de8589e3d0010451f0_LinkFilter_GTSPOON.csv,1365,0.6658536585365854,1.548616543503765
