file,nrBest,proportionBest,entropyNrActions
nr_257_id_32_167692d8a47ce99f7b6c1b711cd96a788bc43997_NewSubTaskAction_GTSPOON.csv,1404,0.6848780487804879,1.4841704525215218
