file,nrBest,proportionBest,entropyNrActions
nr_446_id_9_0525f88639b1a14686ed96a3507eccb238235144_SharedFileLocker_GTSPOON.csv,1939,0.9458536585365853,0.3392791006267364
