file,nrBest,proportionBest,entropyNrActions
nr_612_id_5_051a732de4a287386804090bf89fcd9009869228_NamespaceValidatorProvider_GTSPOON.csv,2020,0.9853658536585366,0.1033923932703151
