file,nrBest,proportionBest,entropyNrActions
nr_641_id_3_044fc89f524f99eac08800fb4f06fb3165fa3d49_ObserverHelper_GTSPOON.csv,1028,0.5014634146341463,1.8966610314573895
