file,nrBest,proportionBest,entropyNrActions
nr_833_id_2_01cced0d798f9f61c04c5c9974421a04d3fb2014_Integer_GTSPOON.csv,305,0.14878048780487804,2.4363578919401103
