file,nrBest,proportionBest,entropyNrActions
nr_533_id_1_05ee634e09ac56d08c97c6c60de698a060f2bbb2_Game_GTSPOON.csv,1750,0.8536585365853658,0.71625645677541
