file,nrBest,proportionBest,entropyNrActions
nr_400_id_19_09b1cfad4f53f830b6098823e6499ffd599811e6_QSection_GTSPOON.csv,2010,0.9804878048780488,0.13402908205688857
