file,nrBest,proportionBest,entropyNrActions
nr_93_id_36_162dca45eb51269527d7d09d9c5e4056cfe7e1f1_MainActivity_GTSPOON.csv,256,0.1248780487804878,1.3723571288766812
