file,nrBest,proportionBest,entropyNrActions
nr_71_id_2_00230d1ff51f88787b3e79949dc6ea0e129980d4_BlockCamo_GTSPOON.csv,1582,0.7717073170731708,1.1862644916149476
