file,nrBest,proportionBest,entropyNrActions
nr_395_id_6_0264274a2d9c0dd93ff0c29da3bd59d3f420a525_Util_GTSPOON.csv,168,0.08195121951219513,2.5459104423201717
