file,nrBest,proportionBest,entropyNrActions
nr_120_id_36_1da4e03cb568203749750f885bc49b70d41df40f_JavaScriptSupport_GTSPOON.csv,1920,0.9365853658536586,0.3541843000710668
