file,nrBest,proportionBest,entropyNrActions
nr_546_id_9_0635c04bb5fd76755df552e39f7ec0a638cf768a_SmilPlayer_GTSPOON.csv,107,0.05219512195121951,3.1830263272573163
