file,nrBest,proportionBest,entropyNrActions
nr_144_id_20_02eaedd470a108c0638b0a0a02f449cb34d307de_JavaAPILister_GTSPOON.csv,144,0.0702439024390244,3.0833579819194954
