file,nrBest,proportionBest,entropyNrActions
nr_20_id_29_013060dea020667a2416dbe052038bb582c70901_ProfileActivity_GTSPOON.csv,1665,0.8121951219512196,0.9402675232468719
