file,nrBest,proportionBest,entropyNrActions
nr_273_id_19_06a93b8a3ca8dc34275bc11efe7f65891e408343_AbstractOutputStage_GTSPOON.csv,1939,0.9458536585365853,0.3400101299134349
