file,nrBest,proportionBest,entropyNrActions
nr_310_id_21_082484a11684d20b8ec740bcf7920174af522cf0_TwitterResponse_GTSPOON.csv,1757,0.8570731707317073,0.7018560981077296
