file,nrBest,proportionBest,entropyNrActions
nr_20_id_14_0053abfe0e4acc6b291c82164fb859859953c377_OpenActionBase_GTSPOON.csv,1815,0.8853658536585366,0.6616669869590804
