file,nrBest,proportionBest,entropyNrActions
nr_4_id_24_001484e03205c77f1cca33efe74b70188c0161ae_LombokLightParameter11Impl_GTSPOON.csv,1806,0.8809756097560976,0.46435566726794186
