file,nrBest,proportionBest,entropyNrActions
nr_360_id_7_03b8fbe3f5e4995cd2489e1a3715c16b90738e2f_PositionLogger_GTSPOON.csv,1716,0.8370731707317073,0.724116411233467
