file,nrBest,proportionBest,entropyNrActions
nr_485_id_17_09cead498c2705a59a93aabfd8e9182384658da8_Log_GTSPOON.csv,1,0.0004878048780487805,3.7899094810284235
