file,nrBest,proportionBest,entropyNrActions
nr_144_id_35_1df96cb2e729e0c42af960319f700492c6f479d8_ReviewCodeCmd_GTSPOON.csv,808,0.39414634146341465,2.2238657955653416
