file,nrBest,proportionBest,entropyNrActions
nr_411_id_8_035fdeb04e92e7f5a41ef5137d2e4171f07d2c40_AboutActivity_GTSPOON.csv,1740,0.848780487804878,0.6715969250352577
