file,nrBest,proportionBest,entropyNrActions
nr_505_id_5_0421c098f368458e73a41ff06178189892aaae63_BrowserLoginActivity_GTSPOON.csv,1838,0.8965853658536586,0.6142061755379578
