file,nrBest,proportionBest,entropyNrActions
nr_58_id_20_0113c5bd83ce9bcbe243b74c7296289719ea3293_Exponent_GTSPOON.csv,2008,0.9795121951219512,0.13660239357203988
