file,nrBest,proportionBest,entropyNrActions
nr_552_id_10_056447ddcdde3c189d8763c460d495ab25f03570_ProtobufSerialization_GTSPOON.csv,1825,0.8902439024390244,0.4054196063102218
