file,nrBest,proportionBest,entropyNrActions
nr_195_id_32_115188881559e5271ce9739b215f9b9cdbc90963_PrecursorMassShiftFinder_GTSPOON.csv,1520,0.7414634146341463,1.0472343956380221
