file,nrBest,proportionBest,entropyNrActions
nr_76_id_2_0024e13357607d60ca98691b2c351393f851f072_RiverMarshaller_GTSPOON.csv,188,0.09170731707317073,2.540050182729378
