file,nrBest,proportionBest,entropyNrActions
nr_68_id_16_016fb94687f5b42f885661a19159a314997da203_DeployGenerator_GTSPOON.csv,1725,0.8414634146341463,0.8094754168666133
