file,nrBest,proportionBest,entropyNrActions
nr_162_id_26_0652a01293545c9865d7fd457ac76c991f44a4fb_ReflectionTypeDefinitions_GTSPOON.csv,1638,0.7990243902439025,0.9201951790730312
