file,nrBest,proportionBest,entropyNrActions
nr_60_id_14_00d5c55f3114b5184f0ebd3f6a81ff725267ea85_PortalRepository_GTSPOON.csv,196,0.09560975609756098,1.045291971427782
