file,nrBest,proportionBest,entropyNrActions
nr_288_id_30_11a1ec3e9e2f2a20da4de1d6247c06750c04177a_DNDHPActivity_GTSPOON.csv,18,0.00878048780487805,3.8947808885225497
