file,nrBest,proportionBest,entropyNrActions
nr_94_id_20_01e4d1c16961900ed8acc9f438a020c7a7909c82_GUI_GTSPOON.csv,21,0.01024390243902439,3.5770677532375728
