file,nrBest,proportionBest,entropyNrActions
nr_457_id_26_0f3a40024f8e2967d8474886ce7c835f7b66b9bc_Util_GTSPOON.csv,39,0.01902439024390244,2.3431588196489628
