file,nrBest,proportionBest,entropyNrActions
nr_243_id_5_01fe5990bd415b9c53959ffad0fb0cff203d9f59_Files_GTSPOON.csv,1800,0.8780487804878049,0.4727164844796686
