file,nrBest,proportionBest,entropyNrActions
nr_660_id_8_0521ee3a5704ed6cbfae365ac10228944a2d017d_DisplayCanvas_GTSPOON.csv,177,0.08634146341463414,2.85067555185492
