file,nrBest,proportionBest,entropyNrActions
nr_393_id_15_07403b1011f76aacd793028660445fd23a170013_EnderSpawnListener_GTSPOON.csv,1665,0.8121951219512196,0.9517055000008365
