file,nrBest,proportionBest,entropyNrActions
nr_239_id_15_047a15538d9570ff787eaa6d62daabc6e8ea3459_JavafxAttr_GTSPOON.csv,80,0.03902439024390244,3.063910134945155
