file,nrBest,proportionBest,entropyNrActions
nr_206_id_24_0654244411d70d54e4fca2b649a3b931ad663487_SerenghettoApplication_GTSPOON.csv,1756,0.8565853658536585,0.741167674898545
