file,nrBest,proportionBest,entropyNrActions
nr_62_id_40_b95b60e059d3f980183977ed671331691bf23153_SocialWrapperTester_GTSPOON.csv,399,0.19463414634146342,3.264069658094138
