file,nrBest,proportionBest,entropyNrActions
nr_8_id_25_004b13c69f9f1628b70c69c5b883802d8a4b617f_OverloadResolver_GTSPOON.csv,562,0.27414634146341466,2.0626120484773978
