file,nrBest,proportionBest,entropyNrActions
nr_232_id_29_0d8a978eedc3b2b4accf5db6315b4428292af159_Chemkin_GTSPOON.csv,176,0.08585365853658537,2.405594109478962
