file,nrBest,proportionBest,entropyNrActions
nr_354_id_26_0c2d55250a4b7c747012953eb25c3a1f78fd1b9f_Assign_GTSPOON.csv,5,0.0024390243902439024,0.4508964502129191
