file,nrBest,proportionBest,entropyNrActions
nr_44_id_27_021a07514387437a969fcf11f78ae9892bb42205_ValueDate_GTSPOON.csv,1749,0.853170731707317,0.8346363455853079
