file,nrBest,proportionBest,entropyNrActions
nr_290_id_3_01d9509cb626396ea8fd7d6d53747c08e8a9118b_ColumnarAsciiReader_GTSPOON.csv,1909,0.931219512195122,0.42079572944778204
