file,nrBest,proportionBest,entropyNrActions
nr_239_id_24_077e72eac8f222824ed5ea844b301160c6ac1120_UIComponentBase_GTSPOON.csv,157,0.07658536585365854,2.812745610068575
