file,nrBest,proportionBest,entropyNrActions
nr_279_id_25_094872a6fa4165eadb60fbf12074c0ba23891104_RichFacesOrderingList_GTSPOON.csv,171,0.08341463414634147,2.5364442687895536
