file,nrBest,proportionBest,entropyNrActions
nr_166_id_9_02170e97681a069f5916742e8a5cfc0bfc3c12af_CoreFilterExposer_GTSPOON.csv,1493,0.7282926829268292,1.3257247211882297
