file,nrBest,proportionBest,entropyNrActions
nr_426_id_34_3bbcdf4459904b6c335292dbda35979e67552da8_Configuration_GTSPOON.csv,180,0.08780487804878048,1.72519969356158
