file,nrBest,proportionBest,entropyNrActions
nr_204_id_27_091b317679891fe356a07a2c7da9c98c4684c352_MainScreen_GTSPOON.csv,850,0.4146341463414634,2.0422405188650385
