file,nrBest,proportionBest,entropyNrActions
nr_66_id_22_015ebb5ca12fb62606d3696cb6b036a7be202564_NotificationHandler_GTSPOON.csv,1102,0.5375609756097561,1.2216349197161849
