file,nrBest,proportionBest,entropyNrActions
nr_227_id_8_01e93b1cef646ef67b757a9e254b6d387947f6ed_HTMLElement_GTSPOON.csv,66,0.03219512195121951,2.626284376220928
