file,nrBest,proportionBest,entropyNrActions
nr_306_id_31_154d3befe5497cfdf391dbd29fdb9983182f372d_Util_GTSPOON.csv,200,0.0975609756097561,2.5966832627040164
