file,nrBest,proportionBest,entropyNrActions
nr_430_id_8_039035addb83242ca6c987da2c2b838a76abc86e_Emulator_GTSPOON.csv,945,0.4609756097560976,2.0780641567222005
