file,nrBest,proportionBest,entropyNrActions
nr_314_id_18_0643aec9549dfebdea7110e25a38a26ee175553d_FetcherService_GTSPOON.csv,230,0.11219512195121951,3.448080416680127
