file,nrBest,proportionBest,entropyNrActions
nr_98_id_14_0154139b516bb55aa42516bcead90d4a398cf813_LicensePage_GTSPOON.csv,670,0.32682926829268294,2.306342323986488
