file,nrBest,proportionBest,entropyNrActions
nr_167_id_12_01dab274c58c8687644e92d93a016ad4d049f619_ContentVersionVO_GTSPOON.csv,1526,0.744390243902439,1.1698691129958305
