file,nrBest,proportionBest,entropyNrActions
nr_471_id_8_03e898ea4fd79b5d11f43872be6a5d4890a912a2_ServletBinder_GTSPOON.csv,1556,0.7590243902439024,1.1216543459713382
