file,nrBest,proportionBest,entropyNrActions
nr_338_id_14_0508cd78edb537757483e2f006e7f7240ec50389_MojamComponent_GTSPOON.csv,182,0.08878048780487804,2.5949611361108076
