file,nrBest,proportionBest,entropyNrActions
nr_161_id_38_6d999cbe66ad55c9d5bf04b9e987d41e2383766e_TreeViewer_GTSPOON.csv,152,0.07414634146341463,3.10246350237355
