file,nrBest,proportionBest,entropyNrActions
nr_381_id_16_06f2dcd51053d301ce8dd1a4e6b4bf17465a5909_Board_GTSPOON.csv,1530,0.7463414634146341,1.2329426309319156
