file,nrBest,proportionBest,entropyNrActions
nr_378_id_29_15cc1c9f2f13e806bb5463960845f4e489cf30c2_SimpleGraphView_GTSPOON.csv,1554,0.7580487804878049,1.1818516280400324
