file,nrBest,proportionBest,entropyNrActions
nr_107_id_33_0de84451951b00a7c05433176eeafc9e9a536b64_SettingsActivity_GTSPOON.csv,1843,0.8990243902439025,0.5873892440974516
