file,nrBest,proportionBest,entropyNrActions
nr_354_id_21_0942acbf22d442425e74f609f944905251f43dcc_Base_GTSPOON.csv,165,0.08048780487804878,2.753801099571347
