file,nrBest,proportionBest,entropyNrActions
nr_370_id_32_20e9a0e3311560921379a45c35df61476a28b3b0_commentsTest_GTSPOON.csv,1615,0.7878048780487805,1.0138290991438728
