file,nrBest,proportionBest,entropyNrActions
nr_40_id_14_009732547bfb3ab06d62a4272a199e7c76fe31ab_TableSnippetTest_GTSPOON.csv,2000,0.975609756097561,0.14377624815651957
