file,nrBest,proportionBest,entropyNrActions
nr_305_id_26_0aa753a14265730e5f2db02955445ebe694243b7_TestReplicationHandler_GTSPOON.csv,15,0.007317073170731708,2.9268747134783073
