file,nrBest,proportionBest,entropyNrActions
nr_303_id_11_03efe8d0320e932b9f7e22ed70071ffc5f5b15c5_CompositeCFindSCP_GTSPOON.csv,1007,0.49121951219512194,1.9864444091304851
