file,nrBest,proportionBest,entropyNrActions
nr_335_id_6_020f46d766f1141a9496b4ad6426788a0f6f34ec_GameScreen_GTSPOON.csv,964,0.47024390243902436,1.3016615312139699
