file,nrBest,proportionBest,entropyNrActions
nr_579_id_8_04a837c5fb14465311c2accfab147734829c7541_DefaultRemoveFeature_GTSPOON.csv,1824,0.8897560975609756,0.5904602122223148
