file,nrBest,proportionBest,entropyNrActions
nr_366_id_3_0265e08abe5be18743430023a3589770487d3a32_EditComposite_GTSPOON.csv,1659,0.8092682926829269,0.9687274715949701
