file,nrBest,proportionBest,entropyNrActions
nr_649_id_8_051238dd611db8736159640fa4f5a35caa4caaa7_MainDlg_GTSPOON.csv,248,0.12097560975609756,3.4532917703529757
