file,nrBest,proportionBest,entropyNrActions
nr_395_id_33_3215e76246c89f4b37bb8719501c1412f1a909e0_ITestMappingSolrConverter_GTSPOON.csv,899,0.43853658536585366,0.7170308764301551
