file,nrBest,proportionBest,entropyNrActions
nr_344_id_23_0b24f93de9189ea677475de7ae034919b87d3883_MeggaChat_GTSPOON.csv,1538,0.7502439024390244,1.2735811340224876
