file,nrBest,proportionBest,entropyNrActions
nr_438_id_24_0d3a2aa57b21ebf934e8e71f620917e643db8a6a_Permissions_GTSPOON.csv,1127,0.5497560975609757,1.9374674434392976
