file,nrBest,proportionBest,entropyNrActions
nr_120_id_35_1969b426a83ea6d00a99474ecca5646d96989ba9_MeteorServlet_GTSPOON.csv,1634,0.7970731707317074,1.0385610418198963
