file,nrBest,proportionBest,entropyNrActions
nr_418_id_19_09fc6a38ec0b9051f7fc30dd87f0307f794eb06d_StationDetails_GTSPOON.csv,8,0.003902439024390244,2.0658898658668337
