file,nrBest,proportionBest,entropyNrActions
nr_250_id_7_02b5b0a0c760075d41293031298c3bb4ff94a68e_ActionFactory_GTSPOON.csv,2000,0.975609756097561,0.14507521491110992
