file,nrBest,proportionBest,entropyNrActions
nr_125_id_15_024ac88028826679a8df16c46b6e3a1afa11ed60_TransactionClient_GTSPOON.csv,159,0.0775609756097561,3.2262641185248704
