file,nrBest,proportionBest,entropyNrActions
nr_497_id_12_05594fd788b88175946b93fa813363e2a8889615_Piece_GTSPOON.csv,181,0.08829268292682926,2.6052605004192007
