file,nrBest,proportionBest,entropyNrActions
nr_308_id_11_040835f3e060731dbe3a779fec70ac52c7f67c5a_Hawk_GTSPOON.csv,1343,0.6551219512195122,1.3777320915388331
