file,nrBest,proportionBest,entropyNrActions
nr_273_id_9_03401709b4cde0a715bbb257500696660b32d6cb_FCCClient_GTSPOON.csv,27,0.013170731707317073,1.993641661673819
