file,nrBest,proportionBest,entropyNrActions
nr_127_id_33_1069152919735b3f84bf55822e44be2da758be50_JavaScriptHelper_GTSPOON.csv,1348,0.6575609756097561,1.487933152380666
