file,nrBest,proportionBest,entropyNrActions
nr_70_id_9_00d213b64a2a987be86c558985c35821f2efd512_JSONTests_GTSPOON.csv,2019,0.9848780487804878,0.10244673646296171
