file,nrBest,proportionBest,entropyNrActions
nr_206_id_23_06a43cc644ead9609eaa82412b90cb82134b57f4_TestDataReaderSun1_7_0_GTSPOON.csv,1938,0.9453658536585365,0.30081233033598387
