file,nrBest,proportionBest,entropyNrActions
nr_439_id_31_1eb0b14d909542ce2d87e51e703d1d2fa7825646_HMMVoiceMakeVoice_GTSPOON.csv,1811,0.8834146341463415,0.7008567798448635
