file,nrBest,proportionBest,entropyNrActions
nr_242_id_8_020769b650ed14b89dc6710f7bca7f837dd3cf13_UnitHelper_GTSPOON.csv,1838,0.8965853658536586,0.5824787034929702
