file,nrBest,proportionBest,entropyNrActions
nr_228_id_16_0437d6b6d01d493662fc2810969fae8cdec2437d_ExcelEmitter_GTSPOON.csv,427,0.20829268292682926,2.4614940149937956
