file,nrBest,proportionBest,entropyNrActions
nr_161_id_14_022c1ab1794e846075e542425844800bec763bcd_httpc_GTSPOON.csv,90,0.04390243902439024,3.142739903258992
