file,nrBest,proportionBest,entropyNrActions
nr_361_id_33_2e8ece897d33c0d2dbc15e292aaa2aef36655447_ClassNode_GTSPOON.csv,10,0.004878048780487805,2.648711920057293
