file,nrBest,proportionBest,entropyNrActions
nr_200_id_15_03cd658547bf47cf5480bc9d3644324fb06fe880_WhenUploadingFiles_GTSPOON.csv,1648,0.8039024390243903,0.886090872042671
