file,nrBest,proportionBest,entropyNrActions
nr_157_id_7_01b3599df7978c83b289b036a7bd8cf620e5da70_Formatter_GTSPOON.csv,57,0.027804878048780488,2.916787381266432
