file,nrBest,proportionBest,entropyNrActions
nr_275_id_28_0c3789b217a41b8d8084ba42281e3e08208a4044_BrowserProvider2_GTSPOON.csv,185,0.09024390243902439,2.5721395489462546
