file,nrBest,proportionBest,entropyNrActions
nr_247_id_30_0f71d288c5323d1ad5aa4745410f47b5bc5bd153_Logic_GTSPOON.csv,147,0.07170731707317073,2.5571895615150644
