file,nrBest,proportionBest,entropyNrActions
nr_535_id_12_05d31919005b25e6f39f0800b37574e5af93292b_Serial4ThingML_GTSPOON.csv,1241,0.6053658536585366,1.6599325963554685
