file,nrBest,proportionBest,entropyNrActions
nr_96_id_4_0050f6d0675bd8b31acb182d642458d237c669a5_Replies_GTSPOON.csv,2025,0.9878048780487805,0.09649013935647202
