file,nrBest,proportionBest,entropyNrActions
nr_440_id_35_56d98b06421e2d2b23280b16b4f09f2473c56c4d_CmdRank_GTSPOON.csv,36,0.0175609756097561,3.448255939659754
