file,nrBest,proportionBest,entropyNrActions
nr_638_id_5_0559e73fd25ae4762ca56bb2044865b04226589e_FontLoader_GTSPOON.csv,7,0.0034146341463414634,2.8177048776363267
