file,nrBest,proportionBest,entropyNrActions
nr_644_id_3_0459cf478389ce9ec0f17f1ad48e96f192465956_PrimitiveMatrix_GTSPOON.csv,1728,0.8429268292682927,0.8533842569155713
