file,nrBest,proportionBest,entropyNrActions
nr_159_id_35_1ff3a3a306fbf44566a6793e991e997f5edde07e_CommandBarDialog_GTSPOON.csv,114,0.055609756097560976,3.1356294808826997
