file,nrBest,proportionBest,entropyNrActions
nr_73_id_24_0238b125385d9032b360a07b468a7fb599f2b590_DateUtil_GTSPOON.csv,1938,0.9453658536585365,0.3240994340540867
