file,nrBest,proportionBest,entropyNrActions
nr_445_id_35_5767d4eb8c3e1751d353849ea12ada42f1c5f304_J2EEActionProvider_GTSPOON.csv,1901,0.9273170731707318,0.4252716854827038
