file,nrBest,proportionBest,entropyNrActions
nr_659_id_8_052160cd4144bb0e54db2dbe694595e0989fd5f2_HL7Controller_GTSPOON.csv,297,0.1448780487804878,1.0233848931669574
