file,nrBest,proportionBest,entropyNrActions
nr_404_id_8_035439e6cb008b76e5f5dab3638c3ee603cabcc3_RangeUtil_GTSPOON.csv,1178,0.5746341463414634,1.1901383731632065
