file,nrBest,proportionBest,entropyNrActions
nr_436_id_5_03975f7ca8bb2f95ce95b6c694612c2524e91d13_ContactsProvider2_GTSPOON.csv,168,0.08195121951219513,2.481678502225592
