file,nrBest,proportionBest,entropyNrActions
nr_185_id_20_0396f55c144a1fb7010935937712af0c41e048c9_F5Activity_GTSPOON.csv,1437,0.7009756097560975,1.1312842052408816
