file,nrBest,proportionBest,entropyNrActions
nr_613_id_36_9d3b69901e114b013be5098fe91c6021df9c0760_CDROutputStream_GTSPOON.csv,146,0.07121951219512195,2.6646582201805895
