file,nrBest,proportionBest,entropyNrActions
nr_421_id_14_062558aa9cb129a2d2f6a03f21fbefb8a0255fcf_RESTView_GTSPOON.csv,5,0.0024390243902439024,3.7666971113981704
