file,nrBest,proportionBest,entropyNrActions
nr_226_id_28_09ce0e6a0a87be66429aa04b456066f938d2ff63_WorkspaceRoot_GTSPOON.csv,90,0.04390243902439024,1.4561415766782178
