file,nrBest,proportionBest,entropyNrActions
nr_183_id_26_06ed67d3a64d18488889ca38da32c51cccd2c090_VpnManager_GTSPOON.csv,1552,0.7570731707317073,1.1784678050799715
