file,nrBest,proportionBest,entropyNrActions
nr_327_id_23_0a981449a62ef2f7fbb3887edda839875d787812_TypeInferenceTest_GTSPOON.csv,210,0.1024390243902439,2.2140095990380164
