file,nrBest,proportionBest,entropyNrActions
nr_474_id_30_1c96c4e7d1283d6797718a70058a0e819696edd6_ObjectTest_GTSPOON.csv,847,0.41317073170731705,1.9488027547636821
