file,nrBest,proportionBest,entropyNrActions
nr_293_id_15_0570429573cfdbd19d0164038b762af3b44e3198_AlgoFactory_GTSPOON.csv,2000,0.975609756097561,0.15820087751319065
