file,nrBest,proportionBest,entropyNrActions
nr_548_id_37_f4820c728c8607204e826cedc9d9f9a700de14f9_ExcelUtil_GTSPOON.csv,2,0.000975609756097561,1.8385288987698312
