file,nrBest,proportionBest,entropyNrActions
nr_376_id_13_05641b77220db7ff8ed894397f06e00e8101c4a6_WebConsole_GTSPOON.csv,1817,0.8863414634146342,0.5845522299473346
