file,nrBest,proportionBest,entropyNrActions
nr_351_id_15_067b7ef2939465a558812d2957c41c93fba8db61_Ajc160Tests_GTSPOON.csv,2025,0.9878048780487805,0.08835021314322934
