file,nrBest,proportionBest,entropyNrActions
nr_431_id_31_1e569bfc6bed6a3a8cab351f56e218f419ef2420_Conversation_GTSPOON.csv,1624,0.7921951219512195,1.0465209610569386
