file,nrBest,proportionBest,entropyNrActions
nr_519_id_30_1f95b99fb2e8270437e133121fc9f43bb3dda6cf_LGEStarRIL_GTSPOON.csv,76,0.037073170731707315,2.714261148697705
