file,nrBest,proportionBest,entropyNrActions
nr_88_id_25_0307cb41a8150695fb0e4f2aa755fb0202c8771c_Option_GTSPOON.csv,1035,0.5048780487804878,1.868858292951391
