file,nrBest,proportionBest,entropyNrActions
nr_457_id_2_00f303c22a5ff590ecf75246df10d76a4e5a97b9_ChunkListener_GTSPOON.csv,548,0.2673170731707317,2.4543736547371613
