file,nrBest,proportionBest,entropyNrActions
nr_143_id_27_065d3edfdc792dfbf1b107dbfb6a43b491854667_SubmitServlet_GTSPOON.csv,187,0.09121951219512195,3.1285462678534683
