file,nrBest,proportionBest,entropyNrActions
nr_125_id_15_024ac88028826679a8df16c46b6e3a1afa11ed60_Coordinator_GTSPOON.csv,1102,0.5375609756097561,2.161842157642035
