file,nrBest,proportionBest,entropyNrActions
nr_436_id_1_04ed82b4b2f6283c4ae5f79b711614f22ef8304b_DcTrackerBase_GTSPOON.csv,189,0.09219512195121951,2.4057518883425404
