file,nrBest,proportionBest,entropyNrActions
nr_244_id_30_0f3320de01fbf99002355491a8b5fa792d67713d_ValueService_GTSPOON.csv,1023,0.49902439024390244,2.1063379924464383
