file,nrBest,proportionBest,entropyNrActions
nr_15_id_24_005d564f47f8831be858906847dfab0b064235c4_P6TestCallableStatement_GTSPOON.csv,1827,0.891219512195122,0.623008295413498
