file,nrBest,proportionBest,entropyNrActions
nr_222_id_18_045065a64f992c299ec804d54dc6ecb5072bfe36_EmptyStackException_GTSPOON.csv,2015,0.9829268292682927,0.1047847065935152
