file,nrBest,proportionBest,entropyNrActions
nr_234_id_4_00d99945bb41ea20997481f49590c0da973fb525_CalendarSyncService_GTSPOON.csv,1246,0.6078048780487805,1.6956336387701965
