file,nrBest,proportionBest,entropyNrActions
nr_288_id_13_0429d3d0c4389e7ea5cd83e83fdaa7670d298a76_DrawController_GTSPOON.csv,114,0.055609756097560976,3.822204899285621
