file,nrBest,proportionBest,entropyNrActions
nr_34_id_14_0083f423318a92da1c2a4b1d0140dc8741cdc533_ImportManager_GTSPOON.csv,2005,0.9780487804878049,0.1267208493595892
