file,nrBest,proportionBest,entropyNrActions
nr_229_id_23_0783a0e7e4a3626ad19aae9f6b18f7483f664a89_DesktopMain_GTSPOON.csv,1482,0.7229268292682927,1.4112706204644936
