file,nrBest,proportionBest,entropyNrActions
nr_21_id_2_000f306d9b7f50cf1cb03d46d140a6f868a8f048_Constants_GTSPOON.csv,1745,0.8512195121951219,0.7590904513009112
