file,nrBest,proportionBest,entropyNrActions
nr_88_id_1_00f845435456a12061c14c26c13bae554edde833_MobLimiter_GTSPOON.csv,1843,0.8990243902439025,0.579618545120655
