file,nrBest,proportionBest,entropyNrActions
nr_137_id_1_018a3863c7cb886cf7039cb46558c7e0815a03c8_PhotoController_GTSPOON.csv,1574,0.7678048780487805,1.1141652765291306
