file,nrBest,proportionBest,entropyNrActions
nr_230_id_25_076ea3d1438102c49e3940205a1f7fea6f80ba56_MediaPlayerImpl_GTSPOON.csv,320,0.15609756097560976,1.9576133229802617
