file,nrBest,proportionBest,entropyNrActions
nr_490_id_11_06bd5a8726e8c0897f05726cf1f61cc04e88ee24_SplitAggregateView_GTSPOON.csv,1473,0.7185365853658536,1.1679023709186296
