file,nrBest,proportionBest,entropyNrActions
nr_9_id_25_005118b8699dee3a5c51ca877764120111ab2759_ReportWriter_GTSPOON.csv,1923,0.9380487804878048,0.4078738199647828
