file,nrBest,proportionBest,entropyNrActions
nr_397_id_18_07796c35c22880237978b675d0995e8498a3d13b_Entity_GTSPOON.csv,550,0.2682926829268293,1.5223800221805337
