file,nrBest,proportionBest,entropyNrActions
nr_404_id_10_03e01ee3b2099d41174a81d2812286f17092c825_AnchoredPortals_GTSPOON.csv,1931,0.9419512195121951,0.3738497458562428
