file,nrBest,proportionBest,entropyNrActions
nr_435_id_16_07d23a372b1f0a67bca988ea20f7d35a884fd4bd_JavaAdapter_GTSPOON.csv,145,0.07073170731707316,2.9495194793382087
