file,nrBest,proportionBest,entropyNrActions
nr_47_id_28_02160f84d3ce8200569737463740917a82c3c3b0_NodeInst_GTSPOON.csv,57,0.027804878048780488,2.7706033238160748
