file,nrBest,proportionBest,entropyNrActions
nr_316_id_20_0629c94114894cf6a7e6de4b312a2768bc82fb46_CloudManagement_GTSPOON.csv,1625,0.7926829268292683,0.9251965951351665
