file,nrBest,proportionBest,entropyNrActions
nr_281_id_6_01c61a00cb696d73b828470bb83b3f3ac59f9f05_IdSet_GTSPOON.csv,1414,0.6897560975609756,1.2257910587131482
