file,nrBest,proportionBest,entropyNrActions
nr_422_id_13_06303746da78b470ac79618008a635a618e67d1b_TransformerFactory_GTSPOON.csv,1360,0.6634146341463415,1.3330426707970413
