file,nrBest,proportionBest,entropyNrActions
nr_384_id_26_0d23821fe10894fcb6adad95c73714cad358fe2d_GreetingImpl_GTSPOON.csv,2020,0.9853658536585366,0.09908843754097327
