file,nrBest,proportionBest,entropyNrActions
nr_180_id_19_0461c66ba78bd58258f86852ac322b62c27d1655_TaskCellRenderer_GTSPOON.csv,393,0.19170731707317074,0.8692449118607474
