file,nrBest,proportionBest,entropyNrActions
nr_3_id_29_0040a3bf1b102744300abf6fd1e962377ee56a27_ServeurTwitt_GTSPOON.csv,105,0.05121951219512195,2.3452151295851396
