file,nrBest,proportionBest,entropyNrActions
nr_81_id_15_01384d079d2b62f871e108b63f34a6c577010a7f_SecuredApplication_GTSPOON.csv,1480,0.7219512195121951,1.267330238664231
