file,nrBest,proportionBest,entropyNrActions
nr_178_id_20_0365e5856619827b863e2a0d3f6a8e77e90201f1_TaskHandlerTest_GTSPOON.csv,1848,0.9014634146341464,0.5196131320146656
