file,nrBest,proportionBest,entropyNrActions
nr_286_id_15_055513eae561d3c1cce06c96c6af1cc26388dd90_Reviewer_GTSPOON.csv,32,0.015609756097560976,3.13685692640155
