file,nrBest,proportionBest,entropyNrActions
nr_54_id_33_0804d1229ff4e1cb186862362f1ebfd6a23a290a_LucandraTests_GTSPOON.csv,890,0.43414634146341463,2.123218791382146
