file,nrBest,proportionBest,entropyNrActions
nr_373_id_27_1110a83424a7c980750b5efe730e388d2d3b429b_CameraHolder_GTSPOON.csv,1848,0.9014634146341464,0.5222894035499185
