file,nrBest,proportionBest,entropyNrActions
nr_89_id_18_01adb66c089573968734ab33e29028f2c0aee999_RailsServer_GTSPOON.csv,1412,0.688780487804878,1.3889364330461393
