file,nrBest,proportionBest,entropyNrActions
nr_298_id_10_02be6a6a370d6f8a944da70eb91176030520a68d_MapViewActivity_GTSPOON.csv,839,0.4092682926829268,2.452233381341128
