file,nrBest,proportionBest,entropyNrActions
nr_93_id_38_3ea017768eef40cfa68859e192b1a85f149b854e_GenerateJsVisitor_GTSPOON.csv,139,0.06780487804878049,3.4304101680586454
