file,nrBest,proportionBest,entropyNrActions
nr_261_id_30_10700ce35102ab2d32e766feea2415729c057a6a_Salvation_GTSPOON.csv,1916,0.9346341463414635,0.3765653454539068
