file,nrBest,proportionBest,entropyNrActions
nr_456_id_1_05128cafc689798d96924c9bd26029d7aea16476_PatternFilter_GTSPOON.csv,2018,0.984390243902439,0.10639154709042603
