file,nrBest,proportionBest,entropyNrActions
nr_188_id_20_039aef5d76a42b6a43294f7185d50e773aab801d_FullscreenActivity_GTSPOON.csv,1126,0.5492682926829269,1.7916396333986748
