file,nrBest,proportionBest,entropyNrActions
nr_226_id_37_63a064af646c61e3a83de3864885d55a36b50125_ArrayUtilities_GTSPOON.csv,1925,0.9390243902439024,0.3440676157809623
