file,nrBest,proportionBest,entropyNrActions
nr_573_id_7_05fd2829e3c1f89f40e8177d6a341dc56b055109_TankAirRender_GTSPOON.csv,1776,0.8663414634146341,0.6764745008015637
