file,nrBest,proportionBest,entropyNrActions
nr_262_id_17_054c130f795fdbb8c6978576bac9364e8f3256da_AppModelInit_GTSPOON.csv,2000,0.975609756097561,0.1513674354634234
