file,nrBest,proportionBest,entropyNrActions
nr_380_id_11_052de7a94856b6b0492e8a9838e3d2031887ee49_GalleryActionBar_GTSPOON.csv,1151,0.5614634146341464,1.8449340753300603
