file,nrBest,proportionBest,entropyNrActions
nr_648_id_4_027f50491ba1a1a73f6bb5eb4806e7c29c8121e0_DalImportTest_GTSPOON.csv,1596,0.7785365853658537,0.8304810464455216
