file,nrBest,proportionBest,entropyNrActions
nr_168_id_31_0bfbe4906fdb153a77a2f040b03787a23e3396dc_PyJavaClass_GTSPOON.csv,120,0.05853658536585366,2.703748983751623
