file,nrBest,proportionBest,entropyNrActions
nr_476_id_25_10e5165a6c77c3e250bba60e29653ea7e32b13b1_OpenIDUtils_GTSPOON.csv,1734,0.8458536585365853,0.8302533244592207
