file,nrBest,proportionBest,entropyNrActions
nr_316_id_22_07d439a1e33d289c7077701609a67eabed120f48_CytoscapeDataImpl_GTSPOON.csv,40,0.01951219512195122,2.510052302268967
