file,nrBest,proportionBest,entropyNrActions
nr_486_id_19_0b6661d97690cc9b47896ee6c252121e02058d5e_WebshopContainer_GTSPOON.csv,119,0.05804878048780488,1.4464948436780527
