file,nrBest,proportionBest,entropyNrActions
nr_403_id_17_07ea9230fdb575951d9234e09b36831dd6345f2d_SoapConstants_GTSPOON.csv,2027,0.988780487804878,0.07300510044081204
