file,nrBest,proportionBest,entropyNrActions
nr_133_id_27_05e7f7d367d0210d4c019adfe5e480eca67502f9_Crawling_GTSPOON.csv,5,0.0024390243902439024,1.6872693435331554
