file,nrBest,proportionBest,entropyNrActions
nr_178_id_18_03740ca303f5bcc6feea661353505f10f019128e_ViewActions_GTSPOON.csv,456,0.2224390243902439,2.99472607280533
