file,nrBest,proportionBest,entropyNrActions
nr_215_id_27_0986575d7aee928afdc00e0d342782945b8d1fe5_EventDialog_GTSPOON.csv,1233,0.6014634146341463,1.597488405651513
