file,nrBest,proportionBest,entropyNrActions
nr_391_id_30_184b13cdf2abe40464954b8e6749a1edcea585eb_ParserTest_GTSPOON.csv,210,0.1024390243902439,2.2575766755437527
