file,nrBest,proportionBest,entropyNrActions
nr_213_id_21_056e1d24670f6cc428a2f06ade96488ab0afef72_UnaryExp_GTSPOON.csv,2017,0.9839024390243902,0.1103361159909835
