file,nrBest,proportionBest,entropyNrActions
nr_35_id_9_00741602baad6644b967af023a4e0f7302e87790_TestAsyncHttpPut_GTSPOON.csv,1015,0.4951219512195122,1.997707218285886
