file,nrBest,proportionBest,entropyNrActions
nr_256_id_8_022d10669876324bc14605bb261c806e626694a7_MoveReleaseToMostFreeSlaves_GTSPOON.csv,1938,0.9453658536585365,0.317313435165254
