file,nrBest,proportionBest,entropyNrActions
nr_429_id_3_02d5c1bc04d8567311dd969c18561b806b4386d4_SpecificResponder_GTSPOON.csv,2015,0.9829268292682927,0.11451181205735254
