file,nrBest,proportionBest,entropyNrActions
nr_91_id_26_034b72a80ec9b0ae12884c0149821bfe46a06dc8_GoldBank_GTSPOON.csv,9,0.004390243902439025,2.0095759112361793
