file,nrBest,proportionBest,entropyNrActions
nr_221_id_23_0743953d09736be15232ba7a98ecf4bc08685a09_CodePrinterTest_GTSPOON.csv,50,0.024390243902439025,2.4545356509226286
