file,nrBest,proportionBest,entropyNrActions
nr_560_id_33_4308bc6ed6dc4f98f9b2cc4d5d1d9387685d9840_CardEditor_GTSPOON.csv,157,0.07658536585365854,2.7740187835881613
