file,nrBest,proportionBest,entropyNrActions
nr_482_id_19_0b4eb5923070d89c7221498c831cb2d19e3da2dd_CalendarSyncAdapter_GTSPOON.csv,189,0.09219512195121951,2.520211253272322
