file,nrBest,proportionBest,entropyNrActions
nr_718_id_2_01878213f507c0cadebd13c8230b5fe4c3e59a1a_TfsCommandTest_GTSPOON.csv,2006,0.9785365853658536,0.13707282028360115
