file,nrBest,proportionBest,entropyNrActions
nr_566_id_30_21eb8f8bc0df119473911ae51e652d68b023cada_UploadPublisher_GTSPOON.csv,102,0.04975609756097561,2.5181268733444724
