file,nrBest,proportionBest,entropyNrActions
nr_14_id_12_002841a96a070c98c841c3130acadc2d94660851_OptionView_GTSPOON.csv,1645,0.802439024390244,0.9275291872798634
