file,nrBest,proportionBest,entropyNrActions
nr_332_id_13_04c699dbc1e03996196d23b15d7da5a9acb9d480_UserAction_GTSPOON.csv,811,0.395609756097561,2.1217438449628996
