file,nrBest,proportionBest,entropyNrActions
nr_109_id_28_04f33568ee2081a295f255ce5e262e45c55af1b1_TestHttpClientBinder_GTSPOON.csv,1211,0.5907317073170731,1.4800474695756516
