file,nrBest,proportionBest,entropyNrActions
nr_523_id_28_177c439a23bf98e5e28b2aee36fb498591ad6099_Search_GTSPOON.csv,80,0.03902439024390244,3.3022198955153446
