file,nrBest,proportionBest,entropyNrActions
nr_368_id_26_0c9b8dd648a4eb788938aef552b53212596ebb73_Map_GTSPOON.csv,444,0.21658536585365853,3.492713582001958
