file,nrBest,proportionBest,entropyNrActions
nr_382_id_13_058a6dac0b9ac00e4d02189cb6e0ef9891799c97_AbstractSelect_GTSPOON.csv,2015,0.9829268292682927,0.10520570474832268
