file,nrBest,proportionBest,entropyNrActions
nr_227_id_22_05c48bcc43f37db70f4c09493f30959f9dc8d88d_GDS_GTSPOON.csv,18,0.00878048780487805,3.540276166448999
