file,nrBest,proportionBest,entropyNrActions
nr_515_id_9_05e57108ed782664dab54fa8dd152fd052157c5e_RefreshMatcherTest_GTSPOON.csv,8,0.003902439024390244,0.44316784313980523
