file,nrBest,proportionBest,entropyNrActions
nr_607_id_7_063a5a219b99d53f3ecae5c6f0fb11144956433e_MazeGame_GTSPOON.csv,423,0.20634146341463414,2.4136647071639423
