file,nrBest,proportionBest,entropyNrActions
nr_427_id_15_07c152c351fd09edc4cf5134159c3bd9227714d2_SavingTrackHelper_GTSPOON.csv,1164,0.5678048780487804,1.904792592339154
