file,nrBest,proportionBest,entropyNrActions
nr_28_id_27_016e9b7b9aa245e66744475a99244480581465a3_MultipleDataSourceTest_GTSPOON.csv,1644,0.8019512195121952,0.8768888726041613
