file,nrBest,proportionBest,entropyNrActions
nr_277_id_24_089e22d511ed1d0a446f5196ed52eea88b6151e3_GOut_GTSPOON.csv,1208,0.5892682926829268,1.6555463280646274
