file,nrBest,proportionBest,entropyNrActions
nr_154_id_37_46ea0270f6af05dc14239d702feae18686b99aa4_FrogAnnounce_GTSPOON.csv,153,0.07463414634146341,3.461332601563128
