file,nrBest,proportionBest,entropyNrActions
nr_246_id_10_024a088e97d584b17f50f43532bf13cc7660929f_ArquillianContainerAdaptor_GTSPOON.csv,204,0.09951219512195122,1.470678964695864
