file,nrBest,proportionBest,entropyNrActions
nr_166_id_27_07681c7139d7f8008730256c12c75db11e4f55b7_Replay_GTSPOON.csv,2006,0.9785365853658536,0.14835617761513703
