file,nrBest,proportionBest,entropyNrActions
nr_284_id_29_10c4230ca308a098f1661ee7a663f3849f154c0b_HelpScreen_GTSPOON.csv,1116,0.5443902439024391,1.6973655536729335
