file,nrBest,proportionBest,entropyNrActions
nr_201_id_7_0231b8a2ba6a5893fc544861c1a094feec167d5b_VHM_GTSPOON.csv,526,0.25658536585365854,2.9005416421513894
