file,nrBest,proportionBest,entropyNrActions
nr_544_id_28_1851871e4d6e41216bd86088f28b799ec97788bf_AwfulPost_GTSPOON.csv,852,0.41560975609756096,1.5689367545684716
