file,nrBest,proportionBest,entropyNrActions
nr_383_id_32_21920a6b3ea4806c58288625b48a38f087cc93f2_JavaScriptEngine_GTSPOON.csv,978,0.4770731707317073,2.162111708562422
