file,nrBest,proportionBest,entropyNrActions
nr_11_id_27_0088c9a320847b443410ef7a26e598de445fcc02_MessagesTest_GTSPOON.csv,1933,0.9429268292682926,0.34785888652962027
