file,nrBest,proportionBest,entropyNrActions
nr_386_id_38_fbe9017ef3b18f4096cc2ee3d1df5a4707483597_BuildpathsBlock_GTSPOON.csv,25,0.012195121951219513,2.369551574992071
