file,nrBest,proportionBest,entropyNrActions
nr_318_id_22_07f0facf4d56e2b5031df89d904583d30656d979_XSModelImpl_GTSPOON.csv,84,0.04097560975609756,2.696959870706466
