file,nrBest,proportionBest,entropyNrActions
nr_383_id_9_04737a5576af46c868144ccdba62194f626f8410_RegexReplaceProcessorFactory_GTSPOON.csv,1907,0.9302439024390244,0.44880931873810753
