file,nrBest,proportionBest,entropyNrActions
nr_297_id_21_07ca97f1e0107a66a8803a24afcccfd5469a0309_AbstractGalaxyTest_GTSPOON.csv,1832,0.8936585365853659,0.6053981468565317
