file,nrBest,proportionBest,entropyNrActions
nr_91_id_3_00aad532829e12eab914b2d291891eafc4195eac_AppForwarder_GTSPOON.csv,1743,0.8502439024390244,0.8625371828526481
