file,nrBest,proportionBest,entropyNrActions
nr_611_id_3_04223a019f953b8d9675a18efcaa5833e87ea924_RegexErrorPattern_GTSPOON.csv,1448,0.7063414634146341,1.330174905513324
