file,nrBest,proportionBest,entropyNrActions
nr_370_id_2_00c42f7673ba2567abb82ea9cce1d37f64ec78a6_State_GTSPOON.csv,1756,0.8565853658536585,0.713002245036007
