file,nrBest,proportionBest,entropyNrActions
nr_11_id_10_000e51089c4ff5a3ecaff88990f26981e5345ad7_HttpResponseHeader_GTSPOON.csv,740,0.36097560975609755,1.1980828860279098
