file,nrBest,proportionBest,entropyNrActions
nr_204_id_28_091bfe9fa21bc47b4979b11557a2c6834c638182_RepositoryResourceHandler_GTSPOON.csv,1716,0.8370731707317073,0.8939834933554647
