file,nrBest,proportionBest,entropyNrActions
nr_495_id_31_22b40a3ea6f8af3731589941fb52454d7ee4198f_QueryConsole_GTSPOON.csv,1280,0.624390243902439,1.6767766693719852
