file,nrBest,proportionBest,entropyNrActions
nr_392_id_16_07232f251597d936eaa77cd20a73ac7133182520_Configuration_GTSPOON.csv,1841,0.8980487804878049,0.6008930418995918
