file,nrBest,proportionBest,entropyNrActions
nr_195_id_4_00aea46cdf7342cc5d261633c0d8b14148859b47_PetriNet_GTSPOON.csv,1208,0.5892682926829268,1.7813675019914477
