file,nrBest,proportionBest,entropyNrActions
nr_415_id_12_0484f0fbf45387235744b99f8c720d3c62f2537d_SimonConnectionPoolDataSource_GTSPOON.csv,1925,0.9390243902439024,0.40131996418843624
