file,nrBest,proportionBest,entropyNrActions
nr_162_id_19_03f6dc7cfad063b3c172652aa182bd0737acd7a9_CustomerPanel_GTSPOON.csv,56,0.027317073170731707,3.7079242376696495
