file,nrBest,proportionBest,entropyNrActions
nr_214_id_14_031916568136bcac298d8a8c836dd7ac23fe6aca_JenaRDFParser_GTSPOON.csv,1605,0.7829268292682927,1.0879077688943668
