file,nrBest,proportionBest,entropyNrActions
nr_499_id_34_44ebd4107d55b87df5d33a67e2285ded56cf221e_Summary_GTSPOON.csv,1666,0.8126829268292682,0.9090316685337794
