file,nrBest,proportionBest,entropyNrActions
nr_174_id_9_02240278af96a7077369c705cc93ac5edee78cfd_File_GTSPOON.csv,966,0.4712195121951219,2.076348654231986
