file,nrBest,proportionBest,entropyNrActions
nr_183_id_22_046aa528672a31bf43d46d5fe83a2233837f3c86_TaskFormPage_GTSPOON.csv,625,0.3048780487804878,2.2444596310064613
