file,nrBest,proportionBest,entropyNrActions
nr_343_id_20_06b1bad0a619eb239afd1e9962d47003f8eba8ff_TestSplineV3_GTSPOON.csv,1263,0.6160975609756097,1.5162683678331148
