file,nrBest,proportionBest,entropyNrActions
nr_342_id_20_06b0902e2f5ed49d749788b279318988ebfd5c78_SwingTest_GTSPOON.csv,20,0.00975609756097561,2.3871437483658333
