file,nrBest,proportionBest,entropyNrActions
nr_353_id_25_0c27e6a06ea00c18f1a7d034e684543b63ec9595_BestellvorgangBeanTest_GTSPOON.csv,1800,0.8780487804878049,0.47354425347490736
