file,nrBest,proportionBest,entropyNrActions
nr_29_id_18_00675e8cf42438a800e32f6a020c7270f409d838_Connection_GTSPOON.csv,148,0.0721951219512195,2.1384325810946563
