file,nrBest,proportionBest,entropyNrActions
nr_124_id_17_0260819ad7f7fe5431440c11586f3466da345da0_FTLauncherComponent_GTSPOON.csv,2005,0.9780487804878049,0.14761113543906162
