file,nrBest,proportionBest,entropyNrActions
nr_134_id_2_0040012f0242ecfad145ae6a57bb11d46d7770c7_BaseAsyncTask_GTSPOON.csv,2005,0.9780487804878049,0.1461441329043678
