file,nrBest,proportionBest,entropyNrActions
nr_90_id_31_070528db9b7860922d9b03f5f63419afabe05bcf_WrappedStack_GTSPOON.csv,141,0.06878048780487805,3.409403111850987
