file,nrBest,proportionBest,entropyNrActions
nr_416_id_20_0802429cefb19d416d9286570dacc905ed520714_WMath_GTSPOON.csv,1,0.0004878048780487805,1.9779653167899205
