file,nrBest,proportionBest,entropyNrActions
nr_387_id_17_07a4e07920355bc2694d15b9db1c824f404d0e0a_Window_GTSPOON.csv,2011,0.9809756097560975,0.1289670146018497
