file,nrBest,proportionBest,entropyNrActions
nr_234_id_26_0883697c3e6df969f791ab5818a5f559af47de66_CompilerTest_GTSPOON.csv,1913,0.9331707317073171,0.3852071839342305
