file,nrBest,proportionBest,entropyNrActions
nr_391_id_12_044190ca1489fb30f3684207e283a9423faab157_PuzzleNeighborsBuilder_GTSPOON.csv,1575,0.7682926829268293,1.004488971391489
