file,nrBest,proportionBest,entropyNrActions
nr_305_id_11_03f99d513d7d59f72e5b738883089fb920fdd587_BeardFitness_GTSPOON.csv,1680,0.8195121951219512,0.7264367756915541
