file,nrBest,proportionBest,entropyNrActions
nr_378_id_3_02769914174e0646515a7dfc8567684b7d929126_OldStyleMapService_GTSPOON.csv,1224,0.5970731707317073,1.8078118482428862
