file,nrBest,proportionBest,entropyNrActions
nr_551_id_30_21243c3a297e4c1a3faf2fabfb3543a31cd42853_Camera_GTSPOON.csv,1938,0.9453658536585365,0.32508501931439887
