file,nrBest,proportionBest,entropyNrActions
nr_252_id_22_068e0118fe58f5c2a57ef4d04f627339e8d39ed7_ProfileActivity_GTSPOON.csv,2007,0.9790243902439024,0.14459325132477335
