file,nrBest,proportionBest,entropyNrActions
nr_595_id_8_04b6a533bd416d0a066b23692395a016ad58bdeb_MapReduceFlowTest_GTSPOON.csv,1618,0.7892682926829269,1.0659589983515452
