file,nrBest,proportionBest,entropyNrActions
nr_146_id_30_094c623b7bb4816bc583bcfdb85f14f2af1e6886_SenderTask_GTSPOON.csv,1767,0.8619512195121951,0.6926325745364188
