file,nrBest,proportionBest,entropyNrActions
nr_237_id_14_0380968f1d1118326f9f31c57dfa49a4c62dd449_ClusterCreateTest_GTSPOON.csv,1540,0.751219512195122,0.8414375477360795
