file,nrBest,proportionBest,entropyNrActions
nr_152_id_28_06db1563fea8c235d89e136f3f5ee184a6729035_JobManager_GTSPOON.csv,43,0.020975609756097562,2.551874229249061
