file,nrBest,proportionBest,entropyNrActions
nr_116_id_24_037f1417f83b8f7b436e4e90dac7ebe9fd5550a3_Parser_GTSPOON.csv,147,0.07170731707317073,2.375487204077652
