file,nrBest,proportionBest,entropyNrActions
nr_333_id_18_068ecf2a703232c7fab082621f4a1ef41ae82e7b_EventManager_GTSPOON.csv,1310,0.6390243902439025,1.5154617809885647
