file,nrBest,proportionBest,entropyNrActions
nr_50_id_5_007ded311d2d738b760217664d948b1cdb9d8a73_Encryptor_GTSPOON.csv,1483,0.7234146341463414,1.2848766095755604
