file,nrBest,proportionBest,entropyNrActions
nr_382_id_22_093f747a538ba0308306e7d6abd7b78ac9793f2b_InitializationFilter_GTSPOON.csv,56,0.027317073170731707,3.8767489474842187
