file,nrBest,proportionBest,entropyNrActions
nr_575_id_10_0586a9407b11269fccf55d3cffcc939621036883_GeneralPage_GTSPOON.csv,1385,0.675609756097561,1.4923515107489442
