file,nrBest,proportionBest,entropyNrActions
nr_190_id_18_03a7abe689843678f920311bedf50cc77580715b_BrewNinja_GTSPOON.csv,385,0.1878048780487805,0.5823761037489879
