file,nrBest,proportionBest,entropyNrActions
nr_15_id_34_01889503c47aadc9faacf727371f1d23e3a99d97_Paint_GTSPOON.csv,392,0.19121951219512195,2.2689421386567634
