file,nrBest,proportionBest,entropyNrActions
nr_285_id_20_0577cd9b5c65e3502cf3bf6491707bcdc34d95a7_Gildorym_GTSPOON.csv,1747,0.8521951219512195,0.6704240344939411
