file,nrBest,proportionBest,entropyNrActions
nr_248_id_29_0eab880cdad04fcbd7322b35ea194fb526f3944e_Toolbar_GTSPOON.csv,1483,0.7234146341463414,1.1910488394620078
