file,nrBest,proportionBest,entropyNrActions
nr_403_id_18_079518e949c4f041219001b4658c1b2e4abebcb9_LessThanAtom_GTSPOON.csv,1473,0.7185365853658536,1.2662235274770652
