file,nrBest,proportionBest,entropyNrActions
nr_261_id_13_03b146de5ca1cd91dcf3852623d756edad0b22f8_FlowLayout_GTSPOON.csv,1790,0.8731707317073171,0.7937357187067725
