file,nrBest,proportionBest,entropyNrActions
nr_277_id_17_0587d4466add9c9f51b33d13e837f6d790b8cd3b_YetiType_GTSPOON.csv,185,0.09024390243902439,2.6094372471426954
