file,nrBest,proportionBest,entropyNrActions
nr_247_id_13_0387123098bbc3eeb748b63f79dc7d0859c5dbb6_EditEventFragment_GTSPOON.csv,165,0.08048780487804878,2.6919230726775236
