file,nrBest,proportionBest,entropyNrActions
nr_33_id_32_0281e8b347232a9c8cb0c80e7c01bd99d35ff0f7_LabQuestLibrary_GTSPOON.csv,285,0.13902439024390245,2.133549403160361
