file,nrBest,proportionBest,entropyNrActions
nr_120_id_18_024256600d744b50cd74485404dc7daddf299f74_Report_GTSPOON.csv,488,0.23804878048780487,2.6359060465183157
