file,nrBest,proportionBest,entropyNrActions
nr_78_id_30_053547ebd22611ab90d39b1a05062c38aa4642b8_EclipseProject_GTSPOON.csv,105,0.05121951219512195,2.8392854529373164
