file,nrBest,proportionBest,entropyNrActions
nr_636_id_1_072d84d2f436c161ad5dd1102348b9b27436aaf4_TypeValue_GTSPOON.csv,1650,0.8048780487804879,0.9923088065440726
