file,nrBest,proportionBest,entropyNrActions
nr_410_id_24_0c5f419ef316768f12f9faef4b9ce7f112f55300_KeyMap_GTSPOON.csv,1933,0.9429268292682926,0.3413617649035376
