file,nrBest,proportionBest,entropyNrActions
nr_501_id_34_45531c86d3ec3832c80cb39e9ac2bd2a75f28d91_Guest_GTSPOON.csv,1938,0.9453658536585365,0.27801915015561135
