file,nrBest,proportionBest,entropyNrActions
nr_496_id_5_0410f8166ee08bab1ce5211a9881e7424efee34d_CrawlDBMergeJob_GTSPOON.csv,553,0.2697560975609756,2.2612476740913596
