file,nrBest,proportionBest,entropyNrActions
nr_34_id_8_0048c684f2481b042ef9cf3a21958c8d5ebf569e_ExampleResource_GTSPOON.csv,1848,0.9014634146341464,0.5484321854918396
