file,nrBest,proportionBest,entropyNrActions
nr_435_id_18_081dd69fbc8ea15a413942b1507714053a176f55_EmitterImpl_GTSPOON.csv,5,0.0024390243902439024,3.2535958288051545
