file,nrBest,proportionBest,entropyNrActions
nr_222_id_5_01cc9cf1dc61ba1476f595ca3634c277c14bed6e_ConfDB_GTSPOON.csv,78,0.03804878048780488,3.3420101771065576
