file,nrBest,proportionBest,entropyNrActions
nr_177_id_17_03774cc24e5dc5c0474c4b9cdea10da361590503_GameController_GTSPOON.csv,1915,0.9341463414634147,0.3417365065194636
