file,nrBest,proportionBest,entropyNrActions
nr_108_id_28_04f2b19fb9d7a4e43a7f1711d30c1e5894acd0f6_ADataset_GTSPOON.csv,1014,0.4946341463414634,1.2435186203459
