file,nrBest,proportionBest,entropyNrActions
nr_138_id_24_041bc6ff79b3d6592a714d94113d442c28565150_RegexFilter_GTSPOON.csv,244,0.11902439024390243,3.030889442463718
