file,nrBest,proportionBest,entropyNrActions
nr_239_id_4_00dd9e180a7bdcbb41a4247383ea956367b56a60_LatinImeLogger_GTSPOON.csv,106,0.05170731707317073,1.977799644144677
