file,nrBest,proportionBest,entropyNrActions
nr_562_id_6_036e72df0857fc0e000b9cd10430c9f3a13a68d7_ClusterFinish_GTSPOON.csv,1922,0.937560975609756,0.37337441650484315
