file,nrBest,proportionBest,entropyNrActions
nr_18_id_17_004b7a595111654468d0321bdaabeab940fb8fca_OmicronAPI_GTSPOON.csv,189,0.09219512195121951,2.4247510523694866
