file,nrBest,proportionBest,entropyNrActions
nr_33_id_10_004fc6fcc71950afa400e004cb01409153fb3f10_JenaWriter_GTSPOON.csv,1727,0.8424390243902439,0.823694390207721
