file,nrBest,proportionBest,entropyNrActions
nr_424_id_16_07a4e8f1f0b6109321eede8540ba9d3146404159_PasteAction_GTSPOON.csv,243,0.11853658536585365,2.4620009385869817
