file,nrBest,proportionBest,entropyNrActions
nr_475_id_24_0e6034998f6c3cbf0c3b7ea16105663af6d11309_TestExcelExtractor_GTSPOON.csv,1375,0.6707317073170732,1.4489202115087163
