file,nrBest,proportionBest,entropyNrActions
nr_77_id_4_0042b58bf85ca015327663747941d20b0e27fbe5_AcceleoMainTab_GTSPOON.csv,185,0.09024390243902439,2.243233643278817
