file,nrBest,proportionBest,entropyNrActions
nr_155_id_11_01fba2cde77269a1afa503880f0ac2c415286bca_MathTutor_GTSPOON.csv,168,0.08195121951219513,2.4775898081477346
