file,nrBest,proportionBest,entropyNrActions
nr_138_id_14_01e7dfa4a24e1f0a89971d4328ce11df88b2d24c_Table_GTSPOON.csv,160,0.07804878048780488,2.609332061427355
