file,nrBest,proportionBest,entropyNrActions
nr_568_id_11_081a555670c4635d87f80aa75698af54a6f0260b_Histogram3DModel_GTSPOON.csv,240,0.11707317073170732,3.2367319089959374
