file,nrBest,proportionBest,entropyNrActions
nr_234_id_38_a05e088e33d8dca80fc462d4543391091149225f_VScrollTable_GTSPOON.csv,168,0.08195121951219513,2.6134007842412945
