file,nrBest,proportionBest,entropyNrActions
nr_570_id_36_8ee7a86a5369439e998b1a23245ed6ce5b2df96c_CursoPortlet_GTSPOON.csv,136,0.06634146341463415,3.1947257462478333
