file,nrBest,proportionBest,entropyNrActions
nr_294_id_12_033659c9ece28e515359720a7c23bf03d3303a8a_GameMain_GTSPOON.csv,1923,0.9380487804878048,0.3882496801158195
