file,nrBest,proportionBest,entropyNrActions
nr_58_id_12_00b0a022aa1f5b933ca5de582b32fec0a690824a_Fetcher_GTSPOON.csv,1110,0.5414634146341464,2.100313029127539
