file,nrBest,proportionBest,entropyNrActions
nr_483_id_17_09c03173597d82858ef6c8e7216455195c896b44_TCFNodeExecContext_GTSPOON.csv,140,0.06829268292682927,3.3833390137398958
