file,nrBest,proportionBest,entropyNrActions
nr_111_id_24_035ab230d3ac95ae65055fc3e066ed401c57071b_CreateTeamServlet_GTSPOON.csv,1520,0.7414634146341463,1.094778757663284
