file,nrBest,proportionBest,entropyNrActions
nr_61_id_26_0277016ab56a04d8a6668694463593a990352a6d_PaneRecord_GTSPOON.csv,1300,0.6341463414634146,1.6580525553229002
