file,nrBest,proportionBest,entropyNrActions
nr_326_id_14_04d4333a3c3c3cec69638163456d8a1767dd4b72_MacroControllerActivity_GTSPOON.csv,268,0.13073170731707318,0.999163373318975
