file,nrBest,proportionBest,entropyNrActions
nr_311_id_11_0410e85ca99eea26e430d22808d77ccc8642cef3_UDPSender_GTSPOON.csv,1933,0.9429268292682926,0.3530530990749387
