file,nrBest,proportionBest,entropyNrActions
nr_428_id_11_05ddf685fb4463cd0bb6334b01449d7250cf9981_FacesContext_GTSPOON.csv,372,0.18146341463414634,1.7705555253431808
