file,nrBest,proportionBest,entropyNrActions
nr_39_id_26_0167656220a57f3061376b305408be1b68fa297e_XSFloat_GTSPOON.csv,1650,0.8048780487804879,0.9841739154771065
