file,nrBest,proportionBest,entropyNrActions
nr_407_id_30_18ead99789c921894cbe08342cc4ba9a86be4c82_ChatDependency_GTSPOON.csv,170,0.08292682926829269,1.4025713774785942
