file,nrBest,proportionBest,entropyNrActions
nr_472_id_6_02de051b85b9bd877d966f0d8f0f67680798cc6f_User_GTSPOON.csv,2025,0.9878048780487805,0.08754198340387874
