file,nrBest,proportionBest,entropyNrActions
nr_619_id_5_05349fc0df568f5419e38fcd111f0131c37e636d_TestMenuItem_GTSPOON.csv,1735,0.8463414634146341,0.795093756568915
