file,nrBest,proportionBest,entropyNrActions
nr_258_id_33_201e6209bfa54bba913515ca032c2a1889ad002a_InventoryCommands_GTSPOON.csv,810,0.3951219512195122,2.093115024990255
