file,nrBest,proportionBest,entropyNrActions
nr_136_id_25_046b8fc11e9d9ca6721f6dd207b2953a305a80f9_ConfigRenderKit_GTSPOON.csv,2026,0.9882926829268293,0.08484974431998153
