file,nrBest,proportionBest,entropyNrActions
nr_119_id_22_02999c02453d07a3448eebfde5b8ff6d4506f646_Controller_GTSPOON.csv,137,0.06682926829268293,2.8356943827430694
