file,nrBest,proportionBest,entropyNrActions
nr_447_id_17_09052a4cad1dea5da296453a5f348d30358c4e54_MassifPlugin_GTSPOON.csv,97,0.04731707317073171,0.6273131352009201
