file,nrBest,proportionBest,entropyNrActions
nr_376_id_28_10ac6722572f46b23e77a5a1f8ac1403c149fa39_ParserTest_GTSPOON.csv,1665,0.8121951219512196,0.8490088588987325
