file,nrBest,proportionBest,entropyNrActions
nr_494_id_13_0744a152c0a3fd7d70dc94919d3cb851b158ae19_SetInactivePlugIn_GTSPOON.csv,1914,0.9336585365853659,0.40879134343745627
