file,nrBest,proportionBest,entropyNrActions
nr_446_id_28_13dcf7da312a5838740ae35499d820b10c7a6204_StatisticsGatherer_GTSPOON.csv,176,0.08585365853658537,3.0288214220416005
