file,nrBest,proportionBest,entropyNrActions
nr_658_id_8_05213fa29259d752dfc644347a6dacec19d13eea_DbUpgrade_GTSPOON.csv,1656,0.8078048780487805,0.9822428940717121
