file,nrBest,proportionBest,entropyNrActions
nr_358_id_16_068a8b7654c987e4c20a95cd64c03c9d0e0c7985_AcceleoResultContent_GTSPOON.csv,36,0.0175609756097561,1.4673672410428868
