file,nrBest,proportionBest,entropyNrActions
nr_365_id_21_09a36126b01faa6086ecf27a78939ea2515b36cd_BlockAludelBase_GTSPOON.csv,5,0.0024390243902439024,2.110495320039227
