file,nrBest,proportionBest,entropyNrActions
nr_177_id_31_0c3a8f99931286d1f52cf67e5d86fc5918cb63f5_Mint_GTSPOON.csv,1484,0.7239024390243902,1.3307503010020678
