file,nrBest,proportionBest,entropyNrActions
nr_115_id_22_0286978730896e8b3b7b4978bb090f4c67c545ad_TestDifferentDataTypes_GTSPOON.csv,1666,0.8126829268292682,0.9081601131895986
