file,nrBest,proportionBest,entropyNrActions
nr_293_id_29_116bbdf6cf391f9478051ae5d63120854dda4c77_JCEMapper_GTSPOON.csv,988,0.4819512195121951,2.0637617935924895
