file,nrBest,proportionBest,entropyNrActions
nr_29_id_38_10026e2a56c24ed043716080ef025faa42f4bdc3_ResultSetMetaData_GTSPOON.csv,1397,0.6814634146341464,1.2222423626736405
