file,nrBest,proportionBest,entropyNrActions
nr_432_id_12_04a9676fd42565a6616d6e76886a3f7ee2885c5f_LangRes_es_GTSPOON.csv,9,0.004390243902439025,2.228972251560346
