file,nrBest,proportionBest,entropyNrActions
nr_6_id_2_000275585d78e10b886165932934bc39bbfaa7d3_CommandTest_GTSPOON.csv,2027,0.988780487804878,0.08074598319782765
