file,nrBest,proportionBest,entropyNrActions
nr_424_id_2_00dfe595357c05ec10e1ccef062158930a4783b8_RevTree_GTSPOON.csv,1384,0.6751219512195122,1.362853171651805
