file,nrBest,proportionBest,entropyNrActions
nr_126_id_1_0153e80d11c2a4aa033fbcf91a5b34e051b43577_BufferedWriter_GTSPOON.csv,1842,0.8985365853658537,0.5899696870623322
