file,nrBest,proportionBest,entropyNrActions
nr_562_id_37_fbab782b58532137d34eeace021c062af7303a4b_DIDLCrosswalk_GTSPOON.csv,1,0.0004878048780487805,3.172975710309452
