file,nrBest,proportionBest,entropyNrActions
nr_311_id_31_159b3fc8e8c42f6e9a3f69e7203e19f397fd5293_MainJFrame_GTSPOON.csv,65,0.03170731707317073,2.9186292069213895
