file,nrBest,proportionBest,entropyNrActions
nr_99_id_17_01e434b59ce9819e91a396a32960def66ce8f013_ObjectG_GTSPOON.csv,933,0.4551219512195122,1.82583648212689
