file,nrBest,proportionBest,entropyNrActions
nr_320_id_30_13c19a626d897aee096a1d295ff8a01be1269b46_UIViewPane_GTSPOON.csv,60,0.02926829268292683,2.9651234888825186
