file,nrBest,proportionBest,entropyNrActions
nr_193_id_27_08b3823211accf2ab78493d7cee679d69ac1f793_NativeJavaPackage_GTSPOON.csv,1757,0.8570731707317073,0.7367615870951553
