file,nrBest,proportionBest,entropyNrActions
nr_109_id_30_071029de0d8d630d84b5aaccc40c4d34fdc000f9_HTMLTools_GTSPOON.csv,466,0.22731707317073171,2.4101866576437367
