file,nrBest,proportionBest,entropyNrActions
nr_484_id_32_2add968c9087d79b68f4d6a1c51236a82bf69bfb_FileHandle_GTSPOON.csv,1726,0.8419512195121951,0.8582029725569051
