file,nrBest,proportionBest,entropyNrActions
nr_452_id_28_1426560000fe963a872f593a267e07c0cd92eb5a_NonblockingServletHolder_GTSPOON.csv,1800,0.8780487804878049,0.4844448655640581
