file,nrBest,proportionBest,entropyNrActions
nr_453_id_35_583533cd27846373e5cb952656a479c4cf372da4_Peer_GTSPOON.csv,324,0.15804878048780488,1.6692471150490475
