file,nrBest,proportionBest,entropyNrActions
nr_389_id_37_b2fe719e885d22b3c21f8b29a961c05a49508e9b_ModQuickSettings_GTSPOON.csv,57,0.027804878048780488,3.619418231783797
