file,nrBest,proportionBest,entropyNrActions
nr_16_id_15_003e519368349a90cfbcb5be443c4d895f276c06_SelectionToolbarDlg_GTSPOON.csv,127,0.06195121951219512,2.436914874542646
