file,nrBest,proportionBest,entropyNrActions
nr_37_id_18_008f390b9c35e26c791326bebbfc3496589e68f4_AnalogSignal_GTSPOON.csv,1835,0.8951219512195122,0.6260121063674788
