file,nrBest,proportionBest,entropyNrActions
nr_169_id_12_01e3a7fab306292724b9b4b6003f7df20eaa80e5_PolygonFactory_GTSPOON.csv,459,0.22390243902439025,2.620080233590051
