file,nrBest,proportionBest,entropyNrActions
nr_517_id_35_637c396e54e9520acb1008cb6cc8a115fea81fd2_ProcessManager_GTSPOON.csv,2000,0.975609756097561,0.16306754311371335
