file,nrBest,proportionBest,entropyNrActions
nr_124_id_21_03616a3635538138333ed4f0827d2745acd6ab29_OutputScriptStyleTestCase_GTSPOON.csv,1479,0.7214634146341463,1.1450989615265885
