file,nrBest,proportionBest,entropyNrActions
nr_652_id_3_04645cd711d6d416b6a3de7c76c5d5e085e28756_EasOutboxService_GTSPOON.csv,1344,0.655609756097561,1.5319668841978535
