file,nrBest,proportionBest,entropyNrActions
nr_55_id_24_01935fec25595a5860abc65ae25b941382e9dd0a_TypeInferenceTest_GTSPOON.csv,210,0.1024390243902439,2.1993956002255075
