file,nrBest,proportionBest,entropyNrActions
nr_497_id_15_0917e3079539252b93d08a9fbe6a9a8d14e31f2c_EcoreEnvironmentFactory_GTSPOON.csv,1715,0.8365853658536585,0.8639212746897973
