file,nrBest,proportionBest,entropyNrActions
nr_322_id_25_0adb7209a38d1fa5d033bf9b7f4bf5cfe49a4b77_P2pSock_GTSPOON.csv,40,0.01951219512195122,1.4588311031882744
