file,nrBest,proportionBest,entropyNrActions
nr_120_id_24_03ad26e3799966f1b78868bd8881d39a77e9b8e1_FullImageView_GTSPOON.csv,4,0.001951219512195122,2.7736026200410557
