file,nrBest,proportionBest,entropyNrActions
nr_136_id_20_02d5f7510e656b9f2cb1a04db714e2340927f4aa_JBossBPELEditorTest_GTSPOON.csv,1903,0.9282926829268293,0.40029796276462565
