file,nrBest,proportionBest,entropyNrActions
nr_510_id_5_0428632caff9d04cfd61ea179277cb8eede84393_Wall_GTSPOON.csv,2025,0.9878048780487805,0.09092318916270775
