file,nrBest,proportionBest,entropyNrActions
nr_184_id_29_0a7d5ae91d7a16079c27cda0433dc1298d3c27e2_TestUtils_GTSPOON.csv,1233,0.6014634146341463,1.8030118851111128
