file,nrBest,proportionBest,entropyNrActions
nr_276_id_9_034672277993e60b296c4e65517a8a00e62a96ea_Notebook_GTSPOON.csv,1918,0.935609756097561,0.4157011724618665
