file,nrBest,proportionBest,entropyNrActions
nr_332_id_31_170bed8651d2e0532969567a236f52a5770c7e2e_HBaseAdmin_GTSPOON.csv,145,0.07073170731707316,2.8487669754829614
