file,nrBest,proportionBest,entropyNrActions
nr_97_id_27_042dc01c0ee4f1af1749b5f03588b486cedbab39_Camera_GTSPOON.csv,344,0.1678048780487805,2.7329487015094154
