file,nrBest,proportionBest,entropyNrActions
nr_17_id_24_0075e398062e47c88e79d71afaaf260efa80a029_GroupEditor_GTSPOON.csv,818,0.39902439024390246,1.9995779908327793
