file,nrBest,proportionBest,entropyNrActions
nr_324_id_3_021844a472f88bbde44a81182d153ac2ba41cec0_ImageDownloader_GTSPOON.csv,1905,0.9292682926829269,0.4283067492202828
