file,nrBest,proportionBest,entropyNrActions
nr_36_id_10_00574f3158d815cd5d29f62ac4303a85fd95e5cd_cgeowaypoint_GTSPOON.csv,1062,0.5180487804878049,1.941124251715776
