file,nrBest,proportionBest,entropyNrActions
nr_609_id_1_06cf5ceab18ca240b896a90b1776456adaa30d9c_MP3Reader_GTSPOON.csv,525,0.25609756097560976,2.493580074593637
