file,nrBest,proportionBest,entropyNrActions
nr_326_id_21_08740b26987741e3c474b8002b63f26bc9ecf075_ClassScope_GTSPOON.csv,190,0.09268292682926829,1.310717302685298
