file,nrBest,proportionBest,entropyNrActions
nr_20_id_16_0086023f5609eb53aab11d99db015dc3437e1b1b_PDFStreamEngine_GTSPOON.csv,119,0.05804878048780488,2.1702230023233144
