file,nrBest,proportionBest,entropyNrActions
nr_296_id_23_09707bec1e0a3781de92f308a0146679c19cb716_InstalledAppDetails_GTSPOON.csv,135,0.06585365853658537,2.8763519833506175
