file,nrBest,proportionBest,entropyNrActions
nr_113_id_12_01514b3d993a66935d3830da4ce31589a5f6382d_CSGeneMarker_GTSPOON.csv,1510,0.7365853658536585,1.240037069151216
