file,nrBest,proportionBest,entropyNrActions
nr_311_id_10_02eb8a1b8e837a8e4b85b7de16a02f44bd45fb44_StaticFragment_GTSPOON.csv,2015,0.9829268292682927,0.10520570474832268
