file,nrBest,proportionBest,entropyNrActions
nr_498_id_26_10fd35f3710a32c82b3415dde52f80bd0b2a910d_S3Signer_GTSPOON.csv,1757,0.8570731707317073,0.7004993296290938
