file,nrBest,proportionBest,entropyNrActions
nr_157_id_33_133553d417b9e4adb49f8da68e51d97481ce9963_OptionsMenuActivity_GTSPOON.csv,342,0.16682926829268294,2.6672071762721603
