file,nrBest,proportionBest,entropyNrActions
nr_135_id_27_05f96b6483c26ebdd038001e86014678f074a15f_JavafxCompiler_GTSPOON.csv,105,0.05121951219512195,2.467868307157598
