file,nrBest,proportionBest,entropyNrActions
nr_330_id_11_045297e26c767925fb95258501e96dfa30dcdee1_JThreeDSideView_GTSPOON.csv,1527,0.7448780487804878,1.241624162057799
