file,nrBest,proportionBest,entropyNrActions
nr_177_id_35_221f107d572cb7d9524f5243a253ec547e7db806_ResourceAdapterTest_GTSPOON.csv,756,0.36878048780487804,2.1848925664124756
