file,nrBest,proportionBest,entropyNrActions
nr_565_id_10_05798c672187a15b297fe52f3172695d2c6cdc32_SVNCommitUtil_GTSPOON.csv,117,0.05707317073170732,2.6275249262607154
