file,nrBest,proportionBest,entropyNrActions
nr_358_id_30_168eb77c014d4d679f961e5bcb605e2161388ff5_DOMParser_GTSPOON.csv,2012,0.9814634146341463,0.12711707748599468
