file,nrBest,proportionBest,entropyNrActions
nr_253_id_28_0affec3949a1b22b6c81e992c4356e8532517b4b_DIHWriter_GTSPOON.csv,2015,0.9829268292682927,0.1047847065935152
