file,nrBest,proportionBest,entropyNrActions
nr_470_id_17_0971dee536469e3e3f4e8b1e75bf7dbdc57cdb5c_Hudson_GTSPOON.csv,188,0.09170731707317073,2.6597475794922087
