file,nrBest,proportionBest,entropyNrActions
nr_435_id_15_08081bb48496c9f779d676a3687ff413a2c63fd0_Autoboxer_GTSPOON.csv,756,0.36878048780487804,2.0781411531328904
