file,nrBest,proportionBest,entropyNrActions
nr_230_id_28_0a109d6f3b015f2e6bd41a95d6f85c3c36901062_SettingsActivity_GTSPOON.csv,1342,0.6546341463414634,1.4564757614099628
