file,nrBest,proportionBest,entropyNrActions
nr_45_id_22_00eab80548a024e70df97970800b82bf1e7328c3_L2Address_GTSPOON.csv,172,0.08390243902439025,1.043436976217266
