file,nrBest,proportionBest,entropyNrActions
nr_468_id_2_00f739c46e48cbe70d1ec7dfe1ba63f9a03d0375_AccessLog_GTSPOON.csv,1625,0.7926829268292683,0.9890528731065433
