file,nrBest,proportionBest,entropyNrActions
nr_125_id_21_03645e5e821d2b7bac2e38e222e1ec6b645ab5e4_ServiceFunction_GTSPOON.csv,1932,0.9424390243902439,0.3498181804591792
