file,nrBest,proportionBest,entropyNrActions
nr_233_id_28_0a2f9c28336fb65935365eee1d90a5460cd8cdc4_LoganRover_GTSPOON.csv,1445,0.7048780487804878,1.394122489549635
