file,nrBest,proportionBest,entropyNrActions
nr_221_id_31_0fae49d714e50718b9da07726a4679df21d80b6a_TagLibraryManager_GTSPOON.csv,54,0.026341463414634145,1.0455551317021574
