file,nrBest,proportionBest,entropyNrActions
nr_5_id_9_0018ceac5367883e5849e8911a6365739db7ea7a_StatusBarService_GTSPOON.csv,34,0.016585365853658537,3.095295467568568
