file,nrBest,proportionBest,entropyNrActions
nr_387_id_25_0d783147d48593c8743cc9de8916cd49a7563db2_CharacterView_GTSPOON.csv,1483,0.7234146341463414,1.2904052339846492
