file,nrBest,proportionBest,entropyNrActions
nr_271_id_35_32e9c388d075b48fb297c6fc3500ab5cd5f62c78_JumpSystem_GTSPOON.csv,1907,0.9302439024390244,0.4479494985889575
