file,nrBest,proportionBest,entropyNrActions
nr_612_id_2_015092de1844ed5413fbe115d91d19a720b01957_RWSClientApi_GTSPOON.csv,746,0.36390243902439023,2.361559872392872
