file,nrBest,proportionBest,entropyNrActions
nr_395_id_20_07a6cb9accd6040a8f8543337c22b6c12a204440_Authenticator_GTSPOON.csv,1932,0.9424390243902439,0.37576964691766596
