file,nrBest,proportionBest,entropyNrActions
nr_362_id_2_00bf0fe53cd65dd312ba51207dfc7b36589937f1_ASTCreator_GTSPOON.csv,2029,0.9897560975609756,0.07672151812475143
