file,nrBest,proportionBest,entropyNrActions
nr_59_id_2_001e08649d75cd66c3dc053f327087ee2b8a4412_SDCardSynchronizer_GTSPOON.csv,1920,0.9365853658536586,0.39916014406044537
