file,nrBest,proportionBest,entropyNrActions
nr_325_id_16_05f385d896440cd1f3d93a6b3afa7ad2412b7b53_SortTest_GTSPOON.csv,2000,0.975609756097561,0.07825334930605247
