file,nrBest,proportionBest,entropyNrActions
nr_31_id_15_007f111d7af6cc1c18ba11d8c8c2399377c6e165_CrosswordMaker_GTSPOON.csv,1931,0.9419512195121951,0.32466486481613477
