file,nrBest,proportionBest,entropyNrActions
nr_112_id_27_04e2966067f9cd6002eff5cf43b88cc00af2125c_SearchResults_GTSPOON.csv,1716,0.8370731707317073,0.9203305111314473
