file,nrBest,proportionBest,entropyNrActions
nr_536_id_4_021cda6fc8201febf7b61a8d3025fead736692ff_RailDroid_GTSPOON.csv,380,0.18536585365853658,2.9434495540062136
