file,nrBest,proportionBest,entropyNrActions
nr_27_id_13_008717fb0394384e0ba238492f689be262095e55_LauncherFrame_GTSPOON.csv,28,0.013658536585365854,2.8640934300354948
