file,nrBest,proportionBest,entropyNrActions
nr_448_id_28_13f011e35299ed071ecfeb3573a95ddbae5285d3_AllAppsList_GTSPOON.csv,19,0.009268292682926829,1.9083925263150723
