file,nrBest,proportionBest,entropyNrActions
nr_32_id_33_04e4378494b699d7f4f91ec66cbb090ea8fa7819_Navit_GTSPOON.csv,151,0.07365853658536585,2.7964827777779573
