file,nrBest,proportionBest,entropyNrActions
nr_79_id_31_05f23e998aea8d88b19d1af984f7baf3231df7c6_Omega_GTSPOON.csv,1823,0.8892682926829268,0.6312722265959709
