file,nrBest,proportionBest,entropyNrActions
nr_386_id_18_073f948cfbe70d313454090698f59df4804d9895_LDAPHelper_GTSPOON.csv,1539,0.7507317073170732,1.3439922462758624
