file,nrBest,proportionBest,entropyNrActions
nr_363_id_20_0727b0e02c56e41ce019c2ba817dadaa7494e125_MgcpConference_GTSPOON.csv,1293,0.6307317073170732,1.5353337804039806
