file,nrBest,proportionBest,entropyNrActions
nr_328_id_7_0357dc4458c993e889d984cf761627464e539eb9_LoginAlgorithm_GTSPOON.csv,2029,0.9897560975609756,0.07655576296690227
