file,nrBest,proportionBest,entropyNrActions
nr_106_id_29_061a5eb4b893b58bc814b461fc03b64939eeed44_AxiomObject_GTSPOON.csv,146,0.07121951219512195,3.2569007584343495
