file,nrBest,proportionBest,entropyNrActions
nr_294_id_30_1208a87fc5f7832430bc339a83d03397f7e67968_IScrollTable_GTSPOON.csv,100,0.04878048780487805,3.2829663505144446
