file,nrBest,proportionBest,entropyNrActions
nr_417_id_4_01a5701cf68b0e1c0707a0f87cbe998c74504786_SpringCreator_GTSPOON.csv,1838,0.8965853658536586,0.6188732912162953
