file,nrBest,proportionBest,entropyNrActions
nr_355_id_15_069672c87c9a00c526e5efed0e5c25057a29ac11_Heraut_GTSPOON.csv,200,0.0975609756097561,0.4612196906161733
