file,nrBest,proportionBest,entropyNrActions
nr_446_id_15_084744a1d34a24c9820eeb7459833521b931ea80_RedBoxService_GTSPOON.csv,1560,0.7609756097560976,1.1804524658745186
