file,nrBest,proportionBest,entropyNrActions
nr_409_id_9_04b9f9dff978e06641a832cfc3525c9c79834454_TestOutlookTextExtractor_GTSPOON.csv,1322,0.6448780487804878,1.4820360845069125
