file,nrBest,proportionBest,entropyNrActions
nr_228_id_16_0437d6b6d01d493662fc2810969fae8cdec2437d_ExcelUtil_GTSPOON.csv,165,0.08048780487804878,2.6053406807119464
