file,nrBest,proportionBest,entropyNrActions
nr_80_id_38_362488bd3123a36842f7d7930eef21c4b5033d35_PGraphicsJava2D_GTSPOON.csv,5,0.0024390243902439024,1.8325747314760998
