file,nrBest,proportionBest,entropyNrActions
nr_57_id_21_01c300412f682eb3b470211a13444351b6fb689c_DiffRepository_GTSPOON.csv,896,0.4370731707317073,2.1037155447494698
