file,nrBest,proportionBest,entropyNrActions
nr_455_id_20_08b8948a2ae616780593080cc2ae82b5af15bb23_Utils_GTSPOON.csv,130,0.06341463414634146,0.8069535508402609
