file,nrBest,proportionBest,entropyNrActions
nr_422_id_35_532582e6bc0f4acca5c763ec061bfb9a13577011_ThreadUtil_GTSPOON.csv,1,0.0004878048780487805,2.0687606405519747
