file,nrBest,proportionBest,entropyNrActions
nr_335_id_4_014d563b9e1c5d71d4a7f6500577ae299575178b_Extractor_GTSPOON.csv,1030,0.5024390243902439,2.0031781940399425
