file,nrBest,proportionBest,entropyNrActions
nr_186_id_20_0397a64c7fdb4688858fc4276e4bdc274a56728c_ExpressionTransformer_GTSPOON.csv,144,0.0702439024390244,3.5695782161659335
