file,nrBest,proportionBest,entropyNrActions
nr_337_id_13_04d027d7c3bf86501c2154d229855f649545f422_CredentialsParser_GTSPOON.csv,1360,0.6634146341463415,1.4740319625415015
