file,nrBest,proportionBest,entropyNrActions
nr_25_id_23_00c7e53f94567648a16624a2e2c0ab42e7c3b691_Game_GTSPOON.csv,1528,0.7453658536585366,1.2267104409405376
