file,nrBest,proportionBest,entropyNrActions
nr_673_id_4_02985d78a42ca22b5920add2f1609c2e878469b9_NodeInst_GTSPOON.csv,186,0.09073170731707317,3.067324804712444
