file,nrBest,proportionBest,entropyNrActions
nr_199_id_18_03e9ad51a70378531c0e4bce79d89868bc8458b6_LocaleManager_GTSPOON.csv,1363,0.6648780487804878,1.4932390823507227
