file,nrBest,proportionBest,entropyNrActions
nr_13_id_14_00396662ff9e46f189f41f5fbdb0397e43757b8d_NsswitchTest_GTSPOON.csv,5,0.0024390243902439024,0.7765633945706848
