file,nrBest,proportionBest,entropyNrActions
nr_239_id_36_3ce0b5bd22655334f94524c0d036277ab09605f2_OdometryEdge_GTSPOON.csv,130,0.06341463414634146,3.0648694681992517
