file,nrBest,proportionBest,entropyNrActions
nr_533_id_12_05d0eaa08973e44a147a9b01ef2302cdd342fb18_Categories_GTSPOON.csv,178,0.08682926829268292,2.508979607641244
