file,nrBest,proportionBest,entropyNrActions
nr_373_id_31_19e541f7cc50bcfa031794109f6911ac096d805b_RhinoEngine_GTSPOON.csv,1816,0.8858536585365854,0.6752299631530523
