file,nrBest,proportionBest,entropyNrActions
nr_190_id_26_0744624ef4b230900da927f612832321b99a4a5e_Storage_GTSPOON.csv,158,0.07707317073170732,2.780796389063383
