file,nrBest,proportionBest,entropyNrActions
nr_472_id_18_08d09819fc9238e3562c7a46dd9fff237b190573_MainActivity_GTSPOON.csv,586,0.28585365853658534,2.107602195547286
