file,nrBest,proportionBest,entropyNrActions
nr_496_id_28_16467bfce29732e69c0c7709337da861f910391b_ForceFedoraPidEnvironment_GTSPOON.csv,1809,0.8824390243902439,0.6967776054852937
