file,nrBest,proportionBest,entropyNrActions
nr_172_id_14_02563c55eab95f3320354ad724a5834fad324d5e_UML2Model_GTSPOON.csv,1340,0.6536585365853659,1.5577906148827132
