file,nrBest,proportionBest,entropyNrActions
nr_463_id_26_0f70788517db7a1e10ed6ebd9d1ef0701da13ed0_PixelPacket_GTSPOON.csv,1632,0.7960975609756098,0.9517820208607882
