file,nrBest,proportionBest,entropyNrActions
nr_247_id_21_065d72d40a9a1842fce4b447296bc76fe7adbd24_ContactListener_GTSPOON.csv,2000,0.975609756097561,0.16090683107083117
