file,nrBest,proportionBest,entropyNrActions
nr_411_id_25_0e43020b82d9fc3216e533fa50385c9c2c1b134d_FailureTests_GTSPOON.csv,1934,0.9434146341463414,0.3095191562503779
