file,nrBest,proportionBest,entropyNrActions
nr_213_id_25_0704edab2e4c80e347b4023bd65976eac1181492_MarshallingSupport_GTSPOON.csv,620,0.3024390243902439,2.659332513574893
