file,nrBest,proportionBest,entropyNrActions
nr_496_id_28_16467bfce29732e69c0c7709337da861f910391b_FoxmlDocument_GTSPOON.csv,1104,0.5385365853658537,1.7700265505289092
