file,nrBest,proportionBest,entropyNrActions
nr_211_id_5_01b5f83354ed2fe02ac3479ba5e78512b57079ed_XMLHttpRequestTest_GTSPOON.csv,171,0.08341463414634147,2.4600749462130316
