file,nrBest,proportionBest,entropyNrActions
nr_482_id_30_1d317c822d08452749cc73a7c2006d6a48b10948_SQLCommand_GTSPOON.csv,107,0.05219512195121951,2.5598231533583613
