file,nrBest,proportionBest,entropyNrActions
nr_361_id_1_042bad61c440df11f8f0333dda3b1f40d0e01a48_JUnitParser_GTSPOON.csv,1829,0.8921951219512195,0.6442013671071134
