file,nrBest,proportionBest,entropyNrActions
nr_37_id_30_02d237e8775400a60993fcf931df9bf2d213235e_CometExtensionsTest_GTSPOON.csv,1666,0.8126829268292682,0.7309939929007537
