file,nrBest,proportionBest,entropyNrActions
nr_442_id_6_02b4bf18ae242433a698d59036e5f040afb2f079_StatsActivity_GTSPOON.csv,80,0.03902439024390244,2.2404784025745057
