file,nrBest,proportionBest,entropyNrActions
nr_129_id_28_0614664583142fc9b83288734893a508823b3efd_ApkBuilderTask_GTSPOON.csv,1532,0.7473170731707317,1.3170057697315547
