file,nrBest,proportionBest,entropyNrActions
nr_120_id_32_0ab8ddd6467cf7bfe065ab33e5e79ae70f1e4008_Session_GTSPOON.csv,825,0.4024390243902439,1.8832044798863452
