file,nrBest,proportionBest,entropyNrActions
nr_346_id_6_02190b29b108c149ed6ba0d23b819c8b2ec77c11_MinionTest_GTSPOON.csv,1717,0.8375609756097561,0.7043310829214992
