file,nrBest,proportionBest,entropyNrActions
nr_256_id_28_0b369a8e3234fb509d6139614354bb1b79702008_Peer_GTSPOON.csv,320,0.15609756097560976,1.5016056462155885
