file,nrBest,proportionBest,entropyNrActions
nr_516_id_28_171bf8d3082ff1149b537bf9774fb729145d668d_LoginScreenController_GTSPOON.csv,1407,0.6863414634146342,1.4096022006489468
