file,nrBest,proportionBest,entropyNrActions
nr_305_id_4_012649ae7217378354e5b1257ad6626798d0ccae_RepeatTests_GTSPOON.csv,1105,0.5390243902439025,1.8170697408918386
