file,nrBest,proportionBest,entropyNrActions
nr_269_id_12_02f1ccbf06ce3511f57847f18b9f994a9b90d533_HOSTResource_GTSPOON.csv,331,0.16146341463414635,2.6369955184024727
