file,nrBest,proportionBest,entropyNrActions
nr_189_id_20_03a2e6afeb17451a520e8caaa317cb0f46bdc005_StoryDB_GTSPOON.csv,714,0.34829268292682924,2.6028442148787176
