file,nrBest,proportionBest,entropyNrActions
nr_499_id_1_0581cc49575384b61b5f026563d9205e44f55976_ICEpushServlet_GTSPOON.csv,1928,0.9404878048780487,0.39052549631891326
