file,nrBest,proportionBest,entropyNrActions
nr_457_id_16_0835c5b1794e7972302b89322c429da749e1ed23_CalculateFrame_GTSPOON.csv,199,0.09707317073170732,2.4792886955420865
