file,nrBest,proportionBest,entropyNrActions
nr_11_id_22_00309c1bd3578769a306202fd36cc0b75c7bd6cb_VV_GTSPOON.csv,193,0.09414634146341463,1.377023189825719
