file,nrBest,proportionBest,entropyNrActions
nr_297_id_11_03dd2e46903f1c5582f96e66e13c579f8fee983a_RiskGame_GTSPOON.csv,1617,0.7887804878048781,1.043060458939866
