file,nrBest,proportionBest,entropyNrActions
nr_155_id_1_01caab11f89edf669a83ee1079952e7e86539248_PrintableServlet_GTSPOON.csv,2013,0.9819512195121951,0.1265799571709058
