file,nrBest,proportionBest,entropyNrActions
nr_593_id_7_06241b1f49f2f10792802d59fff73628c507d1b5_MPCommandSender_GTSPOON.csv,418,0.20390243902439023,2.6391202079990426
