file,nrBest,proportionBest,entropyNrActions
nr_154_id_24_049e68df3f3bb3f6061b7c27576b53235bea7936_CameraAgent_GTSPOON.csv,622,0.30341463414634146,2.8295670988719523
