file,nrBest,proportionBest,entropyNrActions
nr_154_id_13_02224138aae0df91f759675985f7d8c011ad53f8_XSDAbstractTraverser_GTSPOON.csv,70,0.03414634146341464,3.5509209544991105
