file,nrBest,proportionBest,entropyNrActions
nr_368_id_30_1748decd1faf36ee0414d684884816a89c662d7f_Authenticator_GTSPOON.csv,40,0.01951219512195122,2.0870617243403555
