file,nrBest,proportionBest,entropyNrActions
nr_467_id_36_77ff868f9f26aa9d1c650f649d568d6c9c69b68f_KryptoActivity_GTSPOON.csv,60,0.02926829268292683,2.5294765313314977
