file,nrBest,proportionBest,entropyNrActions
nr_354_id_26_0c2d55250a4b7c747012953eb25c3a1f78fd1b9f_SQLQuery_GTSPOON.csv,100,0.04878048780487805,2.729819740776102
