file,nrBest,proportionBest,entropyNrActions
nr_357_id_24_0ae19148265cb333175c6db40d8747c6d58fa5c7_JDIDebugElement_GTSPOON.csv,825,0.4024390243902439,0.9734124114553026
