file,nrBest,proportionBest,entropyNrActions
nr_375_id_30_177c8a2bbe3179b4d4274a9238ae318aedc375d1_Configuration_GTSPOON.csv,833,0.4063414634146341,2.0917813426334386
