file,nrBest,proportionBest,entropyNrActions
nr_447_id_18_0870b4eb7ed54aaa163c37893168ba592363f991_BaseCamera_GTSPOON.csv,60,0.02926829268292683,2.1317732596957626
