file,nrBest,proportionBest,entropyNrActions
nr_497_id_18_095d99c2087ab0d91f8cddc7abca0261513457b7_UserBusinessBean_GTSPOON.csv,76,0.037073170731707315,2.643749566261758
