file,nrBest,proportionBest,entropyNrActions
nr_152_id_24_049404ad4ad6df9278836ae85c0daa963bb07b39_GraphicGenerator_GTSPOON.csv,1632,0.7960975609756098,1.0539197547695485
