file,nrBest,proportionBest,entropyNrActions
nr_272_id_11_038de6d922a00b2a858a40ef208f5ea259455238_RTPProxyClientTest_GTSPOON.csv,1452,0.7082926829268292,1.225333670771489
