file,nrBest,proportionBest,entropyNrActions
nr_313_id_7_03327475b9e2e6a1a49c15f560e8261497169566_CourseApprovalTask_GTSPOON.csv,2010,0.9804878048780488,0.13918376827405668
