file,nrBest,proportionBest,entropyNrActions
nr_165_id_22_03f6ec79d452403d22d23c91249432a43643d1ae_UpdateResourceInformation_GTSPOON.csv,121,0.059024390243902436,2.9645205312102316
