file,nrBest,proportionBest,entropyNrActions
nr_404_id_33_32e46ea0af46660f85b70d275fb9dd255130d54d_ProjectPreferences_GTSPOON.csv,57,0.027804878048780488,2.228014386658881
