file,nrBest,proportionBest,entropyNrActions
nr_700_id_5_05e01be5111da41965d045e21f1b731bac536ae2_WirelessSettings_GTSPOON.csv,1544,0.7531707317073171,1.205558915064491
