file,nrBest,proportionBest,entropyNrActions
nr_251_id_31_11bc3a295bb9cae350b0a3912b093f7e9893377a_CellsFactory_GTSPOON.csv,119,0.05804878048780488,1.6286828693626476
