file,nrBest,proportionBest,entropyNrActions
nr_371_id_21_09bf5803043c4e8c18d3d116f8a6a4043db3927c_HTMLFormElementTest_GTSPOON.csv,210,0.1024390243902439,2.063046457934308
