file,nrBest,proportionBest,entropyNrActions
nr_261_id_27_0b97ee71e833c447c142aa8e23bb32116b635137_SpellcheckerPreference_GTSPOON.csv,247,0.12048780487804878,1.2526623162290975
