file,nrBest,proportionBest,entropyNrActions
nr_289_id_10_02af4e4e3dd33bc8f29253d56a82381b8ba19c31_BuildManager_GTSPOON.csv,210,0.1024390243902439,2.336924124399457
