file,nrBest,proportionBest,entropyNrActions
nr_441_id_16_07f399789ed56abc8790269cd6d3ba62013a6893_ToolLoader_GTSPOON.csv,40,0.01951219512195122,0.9209424383910122
