file,nrBest,proportionBest,entropyNrActions
nr_308_id_27_0d6b5914b9a697aa491de3efc2837bd60b3c0b47_DispatchNotify_GTSPOON.csv,1636,0.7980487804878049,0.9457899637955332
