file,nrBest,proportionBest,entropyNrActions
nr_303_id_34_2a1c886a3fc0564d86fde607de83ec7ef670d606_MixinsLess_GTSPOON.csv,1921,0.9370731707317074,0.3854814114830625
