file,nrBest,proportionBest,entropyNrActions
nr_72_id_33_09b32e806f2559339d6244d6855605f8e1405cb9_WelcomePage_GTSPOON.csv,1648,0.8039024390243903,0.9850002146120379
