file,nrBest,proportionBest,entropyNrActions
nr_520_id_11_0758b1eed351360ef09b9b8c8283eed90f5766e9_Connections_GTSPOON.csv,1742,0.8497560975609756,0.6272623596544331
