file,nrBest,proportionBest,entropyNrActions
nr_671_id_3_048c6d85c58207e2ed0a538ab37a6b4173efcf3a_Uploader_GTSPOON.csv,60,0.02926829268292683,2.0934653417018545
