file,nrBest,proportionBest,entropyNrActions
nr_129_id_36_20c3d19a45fa537c206f156bec7836291271b817_Issue_GTSPOON.csv,1425,0.6951219512195121,1.3292397980328403
