file,nrBest,proportionBest,entropyNrActions
nr_337_id_25_0b753d75c36af7dd5bb0864f02b934a51991e658_X11Window_GTSPOON.csv,95,0.046341463414634146,1.5381208021889587
