file,nrBest,proportionBest,entropyNrActions
nr_412_id_25_0e4d2038d789d73520a54ab448dc1ef0efb454d6_AnalysisPage_GTSPOON.csv,5,0.0024390243902439024,1.840347510679245
