file,nrBest,proportionBest,entropyNrActions
nr_278_id_14_0427b153c2273d947d6cc1fa306df5cee8ac28d4_Policy_GTSPOON.csv,1483,0.7234146341463414,1.3355055702992307
