file,nrBest,proportionBest,entropyNrActions
nr_195_id_5_019e5acb9605f087eb591f3c4c0cfb2c0706437f_Controller_GTSPOON.csv,1240,0.6048780487804878,1.731423306686346
