file,nrBest,proportionBest,entropyNrActions
nr_420_id_27_12cae8590b9f14ef5b592e1a93dddf5c10960295_Analyze_Skeleton_GTSPOON.csv,142,0.06926829268292684,3.513470043987046
