file,nrBest,proportionBest,entropyNrActions
nr_341_id_26_0bb640cbaafcad2b3291621ae9774307872001bd_Album_GTSPOON.csv,1928,0.9404878048780487,0.354204285139072
