file,nrBest,proportionBest,entropyNrActions
nr_102_id_27_0473cb75f95c20b36186ebebd285e8b5df4814b5_StubsTest_GTSPOON.csv,1544,0.7531707317073171,1.1659419208081576
