file,nrBest,proportionBest,entropyNrActions
nr_590_id_4_025078923f30da6b4120c22173e6eef0b08e24a4_NewsFeedAdapter_GTSPOON.csv,1393,0.6795121951219513,1.5744646578129586
