file,nrBest,proportionBest,entropyNrActions
nr_63_id_19_01ada850e85e14e1138e5c1d108b32e2a9577856_IRMISearchController_GTSPOON.csv,2005,0.9780487804878049,0.14055522801202314
