file,nrBest,proportionBest,entropyNrActions
nr_329_id_36_54c97ba3cf291ff728699217439ff3c7514c0538_KikuichimonjiListener_GTSPOON.csv,143,0.06975609756097562,1.742850338576385
