file,nrBest,proportionBest,entropyNrActions
nr_15_id_20_0031978cda34fcb1a972fc22750b7b64d4968a11_TileEnvironment_GTSPOON.csv,939,0.4580487804878049,2.261083399454494
