file,nrBest,proportionBest,entropyNrActions
nr_235_id_32_14e2cd2cd669b2b448df21463735f447db4c9fa0_RoutyAlertDialog_GTSPOON.csv,284,0.13853658536585367,1.945403648277828
