file,nrBest,proportionBest,entropyNrActions
nr_93_id_11_0124020f08a37a2171b1e81f9d46312423d89787_HazelcastClient_GTSPOON.csv,81,0.03951219512195122,2.215442358395743
