file,nrBest,proportionBest,entropyNrActions
nr_689_id_5_05c0f10419d727be8abed6d436e09e07c9000565_RexConnectServer_GTSPOON.csv,1814,0.8848780487804878,0.6316815047519989
