file,nrBest,proportionBest,entropyNrActions
nr_307_id_4_0127804c54085ce337016a174e46288750c79b02_BellRepeater_GTSPOON.csv,1737,0.8473170731707317,0.8269458410263533
