file,nrBest,proportionBest,entropyNrActions
nr_491_id_21_0c573cab0790e848ce39d615030b7c538f0bc08a_HtmlRenderer_GTSPOON.csv,1263,0.6160975609756097,1.6829099958643736
