file,nrBest,proportionBest,entropyNrActions
nr_191_id_38_7e2b778ef247a83411ce9b4dfd4146777a94cc2f_ParamDecl_GTSPOON.csv,1846,0.9004878048780488,0.5543261194034235
