file,nrBest,proportionBest,entropyNrActions
nr_495_id_4_01ff856dcd48772b90970a078ceabde1407781ac_MainFrame_GTSPOON.csv,1918,0.935609756097561,0.3606411347205449
