file,nrBest,proportionBest,entropyNrActions
nr_131_id_36_217e9f2d36476915fd5d6d92cb4e22e53af6c74d_AssignmentAction_GTSPOON.csv,11,0.005365853658536586,3.5488381601826537
