file,nrBest,proportionBest,entropyNrActions
nr_404_id_27_121fae0a767e56e1acd1681ae84f6b49ddd73552_TagManager_GTSPOON.csv,20,0.00975609756097561,0.8907433049348642
