file,nrBest,proportionBest,entropyNrActions
nr_404_id_24_0c3c850fc0dd19e7df09c0163e5e33c32c98b9f2_NodeWindow_GTSPOON.csv,961,0.468780487804878,2.184238691020602
