file,nrBest,proportionBest,entropyNrActions
nr_374_id_9_045919558da252ab256be38e1a85fbc98fc94d33_Webserver_GTSPOON.csv,1337,0.6521951219512195,0.9650782283153923
