file,nrBest,proportionBest,entropyNrActions
nr_15_id_23_00867c021433a1a68eb141647fd99cfcf1c77b22_Planet_GTSPOON.csv,1848,0.9014634146341464,0.5416206862151819
