file,nrBest,proportionBest,entropyNrActions
nr_13_id_25_0073499a165dfd6d14c98ce64cc33b72b911c47f_SpawnHorse_GTSPOON.csv,1928,0.9404878048780487,0.38352641648523855
