file,nrBest,proportionBest,entropyNrActions
nr_419_id_20_08108088648f90cbc56aa5be9df8a5d25f045b60_TTLFieldMapper_GTSPOON.csv,1560,0.7609756097560976,1.1952914837912036
