file,nrBest,proportionBest,entropyNrActions
nr_541_id_11_07c81992384e332e6584093fbba1956c21713a38_FancyDocumentSerializer_GTSPOON.csv,117,0.05707317073170732,2.7666632863756755
