file,nrBest,proportionBest,entropyNrActions
nr_209_id_2_00646e63698356f2a018e5bedf0c1cc5f329e7e1_Defaults_GTSPOON.csv,2027,0.988780487804878,0.07136360857005776
