file,nrBest,proportionBest,entropyNrActions
nr_141_id_26_0554235850447278b26b2cc622bd1c59b4e81038_LinearLayoutRule_GTSPOON.csv,115,0.05609756097560976,2.5400767447068873
