file,nrBest,proportionBest,entropyNrActions
nr_269_id_36_4398db8bdb9c0ad15866e3373a20017ddf77f31e_JmsEventReceiver_GTSPOON.csv,5,0.0024390243902439024,1.5754831459019165
