file,nrBest,proportionBest,entropyNrActions
nr_169_id_10_0176eb2c862374d1081654bb831c1eedbf791494_GoodsContainer_GTSPOON.csv,1001,0.48829268292682926,1.916931545982334
