file,nrBest,proportionBest,entropyNrActions
nr_489_id_25_11549fa6362ec86a2f788f45c19007f902018c9c_NonFeatureTypeProxy_GTSPOON.csv,190,0.09268292682926829,0.9215431407941795
