file,nrBest,proportionBest,entropyNrActions
nr_471_id_18_08c67e752385865b791af49b0ec91887b0a5e255_ChangeScreen_GTSPOON.csv,5,0.0024390243902439024,2.315449834229992
