file,nrBest,proportionBest,entropyNrActions
nr_371_id_11_04e05592d2343d53c0c28af11942c38ee54ff5b7_MainMenu_GTSPOON.csv,1751,0.8541463414634146,0.7915196787451804
