file,nrBest,proportionBest,entropyNrActions
nr_7_id_28_00590345d206c3b0a898f71649e368a7ea9a14f1_GitStatusHandlerV1_GTSPOON.csv,1518,0.7404878048780488,1.261589384193123
