file,nrBest,proportionBest,entropyNrActions
nr_648_id_8_0510461faed9198299e2c97ff2d9ff6820e521d9_DieCommand_GTSPOON.csv,1715,0.8365853658536585,0.7359529437508686
