file,nrBest,proportionBest,entropyNrActions
nr_301_id_22_07a86ca49eda2f2e44293600c9c25041174f1df4_CompressedChunkCodec_GTSPOON.csv,1528,0.7453658536585366,1.180572792400995
