file,nrBest,proportionBest,entropyNrActions
nr_441_id_24_0d443eb92d6f726498225170152b0d79a3468e80_WebProjectResourceHandler_GTSPOON.csv,1986,0.968780487804878,0.19305206430790517
