file,nrBest,proportionBest,entropyNrActions
nr_12_id_35_0275fc651c36b4b78b5bf8bf6d10d70b350c7eee_Image_Test_GTSPOON.csv,1302,0.6351219512195122,1.4614854123621386
