file,nrBest,proportionBest,entropyNrActions
nr_322_id_4_013c894c2511b62cef8d88cfa35f8412f6a89e62_JdbcTestUtils_GTSPOON.csv,1248,0.608780487804878,1.6594609229612611
