file,nrBest,proportionBest,entropyNrActions
nr_400_id_17_07d94ee9cfaf29c7998ca9bbc7c7411d06214937_Message_GTSPOON.csv,855,0.4170731707317073,2.405591108971974
