file,nrBest,proportionBest,entropyNrActions
nr_298_id_8_0282eaa493c31a559643017ef4c683bba6a9f35f_CommandGet_GTSPOON.csv,1820,0.8878048780487805,0.6516993701009499
