file,nrBest,proportionBest,entropyNrActions
nr_217_id_19_054d50171713c79540d3ed4bc2b143878115ee62_App_GTSPOON.csv,2006,0.9785365853658536,0.123744441282926
