file,nrBest,proportionBest,entropyNrActions
nr_159_id_13_0246959f98ffd481f12c877a21ca1f0a133f4a04_SAMLConfiguration_GTSPOON.csv,1847,0.9009756097560976,0.5769575963917166
