file,nrBest,proportionBest,entropyNrActions
nr_76_id_13_011ee12f89be4b880aabae029f8a607fd0417648_TestHandler_GTSPOON.csv,1620,0.7902439024390244,0.9894139554377663
