file,nrBest,proportionBest,entropyNrActions
nr_573_id_7_05fd2829e3c1f89f40e8177d6a341dc56b055109_SlimeIslandGen_GTSPOON.csv,778,0.3795121951219512,2.339539244359104
