file,nrBest,proportionBest,entropyNrActions
nr_469_id_28_149e6d1876679a145bf48c0d42a3681f59f5f9ee_AddVMDialog_GTSPOON.csv,751,0.36634146341463414,2.583623129719008
