file,nrBest,proportionBest,entropyNrActions
nr_246_id_16_04901f2fb4ca5182c956d8bd2d68d95735bfe476_AssetEngine_GTSPOON.csv,1413,0.6892682926829268,1.421050127057042
