file,nrBest,proportionBest,entropyNrActions
nr_559_id_30_218b1e8d4b1145d5015a5e482e9ee29665b9c4b6_QuickFilter_GTSPOON.csv,85,0.041463414634146344,2.510181713100809
