file,nrBest,proportionBest,entropyNrActions
nr_35_id_9_00741602baad6644b967af023a4e0f7302e87790_TestAsyncHttpPost_GTSPOON.csv,1574,0.7678048780487805,1.1073269201370037
