file,nrBest,proportionBest,entropyNrActions
nr_45_id_13_00c78048c658bae03904b3e59e8e7640eb93572d_Interner_GTSPOON.csv,2027,0.988780487804878,0.07337486366893259
