file,nrBest,proportionBest,entropyNrActions
nr_178_id_36_2bb6f847428e85226c7e0875ceff7602b5c43198_RedisScheduler_GTSPOON.csv,386,0.18829268292682927,1.5876053309587124
