file,nrBest,proportionBest,entropyNrActions
nr_174_id_24_05288ee91b8a7f92f18c77bb90358539e5edf7d5_PermYetiHandler_GTSPOON.csv,752,0.3668292682926829,2.2891805914481225
