file,nrBest,proportionBest,entropyNrActions
nr_270_id_13_03d5fe8d93bbc1f83e01356975552d4924d05c25_DocumentClosure_GTSPOON.csv,701,0.34195121951219515,2.626983618407563
