file,nrBest,proportionBest,entropyNrActions
nr_492_id_7_0526bf59381674c78b8aa8583438864211765dea_EncashmentService_GTSPOON.csv,1825,0.8902439024390244,0.628360305007148
