file,nrBest,proportionBest,entropyNrActions
nr_173_id_31_0c0bdfe63e341a499e73f2c0760c2339e305f6ca_CommentController_GTSPOON.csv,925,0.45121951219512196,1.8587159955140335
