file,nrBest,proportionBest,entropyNrActions
nr_83_id_18_0196ed0f73687e4f814c9e531e063b3ed7aaddc6_Data_GTSPOON.csv,131,0.06390243902439025,2.848457871487223
