file,nrBest,proportionBest,entropyNrActions
nr_207_id_5_01b04b165dfa95e873c4808195fa16e87a128f3a_Grid_GTSPOON.csv,1262,0.615609756097561,1.6383978688387582
