file,nrBest,proportionBest,entropyNrActions
nr_118_id_14_017f42d28b09f9c719141807966e492523841b9f_PrintWordLocations_GTSPOON.csv,1137,0.5546341463414635,2.064772294927785
