file,nrBest,proportionBest,entropyNrActions
nr_159_id_2_004eeb261a77ec5eaf384e9222378619df4228a0_DialtactsActivity_GTSPOON.csv,207,0.10097560975609757,2.7183025274214345
