file,nrBest,proportionBest,entropyNrActions
nr_459_id_36_764960c613113df21fe8b5f0cf494419f159bcc7_SchemaApiOpTests_GTSPOON.csv,1138,0.5551219512195122,1.9631551622984729
