file,nrBest,proportionBest,entropyNrActions
nr_658_id_8_05213fa29259d752dfc644347a6dacec19d13eea_TestPgServer_GTSPOON.csv,724,0.35317073170731705,1.3587993546840835
