file,nrBest,proportionBest,entropyNrActions
nr_287_id_4_01133bbf6648c05f3efa89e40a33c30d88946dc5_CoefTable_GTSPOON.csv,1641,0.8004878048780488,1.069675141443844
