file,nrBest,proportionBest,entropyNrActions
nr_271_id_2_008958c9993cd1935dbe5d5c5b8525e1996b05bf_PhysDB_GTSPOON.csv,199,0.09707317073170732,2.5364587080380785
