file,nrBest,proportionBest,entropyNrActions
nr_84_id_9_010579ecd2f5ce93b87160a69cca854ab072764d_WGKIFlagListener_GTSPOON.csv,1738,0.8478048780487805,0.6928443368514645
