file,nrBest,proportionBest,entropyNrActions
nr_465_id_7_04e64c2eb0f9c620cdad59f4a61555c972a11e0f_GenMathTest_GTSPOON.csv,5,0.0024390243902439024,4.187347731442791
