file,nrBest,proportionBest,entropyNrActions
nr_563_id_10_0573673492436474485c013f0790fbb6ff750579_Product_GTSPOON.csv,1825,0.8902439024390244,0.40960904180840135
