file,nrBest,proportionBest,entropyNrActions
nr_233_id_37_65b5530b6775220a073813bb55c19c1df60f4988_TerminalLineSettings_GTSPOON.csv,1038,0.5063414634146342,1.469992376704828
