file,nrBest,proportionBest,entropyNrActions
nr_353_id_33_2d97d28e685157f6cff60923768c7b86e2960cf4_UserInterfaceiUtility_GTSPOON.csv,670,0.32682926829268294,1.7583922873929734
