file,nrBest,proportionBest,entropyNrActions
nr_23_id_22_007ad0f5b648ffc39b1ea4223f3419776923e48b_CodeCompiler_GTSPOON.csv,176,0.08585365853658537,2.918683910510829
