file,nrBest,proportionBest,entropyNrActions
nr_419_id_19_09fffb14f6eb157326e977ba2c43ed798579dd94_Engine_GTSPOON.csv,177,0.08634146341463414,2.3989565960233765
