file,nrBest,proportionBest,entropyNrActions
nr_172_id_38_7441aa82b04324427eb14baf31ee49e04265b146_GroupedAvpImpl_GTSPOON.csv,124,0.06048780487804878,2.9822386590177414
