file,nrBest,proportionBest,entropyNrActions
nr_421_id_16_079b080ac17101679962c68d771b1c24a023496b_MenuActivity_GTSPOON.csv,10,0.004878048780487805,0.9495314422049703
