file,nrBest,proportionBest,entropyNrActions
nr_217_id_7_02645b334a99f1086f7f031e0abdebeaebd9d82b_Upgrade103to104_GTSPOON.csv,1020,0.4975609756097561,2.0859932510770056
