file,nrBest,proportionBest,entropyNrActions
nr_444_id_20_088c34c61e5ce62f99d0738687931ece32d34775_BundleProcessorManagerTest_GTSPOON.csv,150,0.07317073170731707,2.048034316825402
