file,nrBest,proportionBest,entropyNrActions
nr_339_id_3_02328ea6c803d346fe437dac6877a2f7a2691dd7_H2Provider_GTSPOON.csv,1102,0.5375609756097561,1.3169645612516403
