file,nrBest,proportionBest,entropyNrActions
nr_178_id_23_05afd5f9bc42159f9887e905326ed8d5bf73c5b6_BugTests_GTSPOON.csv,1604,0.7824390243902439,0.9246159158022778
