file,nrBest,proportionBest,entropyNrActions
nr_254_id_24_07df2a930f3293c4c235b69ab604c703ae405d5a_RendererIssues_GTSPOON.csv,1211,0.5907317073170731,1.4785606709830657
