file,nrBest,proportionBest,entropyNrActions
nr_185_id_31_0cec8b0c43ad9644673dc216597b0283d0b59597_Monster_GTSPOON.csv,1659,0.8092682926829269,1.0164918849100024
