file,nrBest,proportionBest,entropyNrActions
nr_31_id_9_0067972b15962b9a3cd1d628409af14fe50bd056_SimpleCompositeView_GTSPOON.csv,1224,0.5970731707317073,1.7286973745983525
