file,nrBest,proportionBest,entropyNrActions
nr_433_id_14_0642735ecfd8ed6f9eac6426b4135f0703a91580_MatchingEngine_GTSPOON.csv,1563,0.7624390243902439,1.1452322756099507
