file,nrBest,proportionBest,entropyNrActions
nr_222_id_23_074671302c12d531baa7734043822480f2a3372f_CommandManager_GTSPOON.csv,1355,0.6609756097560976,1.5160444543092226
