file,nrBest,proportionBest,entropyNrActions
nr_413_id_29_17bc22f517fa551afb2deaf041005169a64b7ef0_TableToolBar_GTSPOON.csv,493,0.24048780487804877,2.294647414851474
