file,nrBest,proportionBest,entropyNrActions
nr_220_id_6_016db8dafa42cc5825efa9e84567c2f61cc90337_DAXParser3_GTSPOON.csv,126,0.06146341463414634,2.8401090868865406
