file,nrBest,proportionBest,entropyNrActions
nr_91_id_22_01ef6da842d8098d54aaf6d8b7a269454350d85f_WebdavClientPlugin_GTSPOON.csv,437,0.21317073170731707,0.9807244388965405
