file,nrBest,proportionBest,entropyNrActions
nr_456_id_36_75b94568275595ce98158e92c87f6ac9bf562b7f_BackEnd_GTSPOON.csv,1706,0.8321951219512195,0.6682576200927529
