file,nrBest,proportionBest,entropyNrActions
nr_161_id_33_14199380336e2602c22e35bcdd707e57adca3e45_ITree_GTSPOON.csv,398,0.19414634146341464,2.56077874975025
