file,nrBest,proportionBest,entropyNrActions
nr_257_id_8_023003e176863f15625d567ecf6142637484fa57_SonarReport_GTSPOON.csv,1297,0.6326829268292683,1.417877295856746
