file,nrBest,proportionBest,entropyNrActions
nr_553_id_9_064f58817b9630c6e9cb7a0d30030ebee5bd5f93_Index_GTSPOON.csv,2,0.000975609756097561,2.173067288562428
