file,nrBest,proportionBest,entropyNrActions
nr_251_id_15_04ad71aa01d20d3399973cdb121815a167d55a9a_TrackAdded_GTSPOON.csv,2023,0.9868292682926829,0.09785021439099578
