file,nrBest,proportionBest,entropyNrActions
nr_216_id_12_02638b315ea4cdc36d476293b9a94db8b707de9a_Channel_GTSPOON.csv,122,0.05951219512195122,2.618885165308954
