file,nrBest,proportionBest,entropyNrActions
nr_278_id_25_09474697058b878593e2457ce52934efbe91cae8_GraphtUtils_GTSPOON.csv,1787,0.8717073170731707,0.7087046004008726
