file,nrBest,proportionBest,entropyNrActions
nr_227_id_14_035d07f0af94c9affc524c0c749fb12296e6bee2_DTURLService_GTSPOON.csv,1548,0.7551219512195122,1.1404443044843597
