file,nrBest,proportionBest,entropyNrActions
nr_436_id_31_1e772fbb0689a2098f26f940473d43ded3301415_Resource_GTSPOON.csv,160,0.07804878048780488,2.6814205746188606
