file,nrBest,proportionBest,entropyNrActions
nr_502_id_6_03107c3b7739ddcf8d1fe875c0b7e906e77af6bf_Tag_GTSPOON.csv,1907,0.9302439024390244,0.44987015470669445
