file,nrBest,proportionBest,entropyNrActions
nr_424_id_21_0ac61e084f66ab4c225ea894cd30ab1ff68f586c_Info_GTSPOON.csv,2022,0.9863414634146341,0.09474456964513064
