file,nrBest,proportionBest,entropyNrActions
nr_330_id_25_0b2983d3f43331faea693f537d4cd8fda66f3341_ForeignHost_GTSPOON.csv,1454,0.7092682926829268,1.3716966998707274
