file,nrBest,proportionBest,entropyNrActions
nr_406_id_18_07a756faf0970616e4053355e8c6e74f662318b3_AbstractTextEditor_GTSPOON.csv,19,0.009268292682926829,2.89450865793689
