file,nrBest,proportionBest,entropyNrActions
nr_114_id_37_33507d907b27c56d0ee4febc947d465301317bff_Artifact_GTSPOON.csv,1823,0.8892682926829268,0.6003531444574849
