file,nrBest,proportionBest,entropyNrActions
nr_277_id_29_102b3d74f12cd41a974b44cee86df542ee6a6d4b_PCharacter_GTSPOON.csv,136,0.06634146341463415,1.8191490956079823
