file,nrBest,proportionBest,entropyNrActions
nr_357_id_27_0fc4809c64179e9dbe7d35ea097981e5762fe457_ExemplarManager_GTSPOON.csv,570,0.2780487804878049,1.2829700225995453
