file,nrBest,proportionBest,entropyNrActions
nr_202_id_23_06862829558a0bb8585b8ec038fc865ccb517b96_ucars_GTSPOON.csv,225,0.10975609756097561,1.911815043677485
