file,nrBest,proportionBest,entropyNrActions
nr_241_id_26_08c2f4c76a4dc2ed486dc67e501a8d45ab909f12_HTTPServer_GTSPOON.csv,284,0.13853658536585367,2.987869050832814
