file,nrBest,proportionBest,entropyNrActions
nr_506_id_7_0541fb51554c949a4f1ba954e67179f2b33a9762_InsertMode_GTSPOON.csv,1287,0.6278048780487805,1.5878193263107705
