file,nrBest,proportionBest,entropyNrActions
nr_384_id_37_b077cebb050fb8299fae3462538c56d30a95a25c_Table_GTSPOON.csv,163,0.07951219512195122,2.8504469760751077
