file,nrBest,proportionBest,entropyNrActions
nr_105_id_27_04a20701320780aa67f7d1ee8f453a353ff9ac57_CodeGenerator_GTSPOON.csv,335,0.16341463414634147,2.581376377020577
