file,nrBest,proportionBest,entropyNrActions
nr_506_id_32_2ca7bda773f700aac6a18765c0883092c034356d_FieldCleanupPass_GTSPOON.csv,57,0.027804878048780488,1.1946605680956897
