file,nrBest,proportionBest,entropyNrActions
nr_42_id_17_00c62e167755559b00682168fe8b148efc24535c_Line_GTSPOON.csv,1808,0.8819512195121951,0.7029251951695134
