file,nrBest,proportionBest,entropyNrActions
nr_125_id_17_0262fbfb4b538f118b81796faed588d643c8664b_Output_GTSPOON.csv,1934,0.9434146341463414,0.344131823277387
