file,nrBest,proportionBest,entropyNrActions
nr_227_id_24_07145a3706d7692806b9c53548795fa2dbf8f4f0_Keyboard_GTSPOON.csv,30,0.014634146341463415,2.7089891932699066
