file,nrBest,proportionBest,entropyNrActions
nr_282_id_15_053e35fd05d6f5f165779d38109660b0642677e2_Sample_GTSPOON.csv,1714,0.8360975609756097,0.7753829879854167
