file,nrBest,proportionBest,entropyNrActions
nr_559_id_3_03a573f4acd03185fb77d48b65547e8410fd7401_TestTriggersConstraints_GTSPOON.csv,846,0.41268292682926827,2.1330024610330645
