file,nrBest,proportionBest,entropyNrActions
nr_351_id_1_04170cf8d1f45c04525dd4b7ee93325219811d11_UniTextureLoader_GTSPOON.csv,1665,0.8121951219512196,0.9492332762563623
