file,nrBest,proportionBest,entropyNrActions
nr_235_id_23_07a10827bb5d31fdfee8539d2448d0fb67eddd86_Footer_GTSPOON.csv,2025,0.9878048780487805,0.08995793844371927
