file,nrBest,proportionBest,entropyNrActions
nr_261_id_36_416a4141a1aade05638159a27342c6282dc3b5db_WorldThreadit_GTSPOON.csv,1296,0.6321951219512195,1.7538329217568012
