file,nrBest,proportionBest,entropyNrActions
nr_411_id_12_047dfbfaa9ad8885528b5c598ccaf6f99cc70290_SvnCodec_GTSPOON.csv,5,0.0024390243902439024,3.41095870795432
