file,nrBest,proportionBest,entropyNrActions
nr_258_id_12_02cb44ff54f94b3e39b00b0d132e3f76b2359da8_ChronoPeriodImpl_GTSPOON.csv,1412,0.688780487804878,1.3905713130936903
