file,nrBest,proportionBest,entropyNrActions
nr_56_id_21_01b8416ea495d6063003522ae04fd0e34df5aa71_SpringQuartzIT_GTSPOON.csv,1925,0.9390243902439024,0.3440094373224363
