file,nrBest,proportionBest,entropyNrActions
nr_584_id_2_01447604709f39e859d8f1bd4e39f16a2a44b099_YUICompressor_GTSPOON.csv,160,0.07804878048780488,2.5852514598210403
