file,nrBest,proportionBest,entropyNrActions
nr_244_id_33_1ea0dc4e21d863f34b2f887c28cb750843744d6d_HtmlFormTest_GTSPOON.csv,210,0.1024390243902439,1.7891687914691592
