file,nrBest,proportionBest,entropyNrActions
nr_632_id_4_026b45af22db85a62a186e71882036530a6ceb0e_ScoreBoards_GTSPOON.csv,1443,0.7039024390243902,1.2294757949891988
