file,nrBest,proportionBest,entropyNrActions
nr_399_id_27_120911b3bb15e4070374c2c8534b058f847b0db1_NetworkConnectionImpl_GTSPOON.csv,65,0.03170731707317073,2.772008984581034
