file,nrBest,proportionBest,entropyNrActions
nr_243_id_6_018d6a0456b33bd65cc431bccd8d5fe73524f5c5_FileWriter_GTSPOON.csv,1918,0.935609756097561,0.4207896000702687
