file,nrBest,proportionBest,entropyNrActions
nr_587_id_3_03e430ba6625726da0d519ed11b4b5644e75d464_Address_GTSPOON.csv,1145,0.5585365853658537,1.784576315736141
