file,nrBest,proportionBest,entropyNrActions
nr_396_id_2_00d278ce12573e6f3574fe3e9e0f263f1b718cfb_DbContentService_GTSPOON.csv,178,0.08682926829268292,3.0232184482728286
