file,nrBest,proportionBest,entropyNrActions
nr_455_id_11_063d8455d510bf9909d0ca638a7ad2f23361ed05_TestRenderingService_GTSPOON.csv,1175,0.573170731707317,1.752393138826887
