file,nrBest,proportionBest,entropyNrActions
nr_378_id_1_0453894596c6e29bdf4b9316e66b389f87d1eb24_Parser_GTSPOON.csv,200,0.0975609756097561,2.5561640811807713
