file,nrBest,proportionBest,entropyNrActions
nr_231_id_2_0071d316dee2fed8a933ea56e9a528f3653d55e3_FilterPanel_GTSPOON.csv,1520,0.7414634146341463,1.0446718423353587
