file,nrBest,proportionBest,entropyNrActions
nr_312_id_8_02a2b6f5835d0287108727d8796c9a8af9e96e41_ApplicationConnection_GTSPOON.csv,175,0.08536585365853659,2.4893774826340085
