file,nrBest,proportionBest,entropyNrActions
nr_414_id_23_0cea9fc971f7d3a842cc7d0841aa069e6e92fd7d_Action_GTSPOON.csv,1805,0.8804878048780488,0.4579659871027713
