file,nrBest,proportionBest,entropyNrActions
nr_405_id_10_03e066113dc84b58f03c0c4b9a3b15f538784127_StringUtilTest_GTSPOON.csv,979,0.4775609756097561,0.3385139685764021
