file,nrBest,proportionBest,entropyNrActions
nr_378_id_31_1a3ad3641eaee86b0401695b52959a44b1f63b1d_ActionModeHandler_GTSPOON.csv,325,0.15853658536585366,1.8953297050930324
