file,nrBest,proportionBest,entropyNrActions
nr_275_id_26_09bdc81db260818c77c83f467ce42e0c27165d19_Controller_GTSPOON.csv,1106,0.5395121951219513,2.4430400485596606
