file,nrBest,proportionBest,entropyNrActions
nr_460_id_37_d0b106e71fd4a426e71e5f80a75d2f373bcaa62b_Serializer_GTSPOON.csv,19,0.009268292682926829,1.3920412636229336
