file,nrBest,proportionBest,entropyNrActions
nr_141_id_10_01370fe8a241f8676c03e1134b459ba88ce8c53d_MusicService_GTSPOON.csv,196,0.09560975609756098,2.8836143970480825
