file,nrBest,proportionBest,entropyNrActions
nr_372_id_12_03fcc36181c92c9fd424eaa16a611d5aff328426_GlobalParameters_GTSPOON.csv,2025,0.9878048780487805,0.08905148668704822
