file,nrBest,proportionBest,entropyNrActions
nr_380_id_17_0778525f749ff37204c6627ede663c94047a16aa_SectionPage_GTSPOON.csv,210,0.1024390243902439,2.3205594001429577
