file,nrBest,proportionBest,entropyNrActions
nr_606_id_5_0511447a6bc564692f2e45bc734bfcd18e492e59_TimerFragment_GTSPOON.csv,724,0.35317073170731705,2.298879373649398
