file,nrBest,proportionBest,entropyNrActions
nr_514_id_26_119d81ecd6133ee2203f52502f20b73eb7d5a921_TopStories_GTSPOON.csv,1326,0.646829268292683,1.4898714498207224
