file,nrBest,proportionBest,entropyNrActions
nr_252_id_23_083ec2241761f86c7b68d8fc3101efa9ff646de7_MenuFileActivity_GTSPOON.csv,1477,0.7204878048780488,1.339861193422598
