file,nrBest,proportionBest,entropyNrActions
nr_4_id_13_0013fdc0e32b9bf676a828e97f7e1ee48fbbdcc3_Term_GTSPOON.csv,2005,0.9780487804878049,0.1267208493595892
