file,nrBest,proportionBest,entropyNrActions
nr_534_id_3_0377febf843724311bbf4ca771a870527699e199_IssueDownloadService_GTSPOON.csv,1627,0.7936585365853659,0.9792978357771461
