file,nrBest,proportionBest,entropyNrActions
nr_47_id_21_019cfd030dce37be78be754fde7900d756151850_LoginController_GTSPOON.csv,10,0.004878048780487805,0.16435604949378674
