file,nrBest,proportionBest,entropyNrActions
nr_129_id_27_059e1b5e79d849c6390689e80df370fb3c8d6bb0_SVNMergeInfoManager_GTSPOON.csv,1461,0.7126829268292683,1.3129770601228286
