file,nrBest,proportionBest,entropyNrActions
nr_140_id_8_01399512d364b2d62662fb79805ae205d939ece0_NeedlemanWunsch_GTSPOON.csv,714,0.34829268292682924,2.3764497942819514
