file,nrBest,proportionBest,entropyNrActions
nr_403_id_12_0464457f819cb5df160d44cc440b17b56cbbd6ed_PerforceSCM_GTSPOON.csv,99,0.04829268292682927,2.8104097907474106
