file,nrBest,proportionBest,entropyNrActions
nr_704_id_4_02bf191cc9be2141b54eba8a0d54689417538a40_ForecastDisplay_GTSPOON.csv,2027,0.988780487804878,0.08834165684688935
