file,nrBest,proportionBest,entropyNrActions
nr_33_id_25_0115aa26f2d6d4a9cb3b313351b38ce5ca533340_DormDaoNeo4j_GTSPOON.csv,1568,0.7648780487804878,1.1350307453374853
