file,nrBest,proportionBest,entropyNrActions
nr_211_id_13_0304088b3171947b0920762131da58f18f5423c2_ViewPager_GTSPOON.csv,25,0.012195121951219513,2.6423995113847356
