file,nrBest,proportionBest,entropyNrActions
nr_346_id_8_02dc64af0636da3a4452b42d6ceb2607b0f1f395_Javabot_GTSPOON.csv,727,0.3546341463414634,2.420536729580239
