file,nrBest,proportionBest,entropyNrActions
nr_513_id_35_632717a4725dbbf8071b897a240d8eca4bf358ae_ScalaMojoSupport_GTSPOON.csv,711,0.3468292682926829,2.2881551569006033
