file,nrBest,proportionBest,entropyNrActions
nr_185_id_6_01420c6aea6fa4986592b75682d3d542d7ba8f1a_SearchActivity_GTSPOON.csv,882,0.4302439024390244,2.325937762930723
