file,nrBest,proportionBest,entropyNrActions
nr_127_id_24_03ca17c8415854c4c949b92b66543c920562ac3d_LatinIME_GTSPOON.csv,20,0.00975609756097561,2.5585929688893088
