file,nrBest,proportionBest,entropyNrActions
nr_17_id_14_0045f1cb3732dc3b063daf6e2376b2f88a5cb995_PduPersister_GTSPOON.csv,128,0.0624390243902439,2.821122972454265
