file,nrBest,proportionBest,entropyNrActions
nr_151_id_29_08adb5a9f665f5f8c3408260cb1b07646c832ca1_Node_GTSPOON.csv,201,0.09804878048780488,2.496791149110988
