file,nrBest,proportionBest,entropyNrActions
nr_142_id_18_02c2f2952c98c111a208bf15ab7081712be70cb5_StackConfiguration_GTSPOON.csv,1666,0.8126829268292682,0.8894717509184838
