file,nrBest,proportionBest,entropyNrActions
nr_360_id_30_16b6f6be476e30de24c721e7cba793531fa439ad_TestContains_GTSPOON.csv,1846,0.9004878048780488,0.5420326808577225
