file,nrBest,proportionBest,entropyNrActions
nr_496_id_13_0754694123eff40de2cd5149862bd768e64f2fc3_JsonUtil_GTSPOON.csv,97,0.04731707317073171,1.8140057231651836
