file,nrBest,proportionBest,entropyNrActions
nr_449_id_34_3e4b59a6752567468a001c325c47396f5ab6782d_CompilerAdapter_GTSPOON.csv,253,0.12341463414634146,2.956563949200148
