file,nrBest,proportionBest,entropyNrActions
nr_379_id_27_1135eac43aa94585071e1ab6a5d9486cac627325_PerfMetricsTestCase_GTSPOON.csv,1934,0.9434146341463414,0.36175712724898323
