file,nrBest,proportionBest,entropyNrActions
nr_32_id_2_001216f1c9d65abd7045cd0c660691e13f28d8ed_QueryProcessor_GTSPOON.csv,1958,0.9551219512195122,0.2796306652068523
