file,nrBest,proportionBest,entropyNrActions
nr_216_id_5_01bed932c743fe04aa755537bae1ce52dcb26902_LogWriter_GTSPOON.csv,10,0.004878048780487805,1.2482994962483946
