file,nrBest,proportionBest,entropyNrActions
nr_74_id_21_023eb73e2e4723af4682986614f480fccff81592_PublishingUtils_GTSPOON.csv,5,0.0024390243902439024,2.8751541075066074
