file,nrBest,proportionBest,entropyNrActions
nr_255_id_25_0884a254fe8a1bfcbb9bc73026009ec2608f1823_OhmageApplication_GTSPOON.csv,608,0.2965853658536585,1.5213464994289274
