file,nrBest,proportionBest,entropyNrActions
nr_236_id_13_035c9e6f9b16896f3e3775fab7052f86d4512d68_NeoStore_GTSPOON.csv,1285,0.6268292682926829,1.5801770032912599
