file,nrBest,proportionBest,entropyNrActions
nr_203_id_8_01c1d45883dd30c191538d29079ce77c3a9e5017_AdjustingController_GTSPOON.csv,2010,0.9804878048780488,0.12459098616027392
