file,nrBest,proportionBest,entropyNrActions
nr_694_id_2_017e47f9a05239574cfca679770d763c34a36257_Question_GTSPOON.csv,1582,0.7717073170731708,1.102735400208512
