file,nrBest,proportionBest,entropyNrActions
nr_364_id_8_030234623e5b2edb61fb09103e4824a8a93921d4_GeomTest_GTSPOON.csv,1653,0.8063414634146342,0.8875107611662505
