file,nrBest,proportionBest,entropyNrActions
nr_394_id_15_0740d2fc029863c8d018d0bd4d763bc82526910f_HttpService_GTSPOON.csv,714,0.34829268292682924,2.9680071667411303
