file,nrBest,proportionBest,entropyNrActions
nr_291_id_15_056caff8058816520423a7228e49c9966b433c5b_TachyonFile_GTSPOON.csv,1302,0.6351219512195122,1.485226112080487
