file,nrBest,proportionBest,entropyNrActions
nr_196_id_1_025dd958f15b12a5b2424ed577352f8eba103433_TiledMap_GTSPOON.csv,300,0.14634146341463414,2.7483875326067704
