file,nrBest,proportionBest,entropyNrActions
nr_282_id_7_02f8928250321e4370be82a8b4899bd42b822108_BaseFragment_GTSPOON.csv,1930,0.9414634146341463,0.3787572786965811
