file,nrBest,proportionBest,entropyNrActions
nr_37_id_8_005390e8d62c84a88d3744f1bc707815778e70a3_OpenIdLoginService_GTSPOON.csv,1620,0.7902439024390244,1.0021132750077517
