file,nrBest,proportionBest,entropyNrActions
nr_321_id_30_13d1626f51878d3973d43dd27a9a78e10119878d_QCRefWalker_GTSPOON.csv,1624,0.7921951219512195,0.9867627147197009
