file,nrBest,proportionBest,entropyNrActions
nr_454_id_15_0869e447bf0504061339977444b34f601317c1dc_ParserMethod_GTSPOON.csv,292,0.1424390243902439,1.4603626787424455
