file,nrBest,proportionBest,entropyNrActions
nr_10_id_27_007c8266ceffc43d06810d911d590f6a46b81713_ClientGUI_GTSPOON.csv,1900,0.926829268292683,0.41474587280450925
