file,nrBest,proportionBest,entropyNrActions
nr_80_id_26_030158b4874303ef64913ad14780b10fe3894771_DecryptMessageActivity_GTSPOON.csv,1070,0.5219512195121951,2.189524260526175
