file,nrBest,proportionBest,entropyNrActions
nr_271_id_30_10e1808c5671ae15b11fa5bb9eb48f3228b2d8f8_DroidGap_GTSPOON.csv,153,0.07463414634146341,3.0840055598024
