file,nrBest,proportionBest,entropyNrActions
nr_634_id_6_03ea124fbc631a005f841dadfbe27b99742ae200_TabZone_GTSPOON.csv,1335,0.651219512195122,1.546831940243953
