file,nrBest,proportionBest,entropyNrActions
nr_554_id_9_065037fc98198fab454afca4118e74b1b9e84737_ObservableDebug_GTSPOON.csv,1934,0.9434146341463414,0.3427202611272074
