file,nrBest,proportionBest,entropyNrActions
nr_271_id_22_070174f1420aea9dbc2936858d86ae59c614d51a_CisManager_GTSPOON.csv,199,0.09707317073170732,2.559661532265016
