file,nrBest,proportionBest,entropyNrActions
nr_451_id_3_02f843ea35f03284624e7b13bd3076607454864c_EventDetailsActivity_GTSPOON.csv,1725,0.8414634146341463,0.8710302383335322
