file,nrBest,proportionBest,entropyNrActions
nr_287_id_12_0321a7282582a3dd2a7835399c0c9cb35944853d_SyncIngestService_GTSPOON.csv,1825,0.8902439024390244,0.4000946785930467
