file,nrBest,proportionBest,entropyNrActions
nr_146_id_21_03f14aec2866d19240476893f9eadce9e9cad724_Patron_GTSPOON.csv,2025,0.9878048780487805,0.08877121129803683
