file,nrBest,proportionBest,entropyNrActions
nr_14_id_31_01079522e65452d55cf00d2bc2645f6572b2172c_IndividuDaoServiceImpl_GTSPOON.csv,920,0.44878048780487806,2.497199524691074
