file,nrBest,proportionBest,entropyNrActions
nr_473_id_1_0540464897c9a7550685c3312f41809bc4bde10e_FavorCommand_GTSPOON.csv,2025,0.9878048780487805,0.08863048853224073
