file,nrBest,proportionBest,entropyNrActions
nr_80_id_20_0181a499dcd13932cc5ade9fbc0dc796e73e6044_Settings_GTSPOON.csv,184,0.0897560975609756,2.106864256036431
