file,nrBest,proportionBest,entropyNrActions
nr_211_id_22_0532178a5d7a6520d3457b3773bd6d5056e3a97d_TestQueueManager_GTSPOON.csv,1211,0.5907317073170731,1.5777884643063274
