file,nrBest,proportionBest,entropyNrActions
nr_668_id_4_029390bc831e2758b568c5ca3e20d08abc74624c_CollaborationUtils_GTSPOON.csv,1217,0.5936585365853658,1.7682785320480914
