file,nrBest,proportionBest,entropyNrActions
nr_160_id_13_02477d74d4cb1d3c93d3ecb1fe2fbc6a673544d2_DbSupport_GTSPOON.csv,390,0.1902439024390244,0.866360055677262
