file,nrBest,proportionBest,entropyNrActions
nr_435_id_9_04f9389380fde9a160849213bf2c7a7f9f4b1d51_ZLTextView_GTSPOON.csv,185,0.09024390243902439,2.9102496316634934
