file,nrBest,proportionBest,entropyNrActions
nr_175_id_31_0c18e5dd912585371518bc7e409d3bbb67988b7f_DbCachedData_GTSPOON.csv,165,0.08048780487804878,2.551452364834606
