file,nrBest,proportionBest,entropyNrActions
nr_490_id_33_3b075c0689203eaac7a4dd57349ed4e8f243fdf5_ZipEntry_GTSPOON.csv,394,0.19219512195121952,2.6283806882559726
