file,nrBest,proportionBest,entropyNrActions
nr_452_id_26_0f17246dd6110fce56599e8c4d662463810e7d9f_KanbanServiceImplPDETest_GTSPOON.csv,1374,0.6702439024390244,1.3236652174260093
