file,nrBest,proportionBest,entropyNrActions
nr_234_id_27_0a7528ed6076b4fd670e07866ddf0cb58d4941b6_IsiActivity_GTSPOON.csv,10,0.004878048780487805,3.823344453499566
