file,nrBest,proportionBest,entropyNrActions
nr_47_id_8_006ce2a85254b8b795101590f46945ed46e957e4_AbstractSiteModule_GTSPOON.csv,2025,0.9878048780487805,0.08957070685917613
