file,nrBest,proportionBest,entropyNrActions
nr_362_id_15_06a88bb153d40059461818e5d0e3a248af433e9c_TestEmmaSensor_GTSPOON.csv,1933,0.9429268292682926,0.3799958620758263
