file,nrBest,proportionBest,entropyNrActions
nr_377_id_1_0451890277b9cf913af5649be0569297ec202fa4_WeatherController_GTSPOON.csv,1656,0.8078048780487805,0.9798735481878239
