file,nrBest,proportionBest,entropyNrActions
nr_158_id_13_0245c56776090a84ad433f1ad4d1502df010b9ff_VideoCallActivity_GTSPOON.csv,1001,0.48829268292682926,1.9922006877479506
