file,nrBest,proportionBest,entropyNrActions
nr_93_id_2_002bc1a03211e1fa331a561de3f86dd68239b867_ModuleEnvironment_GTSPOON.csv,168,0.08195121951219513,2.7095620330922037
