file,nrBest,proportionBest,entropyNrActions
nr_264_id_24_085054e411a1475c5fffc4b3a93c7ab22d38551f_ProblemDetector_GTSPOON.csv,1816,0.8858536585365854,0.6295953600207892
