file,nrBest,proportionBest,entropyNrActions
nr_36_id_4_00209662c5bf59a4701c87972ce92435026d822a_Lexer_GTSPOON.csv,2,0.000975609756097561,1.993206018341605
