file,nrBest,proportionBest,entropyNrActions
nr_226_id_29_0d151411083d0198e7b06328033cbeb359457139_ViewResultsAction_GTSPOON.csv,1616,0.7882926829268293,1.053836006713323
