file,nrBest,proportionBest,entropyNrActions
nr_371_id_24_0b4d7f3a7b10db3c83299d76aa893df956e4967e_IDFFSPViewBean_GTSPOON.csv,1632,0.7960975609756098,0.9427477668915908
