file,nrBest,proportionBest,entropyNrActions
nr_269_id_25_08e6e60c5b86b9f52853ae3177c89ce051604194_TunnelContainer_GTSPOON.csv,1846,0.9004878048780488,0.5292280946252211
