file,nrBest,proportionBest,entropyNrActions
nr_678_id_8_054044ced064890d4b08c45062ef7f8228d735f1_StorageTest_GTSPOON.csv,1559,0.7604878048780488,1.0525496595060098
