file,nrBest,proportionBest,entropyNrActions
nr_723_id_5_060b4b463ad830ee401c0c806b332db36f379d9c_Ops_GTSPOON.csv,165,0.08048780487804878,2.546271982948944
