file,nrBest,proportionBest,entropyNrActions
nr_558_id_8_04813469e3e240dcaeaf0f5c215739e9d729adf1_LibVLC_GTSPOON.csv,1240,0.6048780487804878,1.5882348248050406
