file,nrBest,proportionBest,entropyNrActions
nr_14_id_32_01616b3c02a89161bd66df1872322dbc814b4178_InfoArtifactViewProvider_GTSPOON.csv,5,0.0024390243902439024,0.976665291450786
