file,nrBest,proportionBest,entropyNrActions
nr_73_id_8_009c933b76724a797c44e00a21c27f00f5dc3706_Factions16_GTSPOON.csv,1551,0.7565853658536585,0.9635055322759356
