file,nrBest,proportionBest,entropyNrActions
nr_505_id_1_05a160d735980f2e3a7959adb0755f79c848be1a_DistroPkgFinderPlugin_GTSPOON.csv,1838,0.8965853658536586,0.5540135650831797
