file,nrBest,proportionBest,entropyNrActions
nr_290_id_7_0309c00ba72ca19ab443753173fb143c7585696b_ObjectStore_GTSPOON.csv,128,0.0624390243902439,2.8463397441575005
