file,nrBest,proportionBest,entropyNrActions
nr_451_id_17_0926366d519d68d9dd547f1e873c1bd5ff461370_SearchDialog_GTSPOON.csv,140,0.06829268292682927,2.5860054467208435
