file,nrBest,proportionBest,entropyNrActions
nr_363_id_20_0727b0e02c56e41ce019c2ba817dadaa7494e125_Conference_GTSPOON.csv,1939,0.9458536585365853,0.2973035149718336
