file,nrBest,proportionBest,entropyNrActions
nr_155_id_29_08d8429b281fa73ad9e0bc5385d08375b9f067a8_SikuliPane_GTSPOON.csv,120,0.05853658536585366,3.0130837384825133
