file,nrBest,proportionBest,entropyNrActions
nr_86_id_29_0509c8a86dee448006c9297185797c04a0e88ba0_ExistingServersActivity_GTSPOON.csv,1382,0.6741463414634147,1.6028991284190028
