file,nrBest,proportionBest,entropyNrActions
nr_435_id_19_0a4ec51717e2f50b0c4e5005ca29b5083283f790_LDAPAuthentication_GTSPOON.csv,16,0.007804878048780488,2.800540128625758
