file,nrBest,proportionBest,entropyNrActions
nr_572_id_3_03beff00b5615554f4e8364fcfea7b1e14c5b64d_Java2D_GTSPOON.csv,1192,0.5814634146341463,1.9013353125128831
