file,nrBest,proportionBest,entropyNrActions
nr_438_id_24_0d3a2aa57b21ebf934e8e71f620917e643db8a6a_Commands_GTSPOON.csv,1604,0.7824390243902439,1.0642985586544391
