file,nrBest,proportionBest,entropyNrActions
nr_636_id_5_05568420bbd4f6de712d8c617cb433963888ea51_Base_GTSPOON.csv,2030,0.9902439024390244,0.06788334733524155
