file,nrBest,proportionBest,entropyNrActions
nr_254_id_21_06a7414a817fd88146aa009967b5e8183c8d49c5_TestIndexReader_GTSPOON.csv,210,0.1024390243902439,2.3273000742490635
