file,nrBest,proportionBest,entropyNrActions
nr_463_id_23_0e61803078b15ab7489b4edae5df2ec82ee02448_npcxPListener_GTSPOON.csv,759,0.3702439024390244,0.9833668871623071
