file,nrBest,proportionBest,entropyNrActions
nr_430_id_31_1e53f2c656e53fa970354a157627ea2f537c7374_SubjectDao_GTSPOON.csv,1828,0.8917073170731707,0.6290009690635232
