file,nrBest,proportionBest,entropyNrActions
nr_558_id_30_21756099e68ed7244711e8c349ab4fc2b4fbc5d5_MainGameScreen_GTSPOON.csv,90,0.04390243902439024,2.9402952685533528
