file,nrBest,proportionBest,entropyNrActions
nr_155_id_34_185bc8bbb1700027245ecd8229c725fd441f176a_CheckingAccountTest_GTSPOON.csv,949,0.4629268292682927,1.8536117168940738
