file,nrBest,proportionBest,entropyNrActions
nr_409_id_18_07af764827a7d6d426f6097d3e769084968f84fd_CallLogQueryHandler_GTSPOON.csv,1325,0.6463414634146342,1.5661940288343081
