file,nrBest,proportionBest,entropyNrActions
nr_426_id_23_0d4757bb0b65bb9e56d7168d9e04d784c5917873_SuggestionSpanUtils_GTSPOON.csv,1939,0.9458536585365853,0.3252412436500126
