file,nrBest,proportionBest,entropyNrActions
nr_59_id_11_00ab00abb16b71407f4aafb99cc8c2b85504d5dd_Stubs_GTSPOON.csv,183,0.08926829268292683,2.7048812356680987
