file,nrBest,proportionBest,entropyNrActions
nr_212_id_21_056bf2906c62f40aa6ddae2115b932c487e1965a_ResearchObject_GTSPOON.csv,804,0.3921951219512195,2.1836586256373485
