file,nrBest,proportionBest,entropyNrActions
nr_427_id_24_0cdbdd278efc7cb115344915c43165d9d93ef4ea_BaseResource_GTSPOON.csv,1284,0.6263414634146341,1.6238718098602427
