file,nrBest,proportionBest,entropyNrActions
nr_131_id_16_027de76b2cb8611d41d2570a8202699ded384287_GrailsWebRequestFilter_GTSPOON.csv,66,0.03219512195121951,1.3061874528720643
