file,nrBest,proportionBest,entropyNrActions
nr_151_id_5_01597b85d422140853b8a0fb975f74f31049b793_TestResultView_GTSPOON.csv,187,0.09121951219512195,2.997112398335731
