file,nrBest,proportionBest,entropyNrActions
nr_57_id_10_008433dc22c9df74e3a29dd5773759227ed3ded8_SemiImplicitEuler_GTSPOON.csv,1680,0.8195121951219512,0.6828350714209706
