file,nrBest,proportionBest,entropyNrActions
nr_499_id_4_020025653d1533f28e33ef9ac13d61fa6e4e45f8_PoolStatisticsV0_GTSPOON.csv,191,0.09317073170731707,2.8114440097471727
