file,nrBest,proportionBest,entropyNrActions
nr_214_id_7_025bc09a77e84a4e298cec087ded5b326f4f2840_BenCmd_GTSPOON.csv,187,0.09121951219512195,2.716784684077558
