file,nrBest,proportionBest,entropyNrActions
nr_287_id_12_0321a7282582a3dd2a7835399c0c9cb35944853d_SyncDAO_GTSPOON.csv,1644,0.8019512195121952,0.8409481172939728
