file,nrBest,proportionBest,entropyNrActions
nr_134_id_14_01bdb086093f84d237303242e98fa410c2144c8a_TestClusterDumper_GTSPOON.csv,796,0.3882926829268293,2.2853050150327743
