file,nrBest,proportionBest,entropyNrActions
nr_321_id_26_0b4be87577a268db2a8551716d2f39993547bf0a_ItemExchangeListener_GTSPOON.csv,1835,0.8951219512195122,0.5936179028435825
