file,nrBest,proportionBest,entropyNrActions
nr_188_id_25_0633ed81147f31ae1e1e079a2ab97187909a8c05_Codegen_GTSPOON.csv,136,0.06634146341463415,3.041175309746522
