file,nrBest,proportionBest,entropyNrActions
nr_491_id_9_0592345cc4c39615816ce7a3aca7bb114a5f88ff_RSSProcess_GTSPOON.csv,499,0.24341463414634146,2.8519628997732775
