file,nrBest,proportionBest,entropyNrActions
nr_264_id_27_0ba23e60cb88c3771112401120d82735828acfab_VariableScopeVisitor_GTSPOON.csv,847,0.41317073170731705,1.988005040081743
