file,nrBest,proportionBest,entropyNrActions
nr_436_id_34_3cd6c074683324ecdba898efdd055bc7b5c3db67_Canvas_GTSPOON.csv,20,0.00975609756097561,2.745948317053267
