file,nrBest,proportionBest,entropyNrActions
nr_430_id_28_12f41b8a48b66fb78432b4ffe2eb6dd92b14a454_EmeraldMarket_GTSPOON.csv,144,0.0702439024390244,3.7865657086429287
