file,nrBest,proportionBest,entropyNrActions
nr_123_id_21_035f74e215dabe19715b34e2c57d066006bb5224_DataCollector_GTSPOON.csv,210,0.1024390243902439,2.439044688385786
