file,nrBest,proportionBest,entropyNrActions
nr_123_id_22_02cb4090fd3888cbbc56e8cbd065d726c8059794_MantisConnector_GTSPOON.csv,2030,0.9902439024390244,0.06994583736080333
