file,nrBest,proportionBest,entropyNrActions
nr_176_id_23_0583763cbd321e892e25460cd1797f79071abc01_OfficeServiceFacadeWebTier_GTSPOON.csv,1379,0.6726829268292683,1.4247783799371616
