file,nrBest,proportionBest,entropyNrActions
nr_28_id_15_00781e9015abcc75fc8318ba7e67a31705032ce7_Turn_GTSPOON.csv,155,0.07560975609756097,2.5705697486595076
