file,nrBest,proportionBest,entropyNrActions
nr_77_id_19_01eee22a3470f94967bf71afc255c83cc86782b8_DFileID_GTSPOON.csv,1520,0.7414634146341463,1.1873501090551908
