file,nrBest,proportionBest,entropyNrActions
nr_416_id_23_0cf671ba808fb8772770d46f294bc330d05ae43c_OperatorGUI_GTSPOON.csv,725,0.35365853658536583,2.205715000205303
