file,nrBest,proportionBest,entropyNrActions
nr_459_id_24_0da4a62795f84d6786dda02d7ba9f66de62f6717_DavResource_GTSPOON.csv,1565,0.7634146341463415,1.107965324565099
