file,nrBest,proportionBest,entropyNrActions
nr_251_id_11_034f4c5cf5c233567c328682084101a9c770aa7a_XSSFPicture_GTSPOON.csv,1494,0.728780487804878,1.3174673259371492
