file,nrBest,proportionBest,entropyNrActions
nr_416_id_15_07a26f8f5e328716e287e4139c5be0d6135a7ecc_MatchGame_GTSPOON.csv,1730,0.8439024390243902,0.7035055112701247
