file,nrBest,proportionBest,entropyNrActions
nr_18_id_14_00462dc9372ea3294d875342adf43a679d1f92ca_CommandLine_GTSPOON.csv,1900,0.926829268292683,0.42819263675867825
