file,nrBest,proportionBest,entropyNrActions
nr_388_id_30_17fdd033852833f2f06d3eac517c8a13037f7e57_InlineTest_GTSPOON.csv,2000,0.975609756097561,0.14377624815651957
