file,nrBest,proportionBest,entropyNrActions
nr_313_id_31_15b9750c6d238cf33f43850e281e6fd8e6c7da61_KeyValueProperty_GTSPOON.csv,289,0.14097560975609755,2.0224780759744743
