file,nrBest,proportionBest,entropyNrActions
nr_132_id_36_2180d6948372624e72ac2e54e4fa86196532b09d_GameActivity_GTSPOON.csv,486,0.2370731707317073,2.6745127821311216
