file,nrBest,proportionBest,entropyNrActions
nr_278_id_2_008d5ea981f97e23bb8785bb86e64839b9eed463_DB2Connector_GTSPOON.csv,979,0.4775609756097561,2.0710461075076396
