file,nrBest,proportionBest,entropyNrActions
nr_360_id_18_06e41691cd0f78bd662e29deac95e33af74db337_GameView_GTSPOON.csv,100,0.04878048780487805,2.195830313414832
