file,nrBest,proportionBest,entropyNrActions
nr_24_id_19_00cbe30682e28f2ab34179311c312eca6ce704e6_MetaData_GTSPOON.csv,1090,0.5317073170731708,1.8732555676466753
