file,nrBest,proportionBest,entropyNrActions
nr_403_id_33_32c724f43579233028fc48080904606382a4318c_MirrorRequest_GTSPOON.csv,1249,0.6092682926829268,1.5809115771540618
