file,nrBest,proportionBest,entropyNrActions
nr_420_id_35_529fd47b373e4a8b1a51882ad5974b68572fa76d_TGAImageData_GTSPOON.csv,1347,0.6570731707317073,1.4998031733433783
