file,nrBest,proportionBest,entropyNrActions
nr_196_id_18_03d18ad584ae5023fb5b61481a3b21895a205a9d_BrowserView_GTSPOON.csv,1363,0.6648780487804878,1.5126460263669879
