file,nrBest,proportionBest,entropyNrActions
nr_180_id_14_0265f7a0190320e2085c7ec19fcb1c2736896c3b_Geometry_GTSPOON.csv,760,0.37073170731707317,2.482129498615216
