file,nrBest,proportionBest,entropyNrActions
nr_226_id_14_03588db3019fd554367e2904d1dde23b789a4209_LineNumber_GTSPOON.csv,1842,0.8985365853658537,0.5925534404922066
