file,nrBest,proportionBest,entropyNrActions
nr_207_id_1_027899ab4705f699d0c5347198d2cb2fd7cfa004_ManageOpenidsServlet_GTSPOON.csv,1742,0.8497560975609756,0.8232116773333613
