file,nrBest,proportionBest,entropyNrActions
nr_322_id_28_0e7f87d55b603f318fcb747c09216e2731a71e46_RandomAccessInputStream_GTSPOON.csv,1903,0.9282926829268293,0.4430233373373929
