file,nrBest,proportionBest,entropyNrActions
nr_507_id_37_e1fb96676cd2404c5de091d60828185228ef4c90_BrowserActivity_GTSPOON.csv,140,0.06829268292682927,3.1735841839868293
