file,nrBest,proportionBest,entropyNrActions
nr_402_id_17_07e0a48cc27cc5af2cbc433448420d4999c98e40_Next_GTSPOON.csv,1140,0.5560975609756098,1.6565965333698802
