file,nrBest,proportionBest,entropyNrActions
nr_444_id_18_085ec85c3f9889815855cb7184cbb1f69c1872fe_FormLoginServlet_GTSPOON.csv,1700,0.8292682926829268,0.9143271026165101
