file,nrBest,proportionBest,entropyNrActions
nr_14_id_7_001898777ece74e642236cfa54d95e1e2357c3b1_GadgetPanel_GTSPOON.csv,140,0.06829268292682927,2.507451043615695
