file,nrBest,proportionBest,entropyNrActions
nr_2_id_21_000cfb547aff8c061480d720d461c6ad9a334769_Node_GTSPOON.csv,2000,0.975609756097561,0.16530359468510125
