file,nrBest,proportionBest,entropyNrActions
nr_33_id_21_013751bfb47edbfd5d95b0d7e7e399a188484cc0_Main_GTSPOON.csv,2000,0.975609756097561,0.16120457481626513
