file,nrBest,proportionBest,entropyNrActions
nr_431_id_34_3c1368e1e5bc5b2bcab694bde4c25fc5c5b03d13_KI_GTSPOON.csv,206,0.10048780487804879,2.7413108482980304
