file,nrBest,proportionBest,entropyNrActions
nr_577_id_35_6fab2e3543d0f19810a1a75d31cf521190d4c525_SpectateListener_GTSPOON.csv,2,0.000975609756097561,3.6377632054067885
