file,nrBest,proportionBest,entropyNrActions
nr_282_id_31_13d9c821641fe4764f2e29561f23780fab8cc1f8_ControllerRealSim_GTSPOON.csv,342,0.16682926829268294,2.6488803055464194
