file,nrBest,proportionBest,entropyNrActions
nr_408_id_14_05f651cd55797a73a61fa587bb1941e12398679a_WSDoAllReceiver_GTSPOON.csv,1447,0.7058536585365853,1.367328469014427
