file,nrBest,proportionBest,entropyNrActions
nr_360_id_5_02f5e48b31bdd82481a5123bfe9ec2d9f1c3dfa6_STAXUtils_GTSPOON.csv,1212,0.5912195121951219,1.8284173682240237
