file,nrBest,proportionBest,entropyNrActions
nr_320_id_33_296649094a3be09acc090a47263f6d1e6e7f1dfa_FieldUtils_GTSPOON.csv,12,0.005853658536585366,2.1699686728209473
