file,nrBest,proportionBest,entropyNrActions
nr_434_id_18_0809d948e81a21accc80c647368d885e1c194e7e_PyServlet_GTSPOON.csv,1540,0.751219512195122,1.1152924018900185
