file,nrBest,proportionBest,entropyNrActions
nr_381_id_9_046c86f2d28e254f2901bbc85a31fa1184db63f2_HtmlUnitTable_GTSPOON.csv,184,0.0897560975609756,1.0830486336465637
