file,nrBest,proportionBest,entropyNrActions
nr_399_id_24_0c158fb6275689cabec37118bb25075264c1dad3_RandomUpdateTask_GTSPOON.csv,1,0.0004878048780487805,1.565822722796467
