file,nrBest,proportionBest,entropyNrActions
nr_333_id_7_0360825283db4a4ac75e035939cc4583b2fca8c1_GameScene_GTSPOON.csv,1926,0.9395121951219512,0.3772887376523407
