file,nrBest,proportionBest,entropyNrActions
nr_38_id_31_02d43c56d590d13cc0c3d0652f412a4b613f9d21_PreferencesService_GTSPOON.csv,144,0.0702439024390244,3.224606780664072
