file,nrBest,proportionBest,entropyNrActions
nr_522_id_13_07f36585bae694535bb3bc6547a4d5ec1728cb2c_Main_GTSPOON.csv,1929,0.9409756097560975,0.37760050332680223
