file,nrBest,proportionBest,entropyNrActions
nr_300_id_16_0577a22f2d86856b204317d6bf209b8f86b26c07_ModelComponentEditor_GTSPOON.csv,1324,0.6458536585365854,1.640858318251838
