file,nrBest,proportionBest,entropyNrActions
nr_43_id_27_021939e76966e9160858c867c79f901884b04e12_EmoticonPlugin_GTSPOON.csv,1808,0.8819512195121951,0.7052386120239771
