file,nrBest,proportionBest,entropyNrActions
nr_340_id_5_02c9bc09e86dd5e8dc65498c2e4d485bcd40559b_TwitterClient_GTSPOON.csv,192,0.09365853658536585,1.4625918428798392
