file,nrBest,proportionBest,entropyNrActions
nr_294_id_15_05714396d4972f7bf4943629a761fa52407b20ff_CubeResultSet_GTSPOON.csv,866,0.4224390243902439,0.8440323947386199
