file,nrBest,proportionBest,entropyNrActions
nr_486_id_36_7cd65ba61a83cb52ee91936242824f46c5053501_EateryTest_GTSPOON.csv,1932,0.9424390243902439,0.35122736763845513
