file,nrBest,proportionBest,entropyNrActions
nr_193_id_36_303706e5bf016e25ed6124f58b923a2bcfc1dd7b_EditorManager_GTSPOON.csv,1,0.0004878048780487805,3.106906263287091
