file,nrBest,proportionBest,entropyNrActions
nr_193_id_19_0499adb48596509acfd6a76ca11587d33ae2a5b7_EditObjectUI_GTSPOON.csv,304,0.14829268292682926,3.585477246134894
