file,nrBest,proportionBest,entropyNrActions
nr_496_id_14_070abbc0523c1f9074958f4ccf8f70f02c95664d_R4EUIReviewBasic_GTSPOON.csv,145,0.07073170731707316,2.651737668664072
