file,nrBest,proportionBest,entropyNrActions
nr_312_id_8_02a2b6f5835d0287108727d8796c9a8af9e96e41_CommunicationManager_GTSPOON.csv,160,0.07804878048780488,2.5010936444293828
