file,nrBest,proportionBest,entropyNrActions
nr_52_id_31_0407c3a86db7213697d3308b5a00e5f4c43d48aa_LivingEntity_GTSPOON.csv,650,0.3170731707317073,1.9690086292314823
