file,nrBest,proportionBest,entropyNrActions
nr_131_id_1_01640102b2369c23c0184a25b08ee9da48a09c1f_CategorizableAdapter_GTSPOON.csv,1929,0.9409756097560975,0.3681454723509747
