file,nrBest,proportionBest,entropyNrActions
nr_264_id_18_055e5bfcf8801d295a92a056f7fb335b707b55f3_Zone_GTSPOON.csv,124,0.06048780487804878,3.1433444613970662
