file,nrBest,proportionBest,entropyNrActions
nr_408_id_15_0786bc1e3a120fef9165c4747f5d400d925bd692_DummyController_GTSPOON.csv,2010,0.9804878048780488,0.12349374685370065
