file,nrBest,proportionBest,entropyNrActions
nr_369_id_15_06c5b534e1494b9fe2cd4eea38d8d6724234e4d7_PdfExport_GTSPOON.csv,874,0.42634146341463414,2.611894617129372
