file,nrBest,proportionBest,entropyNrActions
nr_373_id_17_074d9a22b0c9e2686cf2874b06a7197fdcdc13f9_PatternDwell_GTSPOON.csv,1827,0.891219512195122,0.6157969357597965
