file,nrBest,proportionBest,entropyNrActions
nr_261_id_12_02cf8ab7099bb9ad88e1ed8d1aa8c78d3a8108cd_TmfTrace_GTSPOON.csv,1023,0.49902439024390244,1.9040647397597135
