file,nrBest,proportionBest,entropyNrActions
nr_66_id_9_00cbbce6b7961a09286ee8234444d519197f212b_Main_GTSPOON.csv,2000,0.975609756097561,0.1601661344720093
