file,nrBest,proportionBest,entropyNrActions
nr_252_id_29_0ede4c9893606bee0543884e5eb817702aa4cc10_RevTreeBuilderTest_GTSPOON.csv,1120,0.5463414634146342,1.7108970261122596
