file,nrBest,proportionBest,entropyNrActions
nr_240_id_13_03730ef535ce902be8e5ba997fdbe436117a7a1b_DebugFileWriter_GTSPOON.csv,858,0.41853658536585364,1.5938728999909308
