file,nrBest,proportionBest,entropyNrActions
nr_57_id_32_04d1545cb57fd8d12eaf742f42477716d60540ed_TestProxy_GTSPOON.csv,1621,0.7907317073170732,1.071452368559311
