file,nrBest,proportionBest,entropyNrActions
nr_400_id_21_0a62320804eb3f292155a800452e339528aace9b_DBClient_GTSPOON.csv,140,0.06829268292682927,2.612176072783879
