file,nrBest,proportionBest,entropyNrActions
nr_14_id_38_08822d23c3220dbfdbd0fdc0834dd557063fa498_Generator_GTSPOON.csv,459,0.22390243902439025,2.793367891680916
