file,nrBest,proportionBest,entropyNrActions
nr_380_id_34_349dc9349754fef5c0af69aee5059a75fd78a7dc_Factory_GTSPOON.csv,2007,0.9790243902439024,0.13325842056044607
