file,nrBest,proportionBest,entropyNrActions
nr_36_id_35_086be15281fa74f4023748b317180ba1dee9e4b5_Reference_GTSPOON.csv,147,0.07170731707317073,2.6464145669994457
