file,nrBest,proportionBest,entropyNrActions
nr_457_id_23_0e39913c70f8d0c8b38613100edd96c893c412ec_QuickSearchDialog_GTSPOON.csv,51,0.024878048780487806,3.3255521896518756
