file,nrBest,proportionBest,entropyNrActions
nr_816_id_2_01be55f2b95d672679e585f73640f28028ae009a_Result_GTSPOON.csv,2015,0.9829268292682927,0.10520570474832268
