file,nrBest,proportionBest,entropyNrActions
nr_116_id_15_020aeadcb508bd19f64e72772c913bb1dc4f8217_BasicPageTest_GTSPOON.csv,1813,0.884390243902439,0.44385568529196767
