file,nrBest,proportionBest,entropyNrActions
nr_559_id_4_022e90100f0015c7930f4202e0db2706eb8cf420_MethodDependencyVisitor_GTSPOON.csv,1838,0.8965853658536586,0.6064455024963014
