file,nrBest,proportionBest,entropyNrActions
nr_377_id_10_038d4f30eeb0a62bc695922cdaed59966784e8fd_Gui_GTSPOON.csv,1310,0.6390243902439025,1.5654037251482464
