file,nrBest,proportionBest,entropyNrActions
nr_221_id_7_0268ce4a9939b5c52181fdce9e399b18a7d1d14f_CoyoteAdapter_GTSPOON.csv,406,0.1980487804878049,2.2668727771507458
