file,nrBest,proportionBest,entropyNrActions
nr_202_id_35_26c148ef78ff753a6805c4f0d5984aa4de4035b5_Block_GTSPOON.csv,1657,0.8082926829268293,0.9079121488171112
