file,nrBest,proportionBest,entropyNrActions
nr_324_id_28_0e868f1dd4d9f956a30033f5d70fa36a0109b000_Physics_GTSPOON.csv,180,0.08780487804878048,1.2744715342580002
