file,nrBest,proportionBest,entropyNrActions
nr_326_id_31_16a14f63ff87c342db957e12441182c1f245e05b_NodeEditorViewImpl_GTSPOON.csv,1336,0.6517073170731708,1.6359862207568823
