file,nrBest,proportionBest,entropyNrActions
nr_452_id_37_ce587e1279293e3648c9052476dafef64887e8dc_ComponentService_GTSPOON.csv,57,0.027804878048780488,2.762737534593458
