file,nrBest,proportionBest,entropyNrActions
nr_100_id_7_011867f1fa56d8795780198784acb49a0fad5def_Client_GTSPOON.csv,200,0.0975609756097561,2.988964986952712
