file,nrBest,proportionBest,entropyNrActions
nr_90_id_9_010f0210c93263d1fa922b5989b128529b81147e_EjbJarDescriptorBuilder_GTSPOON.csv,1847,0.9009756097560976,0.537868182830852
