file,nrBest,proportionBest,entropyNrActions
nr_345_id_20_06b494172c82e7ce1e4764926f8a0df52f6bab15_Branch_Server_GTSPOON.csv,814,0.39707317073170734,2.2254981173129105
