file,nrBest,proportionBest,entropyNrActions
nr_121_id_26_047f45f01332a5e832a7d9221e73b911fe823d8b_Trace_GTSPOON.csv,40,0.01951219512195122,1.7310213525037816
