file,nrBest,proportionBest,entropyNrActions
nr_432_id_20_084e02dd9a3f105ec67feb401ca609c295c10748_CoreItem_GTSPOON.csv,87,0.042439024390243905,3.5037605939860095
