file,nrBest,proportionBest,entropyNrActions
nr_324_id_23_0a75d13599064e0d886101731372fa1f21ee455f_Labels_GTSPOON.csv,1752,0.8546341463414634,0.7269101001012401
