file,nrBest,proportionBest,entropyNrActions
nr_334_id_17_069f4cc723b399cbf74c280b8852ad83aa24e024_CalinskiHarabasz_GTSPOON.csv,961,0.468780487804878,0.47353592241204207
