file,nrBest,proportionBest,entropyNrActions
nr_151_id_6_010e47ed78dee4f486a956d00f203f9cc6c9a4af_Function_GTSPOON.csv,1848,0.9014634146341464,0.5480508694066811
