file,nrBest,proportionBest,entropyNrActions
nr_374_id_12_040806447dc75a1344ea5660034b035e780ea486_IntroductionServer_GTSPOON.csv,5,0.0024390243902439024,2.5184474925861493
