file,nrBest,proportionBest,entropyNrActions
nr_644_id_4_0277ef72c1053ac720c0b7a0b892fc472dffbbf0_Employment_GTSPOON.csv,1381,0.6736585365853659,1.492881900929764
