file,nrBest,proportionBest,entropyNrActions
nr_3_id_32_008241491ed716ce0df8a674869bc560ed2b99c6_GoogleKeysPool_GTSPOON.csv,1756,0.8565853658536585,0.7068620455139063
