file,nrBest,proportionBest,entropyNrActions
nr_361_id_23_0b880e0f0c40404edf46bcf7dc163bd54999b141_LabelLayer_GTSPOON.csv,1918,0.935609756097561,0.3881015573704952
