file,nrBest,proportionBest,entropyNrActions
nr_177_id_36_2bb6552de6c70b99389262db9e8fd76dd431694d_EnvironmentHandler_GTSPOON.csv,460,0.22439024390243903,2.7472503159643615
