file,nrBest,proportionBest,entropyNrActions
nr_397_id_17_07d1900693e76dffa53fc20c7b4be0f9b347907f_AzureTemplate_GTSPOON.csv,1393,0.6795121951219513,1.3527159375551907
