file,nrBest,proportionBest,entropyNrActions
nr_479_id_31_2136c7487125aa33965a90ef91278ac07c590755_MapActivity_GTSPOON.csv,776,0.37853658536585366,2.9717767546872373
