file,nrBest,proportionBest,entropyNrActions
nr_209_id_14_030194f99cd758d3c0369351437fe3d91e567c93_JsonLdContentHandler_GTSPOON.csv,60,0.02926829268292683,2.520149988607419
