file,nrBest,proportionBest,entropyNrActions
nr_165_id_31_0ba30ceab11a4f9752d3e0db5282765af2b1d54e_CadsrDialog_GTSPOON.csv,981,0.47853658536585364,2.0814738474029135
