file,nrBest,proportionBest,entropyNrActions
nr_276_id_5_02431744c17953f05442ea482a05e247c0e56042_VocalisedConversation_GTSPOON.csv,105,0.05121951219512195,0.6624796108762848
