file,nrBest,proportionBest,entropyNrActions
nr_293_id_23_095f3cfb0a26535dc0e6050f0525abb746e2233d_Scheduler_GTSPOON.csv,137,0.06682926829268293,2.6205017482422006
