file,nrBest,proportionBest,entropyNrActions
nr_126_id_16_026b1a184c918c9e0ddd028073084e443e5ae0fc_SmsMessage_GTSPOON.csv,193,0.09414634146341463,2.893814738992465
