file,nrBest,proportionBest,entropyNrActions
nr_353_id_13_05114a38aa400929886c0e7d96c6fd1da9502738_ClearCatalogAction_GTSPOON.csv,2010,0.9804878048780488,0.14159098913568588
