file,nrBest,proportionBest,entropyNrActions
nr_275_id_4_01057c978c423354189aa9233d1d20297c319df1_DeckService_GTSPOON.csv,1832,0.8936585365853659,0.6106564692234125
