file,nrBest,proportionBest,entropyNrActions
nr_118_id_30_077e05e0ed358de6f9f6b3520714a10fc593a875_BlockFluidBase_GTSPOON.csv,525,0.25609756097560976,2.8226466046721166
