file,nrBest,proportionBest,entropyNrActions
nr_73_id_37_1f5a5495c741890f08e4c0b0f2a0a424c9506614_Label_GTSPOON.csv,423,0.20634146341463414,3.061944711766651
