file,nrBest,proportionBest,entropyNrActions
nr_8_id_31_00a04438b92ac90a15519b782745b6988282cbd1_ExampleParticleSystem2_GTSPOON.csv,120,0.05853658536585366,1.1822279100024506
