file,nrBest,proportionBest,entropyNrActions
nr_110_id_9_015c4766add8b5caf6e425abe19d387669afd624_WebLoader_GTSPOON.csv,1169,0.5702439024390243,1.2938426002393928
