file,nrBest,proportionBest,entropyNrActions
nr_377_id_38_f962f7230bbee100c00b8b6ff7adc6a0f14a6a00_FileUtils_GTSPOON.csv,250,0.12195121951219512,3.4587805340906916
