file,nrBest,proportionBest,entropyNrActions
nr_92_id_22_01ef93861b56b8242de9f24c0fb5062a1362200b_SchemaService_GTSPOON.csv,196,0.09560975609756098,3.207934101661938
