file,nrBest,proportionBest,entropyNrActions
nr_104_id_20_021577a3418287c133dcd2f4fa67ea82d414d34e_JDBCDriverManager_GTSPOON.csv,178,0.08682926829268292,2.817097338335193
