file,nrBest,proportionBest,entropyNrActions
nr_373_id_6_02431e52d18d44a928442a030913350621b0833f_Experiences_GTSPOON.csv,1395,0.6804878048780488,1.4829131560976645
