file,nrBest,proportionBest,entropyNrActions
nr_265_id_23_089235749454337be67e9392bd02b1c7016d193a_VFSLogFilePatternReceiver_GTSPOON.csv,12,0.005853658536585366,2.9583625278819046
