file,nrBest,proportionBest,entropyNrActions
nr_167_id_10_01737f58eadeb432d283d8b865099ac6704c16b7_JcrTypeDef_GTSPOON.csv,1820,0.8878048780487805,0.6323239853044255
