file,nrBest,proportionBest,entropyNrActions
nr_259_id_32_169834089c1ce41bebee2c9696122bcf3ca09644_TarInputStream_GTSPOON.csv,10,0.004878048780487805,2.132443014064121
