file,nrBest,proportionBest,entropyNrActions
nr_37_id_40_72640b0408fc27b75f0f6322b74e08c6365d8910_ScriptContext_GTSPOON.csv,1666,0.8126829268292682,0.9053021795337826
