file,nrBest,proportionBest,entropyNrActions
nr_619_id_1_06efd99565848966b4dfda06801f9a236dc40f8e_MailService_GTSPOON.csv,1650,0.8048780487804879,0.9605615536225991
