file,nrBest,proportionBest,entropyNrActions
nr_350_id_11_048976febb9c8629dc125f0daf910a446e629524_InformationPresenter_GTSPOON.csv,1246,0.6078048780487805,1.831439846987682
