file,nrBest,proportionBest,entropyNrActions
nr_127_id_18_02715436d16ec0a8c556117af7d58dff49da2b4c_PBAApartments_GTSPOON.csv,1374,0.6702439024390244,1.4217311327321618
