file,nrBest,proportionBest,entropyNrActions
nr_442_id_5_03a797226f682499b853bc4b1f0a01d88dcc22c4_CommonSteps_GTSPOON.csv,1939,0.9458536585365853,0.3359287553498492
