file,nrBest,proportionBest,entropyNrActions
nr_82_id_3_009b5594f0d32efa422b005b19d464cd845f2efa_BiomartAdapter_GTSPOON.csv,1636,0.7980487804878049,0.9896134592568882
