file,nrBest,proportionBest,entropyNrActions
nr_164_id_31_0b97b334018e861c057c43f6f333586e544501ee_MyAccessibilityService_GTSPOON.csv,18,0.00878048780487805,1.4097931338365894
