file,nrBest,proportionBest,entropyNrActions
nr_398_id_22_09800de712da21cca740767bc3e3f6bea79c4055_DbImplTest_GTSPOON.csv,210,0.1024390243902439,2.2954704027137343
