file,nrBest,proportionBest,entropyNrActions
nr_384_id_9_0474298ae472e6445594b84ac8c1e595d69309cf_GridInputProcessor_GTSPOON.csv,162,0.07902439024390244,3.026483675727417
