file,nrBest,proportionBest,entropyNrActions
nr_406_id_21_0a773147364e5b2f55e9cde2b1eeeff63284a7e4_TTT_GTSPOON.csv,2,0.000975609756097561,2.5766558642917
