file,nrBest,proportionBest,entropyNrActions
nr_50_id_27_02578bd515356df61fac58874c446fca00091277_WallTemplateTest_GTSPOON.csv,2030,0.9902439024390244,0.05975971933584066
