file,nrBest,proportionBest,entropyNrActions
nr_436_id_10_0431b374b706e16a1ad58a5057bb49349b83ce34_ModelPropertySource_GTSPOON.csv,1,0.0004878048780487805,1.163490884679887
