file,nrBest,proportionBest,entropyNrActions
nr_225_id_4_00d134df26e1336b4358bee3383606b82c31fb75_Row_GTSPOON.csv,1085,0.5292682926829269,1.923910451313493
