file,nrBest,proportionBest,entropyNrActions
nr_127_id_31_091e9aee929e6e680f6dec61d939057c4397cc78_Universe_GTSPOON.csv,1800,0.8780487804878049,0.48353533611391436
