file,nrBest,proportionBest,entropyNrActions
nr_356_id_22_08cf5d985b74ec458bc00d6ba7804684ba9d31bb_OrderDAS_GTSPOON.csv,340,0.16585365853658537,1.4230594997186758
