file,nrBest,proportionBest,entropyNrActions
nr_334_id_14_04ff6a6adb589c138b221fcd03609352862bd235_LevelManager_GTSPOON.csv,1914,0.9336585365853659,0.4259898051177905
