file,nrBest,proportionBest,entropyNrActions
nr_109_id_10_00ea8fe5da7e52372b89354234c5b9377608a2f6_Constants_GTSPOON.csv,562,0.27414634146341466,2.0503123071496288
