file,nrBest,proportionBest,entropyNrActions
nr_183_id_25_061071622db9aa7e5028f417f7cc68077e0ea695_CommandLineRunnerTest_GTSPOON.csv,210,0.1024390243902439,2.267749952838359
