file,nrBest,proportionBest,entropyNrActions
nr_132_id_37_3c62e1c32478e1729f4fee465845354d45b40439_ShadeMojo_GTSPOON.csv,332,0.16195121951219513,2.8251914262648197
