file,nrBest,proportionBest,entropyNrActions
nr_249_id_21_066b2c8f311e38d918b1016e52c47d5f2d6e4623_UIPortalApplication_GTSPOON.csv,332,0.16195121951219513,1.8103957339867702
