file,nrBest,proportionBest,entropyNrActions
nr_515_id_27_17755cc5145404370f06829ea5a4be5b61235d46_CartographicMapTransform_GTSPOON.csv,742,0.3619512195121951,1.2008330358450237
