file,nrBest,proportionBest,entropyNrActions
nr_156_id_10_014ca604917d804951c3c5b46fa3741906d5ec49_NotifierService_GTSPOON.csv,290,0.14146341463414633,3.211701465055632
