file,nrBest,proportionBest,entropyNrActions
nr_535_id_4_021c759034cd070d0e8a3a6694230741fea57ee6_ParsedQuickSilver_GTSPOON.csv,5,0.0024390243902439024,1.2830962607197436
