file,nrBest,proportionBest,entropyNrActions
nr_648_id_3_045fa7fba9633b6f6a3a3ac8f3d5783e053109d1_Context_GTSPOON.csv,2029,0.9897560975609756,0.07672151812475143
