file,nrBest,proportionBest,entropyNrActions
nr_67_id_23_0222756ee9f114027f06142cf1524ea587628851_Parser_GTSPOON.csv,1532,0.7473170731707317,1.287534286714825
