file,nrBest,proportionBest,entropyNrActions
nr_163_id_7_01c214a1ca6a520a45ee31286d35603bf0436830_HtmlExtensions_GTSPOON.csv,162,0.07902439024390244,2.6459831425062093
