file,nrBest,proportionBest,entropyNrActions
nr_10_id_38_060917d4b81a9eaf1ea19ed5478f672fa02cd88f_MediaProvider_GTSPOON.csv,38,0.018536585365853658,3.0583054588701364
