file,nrBest,proportionBest,entropyNrActions
nr_227_id_29_0d16a6b678059a16c580b29fd61a462460555bb3_AlbumListLogic_GTSPOON.csv,1301,0.6346341463414634,1.8518743292850042
