file,nrBest,proportionBest,entropyNrActions
nr_32_id_16_00be1930d4c23d408f2b6d6531cc25bc9098a4f5_DevelopmentScreen_GTSPOON.csv,936,0.45658536585365855,2.4864990408536034
