file,nrBest,proportionBest,entropyNrActions
nr_103_id_2_003095b08c79884ed932ce0be7c815e03663e51c_ConversationListActivity_GTSPOON.csv,1283,0.6258536585365854,1.5582409787123503
