file,nrBest,proportionBest,entropyNrActions
nr_160_id_32_0e51d6109a6547d47b20de4ee8671b8d81b320c6_AttrImpl_GTSPOON.csv,1564,0.7629268292682927,1.150947122031011
