file,nrBest,proportionBest,entropyNrActions
nr_87_id_39_96627c6e404416795a0742d946406910c0797909_StringLib_GTSPOON.csv,1091,0.5321951219512195,1.594104594491667
