file,nrBest,proportionBest,entropyNrActions
nr_359_id_14_055131e8e94213ca7041ef7930881fd770fe7287_JndiUtils_GTSPOON.csv,126,0.06146341463414634,1.6463285452069512
