file,nrBest,proportionBest,entropyNrActions
nr_152_id_19_03c017422526de48b64c4946b2bebe30d5541127_ClientRequestHandler_GTSPOON.csv,81,0.03951219512195122,1.0885023694617693
