file,nrBest,proportionBest,entropyNrActions
nr_417_id_10_0401b858c33098c4d80bb3a8cb1579d96abd6436_StatisticReader_GTSPOON.csv,417,0.20341463414634145,3.1483353349560192
