file,nrBest,proportionBest,entropyNrActions
nr_10_id_2_0005010d94a6dadbd6946bd31158314303aa1242_Main_GTSPOON.csv,86,0.041951219512195125,3.4052698850734657
