file,nrBest,proportionBest,entropyNrActions
nr_88_id_4_004b5d4879a079f3d6f610b7fe339a0fad7d4831_Category_GTSPOON.csv,1484,0.7239024390243902,1.1920830175536192
