file,nrBest,proportionBest,entropyNrActions
nr_276_id_20_053b1f1f8514c72fbc935ee8f23937f65e9b6a3e_WifiConfigInfo_GTSPOON.csv,2008,0.9795121951219512,0.14893175528346214
