file,nrBest,proportionBest,entropyNrActions
nr_166_id_16_033a66346151cf0551049fe65d06b4c0ba09ecaa_User_GTSPOON.csv,1240,0.6048780487804878,1.7248114855880285
