file,nrBest,proportionBest,entropyNrActions
nr_147_id_36_23e3b7325d3b92dcff679d818d4e0c0393f93584_SuiteRunnerWorker_GTSPOON.csv,1855,0.9048780487804878,0.3990067642984311
