file,nrBest,proportionBest,entropyNrActions
nr_74_id_1_00cdd1972461588d475cd4414d60a256626b3976_XSDeclarationPool_GTSPOON.csv,1094,0.5336585365853659,1.6346596983738935
