file,nrBest,proportionBest,entropyNrActions
nr_246_id_9_02e7f1685e814cffc74aa49c386771415c50f60c_GadgetDAO_GTSPOON.csv,1489,0.7263414634146341,1.1757234807792927
