file,nrBest,proportionBest,entropyNrActions
nr_380_id_28_10e3fbc32ccf96c907800581df5b99a500536713_ApiService_GTSPOON.csv,490,0.23902439024390243,2.9938021336127263
