file,nrBest,proportionBest,entropyNrActions
nr_177_id_11_024a0478f22227b39073d0f117ac637a6a6984dc_BuildResult_GTSPOON.csv,25,0.012195121951219513,2.4826457993030395
