file,nrBest,proportionBest,entropyNrActions
nr_324_id_22_0826ab7b5ed92f258e3eab0204399f6c625d2561_EditModel_GTSPOON.csv,129,0.06292682926829268,2.2090709643005266
