file,nrBest,proportionBest,entropyNrActions
nr_192_id_5_019c8089e739fc39c2eda11f14e18251545ab672_FlowStep_GTSPOON.csv,1013,0.49414634146341463,1.944791750564118
