file,nrBest,proportionBest,entropyNrActions
nr_71_id_16_017354438537c6b2b30de77ba348e60dc4104417_DisplayDirichlet_GTSPOON.csv,1808,0.8819512195121951,0.6636334042575541
