file,nrBest,proportionBest,entropyNrActions
nr_288_id_12_0321c78143e5af8bb60387e9aa7095f49cbf810a_KrimBlockName_GTSPOON.csv,25,0.012195121951219513,1.704124224281376
