file,nrBest,proportionBest,entropyNrActions
nr_423_id_13_0634318587019972e865bfbc9cf3e46e0af617d4_UserBean_GTSPOON.csv,1805,0.8804878048780488,0.686764719699514
