file,nrBest,proportionBest,entropyNrActions
nr_400_id_11_0587b98a5343dbea302a1a73a53d46bddeb09945_FVClassifier_GTSPOON.csv,204,0.09951219512195122,2.608309595600489
