file,nrBest,proportionBest,entropyNrActions
nr_518_id_13_07d8b348b3032da57c34435b0cdd0338e8ff1271_TileTest_GTSPOON.csv,301,0.14682926829268292,2.0325271832570886
