file,nrBest,proportionBest,entropyNrActions
nr_114_id_7_013fd343f6f1038044e800cda6eba726dc853a83_LocalFileSystem_GTSPOON.csv,1938,0.9453658536585365,0.34896618935934703
