file,nrBest,proportionBest,entropyNrActions
nr_14_id_33_0196e4c239de25857dd76ae9281e0e700e9e150c_SerializableField_GTSPOON.csv,111,0.054146341463414634,1.6043118437678574
