file,nrBest,proportionBest,entropyNrActions
nr_123_id_23_03a6bbb3e936550a7415a3e4004525810626c6cb_AuthorParserCSV_GTSPOON.csv,2020,0.9853658536585366,0.10491063073169588
