file,nrBest,proportionBest,entropyNrActions
nr_43_id_6_005045f7de826b4a34b90acfa91448dc86cf1a24_DSIndexer_GTSPOON.csv,196,0.09560975609756098,2.6260526917137073
