file,nrBest,proportionBest,entropyNrActions
nr_480_id_15_08ea603d90552a0db4b3963b108cb764c316a5f4_JavafxResolve_GTSPOON.csv,136,0.06634146341463415,3.0183125388154926
