file,nrBest,proportionBest,entropyNrActions
nr_353_id_23_0b580e2b2826dfca594424a999b3ca21004bd87f_MetaBox_GTSPOON.csv,1909,0.931219512195122,0.4269759064821961
