file,nrBest,proportionBest,entropyNrActions
nr_112_id_37_3317b5d33038f1db25a23864bc31b614b1b6b2b8_AppletInstanceView_GTSPOON.csv,1268,0.6185365853658537,1.8821923448642242
