file,nrBest,proportionBest,entropyNrActions
nr_429_id_14_063dcd667b047626f838a8b24045e1210f2c119e_ColumnarAsciiReader_GTSPOON.csv,1937,0.9448780487804878,0.3429681243275739
