file,nrBest,proportionBest,entropyNrActions
nr_327_id_18_067c57e66df90e34ce83d367b3139f073091d447_ItemForm_GTSPOON.csv,1720,0.8390243902439024,0.8540988684860935
