file,nrBest,proportionBest,entropyNrActions
nr_398_id_33_3250d2433dc7b0c0047c6d821d9b8d9418fd13fb_RenderPipe_GTSPOON.csv,958,0.46731707317073173,2.385529334093969
