file,nrBest,proportionBest,entropyNrActions
nr_291_id_27_0cd24d71aa31cf0d26936d79e5fdd06fd71149fb_Main_GTSPOON.csv,190,0.09268292682926829,1.5593822904478936
