file,nrBest,proportionBest,entropyNrActions
nr_470_id_34_400326c5c16f5936751eec0759954f83a6d1b0a1_LetitbitRunner_GTSPOON.csv,19,0.009268292682926829,2.6752155232721977
