file,nrBest,proportionBest,entropyNrActions
nr_336_id_32_1d9123c767ab616d4d1cd45407e4f8dc8315c99d_MongoClient_GTSPOON.csv,1015,0.4951219512195122,1.9614972027427018
