file,nrBest,proportionBest,entropyNrActions
nr_505_id_37_e18abb19e8e569081236cae725f5bfed83bdc336_Environment_GTSPOON.csv,1575,0.7682926829268293,1.0563891911544454
