file,nrBest,proportionBest,entropyNrActions
nr_371_id_35_46927c855a960df5772a49eae2cc1dd636e8dd87_LintedPage_GTSPOON.csv,113,0.055121951219512196,3.2791519211312714
