file,nrBest,proportionBest,entropyNrActions
nr_288_id_2_009133abdfec0554e51e590285b2173e86cdcbbf_BasicReader_GTSPOON.csv,1292,0.6302439024390244,1.6693660217068775
