file,nrBest,proportionBest,entropyNrActions
nr_445_id_7_04b731a6d7e0b747222b1871ed5c42459ef48a2e_XmlElement_GTSPOON.csv,1430,0.697560975609756,1.3494535698940433
