file,nrBest,proportionBest,entropyNrActions
nr_136_id_22_0338826193c0be8e29a681e0c87fa83ebb375932_ConstrainedPropertyTests_GTSPOON.csv,27,0.013170731707317073,2.9885542908488567
