file,nrBest,proportionBest,entropyNrActions
nr_434_id_9_04f3479c96c06558589d78496c2dd5063b24305e_mark_GTSPOON.csv,526,0.25658536585365854,2.4864439577778557
