file,nrBest,proportionBest,entropyNrActions
nr_486_id_9_058e52b8e9a4b5795ff3fa007242deffc301fc34_Disco_GTSPOON.csv,965,0.47073170731707314,1.6370494496906705
