file,nrBest,proportionBest,entropyNrActions
nr_161_id_15_03290ff9c7c5569ef01d3db04acc56f071137c03_MetadataRepositoryIO_GTSPOON.csv,1255,0.6121951219512195,1.9904324815215662
