file,nrBest,proportionBest,entropyNrActions
nr_439_id_20_08718da86771229ed3a6d9b7fc7a305400ffa8db_JDIArrayPartition_GTSPOON.csv,1835,0.8951219512195122,0.5689240325003068
