file,nrBest,proportionBest,entropyNrActions
nr_289_id_7_0308cf1c4bd8777be84d971e38a0ceb1d4035f48_Rosyama_GTSPOON.csv,177,0.08634146341463414,2.7862167181229984
