file,nrBest,proportionBest,entropyNrActions
nr_340_id_3_0236d5f17f733cbf3881294f78dde7bf4a62f23d_WebSocketServer_GTSPOON.csv,1751,0.8541463414634146,0.772032686951062
