file,nrBest,proportionBest,entropyNrActions
nr_248_id_22_06785b426e6192edf763474a29758b77be0c2f37_MainWindow_GTSPOON.csv,188,0.09170731707317073,3.134916379509322
