file,nrBest,proportionBest,entropyNrActions
nr_177_id_14_0263b353f0200fd6a6b86c85ba1ec047d40b7b11_ParameterString_GTSPOON.csv,2019,0.9848780487804878,0.10286773461776919
