file,nrBest,proportionBest,entropyNrActions
nr_133_id_11_01b0d504b3c905fa55f4d9ce574126c115b9b60a_USART_GTSPOON.csv,927,0.4521951219512195,1.9796691986967268
