file,nrBest,proportionBest,entropyNrActions
nr_420_id_25_0e950434c6291e68ec578f6824d0be555a9597b2_JavascriptTag_GTSPOON.csv,117,0.05707317073170732,1.4353922286176128
