file,nrBest,proportionBest,entropyNrActions
nr_563_id_30_21a56cdf10c154576935308cf3274915d6035f26_Executor_GTSPOON.csv,1749,0.853170731707317,0.7837530661370197
