file,nrBest,proportionBest,entropyNrActions
nr_20_id_11_002e4527d6a40189a5b56769cf206490fd442da1_HaploView_GTSPOON.csv,80,0.03902439024390244,2.850035924281878
