file,nrBest,proportionBest,entropyNrActions
nr_488_id_30_1d70230a3ef54c9525686244b985c7976118fd6b_Integer_GTSPOON.csv,20,0.00975609756097561,1.9203298372104327
