file,nrBest,proportionBest,entropyNrActions
nr_531_id_6_03417dde671b57afe97ee3c0d739f831787cde8d_AbstractClient_GTSPOON.csv,1933,0.9429268292682926,0.3786396177569689
