file,nrBest,proportionBest,entropyNrActions
nr_333_id_28_0f0928d0ed995eb6ee2e56a0f0d390094cb06f7d_PDUController_GTSPOON.csv,12,0.005853658536585366,0.9489658232916635
