file,nrBest,proportionBest,entropyNrActions
nr_235_id_19_05dbf1adc9f0d329f965d471e99f026197455372_IGdxApplication_GTSPOON.csv,2028,0.9892682926829268,0.07439178154005745
