file,nrBest,proportionBest,entropyNrActions
nr_277_id_19_06afa4d2d47ba31a7586275f83f316c9a98da767_SystemConfiguration_GTSPOON.csv,847,0.41317073170731705,1.9555660312230856
