file,nrBest,proportionBest,entropyNrActions
nr_524_id_2_011969b5877a70fd3385a1f51fcb505ccd49fdd3_Http_GTSPOON.csv,572,0.27902439024390246,2.310848551318246
