file,nrBest,proportionBest,entropyNrActions
nr_65_id_18_0107e18e31051f4468f0d18a2289ad5464639c68_AstValidatorTest_GTSPOON.csv,714,0.34829268292682924,1.3864571346511134
