file,nrBest,proportionBest,entropyNrActions
nr_462_id_4_01d721a552332a40129cc46247fd875d5fb34206_PetriNet_GTSPOON.csv,1208,0.5892682926829268,1.7813675019914477
