file,nrBest,proportionBest,entropyNrActions
nr_157_id_34_187aa768be7fb1c50a74f573c64b18fe26b65650_Closure_GTSPOON.csv,1641,0.8004878048780488,0.942202978915175
