file,nrBest,proportionBest,entropyNrActions
nr_100_id_12_01296b1abb62a92b9303dd40fe9712e9074f53ea_TypedResourceVisitor_GTSPOON.csv,206,0.10048780487804879,0.7744665915543596
