file,nrBest,proportionBest,entropyNrActions
nr_59_id_10_0085c42802dcce8783d0639918e5244aca8596af_ContextConfig_GTSPOON.csv,1720,0.8390243902439024,0.7121412390901977
