file,nrBest,proportionBest,entropyNrActions
nr_12_id_37_03f84c9b56543bf103cc25a11a021fc379032471_VirtualServerResource_GTSPOON.csv,114,0.055609756097560976,3.2463508135803743
