file,nrBest,proportionBest,entropyNrActions
nr_362_id_19_0887a78b937da68446826ef7bba2f699b14fb5a2_CommandParser_GTSPOON.csv,1933,0.9429268292682926,0.32336465460495795
