file,nrBest,proportionBest,entropyNrActions
nr_648_id_2_0163325f2a5045378127169a2b875737630da567_ResourceFactory_GTSPOON.csv,1660,0.8097560975609757,0.9131167222625428
