file,nrBest,proportionBest,entropyNrActions
nr_388_id_6_025a166c3c2eda4d5c716d9554ae8332bdda4939_IrcService_GTSPOON.csv,90,0.04390243902439024,1.636877827527832
