file,nrBest,proportionBest,entropyNrActions
nr_288_id_7_03063b018c43281bc3ebe0898511bf541056a443_CascadingUtilTest_GTSPOON.csv,100,0.04878048780487805,3.0936115497515297
