file,nrBest,proportionBest,entropyNrActions
nr_641_id_8_05032ef4b2b106b4d1e7408e88ca5008c6a25a49_TCFNodeExpression_GTSPOON.csv,135,0.06585365853658537,3.6471415719580973
