file,nrBest,proportionBest,entropyNrActions
nr_100_id_14_01554f40129e066aef32ee5b66d0768b12ebe827_indexRAMRI_GTSPOON.csv,6,0.002926829268292683,2.317548321950241
