file,nrBest,proportionBest,entropyNrActions
nr_290_id_21_079f46948db150d4740123177097b32f06acc4df_FilmTitBackendServer_GTSPOON.csv,140,0.06829268292682927,2.5887611987180494
