file,nrBest,proportionBest,entropyNrActions
nr_465_id_17_09597bb505ad4d88e373f47600de11f3a902a722_FitNesseVersion_GTSPOON.csv,2025,0.9878048780487805,0.09243269244587722
