file,nrBest,proportionBest,entropyNrActions
nr_528_id_9_060aa6c6c49ba43511f8c4999f1d926f162305bb_DatadockPool_GTSPOON.csv,1733,0.8453658536585366,0.8059336906471624
