file,nrBest,proportionBest,entropyNrActions
nr_499_id_24_0ef4112aa9f0043616175f69a8f39f469d879101_CreateEmailAction_GTSPOON.csv,256,0.1248780487804878,3.350212545441913
