file,nrBest,proportionBest,entropyNrActions
nr_346_id_7_0396e3bd7be08527244ec9d0c434560bb12dbea1_WSGrid_GTSPOON.csv,132,0.06439024390243903,3.4440159393802485
