file,nrBest,proportionBest,entropyNrActions
nr_460_id_33_381f1749b5d297c2245c6aeb03969136beda9050_ImportVCardActivity_GTSPOON.csv,120,0.05853658536585366,2.682151911255492
