file,nrBest,proportionBest,entropyNrActions
nr_8_id_8_00159714ba463c5db5d556cf37ff7c3cd91728bc_AudioHandlers_GTSPOON.csv,2006,0.9785365853658536,0.14309004886027943
