file,nrBest,proportionBest,entropyNrActions
nr_335_id_15_061f05a9fe6322d0b4664d268ddf7852687b2b12_TemplateProcessor_GTSPOON.csv,1723,0.8404878048780487,0.7863235899611598
