file,nrBest,proportionBest,entropyNrActions
nr_435_id_14_064ebeb40a0208f8237e04ca80127a14842c843d_Battle_GTSPOON.csv,20,0.00975609756097561,2.909939448702933
