file,nrBest,proportionBest,entropyNrActions
nr_332_id_24_0a56873d06f0403a14d1ad56a9c82be775c5a370_EventView_GTSPOON.csv,220,0.1073170731707317,2.529156004391232
