file,nrBest,proportionBest,entropyNrActions
nr_15_id_7_001a0b129f90104d9e18617864cdf5a0377d5afb_GameMenuPopup_GTSPOON.csv,1542,0.7521951219512195,1.1026458726175528
