file,nrBest,proportionBest,entropyNrActions
nr_386_id_36_62fa404764f106d58f28fa14ad8098b8290bf4c1_IProjectDescriptionTest_GTSPOON.csv,1575,0.7682926829268293,1.0729240841618313
