file,nrBest,proportionBest,entropyNrActions
nr_116_id_26_044fd70ed46d802f775d10582b3f076d3d847030_PhotoRenderer_GTSPOON.csv,133,0.06487804878048781,2.6507789043762213
