file,nrBest,proportionBest,entropyNrActions
nr_310_id_28_0dc062618d4e876466af7d446210daf00171074d_Manager_GTSPOON.csv,1002,0.48878048780487804,2.450661478222204
