file,nrBest,proportionBest,entropyNrActions
nr_398_id_30_187ed719778072307ec9e0bc82cc22e00f425197_DropAndSortableBox_GTSPOON.csv,1939,0.9458536585365853,0.2973035149718336
