file,nrBest,proportionBest,entropyNrActions
nr_174_id_28_07cbe39e2a6f39fc3f33b8c34e98c332ae625170_WebWidget_GTSPOON.csv,1241,0.6053658536585366,1.768172074108353
