file,nrBest,proportionBest,entropyNrActions
nr_395_id_8_03390c239574fb7bdc0336aa8016f6778fdc7e33_WorkbenchUtils_GTSPOON.csv,2025,0.9878048780487805,0.08618950110034715
