file,nrBest,proportionBest,entropyNrActions
nr_429_id_25_0f0272565d4466cad8002657a56c0ae59e7a5510_MageTabGenerator_GTSPOON.csv,152,0.07414634146341463,2.6655919670460513
