file,nrBest,proportionBest,entropyNrActions
nr_215_id_4_00c2566292a94d0c1a823370196d656885dc9040_R4EUIDialogFactory_GTSPOON.csv,959,0.4678048780487805,2.220220878039602
