file,nrBest,proportionBest,entropyNrActions
nr_57_id_15_00e2b7adddf14a9825f541df3936082114a798f0_CalendarController_GTSPOON.csv,822,0.4009756097560976,2.1270211518729396
