file,nrBest,proportionBest,entropyNrActions
nr_18_id_27_00e6dcdf4ab27960f86b9f15154fa7db83157bf5_Exec_GTSPOON.csv,1643,0.8014634146341464,0.9284846098708386
