file,nrBest,proportionBest,entropyNrActions
nr_516_id_12_0598b02d25cfe671871db167c6b5b58801c9f29c_Jsr269_GTSPOON.csv,1388,0.6770731707317074,1.414895851612468
