file,nrBest,proportionBest,entropyNrActions
nr_335_id_29_1367bfda800fc9805c73ae7f6f15dfece8e59a19_Metadata_GTSPOON.csv,2023,0.9868292682926829,0.09649773208746416
