file,nrBest,proportionBest,entropyNrActions
nr_356_id_7_03b68e33556d6f5f3c08fe61cd8e34eb7e15e5a4_PApplet_GTSPOON.csv,180,0.08780487804878048,2.593469605941286
