file,nrBest,proportionBest,entropyNrActions
nr_229_id_17_049ee52782e70a1e5d365535de7f2e0728473f50_Replace_GTSPOON.csv,1327,0.6473170731707317,1.9082685194512496
