file,nrBest,proportionBest,entropyNrActions
nr_317_id_6_01f7f72b68cb056112d02ae84f3c436251a8ce21_User_GTSPOON.csv,1720,0.8390243902439024,0.806913923287157
