file,nrBest,proportionBest,entropyNrActions
nr_443_id_24_0d4657ac15b3e630aae72ec35f6ea9935a3d7c3f_Transaction_GTSPOON.csv,1210,0.5902439024390244,1.6820020088953558
