file,nrBest,proportionBest,entropyNrActions
nr_85_id_14_01303749a722c0e8c8be740166bf4858c12eb7ec_Conversation_GTSPOON.csv,199,0.09707317073170732,2.5948733355457314
