file,nrBest,proportionBest,entropyNrActions
nr_193_id_23_06273a5b069c19f8f5d4c34137a4b1ee7e09375e_AudioPlayer_GTSPOON.csv,1555,0.7585365853658537,1.1729733751581466
