file,nrBest,proportionBest,entropyNrActions
nr_32_id_36_07ff90dafe03131b81516a0c1ae78964eefe1f95_Gpx_GTSPOON.csv,148,0.0721951219512195,2.532573154352475
