file,nrBest,proportionBest,entropyNrActions
nr_439_id_19_0a63118b6976350d64e0b8da827d81f3582f339e_QueryImpl_GTSPOON.csv,230,0.11219512195121951,2.3083313272383528
