file,nrBest,proportionBest,entropyNrActions
nr_202_id_9_0275e0252875db2c30e77e58aa509414420eb1d7_Accounts_GTSPOON.csv,1902,0.9278048780487805,0.44054610099148117
