file,nrBest,proportionBest,entropyNrActions
nr_119_id_19_02ecb8cdbf4f2f9442ae4630f107136b78eeee1d_DateTime_GTSPOON.csv,1848,0.9014634146341464,0.5534183498941573
