file,nrBest,proportionBest,entropyNrActions
nr_503_id_18_09904df7c8368a276c61c97982da9b4ac7aff870_RepositoryTest_GTSPOON.csv,974,0.4751219512195122,1.6360554663158013
