file,nrBest,proportionBest,entropyNrActions
nr_125_id_9_0187f55f776f10cfd00662efe8cf37149ba7da19_Build_GTSPOON.csv,1342,0.6546341463414634,1.591404381010078
