file,nrBest,proportionBest,entropyNrActions
nr_165_id_20_0335e6d9fa2a275abf53b8b5e358d4f4570cf7ae_Plugin_GTSPOON.csv,1203,0.5868292682926829,1.5561103427116765
