file,nrBest,proportionBest,entropyNrActions
nr_461_id_14_06a20e4dadb28c434722b7a39010ee0b0b5be491_RunWindow_GTSPOON.csv,1033,0.5039024390243902,1.9714868454877874
