file,nrBest,proportionBest,entropyNrActions
nr_416_id_25_0e733e525ee2e63e704b5c8c8fc150641014d4a3_GenerateMojo_GTSPOON.csv,712,0.3473170731707317,2.3237626895187375
