file,nrBest,proportionBest,entropyNrActions
nr_285_id_21_077b18b6218b2391218449237fa4f3f3442477cd_PatternBuilder_GTSPOON.csv,191,0.09317073170731707,2.533909590612039
