file,nrBest,proportionBest,entropyNrActions
nr_420_id_19_0a00d08591b4b44f43606a1ef7f61a3e6694ae1a_Java2DRender_GTSPOON.csv,1723,0.8404878048780487,0.7108994499107772
