file,nrBest,proportionBest,entropyNrActions
nr_439_id_33_3637354593f2911b45e4e3550efd2b4046bef44b_NuMain_GTSPOON.csv,812,0.3960975609756098,2.3610493842234157
