file,nrBest,proportionBest,entropyNrActions
nr_636_id_3_04459f6f667317307cfa1d036b5f12e7fe95b2a5_IceGenbankParser_GTSPOON.csv,454,0.22146341463414634,2.5600901755717445
