file,nrBest,proportionBest,entropyNrActions
nr_130_id_29_075f413a579daa4833430e61b40d2d8a96df9cb2_AppActivity_GTSPOON.csv,20,0.00975609756097561,1.2569345284076692
