file,nrBest,proportionBest,entropyNrActions
nr_175_id_24_0534197137e2da89c2869d6e7e746865eb74c3c4_CompilationManager_GTSPOON.csv,891,0.4346341463414634,2.4446680796929865
