file,nrBest,proportionBest,entropyNrActions
nr_75_id_1_00d06c5758d5992b919a197f7859ac4f29fb11e1_ProjectionImplTest_GTSPOON.csv,1470,0.7170731707317073,1.3272559539973225
