file,nrBest,proportionBest,entropyNrActions
nr_148_id_22_0391a561a1e26738cebd48100616135ae24a12ed_ObjectiveManager_GTSPOON.csv,90,0.04390243902439024,2.441330703755584
