file,nrBest,proportionBest,entropyNrActions
nr_112_id_11_01585872ec5dc9862d2a11b37945fe859c751a85_ViewerFrame_GTSPOON.csv,2000,0.975609756097561,0.1561086875614145
