file,nrBest,proportionBest,entropyNrActions
nr_129_id_15_0257b8d38392496ba56aeb9d413f0806dbb3d420_DBAuthenticatorTest_GTSPOON.csv,1879,0.9165853658536586,0.48016941752223935
