file,nrBest,proportionBest,entropyNrActions
nr_222_id_35_2b081a80442a0a5b94924d97503fc1cc2b5f22a8_SipResourceAdaptor_GTSPOON.csv,119,0.05804878048780488,3.2446731030603257
