file,nrBest,proportionBest,entropyNrActions
nr_53_id_26_0233de5584182cb9ea76c79aabc2a84cf09f394d_DBCursor_GTSPOON.csv,480,0.23414634146341465,2.05066321118678
