file,nrBest,proportionBest,entropyNrActions
nr_148_id_23_0468ea38d734355edf1891b23171c2fc404dde05_ScriptManagerImpl_GTSPOON.csv,1808,0.8819512195121951,0.6690134805268113
