file,nrBest,proportionBest,entropyNrActions
nr_47_id_19_0125d5049c550d5648ad0f67d3fa375522b58e71_XSDBigNumberType_GTSPOON.csv,2028,0.9892682926829268,0.08481567420555586
