file,nrBest,proportionBest,entropyNrActions
nr_244_id_15_04993540b42393056e540f2b71b9043607566a9b_NativeString_GTSPOON.csv,196,0.09560975609756098,2.3709013139062094
