file,nrBest,proportionBest,entropyNrActions
nr_310_id_21_082484a11684d20b8ec740bcf7920174af522cf0_Status_GTSPOON.csv,1844,0.8995121951219512,0.5408296623605088
