file,nrBest,proportionBest,entropyNrActions
nr_471_id_8_03e898ea4fd79b5d11f43872be6a5d4890a912a2_ServletDispatcher_GTSPOON.csv,1841,0.8980487804878049,0.5545094884899598
