file,nrBest,proportionBest,entropyNrActions
nr_269_id_16_04ee9df5a32d497d6ccda2ce01db826f08244452_SpinnerProperty_GTSPOON.csv,1639,0.7995121951219513,0.9364602592516722
