file,nrBest,proportionBest,entropyNrActions
nr_230_id_11_0308123c0b5f4ef98555268dd50dea98a7c922e4_BooleanFieldEditor_GTSPOON.csv,2005,0.9780487804878049,0.15433978038645524
