file,nrBest,proportionBest,entropyNrActions
nr_272_id_35_32f767bbb0e79e2e807ead67cd7970d506755b31_EventListFragment_GTSPOON.csv,244,0.11902439024390243,2.039919464365461
