file,nrBest,proportionBest,entropyNrActions
nr_142_id_8_013ce608025138411e389e7d1325fe7e313217a6_MineMail_GTSPOON.csv,40,0.01951219512195122,2.067875416218442
