file,nrBest,proportionBest,entropyNrActions
nr_497_id_5_041461afbac8d341ea86209ba30ce21581f5f30d_IUPropertyQuery_GTSPOON.csv,2029,0.9897560975609756,0.07926072757396548
