file,nrBest,proportionBest,entropyNrActions
nr_107_id_35_156bdb8014ec242d0ee4b647eed5576e005cc44f_SimpleBackup_GTSPOON.csv,511,0.24926829268292683,2.1171026690579957
