file,nrBest,proportionBest,entropyNrActions
nr_165_id_10_01704757c200cf204cc5571ec2cb5ed464929028_Workspace_GTSPOON.csv,139,0.06780487804878049,2.623426775606439
