file,nrBest,proportionBest,entropyNrActions
nr_391_id_11_056362135b271768f9807750facd1f4ca15e3e71_AbstractCursorTool_GTSPOON.csv,1021,0.4980487804878049,1.9568599179795454
