file,nrBest,proportionBest,entropyNrActions
nr_522_id_2_01187ade99cfa962e542a03866d0b76a51517761_ModelRepositoryImpl_GTSPOON.csv,1373,0.6697560975609756,1.464178951719702
