file,nrBest,proportionBest,entropyNrActions
nr_403_id_22_09a27f78943710209d32e0907bed597890f13e29_ServletRequestImpl_GTSPOON.csv,734,0.35804878048780486,2.5588995797573277
