file,nrBest,proportionBest,entropyNrActions
nr_26_id_39_26a7db7b8d37805e0e6e8279e59ac90505a7d056_DefaultBroadcaster_GTSPOON.csv,200,0.0975609756097561,2.8684584845317174
