file,nrBest,proportionBest,entropyNrActions
nr_334_id_26_0b95063ca7e071df9adb90438704683aeb3c4b98_SubstringCursor_GTSPOON.csv,1706,0.8321951219512195,0.8718034297920597
