file,nrBest,proportionBest,entropyNrActions
nr_254_id_18_0504a1ac224e5e0e7e24ce1def2a2ef811096267_ExCommandOperation_GTSPOON.csv,1301,0.6346341463414634,1.6088858450183252
