file,nrBest,proportionBest,entropyNrActions
nr_376_id_36_60be8f679a7c85f83d54dd651507cb820c207f43_PermaCart_GTSPOON.csv,17,0.008292682926829269,2.407767955409443
