file,nrBest,proportionBest,entropyNrActions
nr_381_id_35_48bd8380e6002d6e68396e97eed81946c6d42010_BackgroundPainter_GTSPOON.csv,38,0.018536585365853658,0.7203917650688513
