file,nrBest,proportionBest,entropyNrActions
nr_118_id_23_037b0b485df276de52b10143f821f572bb869930_ContactListFragment_GTSPOON.csv,1383,0.6746341463414635,1.4611900523621468
