file,nrBest,proportionBest,entropyNrActions
nr_414_id_1_04c1a4f73df0c1fe1e6625379b62cef8a046019c_TouchImageView_GTSPOON.csv,873,0.42585365853658536,2.4965278051181796
