file,nrBest,proportionBest,entropyNrActions
nr_198_id_17_03de2115b0ae102e34e7c2bfa49cb79532ba63fc_MoSyncThread_GTSPOON.csv,85,0.041463414634146344,2.7637239389345396
