file,nrBest,proportionBest,entropyNrActions
nr_36_id_27_01b7ab2291ba8504285c2bbe0ed97b3be1631b77_euler021_GTSPOON.csv,2000,0.975609756097561,0.15391986543300656
