file,nrBest,proportionBest,entropyNrActions
nr_109_id_28_04f33568ee2081a295f255ce5e262e45c55af1b1_AsyncHttpClientModule_GTSPOON.csv,1525,0.7439024390243902,1.2618196902257657
