file,nrBest,proportionBest,entropyNrActions
nr_260_id_24_082b9a7ab19effa1e9d805a594a13dfbb7e7e94f_Halo_GTSPOON.csv,119,0.05804878048780488,3.3360293010364233
