file,nrBest,proportionBest,entropyNrActions
nr_436_id_15_080ce6f50e8b57315278e8a3bf3aaee26547bd44_GeoValidator_GTSPOON.csv,1343,0.6551219512195122,1.6505287940069644
