file,nrBest,proportionBest,entropyNrActions
nr_256_id_34_244ff486d85bc05075b05ec0459a10ee05742c2b_Indexer_GTSPOON.csv,1915,0.9341463414634147,0.43672765845147954
