file,nrBest,proportionBest,entropyNrActions
nr_226_id_13_033849bce79f8b8398aaaa33aaa7489a1866b7b3_ScriptLoad_GTSPOON.csv,2,0.000975609756097561,2.018991151493816
