file,nrBest,proportionBest,entropyNrActions
nr_218_id_19_05567d751fb97e08d98946401bfb498a2159b2ee_SpoutServer_GTSPOON.csv,1087,0.5302439024390244,2.0446536210163213
