file,nrBest,proportionBest,entropyNrActions
nr_68_id_6_008278d1c6929faf53737ae57962a8fda5091071_BoundingIntervalHierarchy_GTSPOON.csv,447,0.21804878048780488,2.7009512320387943
