file,nrBest,proportionBest,entropyNrActions
nr_245_id_5_02030dd658e6ca0cdb8987fd72e0454066e1b6d6_Bounds_GTSPOON.csv,382,0.18634146341463415,1.0771844515787126
