file,nrBest,proportionBest,entropyNrActions
nr_229_id_20_047198205a73f17eec23cb226d7345d856f38e50_Persistance_GTSPOON.csv,490,0.23902439024390243,3.1160445872695512
