file,nrBest,proportionBest,entropyNrActions
nr_179_id_2_0057d73d5003cb5359147c6d737eee4cf015146e_SVN_GTSPOON.csv,1349,0.6580487804878049,1.4911718046142157
