file,nrBest,proportionBest,entropyNrActions
nr_31_id_18_007829a52381f31548883409014e99a237da859d_JpaDropDao_GTSPOON.csv,565,0.275609756097561,3.0879802675082813
