file,nrBest,proportionBest,entropyNrActions
nr_194_id_26_0766a18953888defa54555d82f8671376da3efec_JMSClientTest_GTSPOON.csv,1721,0.8395121951219512,0.663758470707863
