file,nrBest,proportionBest,entropyNrActions
nr_104_id_18_01e033d96b24fc642af368a93f9a567114f178ec_JXMultiThumbSlider_GTSPOON.csv,999,0.4873170731707317,2.4648770590168154
