file,nrBest,proportionBest,entropyNrActions
nr_232_id_4_00d5db8c8213b7cfd1a0747a6a5b2971724f1d97_UrlBindingFactory_GTSPOON.csv,629,0.3068292682926829,2.4625217544375735
