file,nrBest,proportionBest,entropyNrActions
nr_102_id_6_00b53f94c636247bf97f14c6f3234006258e83cd_BrowserYesNoPreference_GTSPOON.csv,1870,0.9121951219512195,0.4912894869064836
