file,nrBest,proportionBest,entropyNrActions
nr_364_id_24_0b1731529609ed1e3ec7b075365d14391bd87bfc_HStoreConf_GTSPOON.csv,152,0.07414634146341463,3.073272280580981
