file,nrBest,proportionBest,entropyNrActions
nr_271_id_34_2684b8afed5eabb221cfe36a862aff048be13609_Clone_GTSPOON.csv,10,0.004878048780487805,2.4086993746958925
