file,nrBest,proportionBest,entropyNrActions
nr_379_id_18_0721b02dc78a15ff723953315e1acd3a760ad8f7_EdemandeService_GTSPOON.csv,181,0.08829268292682926,2.636133625546096
