file,nrBest,proportionBest,entropyNrActions
nr_329_id_1_03e15e0e27cfd66800f24601b5c3d371668fe0dc_TestTwitterService_GTSPOON.csv,1923,0.9380487804878048,0.3879372525731892
