file,nrBest,proportionBest,entropyNrActions
nr_409_id_15_0789690f99b6f6c89e2e43a0fb383dd0f0563359_DiceBag_GTSPOON.csv,105,0.05121951219512195,0.7748867697383675
