file,nrBest,proportionBest,entropyNrActions
nr_342_id_18_06ad860dea947115ff996850dc2046b087752f2d_Ctx_GTSPOON.csv,173,0.08439024390243903,2.7036786856699413
