file,nrBest,proportionBest,entropyNrActions
nr_511_id_7_054c341ab7b3b87251a5c2b21f82376708521bf8_CreateAnnotationActivity_GTSPOON.csv,1824,0.8897560975609756,0.6013895504820164
