file,nrBest,proportionBest,entropyNrActions
nr_104_id_24_03338ada120d758de6a8c442f7efd45a645e058f_Cart_GTSPOON.csv,2025,0.9878048780487805,0.08999170501398362
