file,nrBest,proportionBest,entropyNrActions
nr_277_id_25_0941ef4f8edd9e2402eb49c3d01487393a2a6b08_Mic_GTSPOON.csv,1006,0.49073170731707316,1.9861183524430495
