file,nrBest,proportionBest,entropyNrActions
nr_144_id_39_e8a289910359507c587f5e75d9e797da48f24773_GCMVirtualNodeImpl_GTSPOON.csv,281,0.13707317073170733,2.6259080122244907
