file,nrBest,proportionBest,entropyNrActions
nr_342_id_22_0896382e02055f08046fe3066e9b3f51cc48df9d_TextFileReader_GTSPOON.csv,194,0.09463414634146342,2.3085646712024217
