file,nrBest,proportionBest,entropyNrActions
nr_319_id_12_0373bc282a027ecd98e4efd74016bf3d9ee68852_Calculator_GTSPOON.csv,1937,0.9448780487804878,0.3622739815528678
