file,nrBest,proportionBest,entropyNrActions
nr_513_id_36_81b4e4c526aaff697000e00061d7ee5e456b19ea_TimeZone_GTSPOON.csv,178,0.08682926829268292,2.1833015367041115
