file,nrBest,proportionBest,entropyNrActions
nr_512_id_36_81ab39246c17a32cc0e40b3dd1563983d76444c7_TestAsync_GTSPOON.csv,1198,0.584390243902439,1.594648712269736
