file,nrBest,proportionBest,entropyNrActions
nr_385_id_37_b0a84451cef9a3b14a6168697b954467f7139703_PKCS11Object_GTSPOON.csv,252,0.12292682926829268,1.7114880945962045
