file,nrBest,proportionBest,entropyNrActions
nr_396_id_10_03c2ad323097e4fc4b30eb9c701ad230c2917726_LdapFacadeTest_GTSPOON.csv,1109,0.5409756097560976,1.782881150208675
