file,nrBest,proportionBest,entropyNrActions
nr_283_id_24_08b4a400af32403b80eddbbab53523b21570282d_VehicleListener_GTSPOON.csv,1828,0.8917073170731707,0.3878960336868411
