file,nrBest,proportionBest,entropyNrActions
nr_669_id_2_0171d3ea4791e274ace926771c09dc91c41fb584_TabbedPane_GTSPOON.csv,29,0.014146341463414635,3.108162945106675
