file,nrBest,proportionBest,entropyNrActions
nr_224_id_26_084ccc0340c1e82a3daa24655843e232386cc988_MachineThread_GTSPOON.csv,45,0.02195121951219512,2.7783890422509527
