file,nrBest,proportionBest,entropyNrActions
nr_86_id_2_00286320173c96a9924631c857a9f093d14ce180_jQuery_GTSPOON.csv,169,0.0824390243902439,2.6597275686765545
