file,nrBest,proportionBest,entropyNrActions
nr_250_id_22_06842a594139b02f412c943927ee55aaddc9b490_JpaWidgetRatingConverter_GTSPOON.csv,5,0.0024390243902439024,0.16637803690162872
