file,nrBest,proportionBest,entropyNrActions
nr_305_id_5_0283d1f6094aa4a7ef4b03e44ff4677527d0e3e8_RHELPersonalTests_GTSPOON.csv,172,0.08390243902439025,2.551237161339788
