file,nrBest,proportionBest,entropyNrActions
nr_421_id_7_04726a2bd3768c24beefbcaf5810021e5a73b654_CLibrary_GTSPOON.csv,2020,0.9853658536585366,0.09866743938616579
