file,nrBest,proportionBest,entropyNrActions
nr_150_id_29_089eb4662d8d4d8792730b2cc3d5863f53639b35_AbstractAction_GTSPOON.csv,907,0.4424390243902439,0.6959726009045241
