file,nrBest,proportionBest,entropyNrActions
nr_20_id_22_0075401bb5c45dd4c627781188ead0b20d2d12f5_Sardine_GTSPOON.csv,2015,0.9829268292682927,0.1047847065935152
