file,nrBest,proportionBest,entropyNrActions
nr_48_id_3_005f5da6ff79f81267f81b178921a802169c1f5d_Input_GTSPOON.csv,977,0.4765853658536585,2.031031544562809
