file,nrBest,proportionBest,entropyNrActions
nr_486_id_5_03fb80914ae4b757c3b6b0ef1c5e2f5860bee8d4_Place_GTSPOON.csv,72,0.0351219512195122,1.828416504689366
