file,nrBest,proportionBest,entropyNrActions
nr_305_id_11_03f99d513d7d59f72e5b738883089fb920fdd587_AverageFitness_GTSPOON.csv,5,0.0024390243902439024,0.161444835026906
