file,nrBest,proportionBest,entropyNrActions
nr_251_id_18_04f708632542cc62551bcccf390060340c0471b1_Matrix33_GTSPOON.csv,801,0.3907317073170732,2.2154412889900477
