file,nrBest,proportionBest,entropyNrActions
nr_333_id_25_0b394420d4490867d6f8be20803e535c42917009_BrokerListener_GTSPOON.csv,10,0.004878048780487805,4.168709941887045
