file,nrBest,proportionBest,entropyNrActions
nr_89_id_2_002a03339f779bd4f1c1f4ae3eb733f4928d8215_HTTPConnection_GTSPOON.csv,343,0.16731707317073172,2.5024569414188442
