file,nrBest,proportionBest,entropyNrActions
nr_550_id_14_07de31250136bbf1532c9530547213ee34f9592e_AppProperties_GTSPOON.csv,1711,0.8346341463414634,0.7413730021444737
