file,nrBest,proportionBest,entropyNrActions
nr_546_id_8_046286daca84d13ef2bfef574e523b2d01e440f0_SyncAdapter_GTSPOON.csv,695,0.33902439024390246,2.477517541726896
