file,nrBest,proportionBest,entropyNrActions
nr_30_id_26_011e1f50df1fdae9c933759c2d4b7608b2c0790a_BayeuxContext_GTSPOON.csv,1935,0.9439024390243902,0.300246062306632
