file,nrBest,proportionBest,entropyNrActions
nr_211_id_7_0250acbbc94659983a882320b7d795bdb9cc6d23_TestAtlasDataDAO_GTSPOON.csv,1818,0.8868292682926829,0.6711262316488513
