file,nrBest,proportionBest,entropyNrActions
nr_185_id_25_061df1a1c10eb717c73e244fdaa90916ab23f6fe_Launcher_GTSPOON.csv,126,0.06146341463414634,2.649132408440323
