file,nrBest,proportionBest,entropyNrActions
nr_466_id_20_08f929638b096fd7d1bd3c19802e30ce5c540fda_BookInfoActivity_GTSPOON.csv,911,0.44439024390243903,2.2884719462174856
