file,nrBest,proportionBest,entropyNrActions
nr_259_id_28_0b5f79dfefe99772da2f58b9170499788b20f805_AbstractPageProvider_GTSPOON.csv,97,0.04731707317073171,2.6056311779292782
