file,nrBest,proportionBest,entropyNrActions
nr_619_id_7_066594f2f966e00e5fb6952c9a638921de1791e2_SdkTestCase_GTSPOON.csv,1933,0.9429268292682926,0.3675671520557236
