file,nrBest,proportionBest,entropyNrActions
nr_210_id_9_0288df949944d888f9514d86fbfb0f897abdf362_RTSITest_GTSPOON.csv,1916,0.9346341463414635,0.3923567625173356
