file,nrBest,proportionBest,entropyNrActions
nr_261_id_32_16b5e2f148e6c3f0a748200a1a7c6197ad3eaad6_YGame_GTSPOON.csv,72,0.0351219512195122,3.164934122810643
