file,nrBest,proportionBest,entropyNrActions
nr_190_id_21_04f7b9e722ae4108fb0650aa4648898ee36c6733_ErraiServiceImpl_GTSPOON.csv,1929,0.9409756097560975,0.3640896035344244
