file,nrBest,proportionBest,entropyNrActions
nr_146_id_23_04571083f5565ec3a97842a4aed6a6b9b902610b_ZoomScaling_GTSPOON.csv,1736,0.8468292682926829,0.8363270291814195
