file,nrBest,proportionBest,entropyNrActions
nr_669_id_4_029452ffda070387a3083c075716167dec0e03cf_Graph_GTSPOON.csv,2025,0.9878048780487805,0.08397306778862015
