file,nrBest,proportionBest,entropyNrActions
nr_27_id_15_00776909675c976ba14222ac3f737b3091714b9e_PieceMover_GTSPOON.csv,124,0.06048780487804878,2.8432184985097413
