file,nrBest,proportionBest,entropyNrActions
nr_180_id_31_0c4df883fc19716fb4982368af48ef99c78c1613_SocialLoginTest_GTSPOON.csv,1634,0.7970731707317074,0.925733287772426
