file,nrBest,proportionBest,entropyNrActions
nr_525_id_6_033a62dc721b587a5b60ee04f498f264a38ae3d0_UIPlugin_GTSPOON.csv,1729,0.8434146341463414,0.881412901194245
