file,nrBest,proportionBest,entropyNrActions
nr_411_id_25_0e43020b82d9fc3216e533fa50385c9c2c1b134d_ParseTools_GTSPOON.csv,185,0.09024390243902439,2.56734384560576
