file,nrBest,proportionBest,entropyNrActions
nr_342_id_17_06c7a8c428c2e67210a646774c4b3456a406d643_DeeSearchEngineTestUtils_GTSPOON.csv,1757,0.8570731707317073,0.7024795514698995
