file,nrBest,proportionBest,entropyNrActions
nr_79_id_35_0f28bb9641512a863d5dddcc6e552b3d22c9c593_GoodDetailView_GTSPOON.csv,172,0.08390243902439025,2.780496919918659
