file,nrBest,proportionBest,entropyNrActions
nr_655_id_4_028636b9d498e042da6725b79e26a5ade0bccb4c_DevoxxFr2013Test_GTSPOON.csv,1746,0.8517073170731707,0.6536512691460714
