file,nrBest,proportionBest,entropyNrActions
nr_167_id_16_033a91b90e87d4223ebc8a5035f137eeb02a2ae0_SwitchBoard_GTSPOON.csv,1457,0.7107317073170731,1.4304329963226996
