file,nrBest,proportionBest,entropyNrActions
nr_207_id_11_029bb2a8394552bef7157e31c6f2daee6c4881a8_QuartzService_GTSPOON.csv,899,0.43853658536585366,2.138874688012952
