file,nrBest,proportionBest,entropyNrActions
nr_219_id_3_0184ae77a5546eabff6791cfb8d84a3d7718a099_RequestAgeView_GTSPOON.csv,1086,0.5297560975609756,1.9754016607043074
