file,nrBest,proportionBest,entropyNrActions
nr_345_id_32_1ed6266fb169c9e31bbd1e2406f6ad623c5655cc_CSControl_GTSPOON.csv,1434,0.6995121951219512,1.1642383208938654
