file,nrBest,proportionBest,entropyNrActions
nr_188_id_36_2eba70497f443e75cf11a886dde39298ee53b01d_EEVMType_GTSPOON.csv,1305,0.6365853658536585,1.7399427107893897
