file,nrBest,proportionBest,entropyNrActions
nr_373_id_29_1591044fb4d119763216662f5c341b8c6392bce1_EditStudyServiceBean_GTSPOON.csv,1310,0.6390243902439025,1.575148581487129
