file,nrBest,proportionBest,entropyNrActions
nr_158_id_23_04d2e22058632b2ec96e87f18d95c6647f6b76d8_JXTable_GTSPOON.csv,210,0.1024390243902439,2.3205594001429577
