file,nrBest,proportionBest,entropyNrActions
nr_204_id_7_02410aa8be4581b0750393bc1d9ec02b4551388d_FileUtils_GTSPOON.csv,1835,0.8951219512195122,0.6044963158637566
