file,nrBest,proportionBest,entropyNrActions
nr_492_id_2_0108bd1cbed011747c14815b7e0cdb26fdd34331_CategoriaConverter_GTSPOON.csv,2025,0.9878048780487805,0.08523606225304262
