file,nrBest,proportionBest,entropyNrActions
nr_37_id_20_009975d610401a45d8847838145a810512a37994_TimeFormat_GTSPOON.csv,1384,0.6751219512195122,1.45617266650218
