file,nrBest,proportionBest,entropyNrActions
nr_590_id_11_086397a231b9ce9a6a4a68cd77e4611ff560dcea_MouseInput_GTSPOON.csv,937,0.45707317073170733,2.426720688869294
