file,nrBest,proportionBest,entropyNrActions
nr_449_id_5_03b3c886a2be4f9daa232d8aca6f217407734d37_TestPaintGraphics_GTSPOON.csv,1787,0.8717073170731707,0.49386176736441106
