file,nrBest,proportionBest,entropyNrActions
nr_531_id_4_021a6e9024734fdfa740ca88d2586cfe06da37ce_DataTraffics_GTSPOON.csv,1414,0.6897560975609756,1.4081942927175128
