file,nrBest,proportionBest,entropyNrActions
nr_168_id_12_01dcbd85ea82f9a8ff2b41f306e8e56cf6b350f4_URIBuilder_GTSPOON.csv,921,0.44926829268292684,2.0465400444191433
