file,nrBest,proportionBest,entropyNrActions
nr_24_id_22_008673130435bb29d58cb5d946cf5015b3b0ad64_ZMonitorServletFilter_GTSPOON.csv,1933,0.9429268292682926,0.36541948199892593
