file,nrBest,proportionBest,entropyNrActions
nr_82_id_11_00f7e3d276b7bb4e8e358a7308584c0fcb752428_DirectoryTreeNode_GTSPOON.csv,1042,0.5082926829268293,1.952086275229322
