file,nrBest,proportionBest,entropyNrActions
nr_55_id_25_01d41787fa0a1d14e416bfe67b36d41b4e375fb0_ItemTypeBL_GTSPOON.csv,1814,0.8848780487804878,0.6636806001001375
