file,nrBest,proportionBest,entropyNrActions
nr_178_id_32_0fb04601ec92a37e8735089c6fbadea8b1d00f88_Evaluator_GTSPOON.csv,209,0.10195121951219512,2.5518752730665737
