file,nrBest,proportionBest,entropyNrActions
nr_313_id_4_012f0ee35a35a5974a69df410a63658a0f398b85_SphereGamePanel_GTSPOON.csv,1087,0.5302439024390244,1.8743695175629442
