file,nrBest,proportionBest,entropyNrActions
nr_31_id_16_00bdd65c73c1b41978dee8a61d6639c93f9fe1cb_LocalSession_GTSPOON.csv,1929,0.9409756097560975,0.38851858377237547
