file,nrBest,proportionBest,entropyNrActions
nr_248_id_33_1f084f8fb65c2dedb3e56e9e586090fe296ec189_OrderServices_GTSPOON.csv,90,0.04390243902439024,3.4714744765358247
