file,nrBest,proportionBest,entropyNrActions
nr_54_id_11_009a2d269c8fa5a482101775f06452b7e96dda46_AtmosphereServlet_GTSPOON.csv,105,0.05121951219512195,2.6076693966018345
