file,nrBest,proportionBest,entropyNrActions
nr_330_id_7_035cd346a4a5fe334ac252a9c70e113d3747d541_TestUtil_GTSPOON.csv,2,0.000975609756097561,2.1639556568820564
