file,nrBest,proportionBest,entropyNrActions
nr_151_id_36_252882eb5000b3950d36f06571bb9cb32f44ae62_WMSCapsTransformer_GTSPOON.csv,735,0.35853658536585364,2.4740388797625568
