file,nrBest,proportionBest,entropyNrActions
nr_303_id_29_121774dd4a4f2b5deae6c20cfff35648a9fb9572_TaskAdapter_GTSPOON.csv,2,0.000975609756097561,2.4422468784471185
