file,nrBest,proportionBest,entropyNrActions
nr_189_id_23_061958210a93d09cb8b3e45f3821bf78ae6f5fb2_MC_tehboyz_survival_GTSPOON.csv,132,0.06439024390243903,2.0643626246789077
