file,nrBest,proportionBest,entropyNrActions
nr_297_id_27_0d07247e7dcd251dc570dfc604b682e10036ec6c_GameMap_GTSPOON.csv,280,0.13658536585365855,3.2863590115796035
