file,nrBest,proportionBest,entropyNrActions
nr_381_id_11_053e3d18940cfa93d92877b7ddf9afc2110115bf_VistaRepository_GTSPOON.csv,554,0.2702439024390244,2.364898210753848
