file,nrBest,proportionBest,entropyNrActions
nr_110_id_26_0414eef608080f9e65dac1823226ccaf27853794_Startup_GTSPOON.csv,1707,0.8326829268292683,0.9902178060917454
