file,nrBest,proportionBest,entropyNrActions
nr_3_id_33_0088d1c2e48d1df59b2d14dc56191e7080d7b475_TypeInference_GTSPOON.csv,144,0.0702439024390244,3.0051964298357765
