file,nrBest,proportionBest,entropyNrActions
nr_301_id_21_07ec94d2bdb9182f04f24811b5892b5b7e880f89_VncCanvasActivity_GTSPOON.csv,165,0.08048780487804878,3.9875000128643046
