file,nrBest,proportionBest,entropyNrActions
nr_102_id_7_011ced2038f3168b278d73dd68e5df5c5ac6a197_ScoreBean_GTSPOON.csv,1007,0.49121951219512194,2.0540501058624345
