file,nrBest,proportionBest,entropyNrActions
nr_181_id_20_0376487dd966c28969e3deb2235a02d097848781_ShowProjectActivity_GTSPOON.csv,120,0.05853658536585366,3.4516826942764323
