file,nrBest,proportionBest,entropyNrActions
nr_222_id_27_09c2b616e2b0e247431eb681af03376548ffcedb_XMLRPCClient_GTSPOON.csv,1120,0.5463414634146342,1.6908556420894074
