file,nrBest,proportionBest,entropyNrActions
nr_386_id_32_21f090e12981b25ae63f0bd31f06765a855766a1_UIDashboardPortlet_GTSPOON.csv,1905,0.9292682926829269,0.44160568316242754
