file,nrBest,proportionBest,entropyNrActions
nr_428_id_10_041bc1a3f278b0386fc91e9a32fb6d1d5b5fab38_DrawerDialog_GTSPOON.csv,1440,0.7024390243902439,1.2791053014490317
