file,nrBest,proportionBest,entropyNrActions
nr_177_id_32_0fa389ccfe7c592c07272236e988eeccf5bd4474_SIPRequest_GTSPOON.csv,444,0.21658536585365853,2.564730755105959
