file,nrBest,proportionBest,entropyNrActions
nr_251_id_35_307b32332b58a64a62a2937aa1673e6517a09b1f_EasSyncService_GTSPOON.csv,90,0.04390243902439024,3.153547796324954
