file,nrBest,proportionBest,entropyNrActions
nr_414_id_20_07e7ad217c2c32c402d9767ccd05d10c207ef9a1_GameActivity_GTSPOON.csv,2020,0.9853658536585366,0.09570723178214427
