file,nrBest,proportionBest,entropyNrActions
nr_43_id_38_1d771cda423bb19f1d0b57137a9507af178e440b_WeavingAdaptor_GTSPOON.csv,8,0.003902439024390244,2.9293662442537283
