file,nrBest,proportionBest,entropyNrActions
nr_257_id_28_0b401516c153c408c6b335ef0800a84bf67f5b62_JavaExtensions_GTSPOON.csv,957,0.46682926829268295,1.9785764571972209
