file,nrBest,proportionBest,entropyNrActions
nr_421_id_17_087d540024c0778fe34a358ed2fce70a73cdb60f_TestPrintObject_GTSPOON.csv,1618,0.7892682926829269,1.0342234297789241
