file,nrBest,proportionBest,entropyNrActions
nr_346_id_31_180b3531bf6ae60669f358e4712370bb22979e0d_PluginResourceFactory_GTSPOON.csv,600,0.2926829268292683,1.0331109838611428
