file,nrBest,proportionBest,entropyNrActions
nr_391_id_18_075a5b8767c2a49288348d657523084fc0120778_FormsServlet_GTSPOON.csv,162,0.07902439024390244,3.0493262855943675
