file,nrBest,proportionBest,entropyNrActions
nr_139_id_6_00f90b193efff05dbe2f9db69313e899ab8032af_Biohazard_GTSPOON.csv,1914,0.9336585365853659,0.42264598988466784
