file,nrBest,proportionBest,entropyNrActions
nr_172_id_25_05dc9308c6efe814794d5f0f8e300ce1e46cc362_TableArea_GTSPOON.csv,114,0.055609756097560976,2.6036710820619877
