file,nrBest,proportionBest,entropyNrActions
nr_46_id_6_0053610b07bf9751c8fa7083ea98bd195f0513fc_AlarmManager_GTSPOON.csv,1914,0.9336585365853659,0.4270968237667511
