file,nrBest,proportionBest,entropyNrActions
nr_201_id_25_06942180a3ef5caab388d06d83a6425e889fe062_JobConfig_GTSPOON.csv,1336,0.6517073170731708,1.8533508088302724
