file,nrBest,proportionBest,entropyNrActions
nr_285_id_5_025b37a8951b032ab3bb4d9a92184dd2e6e058c2_AgentController_GTSPOON.csv,299,0.14585365853658536,2.001227919263423
