file,nrBest,proportionBest,entropyNrActions
nr_30_id_9_00615cf5dc994f838092da6a22558d089a0e5087_WifiConfigController_GTSPOON.csv,184,0.0897560975609756,2.9768906773249957
