file,nrBest,proportionBest,entropyNrActions
nr_218_id_26_082a9ab2f010d7db77ae328c1d8ac59ed22020e2_FailureTests_GTSPOON.csv,1933,0.9429268292682926,0.3112829729708982
