file,nrBest,proportionBest,entropyNrActions
nr_313_id_17_065cdf29ca0a899ef638df32700bc2863ea11884_CommandRollback_GTSPOON.csv,51,0.024878048780487806,1.3157834724343345
