file,nrBest,proportionBest,entropyNrActions
nr_237_id_10_0233583b2f01c12503eeda2788748e72008bfde7_MustacheMarkupContainer_GTSPOON.csv,288,0.1404878048780488,0.8169645756268114
