file,nrBest,proportionBest,entropyNrActions
nr_18_id_6_00292e3564b681700bccbeaf9b75deb37fb84dd3_Player_GTSPOON.csv,1913,0.9331707317073171,0.41198506269766455
