file,nrBest,proportionBest,entropyNrActions
nr_377_id_19_08f7d1b40e6f0b195610089566ab5a6959aa2e56_ScriptableClass_GTSPOON.csv,1475,0.7195121951219512,1.1623749661509981
