file,nrBest,proportionBest,entropyNrActions
nr_57_id_23_01decb900f32d36c80774f7d5d21200822c891c3_AllInOneActivity_GTSPOON.csv,151,0.07365853658536585,2.472761413856694
