file,nrBest,proportionBest,entropyNrActions
nr_499_id_26_11017b848b225d97879787de7213650ed5a477e7_BindingManager_GTSPOON.csv,23,0.01121951219512195,3.060125862881444
