file,nrBest,proportionBest,entropyNrActions
nr_259_id_33_20adb378b0491289ce1fd9fe702a25b0c2c1630d_CaseCategoryEditor_GTSPOON.csv,77,0.037560975609756096,2.9316167523123817
