file,nrBest,proportionBest,entropyNrActions
nr_443_id_16_07f8f43a598a85a8f70fa4e30046e6d761332405_ZLAndroidImageManager_GTSPOON.csv,3,0.0014634146341463415,0.0865885445565742
