file,nrBest,proportionBest,entropyNrActions
nr_506_id_21_0cae7cf572ae4685dde6f80696238129cf8677db_JsPoolRulesTest_GTSPOON.csv,665,0.32439024390243903,1.6574689210330524
