file,nrBest,proportionBest,entropyNrActions
nr_495_id_7_052c25ccc1bfe50c090ce00552402bf27c677de4_ReminderDialog_GTSPOON.csv,1800,0.8780487804878049,0.6476224147223371
