file,nrBest,proportionBest,entropyNrActions
nr_76_id_4_0041f5b1496166e92a9d0c93ccf18c360991993b_Session_GTSPOON.csv,1448,0.7063414634146341,1.2991802859926054
