file,nrBest,proportionBest,entropyNrActions
nr_240_id_7_0292dccd71c689ffba336170b157d010e7261e65_Entry_GTSPOON.csv,1577,0.7692682926829268,1.0670895791691084
