file,nrBest,proportionBest,entropyNrActions
nr_478_id_34_4141b478f7b090ff404aeb529846337a49595abf_DesignationComparator_GTSPOON.csv,1786,0.871219512195122,0.6860164829050809
