file,nrBest,proportionBest,entropyNrActions
nr_583_id_1_067e595c9b8b67dad6f22f11ae3be4c0946ebef2_Worker_GTSPOON.csv,1838,0.8965853658536586,0.5851009894829079
