file,nrBest,proportionBest,entropyNrActions
nr_160_id_18_0311f46224faac165bd41536c53a1e6944c86cac_AbstractTransformer_GTSPOON.csv,64,0.03121951219512195,3.1025652740299163
