file,nrBest,proportionBest,entropyNrActions
nr_537_id_6_034e433396a4a4cfa314a4532b814c455f297423_PlayerEventListener_GTSPOON.csv,270,0.13170731707317074,1.512678146706849
