file,nrBest,proportionBest,entropyNrActions
nr_25_id_31_01ca511a1cdaa667594e78d48a05c3f794b10127_FunctionType_GTSPOON.csv,132,0.06439024390243903,3.23423295972394
