file,nrBest,proportionBest,entropyNrActions
nr_474_id_26_0fb7aa214a0509fd333f3b052e36f6663a7b3298_ConvertDateTimeHandler_GTSPOON.csv,1808,0.8819512195121951,0.7287287364986331
