file,nrBest,proportionBest,entropyNrActions
nr_420_id_16_07967f35bdc3538539dfe264b19e85e5f1f66182_IssuesPage_GTSPOON.csv,1661,0.8102439024390244,0.9238081747395563
