file,nrBest,proportionBest,entropyNrActions
nr_196_id_20_03c173d58e594b5903b3759f747211b2708f8f86_RosterFrame_GTSPOON.csv,188,0.09170731707317073,2.954680328186069
