file,nrBest,proportionBest,entropyNrActions
nr_1_id_13_00059965da989e993ba87a4d929c0f8ac6a3e519_SVNMergeEditor_GTSPOON.csv,869,0.42390243902439023,2.4226131392164048
