file,nrBest,proportionBest,entropyNrActions
nr_11_id_29_00c3543d996098fe1249bfc45f15cb387d2b0204_HSSFSheet_GTSPOON.csv,183,0.08926829268292683,2.523171884274692
