file,nrBest,proportionBest,entropyNrActions
nr_30_id_40_5893962bdaf23302ee189a38ee18d858e4895c33_RubySignal_GTSPOON.csv,2025,0.9878048780487805,0.08111108220191907
