file,nrBest,proportionBest,entropyNrActions
nr_140_id_5_013e580812e4832b9ff7b99a6782ddddac86988a_UnoBot_GTSPOON.csv,45,0.02195121951219512,2.7243309253693644
