file,nrBest,proportionBest,entropyNrActions
nr_303_id_5_0282265cbc4eba3abb670f7a6aea6202a9417e81_SwtScoutTable_GTSPOON.csv,181,0.08829268292682926,2.6030233644524596
