file,nrBest,proportionBest,entropyNrActions
nr_442_id_13_0683d6aaeac54d86ee87c13133b50617d42784c2_QueryComponent_GTSPOON.csv,158,0.07707317073170732,2.6245031851162395
