file,nrBest,proportionBest,entropyNrActions
nr_62_id_25_020752d05de3021e7d6d0d2c7f00ceb3baf902b9_EUGeneExporter_GTSPOON.csv,178,0.08682926829268292,1.8275083807107726
