file,nrBest,proportionBest,entropyNrActions
nr_494_id_35_5e53d59095ab5bebef139c84798a040a19735cb6_UserWordsListAdapter_GTSPOON.csv,101,0.04926829268292683,1.4954402099710324
