file,nrBest,proportionBest,entropyNrActions
nr_392_id_36_64eb0544493a88fcf405e1d61ed40897c69764f0_StyledSubTagHandler_GTSPOON.csv,1749,0.853170731707317,0.7696059015212803
