file,nrBest,proportionBest,entropyNrActions
nr_323_id_27_0e0101127ae59cf8e962c97361193f12021a9a54_PDOMNode_GTSPOON.csv,1731,0.844390243902439,0.8504880594572374
