file,nrBest,proportionBest,entropyNrActions
nr_70_id_6_00852bf76b50bfe88ee6a001927409c378e534db_SeleniumStarter_GTSPOON.csv,360,0.17560975609756097,1.520853935807877
