file,nrBest,proportionBest,entropyNrActions
nr_376_id_4_017bb59b3dd10071050898cd9c2f1cad194850da_Main_GTSPOON.csv,1929,0.9409756097560975,0.3688624783054745
