file,nrBest,proportionBest,entropyNrActions
nr_632_id_3_043f580181fec11c3f275733e94c6cd54b3613cc_Platform_GTSPOON.csv,2022,0.9863414634146341,0.10259548629115066
