file,nrBest,proportionBest,entropyNrActions
nr_12_id_19_004b2c9e270aee396d119a153127db2f103a553e_ReadingTableData_GTSPOON.csv,1029,0.5019512195121951,1.6670024035059194
