file,nrBest,proportionBest,entropyNrActions
nr_473_id_19_0b23742091e1d506d4bc1b34a5597a70b84eee52_XMLtoBinary_GTSPOON.csv,280,0.13658536585365855,3.482769334054086
