file,nrBest,proportionBest,entropyNrActions
nr_196_id_38_82f079328129d4aeb11264fc28c68644e259d79d_FanResolvedType_GTSPOON.csv,40,0.01951219512195122,2.8613553594928383
