file,nrBest,proportionBest,entropyNrActions
nr_651_id_1_07644147d051a26ed7cd68b275f7c3203d02fb00_ConnectedComponents_GTSPOON.csv,996,0.48585365853658535,2.112722621192905
