file,nrBest,proportionBest,entropyNrActions
nr_10_id_31_00a99e56410a830a3d1d0d935a848ddb55b5b353_JarClassLoader_GTSPOON.csv,133,0.06487804878048781,2.64765119560201
