file,nrBest,proportionBest,entropyNrActions
nr_410_id_8_035f77e8527783232e1b38617c4e9a8c1b5f1411_DBNotification_GTSPOON.csv,275,0.13414634146341464,2.2719334108007914
