file,nrBest,proportionBest,entropyNrActions
nr_204_id_14_02f1a19be1419723706ff063865d51e96ccbd5c1_HttpDownloader_GTSPOON.csv,1469,0.7165853658536585,1.3631317893755923
