file,nrBest,proportionBest,entropyNrActions
nr_173_id_26_069e226023840e01837b393e14a0c67febbcc95f_CompositeTypeImpl_GTSPOON.csv,16,0.007804878048780488,1.4095630031334119
