file,nrBest,proportionBest,entropyNrActions
nr_255_id_6_019a4930b7fcac4eedf7830380239c604937e279_Util_GTSPOON.csv,2015,0.9829268292682927,0.1047847065935152
