file,nrBest,proportionBest,entropyNrActions
nr_126_id_34_1468ba5735c7b102e760f97d36cd977f72a915a3_SimpleTypeHolder_GTSPOON.csv,1820,0.8878048780487805,0.5864271653800573
