file,nrBest,proportionBest,entropyNrActions
nr_160_id_30_0a0d8d20473ce10580473435052116cd691c9472_ActFmSyncService_GTSPOON.csv,4,0.001951219512195122,2.7090174103274225
