file,nrBest,proportionBest,entropyNrActions
nr_255_id_20_04e5e647e8bf5285dc568f8240ea6e61ce6f0a1b_GoGui_GTSPOON.csv,171,0.08341463414634147,2.7711061998338042
