file,nrBest,proportionBest,entropyNrActions
nr_514_id_11_0720cd44930f4b51063f1cc6ce7955018a6e01eb_DatabaseColumnModel_GTSPOON.csv,875,0.4268292682926829,0.9515125550960537
