file,nrBest,proportionBest,entropyNrActions
nr_470_id_30_1c8511638a7c8483851253891a22cc9ed28af685_ApplicationController_GTSPOON.csv,1445,0.7048780487804878,1.227698919508347
