file,nrBest,proportionBest,entropyNrActions
nr_120_id_27_0530321b5c5758a88623b577446318301fab55ae_XmlIndicatorParser_GTSPOON.csv,825,0.4024390243902439,2.216652609636684
