file,nrBest,proportionBest,entropyNrActions
nr_4_id_37_01b44cdf010026b5c44840ae9f155fc359f962f9_BlockBoxing_GTSPOON.csv,38,0.018536585365853658,2.7198464294374682
