file,nrBest,proportionBest,entropyNrActions
nr_192_id_19_0493ebed2f6bf4468ef44022c05b3484c887b9f6_JavaType_GTSPOON.csv,1289,0.628780487804878,1.633267740513216
