file,nrBest,proportionBest,entropyNrActions
nr_393_id_21_0a3b04355f81a3e687a46af78dbec0bc9a39906d_ImageUtils_GTSPOON.csv,1183,0.5770731707317073,1.675512231250797
