file,nrBest,proportionBest,entropyNrActions
nr_510_id_28_16ec9b7e28046c98d365122073af64c2a1740a47_DatasetAgentController_GTSPOON.csv,633,0.30878048780487805,3.0191643238574994
