file,nrBest,proportionBest,entropyNrActions
nr_94_id_24_030650795b907eab969897321739cdc4f10aec08_OPMNodeComponentEditPolicy_GTSPOON.csv,140,0.06829268292682927,1.1161166302860455
