file,nrBest,proportionBest,entropyNrActions
nr_66_id_3_007945447c610314a325c7c134fd45916230cfa2_StatusHelperTest_GTSPOON.csv,1405,0.6853658536585366,1.3526897684427126
