file,nrBest,proportionBest,entropyNrActions
nr_440_id_32_260b681dec7b2978aad13029da0637d0e2db714c_ServerManager_GTSPOON.csv,26,0.012682926829268294,1.4814877418829233
