file,nrBest,proportionBest,entropyNrActions
nr_321_id_12_0376a502b7fcfcdc45b361209705949a557dc152_RealmConfiguration_GTSPOON.csv,854,0.4165853658536585,2.2112882667359086
