file,nrBest,proportionBest,entropyNrActions
nr_257_id_6_019e3fc2594c6163781c568ca6f63157bd109739_SuperClassMapping_GTSPOON.csv,1741,0.8492682926829268,0.6701962555293873
