file,nrBest,proportionBest,entropyNrActions
nr_200_id_9_0267db093bbe93b9873561d45849dba71b3c5c45_ReferralServiceTest_GTSPOON.csv,1274,0.6214634146341463,1.6012276401225067
