file,nrBest,proportionBest,entropyNrActions
nr_387_id_18_0740b2dbf2eaa1244560abaea1c7f93793a0ec8c_IntType_GTSPOON.csv,1931,0.9419512195121951,0.36398670094925567
