file,nrBest,proportionBest,entropyNrActions
nr_281_id_27_0c63148321370d374c8d01786e1372e021fc07f6_EuchreGameController_GTSPOON.csv,286,0.13951219512195123,3.3701467833178183
