file,nrBest,proportionBest,entropyNrActions
nr_530_id_11_0791645505240f063d2efc9992ac4f17c6fc1a1a_Level_GTSPOON.csv,1740,0.848780487804878,0.6679783491894502
