file,nrBest,proportionBest,entropyNrActions
nr_231_id_14_036560dc7bc431339c4e308691c53846dafdd403_Floor_GTSPOON.csv,1829,0.8921951219512195,0.6364095795522319
