file,nrBest,proportionBest,entropyNrActions
nr_714_id_5_05f898ac4e6bb0f90459e55c348eff561c8acb8e_Resource_GTSPOON.csv,95,0.046341463414634146,3.3762040832412037
