file,nrBest,proportionBest,entropyNrActions
nr_124_id_1_014d3cf83310bb80a3e6702ca631e25379978ea1_SVPropertyParser_GTSPOON.csv,1647,0.8034146341463415,0.9577223885875401
