file,nrBest,proportionBest,entropyNrActions
nr_466_id_14_06b6e35484dd6c3da46615f05567a097f5c9dce6_yacyDHTAction_GTSPOON.csv,1200,0.5853658536585366,1.6799558802420258
