file,nrBest,proportionBest,entropyNrActions
nr_451_id_4_01cfd7450d6ceccc852f2f7fc01400154c7fdbb3_Client_GTSPOON.csv,1233,0.6014634146341463,1.7211317734483094
