file,nrBest,proportionBest,entropyNrActions
nr_45_id_38_1e49b779c6e767814304410d1bcbbf2edb254d94_DirectoryScanner_GTSPOON.csv,1404,0.6848780487804879,1.6405490025585185
