file,nrBest,proportionBest,entropyNrActions
nr_603_id_5_050d52163a7f5d1701cecdd6a993b5be75fefe59_PyTuple_GTSPOON.csv,530,0.25853658536585367,1.5778173252404049
