file,nrBest,proportionBest,entropyNrActions
nr_277_id_30_113a7dffadc6be8b45177d53561e5e04097b2a20_SystemInterface_GTSPOON.csv,1633,0.7965853658536586,0.9217686990370333
