file,nrBest,proportionBest,entropyNrActions
nr_486_id_26_1068e7293081c82f869b9cdbbd061b809c54ff2e_EditWindow_GTSPOON.csv,36,0.0175609756097561,3.0154784221199753
