file,nrBest,proportionBest,entropyNrActions
nr_440_id_17_08e3a4836070975efc6d301acba0fe16c0e1e9e7_PS3Flight_GTSPOON.csv,1647,0.8034146341463415,0.8904040380483617
