file,nrBest,proportionBest,entropyNrActions
nr_471_id_33_3936c2c5f1b84dcfdc5aed206336ad90e89113fe_Pop3Store_GTSPOON.csv,181,0.08829268292682926,2.994223251681924
