file,nrBest,proportionBest,entropyNrActions
nr_464_id_34_3f97b489c0fccd83615db4ac1971d76dc06244c2_AddRemoveRule_GTSPOON.csv,134,0.06536585365853659,2.844453633901711
