file,nrBest,proportionBest,entropyNrActions
nr_26_id_11_004125e62abb16b7799b8b0e60b58142dd2ed70a_AbstractJettyMojo_GTSPOON.csv,1012,0.49365853658536585,1.896222673287174
