file,nrBest,proportionBest,entropyNrActions
nr_480_id_8_0402274ff93c22bfd0504f00ce86f0646781db89_JavaExpr_GTSPOON.csv,42,0.02048780487804878,2.416065489374516
