file,nrBest,proportionBest,entropyNrActions
nr_361_id_20_07201df8ac7966bb8446c687c76fcf6d4e0ee8dd_Game_GTSPOON.csv,1825,0.8902439024390244,0.651535663757057
