file,nrBest,proportionBest,entropyNrActions
nr_282_id_17_0596c72374fe4f83cf96f2560b413073f63fc93e_ComboBoxSearchable_GTSPOON.csv,1616,0.7882926829268293,1.0675402717454912
