file,nrBest,proportionBest,entropyNrActions
nr_432_id_30_1a00abb0ae4e98832e3c5a1a06527d244071d905_AdtPlugin_GTSPOON.csv,113,0.055121951219512196,3.2678424485422664
