file,nrBest,proportionBest,entropyNrActions
nr_371_id_36_5f43f73295907dd9516c851cb8ed97c5bd847787_WorkbenchUtil_GTSPOON.csv,1575,0.7682926829268293,0.9022238409291863
