file,nrBest,proportionBest,entropyNrActions
nr_381_id_30_17bf02109ce404e72c2a8bdd40ab676034a551ff_OracleEnvironment_GTSPOON.csv,664,0.32390243902439025,2.2482324046315667
