file,nrBest,proportionBest,entropyNrActions
nr_12_id_23_007101c1985475982cad1276f6044256994ad23f_ConcurrentHClientPool_GTSPOON.csv,1223,0.5965853658536585,1.9036141625449776
