file,nrBest,proportionBest,entropyNrActions
nr_374_id_32_2112744d8ef12fd977a35a9982523803987d4314_ContextTest_GTSPOON.csv,90,0.04390243902439024,1.8335849027692979
