file,nrBest,proportionBest,entropyNrActions
nr_100_id_26_03a106a0422297602425b418a12cdd784bff7bd4_CucumberTest_GTSPOON.csv,1939,0.9458536585365853,0.3389858432234602
