file,nrBest,proportionBest,entropyNrActions
nr_168_id_36_2937655c8e9ee472b6ca659cee19d5d1491a245e_JavaClasspathTab_GTSPOON.csv,1302,0.6351219512195122,1.3710921172107078
