file,nrBest,proportionBest,entropyNrActions
nr_499_id_14_0714303b22cb64f0ae58d420cc6d72842c15ef6d_JREsPreferencePage_GTSPOON.csv,201,0.09804878048780488,1.5386963594731329
