file,nrBest,proportionBest,entropyNrActions
nr_12_id_18_0029610d459acd697f604a3d233d03b84b797b67_CacheService_GTSPOON.csv,175,0.08536585365853659,2.5862282860661256
