file,nrBest,proportionBest,entropyNrActions
nr_341_id_36_56a142c735c62257e284a4129606921becc12eb6_AllPOIFSStorageTests_GTSPOON.csv,2010,0.9804878048780488,0.12349374685370065
