file,nrBest,proportionBest,entropyNrActions
nr_102_id_6_00b53f94c636247bf97f14c6f3234006258e83cd_BrowserSettings_GTSPOON.csv,711,0.3468292682926829,2.1187128802535735
