file,nrBest,proportionBest,entropyNrActions
nr_270_id_38_b33f8e16a7086759ec89831b22b05d602a86e770_ClassData_GTSPOON.csv,177,0.08634146341463414,2.6080451890068437
