file,nrBest,proportionBest,entropyNrActions
nr_282_id_11_03a6234a1772dc79c6a77613a1212d7030d22fd4_TrackUploadServlet_GTSPOON.csv,16,0.007804878048780488,1.5087300840705833
