file,nrBest,proportionBest,entropyNrActions
nr_70_id_23_02272ec6ab3a8dd499bd65b44b6da03615976c8a_TcpIpJoiner_GTSPOON.csv,899,0.43853658536585366,2.155592017726212
