file,nrBest,proportionBest,entropyNrActions
nr_373_id_4_01790418d66a6d755bccb1419c8a0270b7631a02_CreateCommand_GTSPOON.csv,1815,0.8853658536585366,0.6781631131721906
