file,nrBest,proportionBest,entropyNrActions
nr_429_id_35_53c44d5b2a562f620df4541347202030913acb61_NodeSorter_GTSPOON.csv,975,0.47560975609756095,2.3060648603329152
