file,nrBest,proportionBest,entropyNrActions
nr_187_id_22_0487614874d87fb93064a9496e949221abd4cb64_CreditServiceProcessor_GTSPOON.csv,194,0.09463414634146342,1.488158112538883
