file,nrBest,proportionBest,entropyNrActions
nr_288_id_3_01d85141783318c968ba5c61f8027d582af108f4_XMIExporter_GTSPOON.csv,191,0.09317073170731707,2.60353979218028
