file,nrBest,proportionBest,entropyNrActions
nr_186_id_4_00a56a3f91dc077a585f5d5dc43c8f89a926dd94_CameraActivity_GTSPOON.csv,1473,0.7185365853658536,1.2841244671727372
