file,nrBest,proportionBest,entropyNrActions
nr_61_id_22_014ec97e2b0b1b4efa477558b3af12c36b1d3823_GroupResource_GTSPOON.csv,955,0.4658536585365854,1.8701061046868723
