file,nrBest,proportionBest,entropyNrActions
nr_538_id_33_3fe1a759ee215f03ef81b8d6761ab079220d0083_ApiV2SystemTest_GTSPOON.csv,199,0.09707317073170732,2.6185218616896475
