file,nrBest,proportionBest,entropyNrActions
nr_454_id_19_0ac6b86452b7e1d65f601fd069877604a70ec01a_VirtualMachines_GTSPOON.csv,20,0.00975609756097561,4.323258580554506
