file,nrBest,proportionBest,entropyNrActions
nr_115_id_33_0f227a3e34fb7ecb0434f6aa6ce49d694f771203_LongMap_GTSPOON.csv,25,0.012195121951219513,2.821311260021238
