file,nrBest,proportionBest,entropyNrActions
nr_178_id_22_04413048e9446c8f465978bf0785e3ce992a2a82_HoyaAppMaster_GTSPOON.csv,127,0.06195121951219512,2.585914462426847
