file,nrBest,proportionBest,entropyNrActions
nr_437_id_27_140b9fe6293975f9eb6deb6e3824a71e51d873b7_Fibonacci_GTSPOON.csv,1727,0.8424390243902439,0.7134380439265078
