file,nrBest,proportionBest,entropyNrActions
nr_9_id_11_0011a705bbc34d5138d9b7e6cedf35bd5ab5564c_MoveInfo_GTSPOON.csv,203,0.09902439024390244,1.1982208052825014
