file,nrBest,proportionBest,entropyNrActions
nr_792_id_1_09166df269ac22659f2154d58332f67ad64a5d68_GenEventTest_GTSPOON.csv,1742,0.8497560975609756,0.7897583759324264
