file,nrBest,proportionBest,entropyNrActions
nr_328_id_11_04485e6cb27cdff8139e0e05a2d9da43546e7ca0_IntegrationTest_GTSPOON.csv,1800,0.8780487804878049,0.4547324040550123
