file,nrBest,proportionBest,entropyNrActions
nr_296_id_19_0706155a4c3e443bc320541b6bae7f831c6452e9_WSWindowPanel_GTSPOON.csv,1562,0.7619512195121951,1.1231957636445637
