file,nrBest,proportionBest,entropyNrActions
nr_53_id_29_034ee216f10b9417ecfd014100cada7f6515a152_TedIO_GTSPOON.csv,66,0.03219512195121951,3.013959522659296
