file,nrBest,proportionBest,entropyNrActions
nr_177_id_11_024a0478f22227b39073d0f117ac637a6a6984dc_BuildHistory_GTSPOON.csv,1836,0.895609756097561,0.5829351141713233
