file,nrBest,proportionBest,entropyNrActions
nr_406_id_29_1794e59f41c76319f17a2afc6d073b3622547c4b_CytoscapeSessionWriter_GTSPOON.csv,10,0.004878048780487805,2.3521587073348407
