file,nrBest,proportionBest,entropyNrActions
nr_510_id_34_46084b116d2dbd27e591c40a79b9275f017301fb_HTMLDocument_GTSPOON.csv,105,0.05121951219512195,2.7200339354931424
