file,nrBest,proportionBest,entropyNrActions
nr_18_id_5_0035fcfd13460209c4eb9360347fdd0b33f0afd7_Player_GTSPOON.csv,1474,0.7190243902439024,1.3114731950793872
