file,nrBest,proportionBest,entropyNrActions
nr_644_id_8_05073135390b204c9433d94abce9120b00489816_StateManagerImpl_GTSPOON.csv,147,0.07170731707317073,2.5010694519804533
