file,nrBest,proportionBest,entropyNrActions
nr_270_id_13_03d5fe8d93bbc1f83e01356975552d4924d05c25_DefaultHTMLDOMParser_GTSPOON.csv,2012,0.9814634146341463,0.11455301882750933
