file,nrBest,proportionBest,entropyNrActions
nr_373_id_23_0bb3eab31e9a7acc6312365876cbd7bbbd0871b1_Babel_GTSPOON.csv,1836,0.895609756097561,0.6101179470856886
