file,nrBest,proportionBest,entropyNrActions
nr_59_id_14_00d11675363cbf98a066359f5fc44000d7ac9819_AuthorDaoBean_GTSPOON.csv,754,0.3678048780487805,2.300533942038041
