file,nrBest,proportionBest,entropyNrActions
nr_450_id_27_14bc7f757fb4b7621d2c2562891b0dbb0f4899a9_NameServer_GTSPOON.csv,1415,0.6902439024390243,1.328104669472635
