file,nrBest,proportionBest,entropyNrActions
nr_53_id_19_01401018fc985241f21510ffbafa09bab0cc2214_PojoMetadata_GTSPOON.csv,114,0.055609756097560976,1.574804558894237
