file,nrBest,proportionBest,entropyNrActions
nr_14_id_6_001c38bb783045e72695f7d3d111f1afa308bf9f_TestEnvironment_GTSPOON.csv,1732,0.8448780487804878,0.7893823250260416
