file,nrBest,proportionBest,entropyNrActions
nr_486_id_7_0517f788d688060fb7998ce32ee67c5bdaa0308b_NewRequirementPanel_GTSPOON.csv,1661,0.8102439024390244,0.9963585689137474
