file,nrBest,proportionBest,entropyNrActions
nr_471_id_37_d57ffe6a4346f100dd738aa9d04ac24038d6553b_getAtIndex_GTSPOON.csv,1916,0.9346341463414635,0.4134096427986506
