file,nrBest,proportionBest,entropyNrActions
nr_140_id_3_00ed6d8e93e01c0d09180b79696c9a12a12e56fb_BusinessHorizon_GTSPOON.csv,1938,0.9453658536585365,0.3415443646497466
