file,nrBest,proportionBest,entropyNrActions
nr_195_id_23_0631deaf9374d3132537be41bc0a9f34328e2586_SearchPageUnified_GTSPOON.csv,182,0.08878048780487804,2.6574875069983177
