file,nrBest,proportionBest,entropyNrActions
nr_201_id_3_0165f21c321bf57a9d196cbb557ed5f842e7aa83_Poll_GTSPOON.csv,1934,0.9434146341463414,0.3316527913009363
