file,nrBest,proportionBest,entropyNrActions
nr_16_id_18_0033d697b72c765f764344163afb4d79d5935d5f_SPLogger_GTSPOON.csv,1537,0.7497560975609756,0.9647374246776408
