file,nrBest,proportionBest,entropyNrActions
nr_276_id_12_030a3e5b247fa9565a12e968e7c0378f1e180eb7_mainActivity_GTSPOON.csv,660,0.32195121951219513,1.2322242994399417
