file,nrBest,proportionBest,entropyNrActions
nr_47_id_2_001a05806ebdf818a8f6216506256bd40be16292_TopicusApplicationStatus_GTSPOON.csv,1837,0.8960975609756098,0.5757440911625809
