file,nrBest,proportionBest,entropyNrActions
nr_422_id_9_04d74550b369b9498fb841c0463b8c678e806148_CompilerBindings_GTSPOON.csv,1871,0.9126829268292683,0.5058930885464766
