file,nrBest,proportionBest,entropyNrActions
nr_219_id_14_0330e116b40157795d04672755521e59c1b5fb1c_MenuAccueil_GTSPOON.csv,1357,0.6619512195121952,1.120556415634521
