file,nrBest,proportionBest,entropyNrActions
nr_90_id_14_013f1bba2ec07168782aa7bee964b4a80e0aba75_AlkisUtil_GTSPOON.csv,24,0.011707317073170732,3.314285954239047
