file,nrBest,proportionBest,entropyNrActions
nr_474_id_6_02df710b5c1f2a11ed3e538437c0ad40f702c244_Lexer_GTSPOON.csv,4,0.001951219512195122,2.2755274325391617
