file,nrBest,proportionBest,entropyNrActions
nr_133_id_28_061d5913505a6a2082bb3a70ad5537b4e5bc74db_SurveyViewActivity_GTSPOON.csv,138,0.06731707317073171,2.6042124261064123
