file,nrBest,proportionBest,entropyNrActions
nr_96_id_13_0169047110926d5e99181f834c089468f928dad5_LookupServlet_GTSPOON.csv,1136,0.5541463414634147,2.1436757255322574
