file,nrBest,proportionBest,entropyNrActions
nr_94_id_26_03617571ae31d3e8d3fae01475692cdb926dec5f_PopupTest_GTSPOON.csv,584,0.2848780487804878,1.3239212334811334
