file,nrBest,proportionBest,entropyNrActions
nr_340_id_22_088d5d5059e86469b59af29c2b699cc0c05514e1_DeviceCommActivity_GTSPOON.csv,20,0.00975609756097561,1.3955687597523212
