file,nrBest,proportionBest,entropyNrActions
nr_526_id_9_0607ac5bc726c43087bd398264ff206f83207e99_MainActivity_GTSPOON.csv,147,0.07170731707317073,2.0862249420672008
