file,nrBest,proportionBest,entropyNrActions
nr_201_id_29_0b692dd75c1df2f3d4344884b104e6dbf2fcc0ef_TestEqualEval_GTSPOON.csv,2030,0.9902439024390244,0.061443711955070604
