file,nrBest,proportionBest,entropyNrActions
nr_45_id_14_009f5c5561f08f633bff1015a227605a7fa65db0_BreakpointsView_GTSPOON.csv,2025,0.9878048780487805,0.09378517474940883
