file,nrBest,proportionBest,entropyNrActions
nr_446_id_7_04b790467c3c7f452e944abdcb4089fc3273a3a9_ClearCaseUcmSCMTest_GTSPOON.csv,1929,0.9409756097560975,0.3171289048147946
