file,nrBest,proportionBest,entropyNrActions
nr_554_id_7_05cc40751ff5f062e443a91712b06ee25b9b8e0f_Tags_GTSPOON.csv,1274,0.6214634146341463,1.578728688575318
