file,nrBest,proportionBest,entropyNrActions
nr_229_id_12_027cb845ddfb9e371f604639461151e0537a45db_EssentialsXMPP_GTSPOON.csv,879,0.42878048780487804,0.7776884381071103
