file,nrBest,proportionBest,entropyNrActions
nr_181_id_32_10268316ab5dc1b4d010e4eebe766c51f55281a1_SpatialCellImpl_GTSPOON.csv,35,0.01707317073170732,3.1986405105879503
