file,nrBest,proportionBest,entropyNrActions
nr_591_id_1_0695d80f230f1fc899d0db860d3c655e322756f1_APITransformer_GTSPOON.csv,1923,0.9380487804878048,0.3464738600388125
