file,nrBest,proportionBest,entropyNrActions
nr_131_id_39_d1e3f77f9cd97c58c67decd506954cd521016b1f_CharsetTest_GTSPOON.csv,210,0.1024390243902439,2.336924124399457
