file,nrBest,proportionBest,entropyNrActions
nr_44_id_9_0090febc277dcb2314a11a2d0155c8a3934754d3_Memory_GTSPOON.csv,1934,0.9434146341463414,0.3441906929869008
