file,nrBest,proportionBest,entropyNrActions
nr_292_id_34_2924563c62dc436c2a9d1c8f72bb8ddd1423c7d9_RenderItem_GTSPOON.csv,102,0.04975609756097561,3.5205804513054444
