file,nrBest,proportionBest,entropyNrActions
nr_195_id_30_0c0fe704825d09850b28549fd019c757b8fa3816_HadoopJobManager_GTSPOON.csv,966,0.4712195121951219,2.093865121979523
