file,nrBest,proportionBest,entropyNrActions
nr_205_id_13_02eab029871d8f0c4f54dda70499da7c9ef76224_CameraPreview_GTSPOON.csv,1925,0.9390243902439024,0.3875750539306394
