file,nrBest,proportionBest,entropyNrActions
nr_23_id_16_009fac13f0e5d80b581126bba120d2cd230148f4_ListDetailServlet_GTSPOON.csv,1448,0.7063414634146341,1.0554680648629027
