file,nrBest,proportionBest,entropyNrActions
nr_210_id_29_0bed93ee950bbe317e6942bc4e67d1626c15964a_JSType_GTSPOON.csv,809,0.39463414634146343,2.273589387683296
