file,nrBest,proportionBest,entropyNrActions
nr_329_id_25_0b24c3a972018a372930f67aec9a82c9e12532ac_ConsentWizardAction_GTSPOON.csv,2020,0.9853658536585366,0.104209357187877
