file,nrBest,proportionBest,entropyNrActions
nr_282_id_20_05645a9bce3b487bfb4e9051f856016955c6e612_Circumstance_GTSPOON.csv,1029,0.5019512195121951,1.8022329362302456
