file,nrBest,proportionBest,entropyNrActions
nr_478_id_1_0549cc7431ecf2c6333e335fd7c58001ea46dbe6_TestAccordion_GTSPOON.csv,1188,0.5795121951219512,1.7566581275880713
