file,nrBest,proportionBest,entropyNrActions
nr_73_id_34_0b2a699910e47111104088cdf12d23db95f7f4b8_MainGUI_GTSPOON.csv,60,0.02926829268292683,3.1354900435301247
