file,nrBest,proportionBest,entropyNrActions
nr_605_id_5_0511248dd3ba63bb82f5d693976369008b873f35_RouteManagement_GTSPOON.csv,717,0.3497560975609756,2.6659169511613534
