file,nrBest,proportionBest,entropyNrActions
nr_486_id_31_21e24816cc28c65e0842089b3aa1f7f1b39e8122_Treeline_GTSPOON.csv,14,0.006829268292682927,4.324904192021094
