file,nrBest,proportionBest,entropyNrActions
nr_311_id_11_0410e85ca99eea26e430d22808d77ccc8642cef3_UDPReceiverThread_GTSPOON.csv,1938,0.9453658536585365,0.33902209381097353
