file,nrBest,proportionBest,entropyNrActions
nr_112_id_13_0199c38b67ad91b5dc5b930e083b57da596e72f0_Util_GTSPOON.csv,1575,0.7682926829268293,1.0634116504578748
