file,nrBest,proportionBest,entropyNrActions
nr_73_id_21_023ac9af0bd68c32a5a1c5f9eef3c35dd8c61147_Logic_GTSPOON.csv,317,0.1546341463414634,2.436412984924025
