file,nrBest,proportionBest,entropyNrActions
nr_583_id_5_04df569756f0d0bc43e59b7f4e770aa69c0461fc_JobRecordDialog_GTSPOON.csv,1030,0.5024390243902439,2.0507915526624814
