file,nrBest,proportionBest,entropyNrActions
nr_12_id_23_007101c1985475982cad1276f6044256994ad23f_HConnectionManager_GTSPOON.csv,22,0.010731707317073172,1.667386012678669
