file,nrBest,proportionBest,entropyNrActions
nr_451_id_23_0e134c58901111e88628600ffaccd21c1741dd63_CmsJDOCallback_GTSPOON.csv,5,0.0024390243902439024,2.9582096502238158
