file,nrBest,proportionBest,entropyNrActions
nr_27_id_21_00de891e400012275c3cf0c97e1aa93eb116447c_Validators_GTSPOON.csv,2000,0.975609756097561,0.16418981481233974
