file,nrBest,proportionBest,entropyNrActions
nr_118_id_17_024342250205157f6f625809f876b769d86b364e_ZoneHelperTest_GTSPOON.csv,1921,0.9370731707317074,0.38543444043899466
