file,nrBest,proportionBest,entropyNrActions
nr_496_id_35_5eb4977467d13ac95b6165404a2362902e7bcf9b_PreferencesDialog_GTSPOON.csv,154,0.07512195121951219,2.98113912773012
