file,nrBest,proportionBest,entropyNrActions
nr_481_id_32_2ac5d6aff7b0896061922ae656b9a7408066770f_TypeInferrer_GTSPOON.csv,657,0.3204878048780488,2.4193966615784586
