file,nrBest,proportionBest,entropyNrActions
nr_502_id_37_df72be2ce9194c258ab03b62dbf07bfc696b40fe_Spice_GTSPOON.csv,25,0.012195121951219513,3.205687718889996
