file,nrBest,proportionBest,entropyNrActions
nr_618_id_4_02613f64d2703cb6c5940a033259b8e9cb4de75d_StreamFlowController_GTSPOON.csv,1812,0.8839024390243903,0.6542344616500295
