file,nrBest,proportionBest,entropyNrActions
nr_559_id_10_057074577d168caa23fc379dab2c7961c4f4af01_TestRichAccordion_GTSPOON.csv,909,0.44341463414634147,2.0357575088701356
