file,nrBest,proportionBest,entropyNrActions
nr_178_id_11_024e16cbd910c7a549f525960b1ccfb2db37c752_MethodResolver_GTSPOON.csv,1214,0.5921951219512195,1.5662924019958195
