file,nrBest,proportionBest,entropyNrActions
nr_527_id_10_0516c79abc4de5223bb857ee10a0bb105bff75b1_ASTEnumerator_GTSPOON.csv,1902,0.9278048780487805,0.4340300209468087
