file,nrBest,proportionBest,entropyNrActions
nr_295_id_20_05a846d583bffd81f73a9deb3c538021d557cefe_Empresa_GTSPOON.csv,1800,0.8780487804878049,0.568386736482575
