file,nrBest,proportionBest,entropyNrActions
nr_3_id_25_0039a50a5c85ae4769380b391719080399469d93_Stabs_GTSPOON.csv,175,0.08536585365853659,3.4103011009368607
