file,nrBest,proportionBest,entropyNrActions
nr_504_id_12_056e6c1fe10fb3f5f074128f624b8289296d92cf_Resident_GTSPOON.csv,1800,0.8780487804878049,0.6533309347835
