file,nrBest,proportionBest,entropyNrActions
nr_337_id_24_0a6afe5f29e3e5a9575dd11742dd849e37452c2c_GroovySnippet_GTSPOON.csv,1800,0.8780487804878049,0.47390528252481656
