file,nrBest,proportionBest,entropyNrActions
nr_450_id_25_1005fcec6a9e087f387c9dbde13d0c45e9819047_Spice_GTSPOON.csv,16,0.007804878048780488,3.1479633249982557
