file,nrBest,proportionBest,entropyNrActions
nr_391_id_2_00cfe5fe36c113c74761f38e784d95367260a607_AllWordsLearner_GTSPOON.csv,1297,0.6326829268292683,1.5528181915146437
