file,nrBest,proportionBest,entropyNrActions
nr_62_id_9_00bbb9366671f22dbe9e2fc90bacaf307315399f_Run_GTSPOON.csv,850,0.4146341463414634,1.9206023829718277
