file,nrBest,proportionBest,entropyNrActions
nr_1_id_23_0005b62b2d54b26b66a83291849d53ffd0492cf5_HttpCmd_GTSPOON.csv,1448,0.7063414634146341,1.336839693400223
