file,nrBest,proportionBest,entropyNrActions
nr_188_id_23_060d2d047b6309fc1d6922f3f62f296227645c08_Crawler_GTSPOON.csv,1743,0.8502439024390244,0.8622904729280035
