file,nrBest,proportionBest,entropyNrActions
nr_15_id_19_00512068ffc18f544e64d9ad5869a018b49dcc92_Main_GTSPOON.csv,1440,0.7024390243902439,1.3092240212924189
