file,nrBest,proportionBest,entropyNrActions
nr_75_id_30_0519595ce705708d19fcb00e8002d06fe59f7e46_AddNodeTask_GTSPOON.csv,385,0.1878048780487805,1.3210953148376463
