file,nrBest,proportionBest,entropyNrActions
nr_428_id_21_0ad2734447d3cc829ea9f3414c7ecabb03190044_DataMsg_GTSPOON.csv,6,0.002926829268292683,1.0324620885962155
