file,nrBest,proportionBest,entropyNrActions
nr_202_id_38_8818b80053f228ea362d918512fbcd65cdd60e0e_DirectoryScanner_GTSPOON.csv,1404,0.6848780487804879,1.6405490025585185
