file,nrBest,proportionBest,entropyNrActions
nr_463_id_17_0947f9d37d01b7df3c65e801b37f5ad605f5a2f2_SymlinkTest_GTSPOON.csv,54,0.026341463414634145,2.894777072065607
