file,nrBest,proportionBest,entropyNrActions
nr_446_id_9_0525f88639b1a14686ed96a3507eccb238235144_LockFile_GTSPOON.csv,1848,0.9014634146341464,0.525564832315443
