file,nrBest,proportionBest,entropyNrActions
nr_718_id_5_06026a6a36dc0d673536cfb8f45b219f6dfe848f_Scout_GTSPOON.csv,2010,0.9804878048780488,0.13458206879928086
