file,nrBest,proportionBest,entropyNrActions
nr_129_id_1_0159c89b3313e72e46db946572c1864f5176269c_Shape_GTSPOON.csv,1477,0.7204878048780488,1.2304518671089024
