file,nrBest,proportionBest,entropyNrActions
nr_259_id_21_06d16d78c0059e9676395e08b14f18bedb12868b_MessageModule_GTSPOON.csv,2000,0.975609756097561,0.15678185101970765
