file,nrBest,proportionBest,entropyNrActions
nr_458_id_21_0ba6b372a22844bc058e2b0f139fbfd6181b1c2b_AttackState_GTSPOON.csv,1647,0.8034146341463415,1.0142249963985386
