file,nrBest,proportionBest,entropyNrActions
nr_715_id_1_08107478800c161736b93e43ca856f7e97335e47_StatisticDatabaseInitializator_GTSPOON.csv,1474,0.7190243902439024,1.1134837628332492
