file,nrBest,proportionBest,entropyNrActions
nr_585_id_12_066f0e3cec4d5be19fe71102d42aeab49c381233_PersonServlet_GTSPOON.csv,1925,0.9390243902439024,0.41559373218005785
