file,nrBest,proportionBest,entropyNrActions
nr_149_id_23_0473a4c2cb01e466240e66679809cd8a82f8ceb1_MenuBean_GTSPOON.csv,2010,0.9804878048780488,0.1417229777232707
