file,nrBest,proportionBest,entropyNrActions
nr_183_id_12_02102ab93dbcee6f3e0daa53625c3838e599bc6c_ArenaMatch_GTSPOON.csv,4,0.001951219512195122,2.3013624367356553
