file,nrBest,proportionBest,entropyNrActions
nr_142_id_25_04a6d905a72661b0000f0a40fc74e7337488bfbf_ConfigureListener_GTSPOON.csv,233,0.11365853658536586,2.5398976152720616
