file,nrBest,proportionBest,entropyNrActions
nr_44_id_26_01be69ad83348da512fb9a132ceb0d4215923d70_ClientTradeInfo_GTSPOON.csv,1928,0.9404878048780487,0.3955665376763946
