file,nrBest,proportionBest,entropyNrActions
nr_45_id_10_0060423ea4c9411f8ebec8c856654bf5284b5d7e_Plugin_GTSPOON.csv,2025,0.9878048780487805,0.08835021314322934
