file,nrBest,proportionBest,entropyNrActions
nr_469_id_16_085c17fd4072a0223e3641d81329b33d62cfdb8f_CDRInputStream_GTSPOON.csv,179,0.0873170731707317,2.598257633320869
