file,nrBest,proportionBest,entropyNrActions
nr_304_id_22_07ac9c7be787940cd85c46d79a2f7a1fdbf8800b_Router_GTSPOON.csv,433,0.21121951219512194,2.8921265605648534
