file,nrBest,proportionBest,entropyNrActions
nr_249_id_38_a7953f20fc1f893712b07f9216d7b0e452eec779_MediaProvider_GTSPOON.csv,38,0.018536585365853658,3.0583054588701364
