file,nrBest,proportionBest,entropyNrActions
nr_204_id_37_5c52003bf9256c082b2bbe5d222c7df5e3691406_DBUtils_GTSPOON.csv,124,0.06048780487804878,2.6027089810396538
