file,nrBest,proportionBest,entropyNrActions
nr_301_id_8_02884a4e52106b2c299bb9765772edc472d1f5df_Controller_GTSPOON.csv,526,0.25658536585365854,2.605469481035342
