file,nrBest,proportionBest,entropyNrActions
nr_30_id_21_011d38aaffffd13320c4f6348b296540c38e2ba6_DateTimeAdapter_GTSPOON.csv,1125,0.5487804878048781,1.8101155934946387
