file,nrBest,proportionBest,entropyNrActions
nr_625_id_2_0156d624c11701e06c544d2b31668f1f9eade3c5_AddCategoryView_GTSPOON.csv,2007,0.9790243902439024,0.12064453562395894
