file,nrBest,proportionBest,entropyNrActions
nr_319_id_20_0637501acba38fce57e501282571443c5f609c34_ChatClient_GTSPOON.csv,165,0.08048780487804878,3.33603549459384
