file,nrBest,proportionBest,entropyNrActions
nr_398_id_18_077b02f35365104f2233c8907dcb549334539d29_JythonTest_GTSPOON.csv,1926,0.9395121951219512,0.3691754704977125
