file,nrBest,proportionBest,entropyNrActions
nr_86_id_4_004aedca50551516192a1bda5a1ff02b67651e32_InitiateRnRPage_GTSPOON.csv,495,0.24146341463414633,2.544838191337651
