file,nrBest,proportionBest,entropyNrActions
nr_334_id_21_08ab31f1f56ac140b6bd7cb1238cf9b9a24b3566_RMIMixinTest_GTSPOON.csv,1619,0.7897560975609756,0.5931224524354934
