file,nrBest,proportionBest,entropyNrActions
nr_297_id_18_05e8e04ea807681c2895f92d26953f066b0d5cad_NetworkClient_GTSPOON.csv,1215,0.5926829268292683,1.6058282408852125
