file,nrBest,proportionBest,entropyNrActions
nr_220_id_36_380a345a110b63ff35bbce0fdeace71164228f78_FileBrowser_GTSPOON.csv,1732,0.8448780487804878,0.8415091984453014
