file,nrBest,proportionBest,entropyNrActions
nr_437_id_13_06753f875e63c9e91b74b444f3a737ab27f35f3a_DefaultActionScheduler_GTSPOON.csv,1848,0.9014634146341464,0.5496855021241649
