file,nrBest,proportionBest,entropyNrActions
nr_280_id_32_180fb98479f153427c4eece32abd53b08987c6cb_CameraManager_GTSPOON.csv,1019,0.4970731707317073,2.049132238433087
