file,nrBest,proportionBest,entropyNrActions
nr_354_id_32_1f583729cd122e3f07285b5e586e9c19d1651162_CCNFlowControlTest_GTSPOON.csv,780,0.3804878048780488,2.428085364596824
