file,nrBest,proportionBest,entropyNrActions
nr_254_id_30_0fd17f1978dc94b61a95241723df02836f812a53_TextUtil_GTSPOON.csv,1721,0.8395121951219512,0.7174718053480112
