file,nrBest,proportionBest,entropyNrActions
nr_252_id_7_02bad7e719292e0007200ab1d7728e5ce78ff28a_LateralJGSender_GTSPOON.csv,40,0.01951219512195122,1.5810360025374977
