file,nrBest,proportionBest,entropyNrActions
nr_126_id_4_006e9829fe609585954ed673d8ada1167aabf809_ExpressionTransformer_GTSPOON.csv,145,0.07073170731707316,2.8428550798815255
