file,nrBest,proportionBest,entropyNrActions
nr_433_id_31_1e5d8d5b4e19a62f3eb07481761eee9797299bb1_LatLonCalculator_GTSPOON.csv,38,0.018536585365853658,1.7177591601384696
