file,nrBest,proportionBest,entropyNrActions
nr_369_id_17_07425d0c6db28ac363e468d6e5e0140a8262b94e_ColumnTag_GTSPOON.csv,1635,0.7975609756097561,0.8048970474378535
