file,nrBest,proportionBest,entropyNrActions
nr_26_id_21_00db9c4e0e4dc9d749fa2fb9ee8e054454e64951_Contract_GTSPOON.csv,270,0.13170731707317074,1.9127899531820964
