file,nrBest,proportionBest,entropyNrActions
nr_437_id_3_02e10d0c5831cbece9d92f75b820164042dd4f63_Activator_GTSPOON.csv,1923,0.9380487804878048,0.387548131693703
