file,nrBest,proportionBest,entropyNrActions
nr_153_id_21_041fa273913dbd1496772466f969ad18a30eb8d3_StatementGenerator_GTSPOON.csv,80,0.03902439024390244,2.671652677089245
