file,nrBest,proportionBest,entropyNrActions
nr_482_id_21_0c353d3e01a3b30584067cd2569c1dd46b988dc6_PagingUtil_GTSPOON.csv,1757,0.8570731707317073,0.7405175721702442
