file,nrBest,proportionBest,entropyNrActions
nr_138_id_28_063778ece731bb894712a2e0d867a7e3f39f59a1_AuditoryWidgets_GTSPOON.csv,1364,0.6653658536585366,1.5842090776703457
