file,nrBest,proportionBest,entropyNrActions
nr_105_id_23_02fdcaef920cd764cc7c0ab937367475835e9c9b_PhotoModule_GTSPOON.csv,209,0.10195121951219512,2.4407754036019758
