file,nrBest,proportionBest,entropyNrActions
nr_548_id_33_4101818d4137434c6ddabcf044685604e2905feb_CameraFocusEntity_GTSPOON.csv,40,0.01951219512195122,0.9647661487506557
