file,nrBest,proportionBest,entropyNrActions
nr_291_id_15_056caff8058816520423a7228e49c9966b433c5b_TachyonFS_GTSPOON.csv,210,0.1024390243902439,2.3321589612411087
