file,nrBest,proportionBest,entropyNrActions
nr_318_id_38_d0ca696c14cd3e5d2c93265e4692c1e086235793_Str2_GTSPOON.csv,1819,0.8873170731707317,0.4197730142381869
