file,nrBest,proportionBest,entropyNrActions
nr_675_id_2_0173de43d7784944a02c25a828e4022f59df8b83_AbstractTasklet_GTSPOON.csv,1839,0.8970731707317073,0.6058942085497995
