file,nrBest,proportionBest,entropyNrActions
nr_444_id_25_0fdcb77440004650f32009a671322ef8aba88557_VocabularySearcher_GTSPOON.csv,976,0.47609756097560973,1.9694296586200708
