file,nrBest,proportionBest,entropyNrActions
nr_198_id_19_04b91919b939f223be05943d5b239b5c34bf952f_SettingsController_GTSPOON.csv,1620,0.7902439024390244,1.007418185255386
