file,nrBest,proportionBest,entropyNrActions
nr_734_id_1_085785d19b38f59a0ea2b274f15ce46b634777f5_AjaxEditInPlaceLabel_GTSPOON.csv,1756,0.8565853658536585,0.742883798550089
