file,nrBest,proportionBest,entropyNrActions
nr_414_id_21_0a8916decbb5ba70434d93977e03e6ad19f41f26_CollectClassFiles_GTSPOON.csv,1907,0.9302439024390244,0.3970971483403611
