file,nrBest,proportionBest,entropyNrActions
nr_250_id_31_11b12e2010b51e055c0f1d3fc16d229e2e974f39_ExpressionLanguageStage_GTSPOON.csv,1831,0.8931707317073171,0.5853954132538033
