file,nrBest,proportionBest,entropyNrActions
nr_469_id_24_0e155bb58290b6a7030847d36fa4b9c304744bdd_CommandValidatorTest_GTSPOON.csv,56,0.027317073170731707,2.046817788383606
