file,nrBest,proportionBest,entropyNrActions
nr_18_id_11_00285f7b23d2ca550f85a347e46152afde2622f8_ShowMembers_GTSPOON.csv,1929,0.9409756097560975,0.38369396285002727
