file,nrBest,proportionBest,entropyNrActions
nr_53_id_11_009a056e4ec0642f96189f2b4fb231a6506be122_GameSupport_GTSPOON.csv,1612,0.7863414634146342,1.0891717692753162
