file,nrBest,proportionBest,entropyNrActions
nr_618_id_1_06e8ae3332ecd351da4695f7b08897677ab3c2d4_GroovyDataProvider_GTSPOON.csv,1014,0.4946341463414634,1.9955610843297995
