file,nrBest,proportionBest,entropyNrActions
nr_287_id_16_05473d8500afef9f3168b8a29712b660c2dc5de1_SkyQuestData_GTSPOON.csv,660,0.32195121951219513,2.8273008595019418
