file,nrBest,proportionBest,entropyNrActions
nr_55_id_3_00694620e268013366363b2e8e019442b2e667e0_JavaTranslator_GTSPOON.csv,551,0.26878048780487807,2.4350989319648937
