file,nrBest,proportionBest,entropyNrActions
nr_330_id_5_02ab6c19589afa448499f9b660e2c3e231016188_FileConnector_GTSPOON.csv,187,0.09121951219512195,3.092284192459997
