file,nrBest,proportionBest,entropyNrActions
nr_373_id_28_109693c24861d180ff67a08b8b318aaa4d7fcee5_ReaderView_GTSPOON.csv,40,0.01951219512195122,2.692619065229313
