file,nrBest,proportionBest,entropyNrActions
nr_166_id_1_01faf156307aaf922adab85d55347f06ae3f2d12_IWindow_GTSPOON.csv,472,0.2302439024390244,2.3193096172032166
