file,nrBest,proportionBest,entropyNrActions
nr_164_id_17_033ab7f6f0f5501cc27866500f4f072dcafcc61e_PatienceDiff_GTSPOON.csv,1818,0.8868292682926829,0.6891112117754667
