file,nrBest,proportionBest,entropyNrActions
nr_1_id_9_000b1ec9532eb5c479a38a5c49c5713b92c675d5_EquationMath_GTSPOON.csv,1619,0.7897560975609756,1.148935275677482
