file,nrBest,proportionBest,entropyNrActions
nr_365_id_33_2eb8b356323788d9006535ce16480ead19078f6f_AcquisitionScrewControl_GTSPOON.csv,705,0.3439024390243902,1.292552688182405
