file,nrBest,proportionBest,entropyNrActions
nr_375_id_25_0d1abbabffa9291fb0f39684e9f206085b118e55_RenderLaptop_GTSPOON.csv,1815,0.8853658536585366,0.6766935929024191
