file,nrBest,proportionBest,entropyNrActions
nr_407_id_24_0c524df06a8d75e66a481ce24e8ec2d95d58f1e0_Client_GTSPOON.csv,695,0.33902439024390246,2.4291904304126133
