file,nrBest,proportionBest,entropyNrActions
nr_294_id_36_496a06d2a2f04f45ec972ed6c9020dc61fe17f1e_HttpUtil_GTSPOON.csv,144,0.0702439024390244,2.859537628831715
