file,nrBest,proportionBest,entropyNrActions
nr_80_id_10_00a693d604591716adc6184f199dcd8cc33e384e_Common_GTSPOON.csv,896,0.4370731707317073,2.0932418907642254
