file,nrBest,proportionBest,entropyNrActions
nr_331_id_9_03f464ac7361b5655050cef15be5c0d38147966d_TypeRemoveHandler_GTSPOON.csv,2013,0.9819512195121951,0.11658887453189884
