file,nrBest,proportionBest,entropyNrActions
nr_52_id_20_00f32373e47f8f53e07968b91289ec4c436b568a_BrowserTableDataSource_GTSPOON.csv,576,0.2809756097560976,2.4513080734982378
