file,nrBest,proportionBest,entropyNrActions
nr_307_id_6_01f0343f6c111e58d3002543de92ee2dadc92ec4_SorterTest_GTSPOON.csv,1934,0.9434146341463414,0.34347381118106896
