file,nrBest,proportionBest,entropyNrActions
nr_818_id_2_01c12317d942c42f987c62542af05eb45251a22f_LogCacheActivity_GTSPOON.csv,199,0.09707317073170732,2.6031182792907024
