file,nrBest,proportionBest,entropyNrActions
nr_173_id_16_034a92a6e9663aece5f5b2730d119b4726b1d328_SeamComponentsViewTest_GTSPOON.csv,665,0.32439024390243903,2.1403245567189737
