file,nrBest,proportionBest,entropyNrActions
nr_104_id_20_021577a3418287c133dcd2f4fa67ea82d414d34e_OdaJdbcPlugin_GTSPOON.csv,2010,0.9804878048780488,0.1096593682012667
