file,nrBest,proportionBest,entropyNrActions
nr_516_id_7_0552b390774edded287e41abdc010db46eb3564d_BuyableItem_GTSPOON.csv,569,0.2775609756097561,3.169834278214492
