file,nrBest,proportionBest,entropyNrActions
nr_504_id_33_3c2d7d84262d380e714ea37e74544ad3269a0994_TypeInference_GTSPOON.csv,144,0.0702439024390244,3.0051964298357765
