file,nrBest,proportionBest,entropyNrActions
nr_502_id_5_041d7a316744268dbe1114b3a51061d5238be36b_SensorTestOpenGLActivity_GTSPOON.csv,1931,0.9419512195121951,0.3633209585558346
