file,nrBest,proportionBest,entropyNrActions
nr_119_id_30_0785c422e6efebfd74b6a9d22af9160898c78b9e_UpdateFlowSpace_GTSPOON.csv,1716,0.8370731707317073,0.9589489725520821
