file,nrBest,proportionBest,entropyNrActions
nr_96_id_28_044cda8a6a3a1797a8c6866ed1f2a37abd336dab_Felix_GTSPOON.csv,60,0.02926829268292683,2.5970836664912267
