file,nrBest,proportionBest,entropyNrActions
nr_34_id_22_00b9305671d722ed22a06709d430aad80e820beb_ImageTag_GTSPOON.csv,641,0.3126829268292683,1.7268523068211399
