file,nrBest,proportionBest,entropyNrActions
nr_505_id_11_07042b918ae668e6a396da09161dcb04d2dfa38c_NaiveUserAgent_GTSPOON.csv,1847,0.9009756097560976,0.5736651861049744
