file,nrBest,proportionBest,entropyNrActions
nr_304_id_24_0959c615840b49a2d21a14146c6e0f71f0cf8c91_StopInfoActivity_GTSPOON.csv,635,0.3097560975609756,2.3129111865714282
