file,nrBest,proportionBest,entropyNrActions
nr_358_id_7_03b80fb9ed59ec5a90d3f1a8904ab219683dd6f1_PlaceChecker_GTSPOON.csv,1031,0.5029268292682927,1.961719814189025
