file,nrBest,proportionBest,entropyNrActions
nr_52_id_4_002a3fece284f713537fad4523ee963d257350e9_ActivityState_GTSPOON.csv,1632,0.7960975609756098,1.0046336279447439
