file,nrBest,proportionBest,entropyNrActions
nr_339_id_22_08873da55d5f324ece393e5073f0a8c54dde9675_WorkbenchToolBar_GTSPOON.csv,1463,0.7136585365853658,1.3190137747351196
