file,nrBest,proportionBest,entropyNrActions
nr_389_id_27_1182340ce9b555c1040672c906b31804bd9fd165_AddViewFolderInitializer_GTSPOON.csv,1451,0.7078048780487805,1.1236050871584202
