file,nrBest,proportionBest,entropyNrActions
nr_336_id_2_00b123f4ea6498aa32ad0dd4907a67cdd82b52f2_ObjectSystem_GTSPOON.csv,1564,0.7629268292682927,1.1450344596402255
