file,nrBest,proportionBest,entropyNrActions
nr_114_id_17_0237a56957312b3cf74daebdc955731ee4514f43_TaskListFilterTest_GTSPOON.csv,1455,0.7097560975609756,1.351159437519358
