file,nrBest,proportionBest,entropyNrActions
nr_273_id_3_01c70aeb1919c647ac4e5b51b6dff85d88f70eee_X10TypeEnv_c_GTSPOON.csv,180,0.08780487804878048,3.043016530429482
