file,nrBest,proportionBest,entropyNrActions
nr_619_id_36_9e9439abcf964ae5068fb9e459b5086d18449b77_OSMRelation_GTSPOON.csv,5,0.0024390243902439024,2.3272818975549425
