file,nrBest,proportionBest,entropyNrActions
nr_388_id_21_0a222057c0a907eb233739e4992c659d6b457c3f_EmployeeService_GTSPOON.csv,812,0.3960975609756098,2.1920168389393897
