file,nrBest,proportionBest,entropyNrActions
nr_430_id_29_18fd43f0e01dd94247d19b4624b723d86fd189c7_JOGLTarget_GTSPOON.csv,10,0.004878048780487805,2.3501541900646563
