file,nrBest,proportionBest,entropyNrActions
nr_279_id_35_33b9a29cbda70b5fa3e989f068895295e8f563e1_TagReference_GTSPOON.csv,1718,0.8380487804878048,0.7309611405836042
