file,nrBest,proportionBest,entropyNrActions
nr_113_id_38_4d4c78815f199487bf80a536351b9a4fd4f2ecf3_XmlTypeDefinition_GTSPOON.csv,1615,0.7878048780487805,0.6157668788480827
