file,nrBest,proportionBest,entropyNrActions
nr_283_id_31_13dcc7044504e61f4ae16723e31320cc7d603ad3_AccountListActivity_GTSPOON.csv,1911,0.9321951219512196,0.4219887009274122
