file,nrBest,proportionBest,entropyNrActions
nr_46_id_15_00be99cdae5cdd21e8535b6a3a34928093b70895_HeadlessChecker_GTSPOON.csv,325,0.15853658536585366,1.2780079451101678
