file,nrBest,proportionBest,entropyNrActions
nr_116_id_13_019f31bfca461e618f59fa5527c6a279bf2054e5_SahiTasks_GTSPOON.csv,60,0.02926829268292683,2.704372994188519
