file,nrBest,proportionBest,entropyNrActions
nr_67_id_29_042ebb8eb337a2b7e91283fcaa42317c9c4db883_IntegrationJob_GTSPOON.csv,1361,0.6639024390243903,1.7065274445956486
