file,nrBest,proportionBest,entropyNrActions
nr_142_id_12_019024bc6062cf6f3526e6b4305c68a58b27a59c_ViewThreadFragment_GTSPOON.csv,1566,0.7639024390243903,1.1474256632577275
