file,nrBest,proportionBest,entropyNrActions
nr_116_id_28_054b52a673dd9d3184a1b682f4f38111d9fe80aa_UITopicDetail_GTSPOON.csv,209,0.10195121951219512,2.5460489184721946
