file,nrBest,proportionBest,entropyNrActions
nr_153_id_16_0308c273fe01ca84e25cf30a41458e5b58917e34_LightWalkerRemote_GTSPOON.csv,1666,0.8126829268292682,0.9160730969042901
