file,nrBest,proportionBest,entropyNrActions
nr_498_id_12_055fa0a344f4c62613991cfcecce3400398166aa_AbstractPassageBook_GTSPOON.csv,1824,0.8897560975609756,0.6322441863537388
