file,nrBest,proportionBest,entropyNrActions
nr_439_id_7_04a7ee829585973c667ca688a41f65897eaad452_CallNotifier_GTSPOON.csv,17,0.008292682926829269,2.6356292122560125
