file,nrBest,proportionBest,entropyNrActions
nr_217_id_30_0d43991074e178c388b06b2f8984967c140451b9_AdtPlugin_GTSPOON.csv,113,0.055121951219512196,3.2678424485422664
