file,nrBest,proportionBest,entropyNrActions
nr_356_id_6_0224ed6f604c1cfff7fc6dabe1176b07fee6f694_Task_GTSPOON.csv,546,0.26634146341463416,2.3527011573713317
