file,nrBest,proportionBest,entropyNrActions
nr_443_id_16_07f8f43a598a85a8f70fa4e30046e6d761332405_Base64EncodedImage_GTSPOON.csv,1603,0.7819512195121952,0.9142112789768887
