file,nrBest,proportionBest,entropyNrActions
nr_184_id_30_0b5cddd44bde5b8685b22b7cb7e612638ba2fd9a_Camera_GTSPOON.csv,1717,0.8375609756097561,0.701899310029255
