file,nrBest,proportionBest,entropyNrActions
nr_42_id_7_00662cb0615a5f19478696e2872351f8f0a3f46c_JobTable_GTSPOON.csv,300,0.14634146341463414,2.5762978168616124
