file,nrBest,proportionBest,entropyNrActions
nr_214_id_25_070b2f578de976f64e929b595f3e94929c726c57_JavafxAttr_GTSPOON.csv,65,0.03170731707317073,2.464215729627838
