file,nrBest,proportionBest,entropyNrActions
nr_211_id_19_050cf89f9f1a155231012e063926ed4a153fcc71_UIExporterPNGPanel_GTSPOON.csv,1478,0.7209756097560975,1.2530641579223862
