file,nrBest,proportionBest,entropyNrActions
nr_643_id_5_056570285af12cc29f6003ba10cf16e7e1eed89e_ThreatSensor_GTSPOON.csv,87,0.042439024390243905,0.3183510414653075
