file,nrBest,proportionBest,entropyNrActions
nr_383_id_20_0768a409e4dc07cbb0f596dd448f8f2631989701_EspPublishingService_GTSPOON.csv,1817,0.8863414634146342,0.6511321747107779
