file,nrBest,proportionBest,entropyNrActions
nr_206_id_16_03d1edd7965387bf112a6837e0e83cbf4b70c0c0_TimeView_GTSPOON.csv,1365,0.6658536585365854,1.536109492185274
