file,nrBest,proportionBest,entropyNrActions
nr_112_id_3_00cb72391c80e5189169be8a07cf3739a60bd231_POSTaggerTest_GTSPOON.csv,1838,0.8965853658536586,0.5863915178741483
