file,nrBest,proportionBest,entropyNrActions
nr_199_id_16_03a8742864c4a1081338be6255224e153c03fc4e_FOAFResource_GTSPOON.csv,67,0.032682926829268294,2.4536124312494825
