file,nrBest,proportionBest,entropyNrActions
nr_29_id_8_003acb0897e5f6b05b730051fc1e166b7a006af6_EntityProxy_GTSPOON.csv,118,0.0575609756097561,3.162418151119284
