file,nrBest,proportionBest,entropyNrActions
nr_454_id_20_08b6fa46bf34f90a0c2587982823647d6185a42c_Selector_GTSPOON.csv,382,0.18634146341463415,1.1465589408715144
