file,nrBest,proportionBest,entropyNrActions
nr_356_id_9_04349a03c81e7d12670abd20f088be0e6a693761_ValangParserTests_GTSPOON.csv,1095,0.5341463414634147,1.8023853212460808
