file,nrBest,proportionBest,entropyNrActions
nr_231_id_13_034eac51e6b5a643738f0970385d7613a9ff26dd_StatusPreference_GTSPOON.csv,1188,0.5795121951219512,1.76472518736793
