file,nrBest,proportionBest,entropyNrActions
nr_320_id_12_03759076ac5351818216f756d8a2a4c5be57d74d_Homescreen_GTSPOON.csv,1638,0.7990243902439025,0.9052884560253827
