file,nrBest,proportionBest,entropyNrActions
nr_184_id_7_020416cc07295d700bf8890fd4f6af5fbb880225_RivalryBreakRequest_GTSPOON.csv,1532,0.7473170731707317,1.168062253475436
