file,nrBest,proportionBest,entropyNrActions
nr_413_id_2_00db12a3b6351e84ad4bf12d6df948d22a3c290f_StaffFinder_GTSPOON.csv,1468,0.7160975609756097,1.3469504469063471
