file,nrBest,proportionBest,entropyNrActions
nr_7_id_5_0018fb9b36aafd352468263c541c8c489405fc4c_Server2D_GTSPOON.csv,189,0.09219512195121951,2.897695019567692
