file,nrBest,proportionBest,entropyNrActions
nr_239_id_33_1d93f70b5579d9dbc537666967ac96ad9615d7ff_CoverFlow_GTSPOON.csv,146,0.07121951219512195,2.843462544767662
