file,nrBest,proportionBest,entropyNrActions
nr_511_id_12_0580fcffd86068494324f75c041eb45df154071b_CommonListModel_GTSPOON.csv,1807,0.8814634146341463,0.4686136455159542
