file,nrBest,proportionBest,entropyNrActions
nr_33_id_23_00f8f2c5a527d112ddf506273756cae34836d9be_GamesInCommon_GTSPOON.csv,619,0.3019512195121951,2.093923747386043
