file,nrBest,proportionBest,entropyNrActions
nr_465_id_33_387bee8b616623d91103751e8afe6d7c21842446_CsvTest_GTSPOON.csv,1757,0.8570731707317073,0.7413784985276521
