file,nrBest,proportionBest,entropyNrActions
nr_395_id_18_076b43d6a0596a56f4c4ffa0298bd9e2d5534437_ErrorMessageDialog_GTSPOON.csv,1939,0.9458536585365853,0.30254694535836424
