file,nrBest,proportionBest,entropyNrActions
nr_206_id_18_04099d0a63a17db95ff731ff591018221c5644a9_WebOfTrust_GTSPOON.csv,144,0.0702439024390244,3.076321210218607
