file,nrBest,proportionBest,entropyNrActions
nr_433_id_36_7071c8a57ff8113168f3e204ec2cd5ee4556cb66_VDCServiceBean_GTSPOON.csv,6,0.002926829268292683,3.109206389341149
