file,nrBest,proportionBest,entropyNrActions
nr_312_id_36_52606707603044a5c25c5d2ed7e92c79f43a2688_UIPortal_GTSPOON.csv,1160,0.5658536585365853,1.9359870454387744
