file,nrBest,proportionBest,entropyNrActions
nr_23_id_29_014bb489099a684142adc9cf97d10e15c67a56b3_Context_GTSPOON.csv,616,0.30048780487804877,1.9913731336091698
