file,nrBest,proportionBest,entropyNrActions
nr_505_id_21_0cad321b66953cde19d810b246e85ebb36e81e7c_Constants_GTSPOON.csv,1196,0.5834146341463414,1.1377333590264775
