file,nrBest,proportionBest,entropyNrActions
nr_84_id_13_01442b2d8bc4004ce0f06a9d25956502200b4f1f_FirstVisitor_GTSPOON.csv,1848,0.9014634146341464,0.526214306676442
