file,nrBest,proportionBest,entropyNrActions
nr_295_id_28_0d57e9db74041aa8577101e1a9ed8af53bf8a883_Aluno_GTSPOON.csv,1643,0.8014634146341464,0.9839787341384165
