file,nrBest,proportionBest,entropyNrActions
nr_464_id_35_59a07ae65ceb0479cc9842d2a0d65bc4c206f5f1_StyleFileLoader_GTSPOON.csv,1743,0.8502439024390244,0.8956015926691953
