file,nrBest,proportionBest,entropyNrActions
nr_453_id_8_03cc1b3b9ab0563e74f3403f9088440ffc164c5b_GamePanel_GTSPOON.csv,1180,0.5756097560975609,1.9641010627409738
