file,nrBest,proportionBest,entropyNrActions
nr_4_id_23_00217b4a957e4beb779f0b98c3f18af3d5c67d02_Topic_GTSPOON.csv,882,0.4302439024390244,2.2972985398561225
