file,nrBest,proportionBest,entropyNrActions
nr_341_id_20_06a652b19f00e69175d43208f307075beac4f179_RefReplacerTest_GTSPOON.csv,1933,0.9429268292682926,0.37147868497600456
