file,nrBest,proportionBest,entropyNrActions
nr_21_id_28_013984925d692d6b5b2adfede09d16f7c684db90_WebimPresence_GTSPOON.csv,1800,0.8780487804878049,0.48544388285331086
