file,nrBest,proportionBest,entropyNrActions
nr_488_id_12_054b03b08d7f28d181959b2f09ad26608fe1c9e4_Hero_GTSPOON.csv,681,0.33219512195121953,2.321685011545297
