file,nrBest,proportionBest,entropyNrActions
nr_93_id_17_01cf98f5534754fe6dbb669fc871f999325487e7_BAMFileWriter_GTSPOON.csv,1742,0.8497560975609756,0.8035950555172096
