file,nrBest,proportionBest,entropyNrActions
nr_280_id_23_08f14d437564af00ff3630ac0c583df24c6ee7e0_PerformanceResults_GTSPOON.csv,5,0.0024390243902439024,3.1448637310857928
