file,nrBest,proportionBest,entropyNrActions
nr_552_id_7_05c509f26b6f0b4b40654de47549f9a4e99d8c80_InterpreterSmokeTest_GTSPOON.csv,2030,0.9902439024390244,0.06528841661718274
