file,nrBest,proportionBest,entropyNrActions
nr_130_id_37_3af20b8467f8479eb79727cb311beb5725fca675_JarHandler_GTSPOON.csv,1054,0.5141463414634146,1.9473035943577144
