file,nrBest,proportionBest,entropyNrActions
nr_365_id_19_089b85025058367cd8126f6cd9755b5c822f3cb0_SleeComponent_GTSPOON.csv,100,0.04878048780487805,1.4395632427446978
