file,nrBest,proportionBest,entropyNrActions
nr_252_id_25_087528603b506f071627e02b6d42688ebae5d173_GelfAppender_GTSPOON.csv,510,0.24878048780487805,1.6311758207718405
