file,nrBest,proportionBest,entropyNrActions
nr_317_id_30_13874f47e6868307d1ba5c29411944b7e91f3486_IOHandlerUnseekable_GTSPOON.csv,1484,0.7239024390243902,1.2115551462783642
