file,nrBest,proportionBest,entropyNrActions
nr_218_id_25_071aa0a8c3bb2541353f0b6a439d37c77cfb3ab5_SearchUtils_GTSPOON.csv,10,0.004878048780487805,1.8365355725078711
