file,nrBest,proportionBest,entropyNrActions
nr_258_id_1_030862489796bda9645ec2282f556f732e720283_DownloadList_GTSPOON.csv,376,0.18341463414634146,2.677200432114933
