file,nrBest,proportionBest,entropyNrActions
nr_238_id_17_04d613065968ba9a28bc96a376fa8339cca10078_RoutingTube_GTSPOON.csv,723,0.3526829268292683,2.625769017807354
