file,nrBest,proportionBest,entropyNrActions
nr_277_id_37_769bebac040fb4b12a1ac9101bf9b886598a51c4_ClientUtilities_GTSPOON.csv,121,0.059024390243902436,2.802313695629265
