file,nrBest,proportionBest,entropyNrActions
nr_279_id_17_05913c4289d1b1bc49dd3bd6130b0513af106bf8_Main_GTSPOON.csv,2000,0.975609756097561,0.1553373793423018
