file,nrBest,proportionBest,entropyNrActions
nr_114_id_24_036a7b5f499740055c80c91b5fc25ccdfdf59489_CLInterface_GTSPOON.csv,57,0.027804878048780488,3.4297998275105073
