file,nrBest,proportionBest,entropyNrActions
nr_8_id_28_007fa449ff5525b2f56939775932a62e4458791f_SdkSource_GTSPOON.csv,336,0.16390243902439025,2.650585852356054
