file,nrBest,proportionBest,entropyNrActions
nr_792_id_2_01b0a3cfeb6c76a89749b879d0918158f51b9473_NodeParameterDefinition_GTSPOON.csv,1734,0.8458536585365853,0.8251167368053811
