file,nrBest,proportionBest,entropyNrActions
nr_72_id_16_0173e47f90c34637e2146653a3a5ada63818bb64_OpenOfficePanel_GTSPOON.csv,163,0.07951219512195122,2.676538332648274
