file,nrBest,proportionBest,entropyNrActions
nr_386_id_6_0256ad2a978adb435bd28c46601c76a80f6a7fff_FormatUtils_GTSPOON.csv,329,0.16048780487804878,2.7026592998156858
