file,nrBest,proportionBest,entropyNrActions
nr_560_id_4_022eb04a0b3cd76c0514e8f853f9310821b90e2f_RAFile_GTSPOON.csv,1820,0.8878048780487805,0.4109661705655584
