file,nrBest,proportionBest,entropyNrActions
nr_555_id_11_07f82f961a790ffd1d84fc4bf267ff743736f96b_TaskListView_GTSPOON.csv,154,0.07512195121951219,2.8277408369421404
