file,nrBest,proportionBest,entropyNrActions
nr_233_id_6_017ff4689b3a68d722e119c72f69eafd9869072b_CasesBoardViewer_GTSPOON.csv,555,0.2707317073170732,2.397839960210655
