file,nrBest,proportionBest,entropyNrActions
nr_102_id_24_032d77a172ef2767279c10f3c8e88c3d1a3e7c3a_ThingView_GTSPOON.csv,57,0.027804878048780488,2.564813868664835
