file,nrBest,proportionBest,entropyNrActions
nr_231_id_28_0a1f614d8b02688f70451be6bff501416cc34bb6_OrientVertex_GTSPOON.csv,149,0.07268292682926829,3.611196538116434
