file,nrBest,proportionBest,entropyNrActions
nr_185_id_7_02056155ec38207879e98735a5eda0d9ab850d49_Callcentric_GTSPOON.csv,2030,0.9902439024390244,0.07074533292194263
