file,nrBest,proportionBest,entropyNrActions
nr_454_id_5_03bc9c11af2471cd3384e98eefc8ba762104cb63_BallsView_GTSPOON.csv,1833,0.8941463414634147,0.6223495412164101
