file,nrBest,proportionBest,entropyNrActions
nr_445_id_21_0b5464b7c5c95d47e4bc56ab12cedb470a5db98e_EVertex_GTSPOON.csv,1836,0.895609756097561,0.6040840745681173
