file,nrBest,proportionBest,entropyNrActions
nr_159_id_22_03d2ca5e312c789fabe86417df4481f56cc0d2c5_JTS_GTSPOON.csv,729,0.35560975609756096,2.800354884462575
