file,nrBest,proportionBest,entropyNrActions
nr_341_id_20_06a652b19f00e69175d43208f307075beac4f179_RefChunk_GTSPOON.csv,2028,0.9892682926829268,0.07750901012371683
