file,nrBest,proportionBest,entropyNrActions
nr_439_id_26_0ed1ede707440a9a981c2e0cfd5421b0ba0e364d_CodeGen_GTSPOON.csv,20,0.00975609756097561,3.0464203041791005
