file,nrBest,proportionBest,entropyNrActions
nr_378_id_12_0411fcf8b8e1c33f01321ee811c44653f7a69552_ASListener_GTSPOON.csv,168,0.08195121951219513,2.8391125588453434
