file,nrBest,proportionBest,entropyNrActions
nr_295_id_14_0463b03893e3848f3c2b1fa7b680de92e830291c_AbstractNotificationPopup_GTSPOON.csv,525,0.25609756097560976,2.6001312392516978
