file,nrBest,proportionBest,entropyNrActions
nr_231_id_23_078e3d81e01d0ed5aa8669bfa80f9664fc780098_RubyTokenScanner_GTSPOON.csv,1047,0.5107317073170732,1.8993226886526537
