file,nrBest,proportionBest,entropyNrActions
nr_410_id_37_bfb84adb7a36311208198c4bbc4746beeb6f67d2_RMDataTest_GTSPOON.csv,1272,0.6204878048780488,1.372838999821206
