file,nrBest,proportionBest,entropyNrActions
nr_654_id_3_0467c19d9df454e40710cf8fa0ac9703360b4528_CFMetaData_GTSPOON.csv,72,0.0351219512195122,3.1227381926673567
