file,nrBest,proportionBest,entropyNrActions
nr_70_id_37_1dc666452312442022826da1389ebf75b07717ce_Wizard_GTSPOON.csv,29,0.014146341463414635,1.7964029142034141
