file,nrBest,proportionBest,entropyNrActions
nr_216_id_17_0470c9e3e09993092bef6501c72949cc31c889f3_ConfigurationManager_GTSPOON.csv,536,0.26146341463414635,2.0574157831523854
