file,nrBest,proportionBest,entropyNrActions
nr_189_id_27_0873a72ac1ee0f431e40d53d869e5afb5c8fba92_PFActual_GTSPOON.csv,521,0.25414634146341464,3.0875566257262053
