file,nrBest,proportionBest,entropyNrActions
nr_146_id_8_0148e4bd16d818793bf1a590f5e477fc9f4298ad_ParserTest_GTSPOON.csv,234,0.11414634146341464,2.7769522671118176
