file,nrBest,proportionBest,entropyNrActions
nr_129_id_27_059e1b5e79d849c6390689e80df370fb3c8d6bb0_FSCommitter_GTSPOON.csv,185,0.09024390243902439,2.4887750667507547
