file,nrBest,proportionBest,entropyNrActions
nr_371_id_10_038852d5b7803772ea52b8976ff4f7d8b872ebbf_Solution_GTSPOON.csv,36,0.0175609756097561,1.5167429190085668
