file,nrBest,proportionBest,entropyNrActions
nr_60_id_13_00f25394719e9d66ef08f99c72f473c2945e6456_SmartSocketsReceivePort_GTSPOON.csv,1546,0.7541463414634146,1.341639275944493
