file,nrBest,proportionBest,entropyNrActions
nr_166_id_4_00912c2775cf40ea6a11fe7178e73e497b183467_UserChangePasswordRequest_GTSPOON.csv,1816,0.8858536585365854,0.630818209870244
