file,nrBest,proportionBest,entropyNrActions
nr_121_id_4_006ac5458774624e62220cda401029b70104255c_ScheduleController_GTSPOON.csv,814,0.39707317073170734,2.2339281828805415
