file,nrBest,proportionBest,entropyNrActions
nr_333_id_4_014c58429403358455ebda70e35105658127633b_FLWOR_GTSPOON.csv,3,0.0014634146341463415,1.9206690214689608
