file,nrBest,proportionBest,entropyNrActions
nr_407_id_21_0a773d3b9e6c2f9f52bc439516207856892d5a16_SSLSocketTest_GTSPOON.csv,6,0.002926829268292683,2.0144682938697427
