file,nrBest,proportionBest,entropyNrActions
nr_325_id_37_92182ef6e054afb399c35287559e94e329210944_Runner_GTSPOON.csv,1086,0.5297560975609756,1.9064630244123328
