file,nrBest,proportionBest,entropyNrActions
nr_516_id_4_020fd575216cfc0c6d11811533590c0f078d37a0_EventSummaryDaoImpl_GTSPOON.csv,120,0.05853658536585366,2.4713054981543277
