file,nrBest,proportionBest,entropyNrActions
nr_267_id_2_0087a6659839ef740f967511a249355c16dea2ec_CompareFunction_GTSPOON.csv,1834,0.8946341463414634,0.6149138856809101
