file,nrBest,proportionBest,entropyNrActions
nr_504_id_26_113360763db757160fa2736c1309ecec2d18ac53_UIUtils_GTSPOON.csv,465,0.22682926829268293,2.296344322388046
