file,nrBest,proportionBest,entropyNrActions
nr_135_id_20_02ced430b5a1781e2e21e96cdd241b6259188795_BinarySearchTreeTest_GTSPOON.csv,76,0.037073170731707315,2.7895537740776217
