file,nrBest,proportionBest,entropyNrActions
nr_494_id_27_1661cae3f22d6a389085d4aa1b43d01189d472cd_Expectation_GTSPOON.csv,1529,0.7458536585365854,1.0977209379562594
