file,nrBest,proportionBest,entropyNrActions
nr_67_id_34_0a302951358d2141ab0efcb86106fa1bd7944f66_TimerActivity_GTSPOON.csv,1536,0.7492682926829268,1.2374847497649943
