file,nrBest,proportionBest,entropyNrActions
nr_137_id_7_017bf61dc9dc104c3bd9985d729d07668993a776_SmsPopupActivity_GTSPOON.csv,284,0.13853658536585367,2.642073649052363
