file,nrBest,proportionBest,entropyNrActions
nr_319_id_25_0acd002e7c1c20243c9bb89fdb05792559b3efe5_VistaHorasPage_GTSPOON.csv,1284,0.6263414634146341,1.7196110938034384
