file,nrBest,proportionBest,entropyNrActions
nr_3_id_30_0044854ea788e4a4508521fe3915500a9d0d7e63_VideoRecorder_GTSPOON.csv,582,0.2839024390243902,1.9284183024868633
