file,nrBest,proportionBest,entropyNrActions
nr_14_id_5_0027bcf7d760f43160ab607f9e49b9a3be0f6912_WebzViewFragment_GTSPOON.csv,2000,0.975609756097561,0.1662492271444288
