file,nrBest,proportionBest,entropyNrActions
nr_449_id_15_0856f6d6258295a5cbbd4d25dfbf9343439a6fe5_PublishDraft_GTSPOON.csv,282,0.1375609756097561,1.7878769159588468
