file,nrBest,proportionBest,entropyNrActions
nr_530_id_2_011b984602a77b657243acf3ec629d181cfafbc0_SVNUpdateEditor_GTSPOON.csv,117,0.05707317073170732,2.937598178279807
