file,nrBest,proportionBest,entropyNrActions
nr_84_id_7_00eae0430276e873ebb1ba083a984e84b0e821a1_EventsListener_GTSPOON.csv,163,0.07951219512195122,2.6161776308715177
