file,nrBest,proportionBest,entropyNrActions
nr_293_id_15_0570429573cfdbd19d0164038b762af3b44e3198_ConversationConstants_GTSPOON.csv,1750,0.8536585365853658,0.684530016425988
