file,nrBest,proportionBest,entropyNrActions
nr_320_id_9_03c5735089648ca052b840daee859b33cdea5c2d_cgeocaches_GTSPOON.csv,144,0.0702439024390244,3.530480595513619
