file,nrBest,proportionBest,entropyNrActions
nr_403_id_18_079518e949c4f041219001b4658c1b2e4abebcb9_GreaterThanAtom_GTSPOON.csv,1467,0.715609756097561,1.283210003017965
