file,nrBest,proportionBest,entropyNrActions
nr_341_id_37_977f9266954527a6a9ca7549c897acdd6682936c_AlarmCountdownActivity_GTSPOON.csv,153,0.07463414634146341,2.1261959928263066
