file,nrBest,proportionBest,entropyNrActions
nr_296_id_11_03d944eadd86a7c3207d6cf8c4cd2bd5c4cd4970_ObjectTest_GTSPOON.csv,756,0.36878048780487804,2.0357461680510545
