file,nrBest,proportionBest,entropyNrActions
nr_103_id_38_4350392175e6734762496912f6fc4f88e5fff2d6_I18n_GTSPOON.csv,20,0.00975609756097561,1.031030371929827
