file,nrBest,proportionBest,entropyNrActions
nr_122_id_15_023cc5f700f9f31503c804af9c806d46103195d5_AnimatedSpriteViewer_GTSPOON.csv,76,0.037073170731707315,2.1445321141514473
