file,nrBest,proportionBest,entropyNrActions
nr_113_id_25_03cf605b4ff46024953eb3b3a4400b899c9473b9_AbstractRequestHandler_GTSPOON.csv,1939,0.9458536585365853,0.3400101299134349
