file,nrBest,proportionBest,entropyNrActions
nr_430_id_7_0487a5b0c7375639b0071be0e65347357ffd2b1b_MongoBlobStore_GTSPOON.csv,1742,0.8497560975609756,0.805761407074857
