file,nrBest,proportionBest,entropyNrActions
nr_455_id_31_1fbfc804b82575c8fd1c529ccf6f80e1639527b9_LoopingJukebox_GTSPOON.csv,60,0.02926829268292683,1.7255428089187783
