file,nrBest,proportionBest,entropyNrActions
nr_133_id_18_0292f771575bdd81eed1983c684134a90806f228_BitstreamReader_GTSPOON.csv,1164,0.5678048780487804,1.8176440194299157
