file,nrBest,proportionBest,entropyNrActions
nr_363_id_21_098affa18e8f55768db8b067d144f47b67582073_OpenXCTestActivity_GTSPOON.csv,232,0.11317073170731708,2.5300903296826016
