file,nrBest,proportionBest,entropyNrActions
nr_368_id_13_05454967d08955368aedc81da3c9754f5f9dc190_MatrixMarketStream_GTSPOON.csv,761,0.37121951219512195,2.5142506429341176
