file,nrBest,proportionBest,entropyNrActions
nr_620_id_8_04e18a06579bd2b812f2a2bed156898abbe79819_StudyPage_GTSPOON.csv,196,0.09560975609756098,2.5294400234035463
