file,nrBest,proportionBest,entropyNrActions
nr_181_id_25_06041ed58cc7439190d9792a73b4463e3e6c1b9d_R_GTSPOON.csv,2005,0.9780487804878049,0.1267208493595892
