file,nrBest,proportionBest,entropyNrActions
nr_389_id_18_074ffb99557e298c73e9dc558ae63712a50d2d3d_BrowserEditor_GTSPOON.csv,1094,0.5336585365853659,2.0787923555853816
