file,nrBest,proportionBest,entropyNrActions
nr_329_id_18_0682a50c4e67732b76e50e60b2f8347d3fd52f2d_HRMController_GTSPOON.csv,105,0.05121951219512195,2.8225188556730227
