file,nrBest,proportionBest,entropyNrActions
nr_198_id_20_03d656c8f848aada76895235d2694c3c05c36ce1_SearchService_GTSPOON.csv,1825,0.8902439024390244,0.5923064971435887
