file,nrBest,proportionBest,entropyNrActions
nr_469_id_17_0970c9b92f46d365de34e1abbb37c101ac2891cb_PhysicsEngine_GTSPOON.csv,5,0.0024390243902439024,1.5049337792067714
