file,nrBest,proportionBest,entropyNrActions
nr_469_id_6_02d9d5d3bb63505150ed32a67ba0378d38f05f35_Coupon_GTSPOON.csv,1544,0.7531707317073171,1.082083232059753
