file,nrBest,proportionBest,entropyNrActions
nr_193_id_17_03c2c8f4bc888b5c9ac88f382d538d1467b08200_Jimple_GTSPOON.csv,2005,0.9780487804878049,0.127941343075536
