file,nrBest,proportionBest,entropyNrActions
nr_424_id_13_0638f3539531bc6305ea0664f66f9e5afb34a648_TemporalMention_GTSPOON.csv,40,0.01951219512195122,1.1680451133355796
