file,nrBest,proportionBest,entropyNrActions
nr_452_id_27_14c84f7c732e133f2d081f19c440a3a94a08429c_FileSystemResourceManager_GTSPOON.csv,229,0.11170731707317073,2.7338371574160885
