file,nrBest,proportionBest,entropyNrActions
nr_502_id_25_11b8bd02f8745a6d19b686f503a371dbbc960c5b_XMLUtil_GTSPOON.csv,384,0.1873170731707317,0.8754759662561892
