file,nrBest,proportionBest,entropyNrActions
nr_134_id_21_03ac2a834809752013aec623025ee0c2f2b2a4ee_TestAPI_GTSPOON.csv,15,0.007317073170731708,1.7012635301144499
