file,nrBest,proportionBest,entropyNrActions
nr_461_id_37_d1740200c2cf3b1b3954277c7b86834fccd7586d_PathTest_GTSPOON.csv,875,0.4268292682926829,0.7368876770589594
