file,nrBest,proportionBest,entropyNrActions
nr_60_id_6_0074062dec7c64265cf50bf46644087162bb13be_SorcerDescriptorUtil_GTSPOON.csv,505,0.24634146341463414,2.6540968310047783
