file,nrBest,proportionBest,entropyNrActions
nr_400_id_15_07635526672c7801a34a496cdbc7f68e6ec94288_ViewTaskActivity_GTSPOON.csv,1939,0.9458536585365853,0.32224067764769293
