file,nrBest,proportionBest,entropyNrActions
nr_54_id_11_009a2d269c8fa5a482101775f06452b7e96dda46_SimpleHttpProtocol_GTSPOON.csv,1847,0.9009756097560976,0.5569992413927517
