file,nrBest,proportionBest,entropyNrActions
nr_144_id_26_058be6b5f250cb440aa843d7ec0330a26026bda0_Yylex_GTSPOON.csv,44,0.021463414634146343,2.9464480361430168
