file,nrBest,proportionBest,entropyNrActions
nr_347_id_5_02cfedc466e79f1a75974797b6d27ae885142fdc_Main_GTSPOON.csv,1655,0.8073170731707318,0.9660177826728293
