file,nrBest,proportionBest,entropyNrActions
nr_71_id_30_04d63fd79e767ce9764e270cc97577ba88e0be0d_XMIFileEditor_GTSPOON.csv,2029,0.9897560975609756,0.07385079835983906
