file,nrBest,proportionBest,entropyNrActions
nr_516_id_25_126b6272319a465ee66b15d348cd0a0a09743c1f_RegionLoading_GTSPOON.csv,1848,0.9014634146341464,0.43735037694505186
