file,nrBest,proportionBest,entropyNrActions
nr_395_id_28_116ab7661353f46689b914654900a99782815f04_WorkingTest_GTSPOON.csv,1520,0.7414634146341463,0.9087645875438253
