file,nrBest,proportionBest,entropyNrActions
nr_39_id_25_013e4c19e816c539b3378e5943c3299bc03b0266_GenericIteratorsTest_GTSPOON.csv,720,0.35121951219512193,2.32509057834237
