file,nrBest,proportionBest,entropyNrActions
nr_209_id_9_02883d10e801ae4d638d166a31ef3b3519704be0_OAuthHttpServiceImpl_GTSPOON.csv,85,0.041463414634146344,2.145342501324236
