file,nrBest,proportionBest,entropyNrActions
nr_407_id_11_058f51096310245b21c0d0247d7251b6cb7de494_RepositoriesClientImpl_GTSPOON.csv,1712,0.8351219512195122,0.6766587162670936
