file,nrBest,proportionBest,entropyNrActions
nr_315_id_24_099e5470ff23c2a62e392c4eb09a59d8f164f7d5_TypeInfoValidator_GTSPOON.csv,149,0.07268292682926829,3.2070137827894607
