file,nrBest,proportionBest,entropyNrActions
nr_229_id_21_05cfe7f943ab314c317048d75b2bc83f4ca07011_Pad_GTSPOON.csv,1710,0.8341463414634146,0.7588807463250266
