file,nrBest,proportionBest,entropyNrActions
nr_162_id_17_032a31bcb07732a4da60514e7ba4a1fe399464ed_FNDb_GTSPOON.csv,180,0.08780487804878048,2.628685302446448
