file,nrBest,proportionBest,entropyNrActions
nr_33_id_10_004fc6fcc71950afa400e004cb01409153fb3f10_AbstractWriter_GTSPOON.csv,1908,0.9307317073170732,0.43987421382295144
