file,nrBest,proportionBest,entropyNrActions
nr_124_id_36_1ea002c80f5b835e1a902a761444c66cde7d1f66_SynapseConfiguration_GTSPOON.csv,5,0.0024390243902439024,3.5063417267130363
