file,nrBest,proportionBest,entropyNrActions
nr_323_id_12_037aed44e00eaedde28496793e22c61664cc19e2_BlowfishRunner_GTSPOON.csv,665,0.32439024390243903,1.0720612552125817
