file,nrBest,proportionBest,entropyNrActions
nr_22_id_16_009f14e1425f1b6060574c46c74c4d9db0bbada4_CLPParser_GTSPOON.csv,152,0.07414634146341463,2.5362012093156063
