file,nrBest,proportionBest,entropyNrActions
nr_486_id_24_0ea4baa2c593b5b533c37d3de014f1c08358b81c_ScatterPlot_GTSPOON.csv,885,0.4317073170731707,2.292937860402783
