file,nrBest,proportionBest,entropyNrActions
nr_394_id_9_0495325ad77038133a5388914a91e9e90a43deaf_TestAvroMessageManager_GTSPOON.csv,1659,0.8092682926829269,0.8125537648831146
