file,nrBest,proportionBest,entropyNrActions
nr_48_id_35_09f9abf90c009a1672088eb54279d9bea43d43be_ZXingMIDlet_GTSPOON.csv,755,0.36829268292682926,2.0270418252937077
