file,nrBest,proportionBest,entropyNrActions
nr_224_id_20_045c5017621346766439d58ed51488cec72b61aa_LayoutReloadMonitor_GTSPOON.csv,1656,0.8078048780487805,0.993323421124933
