file,nrBest,proportionBest,entropyNrActions
nr_225_id_28_09bc86e85dd10ba3b8825016719d706fabad7663_GameplayScreen_GTSPOON.csv,181,0.08829268292682926,2.6560581867273023
