file,nrBest,proportionBest,entropyNrActions
nr_400_id_24_0c23aea53df91ae5788f2325667f98110bd0b185_CuesViewHelper_GTSPOON.csv,2025,0.9878048780487805,0.09295191261800516
