file,nrBest,proportionBest,entropyNrActions
nr_337_id_11_046d01f67794626fb65aa820a4f368fe66e3c7f2_SkatListTableModel_GTSPOON.csv,825,0.4024390243902439,0.9796913017700675
