file,nrBest,proportionBest,entropyNrActions
nr_14_id_21_007a934558614322b802ea70d9962252724340d0_LocalStorage_GTSPOON.csv,1102,0.5375609756097561,2.044180855147842
