file,nrBest,proportionBest,entropyNrActions
nr_10_id_3_0014515b1a38b45e5e8b349d82df2b5bbf1367cf_Initd_GTSPOON.csv,13,0.006341463414634147,2.3936274243645936
