file,nrBest,proportionBest,entropyNrActions
nr_178_id_19_0458231c09170c9348da8b1b33d1aaef87ce4dad_ToolbarPanel_GTSPOON.csv,1735,0.8463414634146341,0.6837987733135781
