file,nrBest,proportionBest,entropyNrActions
nr_37_id_17_00b67e72c03fc56d1c166d945aaed2eceb39f760_Room_GTSPOON.csv,1805,0.8804878048780488,0.4755189768205756
