file,nrBest,proportionBest,entropyNrActions
nr_275_id_4_01057c978c423354189aa9233d1d20297c319df1_CardService_GTSPOON.csv,2014,0.9824390243902439,0.13062799578942944
