file,nrBest,proportionBest,entropyNrActions
nr_70_id_8_00966cf1b81302651afc22d21991a37b282991c7_BugReport_GTSPOON.csv,1244,0.6068292682926829,1.6469764866414103
