file,nrBest,proportionBest,entropyNrActions
nr_212_id_35_292e43203b7cde3e46cfb7797a2cff3f8f2ea464_Simulation_GTSPOON.csv,200,0.0975609756097561,1.2154595053168327
