file,nrBest,proportionBest,entropyNrActions
nr_424_id_21_0ac61e084f66ab4c225ea894cd30ab1ff68f586c_ConfigHandler_GTSPOON.csv,38,0.018536585365853658,0.4692085659987056
