file,nrBest,proportionBest,entropyNrActions
nr_318_id_21_084c8433083b427e74711d1ab6647a2ceccdf0aa_v1Bobby_GTSPOON.csv,176,0.08585365853658537,2.6183836837398817
