file,nrBest,proportionBest,entropyNrActions
nr_163_id_31_0b8019988969869e3b24d5d38c19dd027f039a4f_LayerManager_GTSPOON.csv,665,0.32439024390243903,2.129466710383753
