file,nrBest,proportionBest,entropyNrActions
nr_174_id_22_042a38837825d4f0a8b9e138c27c662e08e44cdd_Styliser_GTSPOON.csv,48,0.023414634146341463,3.3992371662085517
