file,nrBest,proportionBest,entropyNrActions
nr_504_id_11_06fd92486df6717830c16c91c84ecb96cd9353a6_PyObject_GTSPOON.csv,29,0.014146341463414635,1.800687372448129
