file,nrBest,proportionBest,entropyNrActions
nr_480_id_31_2155513fe158cc67f3c403ec3dc60d268cd5b9e3_ChannelTest_GTSPOON.csv,2005,0.9780487804878049,0.1402456723949052
