file,nrBest,proportionBest,entropyNrActions
nr_430_id_31_1e53f2c656e53fa970354a157627ea2f537c7374_SubjectDaoTest_GTSPOON.csv,1570,0.7658536585365854,0.9806000524037358
