file,nrBest,proportionBest,entropyNrActions
nr_189_id_21_04e8dca2fc16f5f834e124b7abea5847d90c3366_World_GTSPOON.csv,388,0.18926829268292683,2.724586275805932
