file,nrBest,proportionBest,entropyNrActions
nr_371_id_27_10e2008e3c6558b5b8bc65a4811ac3d1a36bf78d_NetTest_GTSPOON.csv,380,0.18536585365853658,1.7748749289080026
