file,nrBest,proportionBest,entropyNrActions
nr_45_id_11_0080fa68932076a08c469274bdfbb500ba1b85af_Line_GTSPOON.csv,1190,0.5804878048780487,1.6728420591482147
