file,nrBest,proportionBest,entropyNrActions
nr_750_id_1_088b8b47643a65a9664abcc718438d3fcc44aa3f_HTMLParser2Test_GTSPOON.csv,1934,0.9434146341463414,0.3589090510184455
