file,nrBest,proportionBest,entropyNrActions
nr_521_id_11_075981acc7ee3ddd1a7832d478705d824fc5afa0_ImageOverlay_GTSPOON.csv,1102,0.5375609756097561,2.1773179401461777
