file,nrBest,proportionBest,entropyNrActions
nr_51_id_16_01281302ac7b68f6f114a17f94198ca18d9c59a7_PGPKeyRingTest_GTSPOON.csv,125,0.06097560975609756,2.6561678461482865
