file,nrBest,proportionBest,entropyNrActions
nr_524_id_5_044a0d11d1ef47018f41e17dcfa60917ebb736c2_PaymentService_GTSPOON.csv,284,0.13853658536585367,2.6469073499632967
