file,nrBest,proportionBest,entropyNrActions
nr_503_id_15_09255c100d355c7d172b7f2e458a23b2da1c8ec5_SpreadsheetView_GTSPOON.csv,1553,0.7575609756097561,1.1396589009853288
