file,nrBest,proportionBest,entropyNrActions
nr_73_id_17_01538570674c320ee2084a4bc80b539a048a9d72_LocalModificationChecker_GTSPOON.csv,1916,0.9346341463414635,0.3964218709960969
