file,nrBest,proportionBest,entropyNrActions
nr_78_id_13_01245d7ea6e633c9bea8e7cc8ebc31c29f04a311_EventQueue_GTSPOON.csv,2010,0.9804878048780488,0.13481535709765877
