file,nrBest,proportionBest,entropyNrActions
nr_125_id_23_03c2c42052b699337207b5502676bc33a02ac031_SemanticAnalyzer_GTSPOON.csv,158,0.07707317073170732,3.1264146583237764
