file,nrBest,proportionBest,entropyNrActions
nr_8_id_18_0016278abe7b80c112c057de2d5778e6b02ff628_CustomerAdapterTest_GTSPOON.csv,1327,0.6473170731707317,1.4953069536550891
