file,nrBest,proportionBest,entropyNrActions
nr_531_id_9_0615dbebb30c142d4588eb8edc2dbd7c06439546_TestUnionSuite_GTSPOON.csv,181,0.08829268292682926,2.6194051674717436
