file,nrBest,proportionBest,entropyNrActions
nr_397_id_7_041e3dd8f3f62383060e94d7e8e5504dc2984eba_HttpResponseTest_GTSPOON.csv,1720,0.8390243902439024,0.7302278434680385
