file,nrBest,proportionBest,entropyNrActions
nr_861_id_2_01d877f6eb86a71143b7d0679c1e8a53f9060ef7_BetterEnderChest_GTSPOON.csv,1350,0.6585365853658537,1.519786719339561
