file,nrBest,proportionBest,entropyNrActions
nr_204_id_7_02410aa8be4581b0750393bc1d9ec02b4551388d_TestBitOutputStream_GTSPOON.csv,1742,0.8497560975609756,0.772966644659493
