file,nrBest,proportionBest,entropyNrActions
nr_47_id_38_1f8029b8f1c8b180ada5744b4a139700c11ad211_ReportServiceImpl_GTSPOON.csv,1018,0.49658536585365853,1.9048904777057054
