file,nrBest,proportionBest,entropyNrActions
nr_12_id_24_004d9c4b6a1b00500d874378008021131d8e3e1c_InterceptorStack_GTSPOON.csv,1632,0.7960975609756098,1.0690200216628758
