file,nrBest,proportionBest,entropyNrActions
nr_542_id_14_07b6377390ea20e81332f63cf5bd0244b7409cd4_DefaultJSONParser_GTSPOON.csv,191,0.09317073170731707,2.642634870173582
