file,nrBest,proportionBest,entropyNrActions
nr_400_id_13_05de667240c58739a023379408295df1c5282f46_LobbyView_GTSPOON.csv,897,0.4375609756097561,2.758307726075135
