file,nrBest,proportionBest,entropyNrActions
nr_376_id_24_0b8a81ef6d1e05dab89770e01c448d5e83498df1_BlockDimWall_GTSPOON.csv,1565,0.7634146341463415,1.1028203957741658
