file,nrBest,proportionBest,entropyNrActions
nr_496_id_13_0754694123eff40de2cd5149862bd768e64f2fc3_JsonUtilTest_GTSPOON.csv,904,0.44097560975609756,1.8641294526130483
