file,nrBest,proportionBest,entropyNrActions
nr_506_id_15_093d16ce4568541077e68b15fb305f3adc4dad31_OMElementUtils_GTSPOON.csv,1933,0.9429268292682926,0.34921036312406134
