file,nrBest,proportionBest,entropyNrActions
nr_369_id_28_1080e1344bbc12aa5ed87c1d6975fc7fa9f7469d_Window_GTSPOON.csv,7,0.0034146341463414634,1.3437333024874911
