file,nrBest,proportionBest,entropyNrActions
nr_465_id_10_04716d56f799b5583bb4b0664a85309a2e874614_PluginConverterImpl_GTSPOON.csv,1,0.0004878048780487805,2.9404045780317905
