file,nrBest,proportionBest,entropyNrActions
nr_508_id_25_120142a7b5e0265940b45b60afc530009bcfe472_Project_GTSPOON.csv,76,0.037073170731707315,2.014547153188391
