file,nrBest,proportionBest,entropyNrActions
nr_109_id_25_03b561c454368a6d7730ff1e32873d4416608b69_JDBCGroupProvider_GTSPOON.csv,968,0.4721951219512195,2.0980435306105165
