file,nrBest,proportionBest,entropyNrActions
nr_846_id_2_01d29e1468afec60191124e10322efc5f229fa1b_AutonSetting2_GTSPOON.csv,1400,0.6829268292682927,0.7280605482119957
