file,nrBest,proportionBest,entropyNrActions
nr_16_id_3_0028ce11ba239b6e71345c99e813cee82428551f_IllegalArgException_GTSPOON.csv,2005,0.9780487804878049,0.12903858238210927
