file,nrBest,proportionBest,entropyNrActions
nr_393_id_1_048a4ab9f976fa57f78f8fa14c16efe933b82534_BootStrapperTest_GTSPOON.csv,1550,0.7560975609756098,1.1858935192645532
