file,nrBest,proportionBest,entropyNrActions
nr_146_id_12_019a8efe00360e16ebaa676c988743ce6041e264_LocalDbRecorder_GTSPOON.csv,1467,0.715609756097561,1.3207889572236404
