file,nrBest,proportionBest,entropyNrActions
nr_250_id_3_01ac669a5ec0382e1a8e1e17ec666e2688ad6b05_FieldNode_GTSPOON.csv,1924,0.9385365853658536,0.3799977133820787
