file,nrBest,proportionBest,entropyNrActions
nr_94_id_9_011d4270f8152e8901318e35a813d1fb1293afd8_PixlBlock_GTSPOON.csv,1294,0.631219512195122,1.3974718869155893
