file,nrBest,proportionBest,entropyNrActions
nr_386_id_34_35cba831d8034b1baf3daa949540f26657ffc886_InfinispanUtils_GTSPOON.csv,100,0.04878048780487805,2.1619421637536034
