file,nrBest,proportionBest,entropyNrActions
nr_230_id_12_027d4fe03f01ae1ed6c7e3865a95cfb89d15b689_Game_GTSPOON.csv,2012,0.9814634146341463,0.11577351254345614
