file,nrBest,proportionBest,entropyNrActions
nr_116_id_18_022aed9dd56a417aa90973da2deeaf149e16d787_BaseJavaHover_GTSPOON.csv,5,0.0024390243902439024,0.16701803382877642
