file,nrBest,proportionBest,entropyNrActions
nr_294_id_2_009635a41cd209141d13c32f11163995c70f0038_AndroidLocalizator_GTSPOON.csv,1743,0.8502439024390244,0.7471101340783549
