file,nrBest,proportionBest,entropyNrActions
nr_387_id_19_094755471066f5fbe2eac96bc81d3accf34b35cf_JohnnyGame_GTSPOON.csv,1292,0.6302439024390244,1.7497854549347118
