file,nrBest,proportionBest,entropyNrActions
nr_521_id_26_11bd6f9848f64f56431fceb43ff7cca8f4700009_Grammar_GTSPOON.csv,189,0.09219512195121951,2.455053297747763
