file,nrBest,proportionBest,entropyNrActions
nr_105_id_33_0dcb87fe00f3cc4667c094c2084dc07a64ee13e0_MasterHarness_GTSPOON.csv,91,0.04439024390243902,2.7109515019216657
