file,nrBest,proportionBest,entropyNrActions
nr_212_id_19_051001936675aefd886126c59de7a2dd98b15dfb_ButtonEx_GTSPOON.csv,1666,0.8126829268292682,0.8569553994325808
