file,nrBest,proportionBest,entropyNrActions
nr_424_id_17_089369417d051f4fb11b94e9a770e2c6a52b29a0_SearchableHelper_GTSPOON.csv,401,0.19560975609756098,1.2939147465360057
