file,nrBest,proportionBest,entropyNrActions
nr_299_id_22_07a0fd0f5100a0cee978ba07751d63595c9d27ac_LatinKeyboard_GTSPOON.csv,157,0.07658536585365854,2.605483932520216
