file,nrBest,proportionBest,entropyNrActions
nr_182_id_28_0818fff558762890757119d6a61cda7ae7e91879_NativeFunction_GTSPOON.csv,60,0.02926829268292683,2.7716501917138388
