file,nrBest,proportionBest,entropyNrActions
nr_477_id_17_09ad989472955f224fe652d39b5049a3747d7fc9_GetMetricStatisticsOptions_GTSPOON.csv,80,0.03902439024390244,0.8688174860667387
