file,nrBest,proportionBest,entropyNrActions
nr_29_id_37_0e29c447583dd6c2a4b9298cc8c1822156786140_TracTaskDataHandlerTest_GTSPOON.csv,938,0.4575609756097561,1.7349901228073161
