file,nrBest,proportionBest,entropyNrActions
nr_150_id_39_f3966e90466d1d6127cf8443264ecd1852185f5c_TestConstants_GTSPOON.csv,741,0.36146341463414633,1.6120770307405052
