file,nrBest,proportionBest,entropyNrActions
nr_189_id_7_020b415753961e7b7c72f91c16ea222f65ce79b6_JDIDebugUIPlugin_GTSPOON.csv,872,0.4253658536585366,2.1610565333205742
