file,nrBest,proportionBest,entropyNrActions
nr_312_id_4_012e790f74a58cf2302f2281912dd6f241c088bd_TransmissionExceptionTest_GTSPOON.csv,1826,0.8907317073170732,0.40604476624857394
