file,nrBest,proportionBest,entropyNrActions
nr_558_id_30_21756099e68ed7244711e8c349ab4fc2b4fbc5d5_ContinueActivity_GTSPOON.csv,1307,0.6375609756097561,1.4654084807092425
