file,nrBest,proportionBest,entropyNrActions
nr_134_id_10_01196fb48f6899d1336cf7338e57baebcb156185_IDELabel_GTSPOON.csv,275,0.13414634146341464,1.9602920409740836
