file,nrBest,proportionBest,entropyNrActions
nr_290_id_19_06f700199f2eb2295cc474bf39d152e9a4a19de3_OpenCell1D_GTSPOON.csv,150,0.07317073170731707,3.094761551583522
