file,nrBest,proportionBest,entropyNrActions
nr_314_id_11_04121b4c123cd2beb48d2996e89f7f69c095361e_SchemaDVFactory_GTSPOON.csv,1913,0.9331707317073171,0.3994481274786855
