file,nrBest,proportionBest,entropyNrActions
nr_658_id_4_02895a696088b69cf7fd8155889a64a5a1c8e3d8_Delay8ch_GTSPOON.csv,1626,0.7931707317073171,0.9339257745368795
