file,nrBest,proportionBest,entropyNrActions
nr_170_id_23_054aee53ed8e7c8910712e7cb75cc5c570a42a07_MemberWatcher_GTSPOON.csv,1838,0.8965853658536586,0.6121782801309756
