file,nrBest,proportionBest,entropyNrActions
nr_450_id_20_08a9c783179a580492f1d1f29a98116218b3faaf_FSAuthnDecisionHandler_GTSPOON.csv,1467,0.715609756097561,1.2668464811009514
