file,nrBest,proportionBest,entropyNrActions
nr_232_id_24_07446f9c0804071614a0211818f977bc537d9eb7_math_GTSPOON.csv,5,0.0024390243902439024,2.5995433183665124
