file,nrBest,proportionBest,entropyNrActions
nr_371_id_26_0ca3639a9655000758eb2eba446fea75f809d8ab_AtlasTuple_GTSPOON.csv,1711,0.8346341463414634,0.7450150924544684
