file,nrBest,proportionBest,entropyNrActions
nr_43_id_34_067fc1e4930f783b9a01815deee8c83433fd97f5_LauncherFrame_GTSPOON.csv,742,0.3619512195121951,1.0691154685055477
