file,nrBest,proportionBest,entropyNrActions
nr_535_id_10_0530144fdc6b52f968542cf633dd40518bc55a66_FileProperties_GTSPOON.csv,1610,0.7853658536585366,0.7513178096534304
