file,nrBest,proportionBest,entropyNrActions
nr_89_id_10_00b8c80209acfacc61134906f6892b15ec9bb991_Ruby_GTSPOON.csv,168,0.08195121951219513,2.5646167156192643
