file,nrBest,proportionBest,entropyNrActions
nr_198_id_7_0225b022ad0a1a0c6c91e4e0f3e3b867787806d3_CadmiumCli_GTSPOON.csv,1925,0.9390243902439024,0.4154997102272947
