file,nrBest,proportionBest,entropyNrActions
nr_166_id_24_04f856d623461fc0246985ed1944fa3b2c23e33d_NotificationMessage_GTSPOON.csv,1721,0.8395121951219512,0.7179448021676506
