file,nrBest,proportionBest,entropyNrActions
nr_203_id_11_028376e54cba9fec56a45b38cbc4464d46511532_DocumentRepository_GTSPOON.csv,1834,0.8946341463414634,0.6087069078618599
