file,nrBest,proportionBest,entropyNrActions
nr_78_id_19_0200ea36240d8a4663e596a03f8ae420a7e3e23e_GameActivity_GTSPOON.csv,276,0.13463414634146342,2.5428516780057038
