file,nrBest,proportionBest,entropyNrActions
nr_320_id_10_03148397df692b57dfb8e49f394b22465838644c_ColumnFamilyTemplateTest_GTSPOON.csv,1848,0.9014634146341464,0.4758201978918425
