file,nrBest,proportionBest,entropyNrActions
nr_273_id_15_050579f132ed3c26be85a4235b4c6fb58f066fa9_JShoes_GTSPOON.csv,1465,0.7146341463414634,1.3149229405966953
