file,nrBest,proportionBest,entropyNrActions
nr_22_id_34_031ccefd223282f84715fa9058be3a8b0f24376d_Film_GTSPOON.csv,1241,0.6053658536585366,1.6426885209712183
