file,nrBest,proportionBest,entropyNrActions
nr_149_id_18_02e3a602c45887e934e3c7f8412e546b976cfc7c_mod_Shelf_GTSPOON.csv,1320,0.6439024390243903,1.5696091739345333
