file,nrBest,proportionBest,entropyNrActions
nr_405_id_17_07f690d5c1f360894aab0d328c8b103d91628147_PlayerUI_GTSPOON.csv,1768,0.8624390243902439,0.6627383330832417
