file,nrBest,proportionBest,entropyNrActions
nr_16_id_19_0069db05b3e5838a02bef6ea5c2195ca3ca1dcc9_TimeTest_GTSPOON.csv,1831,0.8931707317073171,0.5686384521788219
