file,nrBest,proportionBest,entropyNrActions
nr_169_id_13_027323dc4e92f02ae752d69c128f1c931536633e_MusicService_GTSPOON.csv,106,0.05170731707317073,2.16990795707482
