file,nrBest,proportionBest,entropyNrActions
nr_285_id_16_053c89759630c6f0636a063744bef7fbcb91a0db_Message_GTSPOON.csv,1805,0.8804878048780488,0.6603526803170642
