file,nrBest,proportionBest,entropyNrActions
nr_108_id_5_00f644963e7e079fbd3aefb80ec9720bf51a07e3_CloudRequest_GTSPOON.csv,1844,0.8995121951219512,0.553505667802568
