file,nrBest,proportionBest,entropyNrActions
nr_128_id_29_0759b837e2ad3954a59def4cc61a07eb2043502c_ZipFile_GTSPOON.csv,604,0.2946341463414634,2.9630156897893345
