file,nrBest,proportionBest,entropyNrActions
nr_178_id_9_022f648896712fcc3222c48f6e613c79f067c984_PreviewFrameLayout_GTSPOON.csv,170,0.08292682926829269,1.4411123452889592
