file,nrBest,proportionBest,entropyNrActions
nr_685_id_3_04ae1581a0fc08a85ac7ee336c50a3e09e20e1e1_IndexStatus_GTSPOON.csv,1743,0.8502439024390244,0.8026083394717914
