file,nrBest,proportionBest,entropyNrActions
nr_154_id_35_1f2e6ac25451ade90e2b048d7102f6b41968e6b3_Cyclic_GTSPOON.csv,202,0.09853658536585366,1.5330778203018445
