file,nrBest,proportionBest,entropyNrActions
nr_531_id_13_08201817c03ba3d7cdbc717d8097607ce1d1ab3a_Spline_GTSPOON.csv,545,0.2658536585365854,2.4415889051637847
