file,nrBest,proportionBest,entropyNrActions
nr_471_id_35_5a2e40946cb892b73e725e51783477d716541091_RouterMediatorItemProvider_GTSPOON.csv,5,0.0024390243902439024,0.9453425539531374
