file,nrBest,proportionBest,entropyNrActions
nr_503_id_11_06fa4f7a20072a1792d5ed10f316e34f8da662cb_InstrumentsApple_GTSPOON.csv,1442,0.7034146341463414,1.4408392691199199
