file,nrBest,proportionBest,entropyNrActions
nr_103_id_24_03320e3ce494ab2fbf3a172eed3e81d24566925b_MainService_GTSPOON.csv,1546,0.7541463414634146,1.1283672724179812
