file,nrBest,proportionBest,entropyNrActions
nr_408_id_13_05f85c1a28bca24996bb43f9e7dadff9c7ff9339_Cluster_GTSPOON.csv,808,0.39414634146341465,2.288209178080421
