file,nrBest,proportionBest,entropyNrActions
nr_208_id_3_0172d8b4456d1126609137946cb1ed26bcc663c7_CakeThread_GTSPOON.csv,1816,0.8858536585365854,0.6540866562400245
