file,nrBest,proportionBest,entropyNrActions
nr_231_id_7_0282a90e4496ff56fcd1f3966cd8d55bfd4dabc2_Chester_GTSPOON.csv,1236,0.6029268292682927,1.6369028363124871
