file,nrBest,proportionBest,entropyNrActions
nr_270_id_12_02f1f87b839bcc824de8d965913d8b27869255de_Start_GTSPOON.csv,1725,0.8414634146341463,0.8247106814411908
