file,nrBest,proportionBest,entropyNrActions
nr_472_id_14_06c1b178e787603501307b6f5c9d4bee8fbd1891_BallotReceivedEvent_GTSPOON.csv,1847,0.9009756097560976,0.5823492823526714
