file,nrBest,proportionBest,entropyNrActions
nr_244_id_32_159a3b3bcbe8a7037964fd25c10f55461bc021e3_TableRow_GTSPOON.csv,1727,0.8424390243902439,0.85514494867609
