file,nrBest,proportionBest,entropyNrActions
nr_447_id_20_08a38b062e02b314c9951cd983df24bb392ac0a8_HostListActivity_GTSPOON.csv,989,0.4824390243902439,1.7232330926569832
