file,nrBest,proportionBest,entropyNrActions
nr_549_id_28_187f9501e79ff2643eb99a567d4fba9c394b5f14_TotalOrderPartitioner_GTSPOON.csv,2010,0.9804878048780488,0.12185225498294637
