file,nrBest,proportionBest,entropyNrActions
nr_11_id_1_001f25bcd66dadfec3512da950d0db60d96551f8_SkillList_GTSPOON.csv,1648,0.8039024390243903,1.0132904061992178
