file,nrBest,proportionBest,entropyNrActions
nr_201_id_20_03db712207a20dc79e682d7320f002e2d78c5b26_Solver_GTSPOON.csv,1279,0.6239024390243902,1.5046633690467206
