file,nrBest,proportionBest,entropyNrActions
nr_292_id_33_258037cb4a4b90cfe2f432ca7ddc10b7035ea50b_MobiAdsList_GTSPOON.csv,90,0.04390243902439024,2.8144606619117507
