file,nrBest,proportionBest,entropyNrActions
nr_161_id_10_0153195b1b5a81d43efa4088a7bce817574e0349_WordSearchMotion_GTSPOON.csv,1829,0.8921951219512195,0.6211629249427603
