file,nrBest,proportionBest,entropyNrActions
nr_61_id_25_02035534ff92589b8148eead1ee9b30bfad1225d_ASTGenerator_GTSPOON.csv,149,0.07268292682926829,3.061611734404031
