file,nrBest,proportionBest,entropyNrActions
nr_398_id_4_019683c218418aba27583c48ad448e2d01b23464_ImageResource_GTSPOON.csv,1458,0.7112195121951219,1.3913788128897737
