file,nrBest,proportionBest,entropyNrActions
nr_481_id_27_15dfef28579712ca514712d636e04e97f5f9654c_MatrixProjectTest_GTSPOON.csv,1939,0.9458536585365853,0.30873047685229676
