file,nrBest,proportionBest,entropyNrActions
nr_579_id_11_083ff9e09f9134e8f21153bfd00424a3fed49ff8_InsertMode_GTSPOON.csv,1006,0.49073170731707316,1.9438262572789569
