file,nrBest,proportionBest,entropyNrActions
nr_341_id_18_06ab486f02a819661556534695216efaeb9b9ed7_TestMaxFailuresRule_GTSPOON.csv,15,0.007317073170731708,0.43331011726416957
