file,nrBest,proportionBest,entropyNrActions
nr_232_id_38_9d52f93973755f1cdbcb57c006d8791beac24ab5_GitReceiveHook_GTSPOON.csv,556,0.27121951219512197,2.1896775082940247
