file,nrBest,proportionBest,entropyNrActions
nr_602_id_3_0415868db2e862ce458909035347e42cbdef1b31_UserConfiguration_GTSPOON.csv,1367,0.666829268292683,1.4791135387392276
