file,nrBest,proportionBest,entropyNrActions
nr_309_id_12_0357fcb28a1074b61a58de019e53d9cbbff903c5_InfoPixelTool_GTSPOON.csv,664,0.32390243902439025,2.253983184124621
