file,nrBest,proportionBest,entropyNrActions
nr_159_id_38_6d790e56a69867e61f777a86665f5e691f422931_ParamDecl_GTSPOON.csv,1846,0.9004878048780488,0.5543261194034235
