file,nrBest,proportionBest,entropyNrActions
nr_140_id_11_01c55821f85efe087365899e0d29c0c6723f8ebd_PageRenderer_GTSPOON.csv,1568,0.7648780487804878,1.074662204204566
