file,nrBest,proportionBest,entropyNrActions
nr_223_id_7_02696b3130c0a62a5559ec2971263daf51c4b045_TabbyChat_GTSPOON.csv,147,0.07170731707317073,2.4056405069839015
