file,nrBest,proportionBest,entropyNrActions
nr_205_id_18_0407ad7dd44c0a7632dd3c8b46146b130d78331c_EditHomePanelsPage_GTSPOON.csv,68,0.033170731707317075,1.3992094868908018
