file,nrBest,proportionBest,entropyNrActions
nr_103_id_33_0daa59843d75a3ce4df81437925f8aca12e37290_Ds2dsAction_GTSPOON.csv,1258,0.6136585365853658,1.828068847495603
