file,nrBest,proportionBest,entropyNrActions
nr_58_id_10_0084a2dc40a194ae141f3c71aed272f7253cb564_GsonBuilderTest_GTSPOON.csv,2015,0.9829268292682927,0.1047847065935152
