file,nrBest,proportionBest,entropyNrActions
nr_141_id_26_0554235850447278b26b2cc622bd1c59b4e81038_LinearLayoutRuleTest_GTSPOON.csv,1393,0.6795121951219513,1.2422935284507601
