file,nrBest,proportionBest,entropyNrActions
nr_221_id_2_00692a6a2030a088f0d70296208d6bb5e3b2909c_TestIndexWriterDelete_GTSPOON.csv,198,0.09658536585365854,2.8430116489825563
