file,nrBest,proportionBest,entropyNrActions
nr_848_id_2_01d3b12176b81c0a9bfa4eed1ed43b951632095d_StockMgrImpl_GTSPOON.csv,601,0.29317073170731706,2.6406486096157176
