file,nrBest,proportionBest,entropyNrActions
nr_413_id_4_01a0881c339e9470225670beca2e5774cd11b13f_SHA1_GTSPOON.csv,110,0.05365853658536585,2.518903854419826
