file,nrBest,proportionBest,entropyNrActions
nr_188_id_29_0abc4c919250c7265981baee4f65c07ef785243b_Application_GTSPOON.csv,1300,0.6341463414634146,1.65490484559585
