file,nrBest,proportionBest,entropyNrActions
nr_109_id_15_01d6e136e32be53a3343e6252343abd10690a345_TestJapaneseTokenizerFactory_GTSPOON.csv,1933,0.9429268292682926,0.3665303363388929
