file,nrBest,proportionBest,entropyNrActions
nr_403_id_15_076e038f663bd756c59c4d232cae04dae8828af3_FileUtil_GTSPOON.csv,311,0.15170731707317073,1.9897059761398204
