file,nrBest,proportionBest,entropyNrActions
nr_478_id_2_00fcf946e3a50a94fe5d880a47fb75e5535571e9_EventListener_GTSPOON.csv,569,0.2775609756097561,2.208717101800667
