file,nrBest,proportionBest,entropyNrActions
nr_324_id_18_0677519694c1e948c4f211edb3b79be1720463dc_SimpleMailServer_GTSPOON.csv,1838,0.8965853658536586,0.606192377964159
