file,nrBest,proportionBest,entropyNrActions
nr_5_id_16_002249513037fbf66f54e1d4fc0274af878230c5_PatternSet_GTSPOON.csv,330,0.16097560975609757,1.6195441286223
