file,nrBest,proportionBest,entropyNrActions
nr_290_id_27_0ccf3d4f5e8915cec1418802bcd5e3e2fb2b761d_AVD_GTSPOON.csv,1440,0.7024390243902439,1.221785095915628
