file,nrBest,proportionBest,entropyNrActions
nr_306_id_29_122fc937bb75e2835f089a23055acabeb65c3808_TwitterEngine_GTSPOON.csv,447,0.21804878048780488,2.2782353557387287
