file,nrBest,proportionBest,entropyNrActions
nr_161_id_13_0251f598f33be56a64575158b1330f8f1abc4485_IdentityServicesImpl_GTSPOON.csv,176,0.08585365853658537,2.782279713275037
