file,nrBest,proportionBest,entropyNrActions
nr_70_id_39_7a0f31186e7af8f4d7f7e32960089332b3e7a423_DrawingThread_GTSPOON.csv,391,0.19073170731707317,2.383753196901143
