file,nrBest,proportionBest,entropyNrActions
nr_614_id_4_0260e398517e53b766dce9e80738bd53833d8ce1_ReactionModelGenerator_GTSPOON.csv,127,0.06195121951219512,3.5484673349315106
