file,nrBest,proportionBest,entropyNrActions
nr_569_id_35_6cd2927d90a7a56036d94549b7be5ae99d9b04f2_Startup_GTSPOON.csv,2028,0.9892682926829268,0.07872950383966364
