file,nrBest,proportionBest,entropyNrActions
nr_221_id_34_2056a8c97986d83f091631851ac57849d57587a8_InvokerProxyCreator_GTSPOON.csv,89,0.04341463414634146,2.5855736150115547
