file,nrBest,proportionBest,entropyNrActions
nr_33_id_13_00971337d9e312f2929166064dfc5175e6529edd_TilesPlugin_GTSPOON.csv,194,0.09463414634146342,1.4245223629349857
