file,nrBest,proportionBest,entropyNrActions
nr_257_id_19_0643061368d3aae737fe3253b678129c49e611a0_MainViewController_GTSPOON.csv,1567,0.764390243902439,1.0951800937474463
