file,nrBest,proportionBest,entropyNrActions
nr_122_id_18_02458880370697b49e91c33e09672a4a3c8b73b3_Arena_GTSPOON.csv,182,0.08878048780487804,3.0193083238982017
