file,nrBest,proportionBest,entropyNrActions
nr_469_id_18_08bd795eb583550c22c2b9fd8ba8450081f92685_ReportController_GTSPOON.csv,806,0.3931707317073171,0.800644302091878
