file,nrBest,proportionBest,entropyNrActions
nr_557_id_2_0132035122ff9959511456684c6f798397f06cde_MapRenderingTypes_GTSPOON.csv,221,0.10780487804878049,2.5667446803510563
