file,nrBest,proportionBest,entropyNrActions
nr_218_id_30_0d4f45a930f78ca88587e84d2a8ae23da4a82a34_PipeParser_GTSPOON.csv,996,0.48585365853658535,1.8943777801262762
