file,nrBest,proportionBest,entropyNrActions
nr_347_id_25_0bea337cd8124a7390a3f3db898c35e8c60581e8_BarGraphView_GTSPOON.csv,187,0.09121951219512195,2.346386302958674
