file,nrBest,proportionBest,entropyNrActions
nr_333_id_18_068ecf2a703232c7fab082621f4a1ef41ae82e7b_EventView_GTSPOON.csv,1550,0.7560975609756098,1.174983962923439
