file,nrBest,proportionBest,entropyNrActions
nr_179_id_31_0c430739dbcb341a1e71a803a4444cc42a7cea7c_R_GTSPOON.csv,1200,0.5853658536585366,1.6319849238998339
