file,nrBest,proportionBest,entropyNrActions
nr_87_id_29_0509cfac18560ec4c348c839e109466ae18c77f1_StartButtonListener_GTSPOON.csv,1656,0.8078048780487805,0.9538214610986956
