file,nrBest,proportionBest,entropyNrActions
nr_334_id_32_1d54f3f95e592f2cb6549196c3facfb9b58c1a54_BeanComparator_GTSPOON.csv,1937,0.9448780487804878,0.33976240976765376
