file,nrBest,proportionBest,entropyNrActions
nr_302_id_32_19724da7345a4ff07b3d26861d364101311f1969_InputMapPreference_GTSPOON.csv,1182,0.5765853658536585,1.9981734338781076
