file,nrBest,proportionBest,entropyNrActions
nr_333_id_1_03f5a0370045c70c8f8b3edf14647b1b1087659a_IdeWindow_GTSPOON.csv,61,0.02975609756097561,2.58843637929954
