file,nrBest,proportionBest,entropyNrActions
nr_237_id_2_0074f1aec19d70059c060660afa3e56ccae50f14_AudioInput_GTSPOON.csv,740,0.36097560975609755,2.12062226395724
