file,nrBest,proportionBest,entropyNrActions
nr_149_id_2_0049302920903d68685e943b16c7ed6be60db09b_FOXMLDODeserializer_GTSPOON.csv,14,0.006829268292682927,3.032353272829049
