file,nrBest,proportionBest,entropyNrActions
nr_374_id_6_0248b6b4f252018e4a5e9a10515df05636650835_HotPlugUnplugVmNicCommand_GTSPOON.csv,1929,0.9409756097560975,0.35710961884438824
