file,nrBest,proportionBest,entropyNrActions
nr_164_id_4_008a5343ac6ddf2fea0169eae1137796b36ccfe6_Character_GTSPOON.csv,1721,0.8395121951219512,0.7726956025578792
