file,nrBest,proportionBest,entropyNrActions
nr_421_id_19_0a011175a7210b1a2b8644bdfc066dd118259a04_AbstractConnectorTest_GTSPOON.csv,1403,0.6843902439024391,1.2847879144635463
