file,nrBest,proportionBest,entropyNrActions
nr_371_id_16_06baa74a32ceafa13aa3442a71f2123d9816f0af_Util_GTSPOON.csv,280,0.13658536585365855,2.7655387264144564
