file,nrBest,proportionBest,entropyNrActions
nr_273_id_16_04f59b1c38b3419ccbd453b5a2c09bebec21329d_Patient_GTSPOON.csv,380,0.18536585365853658,2.4813046476843184
