file,nrBest,proportionBest,entropyNrActions
nr_431_id_36_703921f1e84d73b4e2ec359a023cb03daf69d258_ReflectionUtils_GTSPOON.csv,1191,0.5809756097560975,1.8598864758227587
