file,nrBest,proportionBest,entropyNrActions
nr_116_id_8_01075bb6e55c5dda6aaf2a8e6af8126566df4b20_Channel_GTSPOON.csv,1289,0.628780487804878,1.5892630570820363
