file,nrBest,proportionBest,entropyNrActions
nr_94_id_12_0112cab33a6c4853e9d4df1c70ea016a447cc538_Input_GTSPOON.csv,1466,0.7151219512195122,1.1917020544449513
