file,nrBest,proportionBest,entropyNrActions
nr_420_id_17_086e49c177c63b719042378a6948fcc3b6f3534a_QueryProcessorServlet_GTSPOON.csv,1393,0.6795121951219513,1.3558130303551184
