file,nrBest,proportionBest,entropyNrActions
nr_220_id_11_02db98340e400e46a8181747355ef42e45933d3a_CytoSpade_GTSPOON.csv,18,0.00878048780487805,3.070496021388995
