file,nrBest,proportionBest,entropyNrActions
nr_141_id_29_082b7d7961b2efead489f83506380a44069a59ce_NetworkStateTracker_GTSPOON.csv,1924,0.9385365853658536,0.3107872358466517
