file,nrBest,proportionBest,entropyNrActions
nr_287_id_25_09b1574e91268c661dea253ffb9a676957695a2e_GuesserManager_GTSPOON.csv,1545,0.7536585365853659,1.2679646468020964
