file,nrBest,proportionBest,entropyNrActions
nr_197_id_17_03da21e661b2a702622d6cd76dde1ec464faf26a_Report_GTSPOON.csv,14,0.006829268292682927,2.947253200795567
