file,nrBest,proportionBest,entropyNrActions
nr_94_id_36_16636d703bae9082b69463aa57468542cdda60bb_ElementTest_GTSPOON.csv,1291,0.6297560975609756,1.5082183962803744
