file,nrBest,proportionBest,entropyNrActions
nr_281_id_26_09e905f199e2804f08e54f046e738cf5ffbb5565_MenuAntRunProject_GTSPOON.csv,6,0.002926829268292683,0.4347013414058389
