file,nrBest,proportionBest,entropyNrActions
nr_308_id_8_029c85aa8262f7271e9bd121356879c5ae95c0a7_Permission_GTSPOON.csv,1574,0.7678048780487805,1.0664217875302686
