file,nrBest,proportionBest,entropyNrActions
nr_295_id_28_0d57e9db74041aa8577101e1a9ed8af53bf8a883_AlunoForm_GTSPOON.csv,1378,0.6721951219512196,1.484451432548527
