file,nrBest,proportionBest,entropyNrActions
nr_128_id_24_03cbb9d90776e4c9fe5a2815f7c831ada1627a05_RemoteConnector_GTSPOON.csv,19,0.009268292682926829,1.600316250110319
