file,nrBest,proportionBest,entropyNrActions
nr_552_id_10_056447ddcdde3c189d8763c460d495ab25f03570_ProtobufDeserializer_GTSPOON.csv,1815,0.8853658536585366,0.43074535129551345
