file,nrBest,proportionBest,entropyNrActions
nr_315_id_8_02a94645a23c738eb8e6d59190a4ba13f46fec18_LinkerImpl_GTSPOON.csv,1666,0.8126829268292682,0.8978452375220773
