file,nrBest,proportionBest,entropyNrActions
nr_290_id_36_4876a8a08f3c7ceefd00836fc4f6be5841b6ccd3_CPPVisitor_GTSPOON.csv,140,0.06829268292682927,3.6846991219854694
