file,nrBest,proportionBest,entropyNrActions
nr_207_id_35_278cc738196c7397847edcca4d793b5cfe94a805_PacketReader_GTSPOON.csv,222,0.10829268292682927,2.793488315221687
