file,nrBest,proportionBest,entropyNrActions
nr_622_id_3_04313f44d936aa843874d26bdbd2aaf97e78175f_ContextMarker_GTSPOON.csv,1083,0.5282926829268293,2.0397003259491018
