file,nrBest,proportionBest,entropyNrActions
nr_338_id_7_037295ea14059f41672b4853b8dee19744f3890c_ChannelEndpointImpl_GTSPOON.csv,190,0.09268292682926829,2.7298688008264294
