file,nrBest,proportionBest,entropyNrActions
nr_514_id_3_035220e3d225c5a970be91138a1a80d4fc33155e_TargetsManager_GTSPOON.csv,1627,0.7936585365853659,1.0558858681630245
