file,nrBest,proportionBest,entropyNrActions
nr_316_id_36_52d873b7f0b10c77733784a35490f9314c29b0f2_Messenger_GTSPOON.csv,391,0.19073170731707317,1.7107201858481582
