file,nrBest,proportionBest,entropyNrActions
nr_238_id_25_07c42589b6a1d525ff2ab0df5c0544953413df64_JUnitTestClassParser_GTSPOON.csv,1748,0.8526829268292683,0.6546625135397287
