file,nrBest,proportionBest,entropyNrActions
nr_137_id_21_03b91ccd64cc94c81497c45b1f5a604e6b3de65a_ImagePanel_GTSPOON.csv,1922,0.937560975609756,0.4079937323439883
