file,nrBest,proportionBest,entropyNrActions
nr_339_id_23_0af6248458417306dc71ce4bc6e24d6ccff0ad23_User_GTSPOON.csv,2020,0.9853658536585366,0.10707134277457808
