file,nrBest,proportionBest,entropyNrActions
nr_425_id_23_0d430b47822c06394913189cab9b119e034754a0_ForgeEssentialsPacketBase_GTSPOON.csv,2020,0.9853658536585366,0.09744694567021898
