file,nrBest,proportionBest,entropyNrActions
nr_285_id_13_04200c4bddbc0859f7ebd3c79e35db36c4c2fa54_Activator_GTSPOON.csv,1333,0.6502439024390244,1.7248321615405402
