file,nrBest,proportionBest,entropyNrActions
nr_379_id_20_076320ef873b5089e9bd413400b6f09b5e65a89c_UiConstants_GTSPOON.csv,1637,0.7985365853658537,0.9129299303825732
