file,nrBest,proportionBest,entropyNrActions
nr_111_id_1_0136fe5916945560156951933db132aa9d27908b_BoardEditor_GTSPOON.csv,188,0.09170731707317073,2.6117157451012307
