file,nrBest,proportionBest,entropyNrActions
nr_147_id_6_01058fd7e7b91ec8dab9c9788895a0b5b0e53971_frame1_GTSPOON.csv,149,0.07268292682926829,3.1315798672306037
