file,nrBest,proportionBest,entropyNrActions
nr_390_id_22_0964b5967093c22463f88876cb3d1f96c61c0fd7_MainActivity_GTSPOON.csv,2000,0.975609756097561,0.16396526069217315
