file,nrBest,proportionBest,entropyNrActions
nr_6_id_38_04b87dda2900dc689c6305b63759de320472e6e1_AbderaActivator_GTSPOON.csv,2029,0.9897560975609756,0.07113261323240674
