file,nrBest,proportionBest,entropyNrActions
nr_110_id_37_3209bc66844e028a913586918cb6a808562c46b7_Panel_GTSPOON.csv,14,0.006829268292682927,4.392704706076946
