file,nrBest,proportionBest,entropyNrActions
nr_191_id_26_074b39de233186a63793be0b13a3c407ab3ffc96_Explore_GTSPOON.csv,61,0.02975609756097561,3.126781818635453
