file,nrBest,proportionBest,entropyNrActions
nr_313_id_23_0a07bd6105581d6fa248492c7a7835b736de0a5e_LdapConnection_GTSPOON.csv,153,0.07463414634146341,2.8971344735841513
