file,nrBest,proportionBest,entropyNrActions
nr_459_id_7_04d71c1569593c65347253804a37df8122df72e7_TranslateAnimation3D_GTSPOON.csv,1848,0.9014634146341464,0.5183580970686213
