file,nrBest,proportionBest,entropyNrActions
nr_411_id_17_083f9e54896ddf39cd52df27af5f951bc0e6d855_DefaultActivity_GTSPOON.csv,1547,0.7546341463414634,1.1024197512444274
