file,nrBest,proportionBest,entropyNrActions
nr_129_id_16_0279acaec0dd36c1f9e1ea913ef35d49cd26ee59_PPbot_GTSPOON.csv,5,0.0024390243902439024,2.4141568686511503
