file,nrBest,proportionBest,entropyNrActions
nr_241_id_30_0ee75797acf6fb7e02dc0319821c28aa9540a95b_ServiceLocator_GTSPOON.csv,1843,0.8990243902439025,0.5638026822924359
