file,nrBest,proportionBest,entropyNrActions
nr_153_id_16_0308c273fe01ca84e25cf30a41458e5b58917e34_Preferences_GTSPOON.csv,1924,0.9385365853658536,0.3107872358466517
