file,nrBest,proportionBest,entropyNrActions
nr_259_id_21_06d16d78c0059e9676395e08b14f18bedb12868b_SimpleExample_GTSPOON.csv,1628,0.7941463414634147,1.0261644181381273
