file,nrBest,proportionBest,entropyNrActions
nr_326_id_18_067b347b02728a2b0addf54a7d0ed183c047a58e_SessionManager_GTSPOON.csv,1757,0.8570731707317073,0.7011227829912634
