file,nrBest,proportionBest,entropyNrActions
nr_16_id_32_0174ac20b06b0f027a467c4e4f8a8d7078dafa29_IOGenerator_GTSPOON.csv,209,0.10195121951219512,2.696894336255314
