file,nrBest,proportionBest,entropyNrActions
nr_125_id_18_025b15911d0a77146935d1bd83bb067440c5923a_ApplicationInitializer_GTSPOON.csv,1369,0.6678048780487805,1.4617765305789474
