file,nrBest,proportionBest,entropyNrActions
nr_188_id_13_02b26879db2cb9445962653ce5fcab9925aacad2_Watchdog_GTSPOON.csv,750,0.36585365853658536,2.3724461160957926
