file,nrBest,proportionBest,entropyNrActions
nr_103_id_34_109719c554c1019e6d195d9150ef4e49e408344d_TaskRunner_GTSPOON.csv,838,0.408780487804878,2.3667928024499236
