file,nrBest,proportionBest,entropyNrActions
nr_310_id_14_04b288958078f8b29870dcbb2239df448c559610_DayFragment_GTSPOON.csv,10,0.004878048780487805,1.4806440305066535
