file,nrBest,proportionBest,entropyNrActions
nr_405_id_26_0dd2f28415f958eb8e6fa17877a05ea240304a06_EntityWindow_GTSPOON.csv,1280,0.624390243902439,1.6779360277417497
