file,nrBest,proportionBest,entropyNrActions
nr_391_id_22_0968a2c464b6458da9fe7124a538e87bb9d33b24_EditBlogTemplatesPlugin_GTSPOON.csv,1088,0.5307317073170732,1.9245622385721441
