file,nrBest,proportionBest,entropyNrActions
nr_326_id_33_2a163980dab0651f63ee156f5241e9e368f9dc6b_Mvcs_GTSPOON.csv,5,0.0024390243902439024,1.0668449896456744
