file,nrBest,proportionBest,entropyNrActions
nr_242_id_2_0076b8751fee645c7270d9859f8c83d8b4797dc6_AuthCheckDisplay_GTSPOON.csv,2025,0.9878048780487805,0.0882519911259089
