file,nrBest,proportionBest,entropyNrActions
nr_453_id_19_0abf6acb5f428327863645a65135f6ddfc55432d_ConnectFragment_GTSPOON.csv,488,0.23804878048780487,2.1493598554778575
