file,nrBest,proportionBest,entropyNrActions
nr_170_id_11_022d3d37a6a499878f89f350f805b5610edfd23e_Tool_GTSPOON.csv,1122,0.5473170731707317,2.0839622373539113
