file,nrBest,proportionBest,entropyNrActions
nr_135_id_24_040749c09afba47735b8fe8ee79e8cba2b19b01c_PixExOp_GTSPOON.csv,483,0.23560975609756096,2.250776348949131
