file,nrBest,proportionBest,entropyNrActions
nr_344_id_37_98aa39ce638d972ca3b8b607938960d463aa94a3_BaseEntryPointCreator_GTSPOON.csv,1328,0.6478048780487805,1.5453264488629754
