file,nrBest,proportionBest,entropyNrActions
nr_155_id_27_070c091ac4f33e9a55ed263ba6709e03af9413f2_XMLSchemaValidator_GTSPOON.csv,173,0.08439024390243903,2.6517335850979213
