file,nrBest,proportionBest,entropyNrActions
nr_391_id_26_0d656340234963845bb9e2ef52004570da63feb4_Model_GTSPOON.csv,1714,0.8360975609756097,0.9430470431056794
