file,nrBest,proportionBest,entropyNrActions
nr_20_id_29_013060dea020667a2416dbe052038bb582c70901_RestaurantActivity_GTSPOON.csv,1264,0.6165853658536585,1.5564349061901175
