file,nrBest,proportionBest,entropyNrActions
nr_265_id_4_00ff89615bb0a910b2e829580001d7a2b15677aa_DozerPluginUtils_GTSPOON.csv,360,0.17560975609756097,2.0683576061164093
