file,nrBest,proportionBest,entropyNrActions
nr_477_id_8_03f69e80425a67f183befacaa4b768aa965ef556_ConeGenerator_GTSPOON.csv,177,0.08634146341463414,2.7822334429834488
