file,nrBest,proportionBest,entropyNrActions
nr_223_id_18_04506e9e058be50545ff4fd09bdfc8dd6f82fa6d_myclient_GTSPOON.csv,1827,0.891219512195122,0.6290411375599972
