file,nrBest,proportionBest,entropyNrActions
nr_122_id_20_0284a2c7b717a6764e73e81e76a0b7a7759d30d6_RequiresCDIFacetPredicate_GTSPOON.csv,2000,0.975609756097561,0.14367802613919914
