file,nrBest,proportionBest,entropyNrActions
nr_97_id_10_00c47eb8b3f305957feb1f7371fb05a81c6c307b_ServerGameState_GTSPOON.csv,1928,0.9404878048780487,0.37025504468447396
