file,nrBest,proportionBest,entropyNrActions
nr_87_id_28_03faab3d569126c1b5381cb63787a3a5a32522a4_HelloWorldDialogue_GTSPOON.csv,119,0.05804878048780488,1.5230636691381672
