file,nrBest,proportionBest,entropyNrActions
nr_153_id_17_030bd8156b2a879a51e3e5317725d2539363b3bd_EntityListener_GTSPOON.csv,180,0.08780487804878048,2.284910011137149
