file,nrBest,proportionBest,entropyNrActions
nr_141_id_33_121dd40c5d088ac7970832ee0230af58eb824bf9_ISAccountLockout_GTSPOON.csv,505,0.24634146341463414,2.7838584852151462
