file,nrBest,proportionBest,entropyNrActions
nr_25_id_21_00cf1dc234a84389bbdf86213e94ae1020917cb4_ConfigReaderImpl_GTSPOON.csv,1919,0.9360975609756098,0.4096547194615502
