file,nrBest,proportionBest,entropyNrActions
nr_310_id_6_01f2897017177a25476e17e4edf6e8367a064b16_CheckIndex_GTSPOON.csv,111,0.054146341463414634,3.070047490137891
