file,nrBest,proportionBest,entropyNrActions
nr_268_id_20_0510f05ca686300cdb5b875b4f39a43e93271a59_PostReplyFragment_GTSPOON.csv,133,0.06487804878048781,3.1835955537906013
