file,nrBest,proportionBest,entropyNrActions
nr_384_id_27_115c9a1c46dea04419a3076238fc9082768b494c_SnapshotManagerServlet_GTSPOON.csv,727,0.3546341463414634,2.589127387228885
