file,nrBest,proportionBest,entropyNrActions
nr_450_id_9_05302b198a6a8205ee7035f9772629ed648bc76d_AMAuthErrorCode_GTSPOON.csv,1924,0.9385365853658536,0.3107872358466517
