file,nrBest,proportionBest,entropyNrActions
nr_140_id_27_064e102cbbd253a7781c70e1ae6dd4724539e719_VTabsheet_GTSPOON.csv,168,0.08195121951219513,2.705828993963552
