file,nrBest,proportionBest,entropyNrActions
nr_249_id_32_1600b1370cfcf41c65d361d9efa904366638fd84_SvnWcDbShared_GTSPOON.csv,299,0.14585365853658536,3.2360550467634903
