file,nrBest,proportionBest,entropyNrActions
nr_296_id_18_05e1e4f5df47ee4a7f1e841204b33e2ba37a1fa2_CSVFileReader_GTSPOON.csv,1644,0.8019512195121952,1.0681040825927024
