file,nrBest,proportionBest,entropyNrActions
nr_169_id_23_0548840eccd72008057ced5348948a0e067b7b94_FSM_State_GTSPOON.csv,2025,0.9878048780487805,0.08957070685917613
