file,nrBest,proportionBest,entropyNrActions
nr_83_id_39_8a4ad81bd4d933e64b28c47988f96d4c6c9a1a81_SiteAction_GTSPOON.csv,190,0.09268292682926829,2.369140398677065
