file,nrBest,proportionBest,entropyNrActions
nr_653_id_8_0519c23d836c9f0a89b8ba363920165b54043bac_RMONAdapter_GTSPOON.csv,1253,0.6112195121951219,1.6078246970710728
