file,nrBest,proportionBest,entropyNrActions
nr_186_id_29_0a8df96301f538d5f04cd51eb7016230914818cf_SocketJoiner_GTSPOON.csv,6,0.002926829268292683,2.9869868099122545
