file,nrBest,proportionBest,entropyNrActions
nr_448_id_26_0f08f58c0101ca817325bd91b08c408a67ba938c_DefaultAPIClient_GTSPOON.csv,108,0.05268292682926829,2.4107990107191615
