file,nrBest,proportionBest,entropyNrActions
nr_111_id_11_0157d20b4fd871e3ef9503da715061b27fb9e676_ReplicationTest_GTSPOON.csv,72,0.0351219512195122,2.7049286916940294
