file,nrBest,proportionBest,entropyNrActions
nr_13_id_5_0025b4221031fa0d6852b5ad656c19c0ea4c8c0e_SMAATRIResults_GTSPOON.csv,1929,0.9409756097560975,0.37146571319768223
