file,nrBest,proportionBest,entropyNrActions
nr_108_id_18_01ee5f13b1f4fc186044d2576ab89bd47cde3a55_DeepData_GTSPOON.csv,175,0.08536585365853659,2.6367957695234283
