file,nrBest,proportionBest,entropyNrActions
nr_361_id_37_a1cf4927c2ce72f4ea6122683573c821250bd011_IssueApp_GTSPOON.csv,197,0.09609756097560976,2.8402670835844264
