file,nrBest,proportionBest,entropyNrActions
nr_411_id_27_12581d224d1a786ccec5c81d92612c341bea9ff6_ComicController_GTSPOON.csv,621,0.3029268292682927,1.7930110077482093
