file,nrBest,proportionBest,entropyNrActions
nr_336_id_19_080702581803598deac0622d6ba49868e7c5db13_Main_GTSPOON.csv,60,0.02926829268292683,3.183539774046655
