file,nrBest,proportionBest,entropyNrActions
nr_180_id_32_10077745e7b100b01fb989e92201a67e6ecd5222_FastBlas_GTSPOON.csv,1040,0.5073170731707317,2.128209792212833
