file,nrBest,proportionBest,entropyNrActions
nr_258_id_16_04b7305a521317f82be269e691a251e876558266_Window_GTSPOON.csv,664,0.32390243902439025,1.4931285423093703
