file,nrBest,proportionBest,entropyNrActions
nr_425_id_30_19bf19bb85df75e3990fefb6af58cd6d4173fc92_SkillWolf_GTSPOON.csv,106,0.05170731707317073,2.910324249736551
