file,nrBest,proportionBest,entropyNrActions
nr_449_id_19_0aa4b05d8a05f4ffc510e63882eba186e9803501_IntellIVRBeanTest_GTSPOON.csv,168,0.08195121951219513,2.6417740971067145
