file,nrBest,proportionBest,entropyNrActions
nr_172_id_15_035aaf228bfce82acf08ca50d3cc6c2239984e76_Disassembler_GTSPOON.csv,209,0.10195121951219512,2.6226381053891648
