file,nrBest,proportionBest,entropyNrActions
nr_309_id_7_032c54e26929d5f9a68c36abf768d99c90a2b3ea_LaunchpadApplet_GTSPOON.csv,1109,0.5409756097560976,1.7925270103532804
