file,nrBest,proportionBest,entropyNrActions
nr_425_id_29_18cb56b96db33f9112a2637e3b465f4c2281ee4a_MyListFragment_GTSPOON.csv,2008,0.9795121951219512,0.13714664613622085
