file,nrBest,proportionBest,entropyNrActions
nr_551_id_10_0562271a85689cbbb7c0adf754584d4d1ba13956_FBReader_GTSPOON.csv,192,0.09365853658536585,1.9305488230065868
