file,nrBest,proportionBest,entropyNrActions
nr_109_id_4_005a13c6e1664fc9de6fde639cb0805d9626b738_RenderedEvent_GTSPOON.csv,3,0.0014634146341463415,2.730885005790786
