file,nrBest,proportionBest,entropyNrActions
nr_579_id_11_083ff9e09f9134e8f21153bfd00424a3fed49ff8_NormalMode_GTSPOON.csv,746,0.36390243902439023,2.472759080453542
