file,nrBest,proportionBest,entropyNrActions
nr_606_id_5_0511447a6bc564692f2e45bc734bfcd18e492e59_TimerObj_GTSPOON.csv,1281,0.6248780487804878,1.5814626925488315
