file,nrBest,proportionBest,entropyNrActions
nr_160_id_8_0177fb58981973c7f283a99a318e86c3d63e686f_JvmClientProxy_GTSPOON.csv,745,0.36341463414634145,2.6422142466034195
