file,nrBest,proportionBest,entropyNrActions
nr_288_id_36_47debca3dd8b004423607156baeba18fc6528917_ByteCodeVisitor_GTSPOON.csv,1,0.0004878048780487805,1.3325157050532812
