file,nrBest,proportionBest,entropyNrActions
nr_11_id_29_00c3543d996098fe1249bfc45f15cb387d2b0204_TestHSSFSheet_GTSPOON.csv,210,0.1024390243902439,1.9884641722369527
