file,nrBest,proportionBest,entropyNrActions
nr_216_id_27_0998f4310f34dde9155d606c511ff90a0adfd679_TileEntityProjectBase_GTSPOON.csv,1939,0.9458536585365853,0.34122084428699434
