file,nrBest,proportionBest,entropyNrActions
nr_299_id_9_038d358384e391beaa24f5e84536c26b9963e15f_SaleOrderController_GTSPOON.csv,15,0.007317073170731708,2.629005603072816
