file,nrBest,proportionBest,entropyNrActions
nr_33_id_36_08a3c0bd35e09f1ad03bbb626705adf947c0cb91_TagCloud_GTSPOON.csv,341,0.16634146341463416,1.8275681399548092
