file,nrBest,proportionBest,entropyNrActions
nr_46_id_10_00629e2eb9b80804f30fcfd522e003725f5b89ed_JXTitledPanel_GTSPOON.csv,1720,0.8390243902439024,0.8238965507315985
