file,nrBest,proportionBest,entropyNrActions
nr_540_id_12_05dfc20853503d1bc5bb13201b4f9e6db1da856d_EasSyncService_GTSPOON.csv,162,0.07902439024390244,2.9114688674873745
