file,nrBest,proportionBest,entropyNrActions
nr_199_id_15_03cca529e6f025a30b8b883ced87d6686b246588_Unit_GTSPOON.csv,196,0.09560975609756098,3.121844946364009
