file,nrBest,proportionBest,entropyNrActions
nr_426_id_6_0292bd677d9a35554ea697ca9be514b70ee9f85c_SoundVoice_GTSPOON.csv,1308,0.6380487804878049,1.5682696432996501
