file,nrBest,proportionBest,entropyNrActions
nr_96_id_7_0107f967b670ff31fe07205e13ae04c080e58cd1_Jsr223Bridge_GTSPOON.csv,1820,0.8878048780487805,0.41598886819514164
