file,nrBest,proportionBest,entropyNrActions
nr_426_id_11_05d4e6df54422175ff0b707b48563be3e6c0ed1c_UIPageNodeSelector_GTSPOON.csv,204,0.09951219512195122,2.6998264424578817
