file,nrBest,proportionBest,entropyNrActions
nr_85_id_11_011078fac95d679dd43f21d11f29f0e960e05ba1_LoginServlet_GTSPOON.csv,2015,0.9829268292682927,0.11683827925808392
