file,nrBest,proportionBest,entropyNrActions
nr_203_id_9_0277a7439c168b11020a4742c6ee18a110c17772_AddGeometriesToMapWizardAction_GTSPOON.csv,1240,0.6048780487804878,1.6402057835843216
