file,nrBest,proportionBest,entropyNrActions
nr_240_id_20_048e2f6bf7edee98f8eb61273c56a2510280c91e_JavaSnippetEditor_GTSPOON.csv,168,0.08195121951219513,2.5246130835084424
