file,nrBest,proportionBest,entropyNrActions
nr_61_id_6_0074b3ba493100250d8b99e71b4d9a8d86f0a925_Serveur_GTSPOON.csv,1641,0.8004878048780488,1.072515320016406
