file,nrBest,proportionBest,entropyNrActions
nr_385_id_22_09482b0473dfa774529208a5d73eda3d39fe2b40_Editor_GTSPOON.csv,106,0.05170731707317073,1.7010182402276428
