file,nrBest,proportionBest,entropyNrActions
nr_272_id_28_0c226701b7ec597bba033d93032af709c2851e0a_SymbMain_GTSPOON.csv,933,0.4551219512195122,0.6497919246859462
