file,nrBest,proportionBest,entropyNrActions
nr_529_id_34_48954673e4e8576dfb67744d1dde546cd352722d_Photo_GTSPOON.csv,158,0.07707317073170732,1.0355133790175706
