file,nrBest,proportionBest,entropyNrActions
nr_409_id_16_076492ddca281fecb41a335bf4772d4aefdc80f3_SMParser_GTSPOON.csv,1051,0.5126829268292683,1.8469313781472223
