file,nrBest,proportionBest,entropyNrActions
nr_37_id_15_00914f56c3390caa224b1c9fc07624665de40113_FilterShowActivity_GTSPOON.csv,152,0.07414634146341463,2.7548452620998156
