file,nrBest,proportionBest,entropyNrActions
nr_275_id_22_0707593531a2cf15003498de2e678d18465692fc_CallGraph_GTSPOON.csv,1510,0.7365853658536585,1.2476641343220782
