file,nrBest,proportionBest,entropyNrActions
nr_258_id_29_0f12be8639900a342961c4f8480895d7806ce283_StructuralValidator_GTSPOON.csv,787,0.38390243902439025,2.401246665292414
