file,nrBest,proportionBest,entropyNrActions
nr_352_id_32_1f1da97fbe53e967372804725c0f73e969b5ddf7_LTextView_GTSPOON.csv,756,0.36878048780487804,1.8779970391954381
