file,nrBest,proportionBest,entropyNrActions
nr_126_id_36_2037a77ed1004d20dc0492496b7b1dbbecf93af2_VDRTimer_GTSPOON.csv,883,0.43073170731707316,2.080523773246507
