file,nrBest,proportionBest,entropyNrActions
nr_160_id_17_03238d0dbbeab212d4e58ef2e6e7c5e53cc88367_UriChecker_GTSPOON.csv,294,0.14341463414634145,1.469683372797568
