file,nrBest,proportionBest,entropyNrActions
nr_506_id_3_03460c4e8286f79d118c7ee3ac1727aa25c941be_SchedulerListWindow_GTSPOON.csv,1465,0.7146341463414634,1.3081052068717427
