file,nrBest,proportionBest,entropyNrActions
nr_280_id_34_279e37910f5c71a68c6a01c0775d91275cd88b59_UsersAction_GTSPOON.csv,348,0.16975609756097562,2.9790740450218958
