file,nrBest,proportionBest,entropyNrActions
nr_44_id_11_00715503121384d328be00e7109f77362311d45d_CalendarEntry_GTSPOON.csv,1738,0.8478048780487805,0.8245703745294407
