file,nrBest,proportionBest,entropyNrActions
nr_182_id_17_03a39a908aca657df2c6558d25c3e94c569eabaa_Element_GTSPOON.csv,2027,0.988780487804878,0.07750857789826741
