file,nrBest,proportionBest,entropyNrActions
nr_311_id_18_063bb8bc33cf0912d664d3c1d3ae20c677d40f1b_PipelineLoader_GTSPOON.csv,2010,0.9804878048780488,0.12825246730811432
