file,nrBest,proportionBest,entropyNrActions
nr_324_id_35_3c342b6c777494615458175b5d4f496fc3cbde10_Dict_GTSPOON.csv,833,0.4063414634146341,2.3094356792544017
