file,nrBest,proportionBest,entropyNrActions
nr_93_id_9_0114f4f324594e046953204132175c0b4e6ccb52_AddShape_GTSPOON.csv,1744,0.8507317073170731,0.8041944505959927
