file,nrBest,proportionBest,entropyNrActions
nr_716_id_1_0811cf4be3dd1108ba0fd2ce1122e1d6602b906a_Table_GTSPOON.csv,209,0.10195121951219512,2.54561303014244
