file,nrBest,proportionBest,entropyNrActions
nr_65_id_25_02122008d3672c267f214606333c9ce2a404739c_DynamicHeightAlgorithm_GTSPOON.csv,1938,0.9453658536585365,0.3501873160944228
