file,nrBest,proportionBest,entropyNrActions
nr_559_id_2_0134d1dc08c2d47a53873cb9e55e043fc0741e29_BindingContextImpl_GTSPOON.csv,1938,0.9453658536585365,0.3548901702909733
