file,nrBest,proportionBest,entropyNrActions
nr_377_id_25_0d2e826ce6952f0666a467d3e508737f16b6b5cd_ContactsUtil_GTSPOON.csv,1573,0.7673170731707317,1.0527442198233836
