file,nrBest,proportionBest,entropyNrActions
nr_206_id_37_5cc9e2aea8628d77e8171c6d0615454d45755327_Basic3D_GTSPOON.csv,301,0.14682926829268292,2.253330531133574
