file,nrBest,proportionBest,entropyNrActions
nr_352_id_30_159ef77072275196bfa8acc87a5fb5b8529c267c_JDIThread_GTSPOON.csv,60,0.02926829268292683,2.956775233221749
