file,nrBest,proportionBest,entropyNrActions
nr_420_id_26_0e4c7a25ad5585a3253ee017573b24b642f63f08_Bullet_GTSPOON.csv,2025,0.9878048780487805,0.08999170501398362
