file,nrBest,proportionBest,entropyNrActions
nr_357_id_37_a109d95c2bfe84b43a6ae42fd1326a296fbde8b8_Showcase_GTSPOON.csv,28,0.013658536585365854,2.569611463782631
