file,nrBest,proportionBest,entropyNrActions
nr_26_id_23_00c9497e44eeb173b22168abb6d6959c5a37030e_Vertex_GTSPOON.csv,25,0.012195121951219513,2.69344477122952
