file,nrBest,proportionBest,entropyNrActions
nr_156_id_3_010983b238f67f01423ede27a015f15a72715e9d_TestPlayerStatBlob_GTSPOON.csv,1929,0.9409756097560975,0.33930888679553006
