file,nrBest,proportionBest,entropyNrActions
nr_89_id_24_02d156363d2241dd223e071acb2e1a3948644172_TeclaAccessibilityService_GTSPOON.csv,105,0.05121951219512195,2.6046495152850144
