file,nrBest,proportionBest,entropyNrActions
nr_247_id_7_02b088f5f238a112933f05947fd82ff35b4cec05_Tracer_GTSPOON.csv,1847,0.9009756097560976,0.5408215009877212
