file,nrBest,proportionBest,entropyNrActions
nr_68_id_26_028cf27bf03488e912150b082c5c9230274e3873_Localization_GTSPOON.csv,1416,0.6907317073170731,1.5048522171992254
