file,nrBest,proportionBest,entropyNrActions
nr_348_id_10_0360558d62117f4ea1b1d35b73f43c086025a91f_Connection_GTSPOON.csv,1560,0.7609756097560976,1.09816937224105
