file,nrBest,proportionBest,entropyNrActions
nr_471_id_10_048580ae79d1455289f2fdb457eec191f865b9da_Main_GTSPOON.csv,1936,0.944390243902439,0.3540189284336877
