file,nrBest,proportionBest,entropyNrActions
nr_513_id_14_075d69e3cd3a0b69bde0254aa193b5ff2f03702d_SchemaOnDisk_GTSPOON.csv,1908,0.9307317073170732,0.4323017025032789
