file,nrBest,proportionBest,entropyNrActions
nr_373_id_22_091e464ed4a5b82240f03848a54ec0346bca4727_DataFormatter_GTSPOON.csv,108,0.05268292682926829,3.078272097522115
