file,nrBest,proportionBest,entropyNrActions
nr_133_id_11_01b0d504b3c905fa55f4d9ce574126c115b9b60a_SFR_GTSPOON.csv,329,0.16048780487804878,2.252251585673807
