file,nrBest,proportionBest,entropyNrActions
nr_545_id_36_88b59f4d318fa3f1d2cf5d9861740f7772ba894d_Subject_GTSPOON.csv,465,0.22682926829268293,2.2617933915196717
