file,nrBest,proportionBest,entropyNrActions
nr_29_id_14_0075d9e15d2ac6c18cf7194487b8853d4c43c2d5_StatusBar_GTSPOON.csv,142,0.06926829268292684,2.316424766716752
