file,nrBest,proportionBest,entropyNrActions
nr_386_id_21_0a18a03b7694c7b7fa126f4846a9f6acb999e660_testLogic_GTSPOON.csv,862,0.42048780487804877,0.9892914822293233
