file,nrBest,proportionBest,entropyNrActions
nr_440_id_25_0fb320f3e59363718cb61879eb408ac23e89ffd9_ParserError_GTSPOON.csv,1848,0.9014634146341464,0.5153605263333598
