file,nrBest,proportionBest,entropyNrActions
nr_75_id_24_023e9a88a4712c6ec8ea641ec1e20089e5aeeb29_Request_GTSPOON.csv,880,0.4292682926829268,2.2489218359660583
