file,nrBest,proportionBest,entropyNrActions
nr_514_id_8_0431de7ac23d72d2b0f4f3df6366f27569f8a3ba_RestClient_GTSPOON.csv,1900,0.926829268292683,0.4720912849790727
