file,nrBest,proportionBest,entropyNrActions
nr_73_id_31_0575bc639437cfd54ebe514ae88c877b6597a9a2_GUIAdd_GTSPOON.csv,1520,0.7414634146341463,1.1567272721288024
