file,nrBest,proportionBest,entropyNrActions
nr_577_id_6_038861db315dce06d921d6b53e81f010fa8d28f2_WebappTester_GTSPOON.csv,1323,0.6453658536585366,1.4997052789053635
