file,nrBest,proportionBest,entropyNrActions
nr_280_id_26_09d5097a70718dbea3b057c25fb5f68fc47f372e_TaskitActivity_GTSPOON.csv,594,0.2897560975609756,1.649979486136011
