file,nrBest,proportionBest,entropyNrActions
nr_250_id_23_083c987a00272741d739b6389bee812507edd912_R_GTSPOON.csv,688,0.335609756097561,1.9426492566279114
