file,nrBest,proportionBest,entropyNrActions
nr_13_id_21_0076396c3cca311a8e19e3f3ba2e31e2e4bb1602_JUser_GTSPOON.csv,476,0.23219512195121952,1.862956835036211
