file,nrBest,proportionBest,entropyNrActions
nr_239_id_12_0293aadd66fee3e13709f1dd38e8f9a53cc99a3a_Presence_GTSPOON.csv,1815,0.8853658536585366,0.43074535129551345
