file,nrBest,proportionBest,entropyNrActions
nr_13_id_24_005505f813e34733821328f310fe399f91ac4151_GuideIntroViewFragment_GTSPOON.csv,1638,0.7990243902439025,1.0722995582923818
