file,nrBest,proportionBest,entropyNrActions
nr_404_id_6_02779fc695ad389cdf3855a41d3205f9fc551ec3_SeamValidatorsTest_GTSPOON.csv,165,0.08048780487804878,2.1753340500526543
