file,nrBest,proportionBest,entropyNrActions
nr_168_id_13_0270e73af1457844a8b6a82c093d747d094f6ded_EditsElement_GTSPOON.csv,1833,0.8941463414634147,0.4680549329166938
