file,nrBest,proportionBest,entropyNrActions
nr_478_id_13_070061875ee3e643ec13bcde55ecddbb41a906fb_InviteTest_GTSPOON.csv,1917,0.9351219512195122,0.41674893719425155
