file,nrBest,proportionBest,entropyNrActions
nr_26_id_27_01699bb834f62df6dacd0226403dbbb31d9f42b6_DSQuery_GTSPOON.csv,280,0.13658536585365855,2.8877187352308553
