file,nrBest,proportionBest,entropyNrActions
nr_537_id_3_037a72f688508afec23d36c6db43e27ef5d9ee93_TemplateTree_GTSPOON.csv,1041,0.5078048780487805,2.0885641386556513
