file,nrBest,proportionBest,entropyNrActions
nr_435_id_17_08c61ca9b0a5c44fa7145505676d2541e1da366d_ManagerTestNG_GTSPOON.csv,1666,0.8126829268292682,0.9052358446326071
