file,nrBest,proportionBest,entropyNrActions
nr_124_id_22_02cdf20f8d1d409629e30dd50dc3bd41c94f8972_FAQActivity_GTSPOON.csv,40,0.01951219512195122,0.9477545429324244
