file,nrBest,proportionBest,entropyNrActions
nr_141_id_16_02bf689c80c52749d80815df70e99776c6c8e08e_Console_GTSPOON.csv,906,0.4419512195121951,2.16780399456592
