file,nrBest,proportionBest,entropyNrActions
nr_264_id_31_12640dc87bb678688056ceff01e40c4065d9065c_ImporterTest_GTSPOON.csv,784,0.3824390243902439,1.0132829231051148
