file,nrBest,proportionBest,entropyNrActions
nr_646_id_7_06be4515e4f5afb947c6d45110975d453dfe4a89_ShellCommand_GTSPOON.csv,20,0.00975609756097561,1.7993438008522402
