file,nrBest,proportionBest,entropyNrActions
nr_202_id_3_01669894587cbcdb08436d2ba344a9bacdac5407_TreeNodeSelector_GTSPOON.csv,1826,0.8907317073170732,0.7244078491119871
