file,nrBest,proportionBest,entropyNrActions
nr_88_id_18_01a9277da7e51b8711b908d9f15c91846d33edb5_Semantics3WineScraper_GTSPOON.csv,1932,0.9424390243902439,0.38016443223384794
