file,nrBest,proportionBest,entropyNrActions
nr_250_id_17_0517d3539b627c61311409d3c698df38ed06c810_GroupApplication_GTSPOON.csv,1655,0.8073170731707318,0.9945771952337259
