file,nrBest,proportionBest,entropyNrActions
nr_90_id_13_0152db82571f59fa75188b25533ce7c682a18107_DSDataSet_GTSPOON.csv,1924,0.9385365853658536,0.3107872358466517
