file,nrBest,proportionBest,entropyNrActions
nr_493_id_6_030026591bc7438a6d585f3146fdd7b6959fb3ca_EditStudyPage_GTSPOON.csv,70,0.03414634146341464,2.9109643368202853
