file,nrBest,proportionBest,entropyNrActions
nr_278_id_12_030f95e72ae0faccb76c378c7439c84453e9d69b_ClassRealm_GTSPOON.csv,108,0.05268292682926829,1.708738888850593
