file,nrBest,proportionBest,entropyNrActions
nr_652_id_5_057d53f2e69c51e6d7a8517bb93aad7b3fb145e2_CronParser_GTSPOON.csv,147,0.07170731707317073,2.3899701412200907
