file,nrBest,proportionBest,entropyNrActions
nr_25_id_9_005512b7d7074283d9461afc46573e3e226220f4_RuleDefinition_GTSPOON.csv,1305,0.6365853658536585,1.5758271190029207
