file,nrBest,proportionBest,entropyNrActions
nr_310_id_1_03b05fc98589014beef94209a1d6e511438e309c_MoreSettingPopup_GTSPOON.csv,1574,0.7678048780487805,1.199295623057405
