file,nrBest,proportionBest,entropyNrActions
nr_517_id_7_0559849c120059c2b267780acf694e9e4f4c3ba4_APIClass_GTSPOON.csv,600,0.2926829268292683,2.5656677621303077
