file,nrBest,proportionBest,entropyNrActions
nr_209_id_27_094341051d2883cb3bec42ef0fc263103935eb39_TFileInputStreamHdfs_GTSPOON.csv,1536,0.7492682926829268,1.1362324398617476
