file,nrBest,proportionBest,entropyNrActions
nr_278_id_26_09c359505edaaef605929174e0707a131bbb92a7_DropboxConnector_GTSPOON.csv,512,0.2497560975609756,2.75653777574699
