file,nrBest,proportionBest,entropyNrActions
nr_121_id_18_0243aad65f4e40a8a2f1f4fa6fba3049dec29b28_Capture_GTSPOON.csv,1038,0.5063414634146342,2.103330572055061
