file,nrBest,proportionBest,entropyNrActions
nr_35_id_9_00741602baad6644b967af023a4e0f7302e87790_NanoHTTPD_GTSPOON.csv,241,0.11756097560975609,2.1389529907351204
