file,nrBest,proportionBest,entropyNrActions
nr_21_id_16_009b1bf6896aae58a8c774d5f82da4e8156695a6_DiagnosticGroups_GTSPOON.csv,1706,0.8321951219512195,0.851316957023372
