file,nrBest,proportionBest,entropyNrActions
nr_275_id_20_053776137ba227a1e4a1b5154817ffc86173b645_PDFSpeciesFactsheet_GTSPOON.csv,136,0.06634146341463415,3.148261442845757
