file,nrBest,proportionBest,entropyNrActions
nr_474_id_35_5a4b358c5a038b256d09b60d3b9f2cd4f485a138_P2TransportService_GTSPOON.csv,1816,0.8858536585365854,0.6185675565038825
