file,nrBest,proportionBest,entropyNrActions
nr_445_id_12_04c8a622e0e439cbc0a96ec28ef1b92f445f8016_PermissionUtil_GTSPOON.csv,1636,0.7980487804878049,0.9892814789332431
