file,nrBest,proportionBest,entropyNrActions
nr_1_id_10_00004600a08fe54f28f4ad4abf18507268763be1_TabControl_GTSPOON.csv,827,0.4034146341463415,2.0580529084184875
