file,nrBest,proportionBest,entropyNrActions
nr_330_id_36_553ba5841682857cd47157ed458c2f5b82d7614e_ShapeXYLayoutEditPolicy_GTSPOON.csv,1081,0.5273170731707317,2.2098989211194375
