file,nrBest,proportionBest,entropyNrActions
nr_465_id_21_0bda2075daf70e96b53784b0198dbf1b7a995e7c_CommandManager_GTSPOON.csv,526,0.25658536585365854,2.897849451722424
