file,nrBest,proportionBest,entropyNrActions
nr_27_id_19_00d08adeb69054e3728a3d64b9a0e2443e696adb_YADP_GTSPOON.csv,1087,0.5302439024390244,1.6639557410134027
