file,nrBest,proportionBest,entropyNrActions
nr_240_id_24_077f5fa0972164d456634b31914f68a49c733d83_LogMediator_GTSPOON.csv,1240,0.6048780487804878,1.7323810588942257
