file,nrBest,proportionBest,entropyNrActions
nr_1_id_17_0001482f7f6cb8af18bf78dcb9f13977c6244142_SyncServiceImpl_GTSPOON.csv,409,0.19951219512195123,2.502467886594607
