file,nrBest,proportionBest,entropyNrActions
nr_277_id_26_09c234013fdc8ba12302e2c89b309bd476f811a8_TidyCrashingBugsTest_GTSPOON.csv,1829,0.8921951219512195,0.5001618669335064
