file,nrBest,proportionBest,entropyNrActions
nr_493_id_21_0c608fc3dce159561be6b79f8df9be5a38503901_ModuleConfig_GTSPOON.csv,193,0.09414634146341463,2.756797810225562
