file,nrBest,proportionBest,entropyNrActions
nr_441_id_32_260e81b3403f7192a67c415eedb43ffc586a9e4f_Way_GTSPOON.csv,2,0.000975609756097561,3.0591050234517656
