file,nrBest,proportionBest,entropyNrActions
nr_206_id_33_18ec54e0f9408ce0e482d90233b27999354e34e6_Night_GTSPOON.csv,1920,0.9365853658536586,0.3859220827596441
