file,nrBest,proportionBest,entropyNrActions
nr_277_id_33_233a66d4c518f349ff25a2b529911a1ec9d6d6d9_Light_GTSPOON.csv,60,0.02926829268292683,2.608345437136207
