file,nrBest,proportionBest,entropyNrActions
nr_229_id_22_05d24a5c187c269e7798b0627796616fd695eb1d_Executable_GTSPOON.csv,1281,0.6248780487804878,1.6013331842106773
