file,nrBest,proportionBest,entropyNrActions
nr_270_id_3_01c419bfdd343145f352d9a988b0afe37d0b5658_JoshText_GTSPOON.csv,178,0.08682926829268292,2.506041215351213
