file,nrBest,proportionBest,entropyNrActions
nr_464_id_12_04fbc82533958ee96c90cd22613b42dd9e18b99a_ArrayConverter_GTSPOON.csv,1814,0.8848780487804878,0.643604148320946
