file,nrBest,proportionBest,entropyNrActions
nr_118_id_2_00383df143ec278443fa5a143cf8d784c9b6d496_TitleParser_GTSPOON.csv,1645,0.802439024390244,0.910589739935383
