file,nrBest,proportionBest,entropyNrActions
nr_156_id_7_01b2fabe2bb44df79d3f9bb30261ef4190e7ea96_Service_GTSPOON.csv,1721,0.8395121951219512,0.9619147057147266
