file,nrBest,proportionBest,entropyNrActions
nr_167_id_8_0181fc4596c4c035b110e976d93c55e666b41f92_HTMLExporterWizard_GTSPOON.csv,1827,0.891219512195122,0.3911161125523355
