file,nrBest,proportionBest,entropyNrActions
nr_142_id_16_02c3fe18b404a7e8e67a9f9d01a7e7543f9a6465_RPS_GTSPOON.csv,2025,0.9878048780487805,0.0908249671453873
