file,nrBest,proportionBest,entropyNrActions
nr_29_id_40_5799f77d69819d83f09faf3f7ee6a34131a72edd_ExpressionViewer_GTSPOON.csv,27,0.013170731707317073,2.6605271108293023
