file,nrBest,proportionBest,entropyNrActions
nr_140_id_25_0496a14d36f70eb7780c37d4109c51c14ba4554f_GraphJSONFields_GTSPOON.csv,2005,0.9780487804878049,0.14258843780947836
