file,nrBest,proportionBest,entropyNrActions
nr_470_id_10_0484f6b26e2d8713dc87679896fd70d9b006e539_SeleniumGridExtras_GTSPOON.csv,386,0.18829268292682927,0.9189884814977363
