file,nrBest,proportionBest,entropyNrActions
nr_51_id_25_01a7d8983223d47e8aff5c110bd1a7ed19797560_ClassComparisonTaskR_GTSPOON.csv,1328,0.6478048780487805,1.6183735585583543
