file,nrBest,proportionBest,entropyNrActions
nr_189_id_21_04e8dca2fc16f5f834e124b7abea5847d90c3366_BcelWorld_GTSPOON.csv,1016,0.49560975609756097,1.9192680016569577
