file,nrBest,proportionBest,entropyNrActions
nr_236_id_31_10b64232a307936f66d36bba41d598d233542463_MonsterSpawnHighlighter_GTSPOON.csv,54,0.026341463414634145,4.378570014921043
