file,nrBest,proportionBest,entropyNrActions
nr_438_id_17_08de35883922796b0f349c7c7ada1e69e92b2b8f_PacketHandler_GTSPOON.csv,387,0.18878048780487805,1.474276402417985
