file,nrBest,proportionBest,entropyNrActions
nr_578_id_4_0241ccc20617a7012c08a08483f159ee17a24e74_SemanticHighlightings_GTSPOON.csv,1109,0.5409756097560976,2.0146621492017873
