file,nrBest,proportionBest,entropyNrActions
nr_366_id_10_0382ba39586dcb451f28cf816e00cf009c55f9cf_UISwitcher_GTSPOON.csv,1933,0.9429268292682926,0.3729168178421821
