file,nrBest,proportionBest,entropyNrActions
nr_92_id_27_04041a892207f2e58213b7b10d7c574ddcfc92d2_XHTMLProcessingUtils_GTSPOON.csv,389,0.1897560975609756,2.6577403285361374
