file,nrBest,proportionBest,entropyNrActions
nr_591_id_36_96d36f652936ba9dee9a47afb9d5dbdbbd87e333_RunMap_GTSPOON.csv,12,0.005853658536585366,3.580894442109264
