file,nrBest,proportionBest,entropyNrActions
nr_143_id_7_01937d4ab83e89195124488de7c52686ea492645_MessageList_GTSPOON.csv,160,0.07804878048780488,2.659424199781468
