file,nrBest,proportionBest,entropyNrActions
nr_120_id_11_017c0540983a0edfa6c65365c3a768f61c494e8c_BCRouter_GTSPOON.csv,2015,0.9829268292682927,0.10520570474832268
