file,nrBest,proportionBest,entropyNrActions
nr_498_id_37_debc9969ce68105d21075bb227ff0ab882880e9f_PDepRateConstant_GTSPOON.csv,200,0.0975609756097561,2.2914146312517767
