file,nrBest,proportionBest,entropyNrActions
nr_285_id_8_026108cdb69442d774ad4f36278d301d28afd6bd_MiscMsg_GTSPOON.csv,300,0.14634146341463414,3.243449547665715
