file,nrBest,proportionBest,entropyNrActions
nr_473_id_25_10d31845674599e74f4323c0e863496cdc88108d_StringChunk_GTSPOON.csv,2005,0.9780487804878049,0.15405077081923257
