file,nrBest,proportionBest,entropyNrActions
nr_243_id_32_157ed6b92ea8982670b09d0d4b930497bc660836_Taiwan_GTSPOON.csv,2027,0.988780487804878,0.07750857789826741
