file,nrBest,proportionBest,entropyNrActions
nr_333_id_11_045d8666c1411f083bb3ba10ba53976091791728_Workspace_GTSPOON.csv,150,0.07317073170731707,2.693620422132314
