file,nrBest,proportionBest,entropyNrActions
nr_397_id_5_03444ce234cd89cd4397fc6538c80d2a9a7e407c_Matchers_GTSPOON.csv,1645,0.802439024390244,0.9408574041299468
