file,nrBest,proportionBest,entropyNrActions
nr_328_id_6_020b58d85369bc97cd9173b4cdd59e420819d860_AbstractFractalView_GTSPOON.csv,398,0.19414634146341464,2.6032341537036823
