file,nrBest,proportionBest,entropyNrActions
nr_64_id_21_0202134cce18aaf2e039bbcf9a4106e35f852aa7_AllTests_GTSPOON.csv,2007,0.9790243902439024,0.1316169286896918
