file,nrBest,proportionBest,entropyNrActions
nr_434_id_30_1a2e11db47c86cdf01a34bc7cdb7156a34939141_LocalizedString_GTSPOON.csv,1905,0.9292682926829269,0.43466803350109506
