file,nrBest,proportionBest,entropyNrActions
nr_16_id_34_01ff7c24f15c3a396018061e218a270a9a41a4a9_EmulatorOutputParser_GTSPOON.csv,1391,0.6785365853658537,1.4033793327449136
