file,nrBest,proportionBest,entropyNrActions
nr_605_id_7_063877355b9566760488ce79cbb3014070733168_PingUtils_GTSPOON.csv,372,0.18146341463414634,1.4194720687093028
