file,nrBest,proportionBest,entropyNrActions
nr_66_id_7_00b021e6510836eaf1744b0f7781daf953a62af4_R_GTSPOON.csv,1468,0.7160975609756097,1.1269231331487313
