file,nrBest,proportionBest,entropyNrActions
nr_277_id_17_0587d4466add9c9f51b33d13e837f6d790b8cd3b_YetiCode_GTSPOON.csv,25,0.012195121951219513,2.653494738893235
