file,nrBest,proportionBest,entropyNrActions
nr_467_id_26_0f9646d55dad7905e9be6e4bc3e841383900ddc3_TestXWPFDocument_GTSPOON.csv,784,0.3824390243902439,0.8781814322252867
