file,nrBest,proportionBest,entropyNrActions
nr_77_id_13_011fefb2447a2a4ccd266e17571252d45e8bebb1_MediaSync_GTSPOON.csv,40,0.01951219512195122,2.620278393674429
