file,nrBest,proportionBest,entropyNrActions
nr_463_id_11_066625da15ea053f027865bdf606d32b709ea340_SendOp_GTSPOON.csv,1831,0.8931707317073171,0.5881760568402356
