file,nrBest,proportionBest,entropyNrActions
nr_91_id_9_010fc0ab5933f3aa001b868be9d164f2bd31f231_LexerTest_GTSPOON.csv,735,0.35853658536585364,1.3114056438479527
