file,nrBest,proportionBest,entropyNrActions
nr_276_id_8_0250723ff9d50460633e926de944757e9203e294_FirefoxBinary_GTSPOON.csv,1108,0.5404878048780488,1.9486480845608924
