file,nrBest,proportionBest,entropyNrActions
nr_329_id_20_066a525b8a4d27710f47a80ddc6e40210cc6a076_ActionsExecutor_GTSPOON.csv,1923,0.9380487804878048,0.37202401042021443
