file,nrBest,proportionBest,entropyNrActions
nr_123_id_20_028794d8a42840233d3cb316feb09b5593f19d1d_FileTest_GTSPOON.csv,880,0.4292682926829268,0.721927488842365
