file,nrBest,proportionBest,entropyNrActions
nr_19_id_10_00224a5c366212b620d5961a7ef2ebf33c73a78e_Transaction_GTSPOON.csv,970,0.47317073170731705,1.9046971498812597
