file,nrBest,proportionBest,entropyNrActions
nr_407_id_14_05e5f3c58fd6ebdd888a6bfe3d1fe184c32157e8_GristType_GTSPOON.csv,1843,0.8990243902439025,0.5352208732655451
