file,nrBest,proportionBest,entropyNrActions
nr_688_id_2_017a9e988b64bdaceda12421937c7d09a18d0084_AudioPreview_GTSPOON.csv,1170,0.5707317073170731,1.6956638157823392
