file,nrBest,proportionBest,entropyNrActions
nr_44_id_15_00bd4379ea6f42f18fe8d94b8be1aa07969e4635_WolfManager_GTSPOON.csv,1374,0.6702439024390244,1.4415494940733518
