file,nrBest,proportionBest,entropyNrActions
nr_281_id_26_09e905f199e2804f08e54f046e738cf5ffbb5565_MenuAntTestProject_GTSPOON.csv,6,0.002926829268292683,0.168047739994821
