file,nrBest,proportionBest,entropyNrActions
nr_234_id_18_04879b16810e25a753119a68b0461e60bf80c085_DestinationLoadDTO_GTSPOON.csv,2006,0.9785365853658536,0.13635832621941313
