file,nrBest,proportionBest,entropyNrActions
nr_220_id_9_02a7a36945e57108fc16bd2d27091f834785eb44_ContextualPathsRenderer_GTSPOON.csv,837,0.40829268292682924,2.112845976301543
