file,nrBest,proportionBest,entropyNrActions
nr_436_id_23_0dac409cb5419a8bf60d4f5b7aadbc7827ac5c2f_Main_GTSPOON.csv,1900,0.926829268292683,0.4725705102374116
