file,nrBest,proportionBest,entropyNrActions
nr_447_id_33_37203b905e7e03002bcb10d386043fbd453c19b0_GuiceConfigBean_GTSPOON.csv,2025,0.9878048780487805,0.08496900738440034
