file,nrBest,proportionBest,entropyNrActions
nr_350_id_21_0913f14061889f6594c200d2d904739f1d1c79f0_EventManager_GTSPOON.csv,1040,0.5073170731707317,1.9085722543009334
