file,nrBest,proportionBest,entropyNrActions
nr_76_id_21_0252979154e971615bf69728dbff34646d001f42_MiscUtils_GTSPOON.csv,900,0.43902439024390244,0.7490621228100598
