file,nrBest,proportionBest,entropyNrActions
nr_58_id_30_04136b533a40ecc81ef68b3f650f72cf55241ed0_HiveJobManager_GTSPOON.csv,1819,0.8873170731707317,0.6160720376067751
