file,nrBest,proportionBest,entropyNrActions
nr_75_id_11_00e3978ce6abe9822299ff1ef7a6b5842c937633_MixXPathEventHandler_GTSPOON.csv,1481,0.7224390243902439,1.2560370556801477
