file,nrBest,proportionBest,entropyNrActions
nr_690_id_2_017b1e0e88a07c00025cf0a58dae8b4cae549317_GoGui_GTSPOON.csv,144,0.0702439024390244,2.708204036000451
