file,nrBest,proportionBest,entropyNrActions
nr_193_id_3_015829bd16c195284defbcc9154f399c8a67aa1c_HBaseClient_GTSPOON.csv,710,0.3463414634146341,2.203113847716075
