file,nrBest,proportionBest,entropyNrActions
nr_401_id_17_07e056767ae7a9627e7e54d3fcb29246d5384946_IONQueryReservation_GTSPOON.csv,1209,0.5897560975609756,1.8069324397463151
