file,nrBest,proportionBest,entropyNrActions
nr_200_id_4_00b32a8a7ba525a8184370b8151de9b62f631890_RemoteSeat_GTSPOON.csv,1303,0.635609756097561,1.5565165517168518
