file,nrBest,proportionBest,entropyNrActions
nr_160_id_15_03254bb5bb96d29ed9b201bc69a7506fc2468122_Display_GTSPOON.csv,22,0.010731707317073172,2.065105849510119
