file,nrBest,proportionBest,entropyNrActions
nr_514_id_26_119d81ecd6133ee2203f52502f20b73eb7d5a921_PopupPanel_GTSPOON.csv,698,0.3404878048780488,2.1419834782380813
