file,nrBest,proportionBest,entropyNrActions
nr_327_id_25_0b139763bff9e676e2b6ccd1f6c3da32c448067c_BasicCommands_GTSPOON.csv,7,0.0034146341463414634,2.772369280474452
