file,nrBest,proportionBest,entropyNrActions
nr_44_id_12_008115030df09c718faaad62ce3b6940fefbd9e3_Software_GTSPOON.csv,1816,0.8858536585365854,0.6223221409000167
