file,nrBest,proportionBest,entropyNrActions
nr_351_id_14_0529d383361fcd5b8b254978f0752d45d4519c28_UDPMessageChannel_GTSPOON.csv,353,0.1721951219512195,3.162415212937052
