file,nrBest,proportionBest,entropyNrActions
nr_211_id_8_01cbd68fd07b945605c640d090344b13ab97c054_SearchResultsDialog_GTSPOON.csv,207,0.10097560975609757,1.224606375726394
