file,nrBest,proportionBest,entropyNrActions
nr_443_id_33_36af48bc575d19884795780356c28db310314d6e_AbstractBuildContext_GTSPOON.csv,717,0.3497560975609756,2.806881039325759
