file,nrBest,proportionBest,entropyNrActions
nr_272_id_12_02f4557cd3666db8b2aabb98b865dedbefec0310_Controls_GTSPOON.csv,1700,0.8292682926829268,0.8069180578292989
