file,nrBest,proportionBest,entropyNrActions
nr_49_id_1_007c0d0800b6da429dc5c41df36e071f60e8dee8_Communicator_GTSPOON.csv,1548,0.7551219512195122,0.8488243149683754
