file,nrBest,proportionBest,entropyNrActions
nr_120_id_18_024256600d744b50cd74485404dc7daddf299f74_ReportListAdapter_GTSPOON.csv,1740,0.848780487804878,0.8165219569026408
