file,nrBest,proportionBest,entropyNrActions
nr_363_id_8_0301a9cc962b3fa438b780286efa4a59a27d2651_AbstractEnemy_GTSPOON.csv,1800,0.8780487804878049,0.6552267221510847
