file,nrBest,proportionBest,entropyNrActions
nr_151_id_15_02f48b64570f6a37cbc099845c860783eb78c889_TraversalStatistics_GTSPOON.csv,1828,0.8917073170731707,0.3878960336868411
