file,nrBest,proportionBest,entropyNrActions
nr_359_id_15_069e2b280b5b1002bdc311f27b6d444d007beb3f_Web2BusinessBean_GTSPOON.csv,1205,0.5878048780487805,1.7690017897236077
