file,nrBest,proportionBest,entropyNrActions
nr_84_id_22_01cc0064288635e4f92d731008691bc1ef2b0429_MainGUI_GTSPOON.csv,480,0.23414634146341465,2.7293805366603165
