file,nrBest,proportionBest,entropyNrActions
nr_391_id_16_071bf2e29ce02350900b009914f4f4a7f55279a0_PopupTextGetter_GTSPOON.csv,2000,0.975609756097561,0.16427930265144886
