file,nrBest,proportionBest,entropyNrActions
nr_469_id_30_1c65713ea4800214cc232b9b9bf1f986a41e9c1e_XFragmentApp_GTSPOON.csv,263,0.12829268292682927,2.403436074489682
