file,nrBest,proportionBest,entropyNrActions
nr_391_id_24_0bd8feb9db727170425180fbd3c3e5aab499e411_HTMLElementTest_GTSPOON.csv,230,0.11219512195121951,2.0625922761227207
