file,nrBest,proportionBest,entropyNrActions
nr_203_id_25_06aa248db31de9f20102b262858ae22ca4251b36_DataPersisted_GTSPOON.csv,24,0.011707317073170732,3.7260266528759347
