file,nrBest,proportionBest,entropyNrActions
nr_420_id_30_198c621cf519dd47efd5bf3444785b43f9ebc06a_TestReadFile_GTSPOON.csv,1526,0.744390243902439,0.8785658199917857
