file,nrBest,proportionBest,entropyNrActions
nr_493_id_10_04ba2b73aab1677e35fac09f14c9476328648812_Googler_GTSPOON.csv,1252,0.6107317073170732,1.9762913240926587
