file,nrBest,proportionBest,entropyNrActions
nr_219_id_21_058aab86ab8dd9e71ec8c47c128782f07c3fd343_RunBootstrap_GTSPOON.csv,1837,0.8960975609756098,0.5799599004509237
