file,nrBest,proportionBest,entropyNrActions
nr_13_id_8_00259fe017c31240de6c3c83719cbb6747b7d6e7_DartBuilder_GTSPOON.csv,1060,0.5170731707317073,1.9260090935518677
