file,nrBest,proportionBest,entropyNrActions
nr_229_id_32_14796be78d99e861fca126eb01acf3488558e994_ModelInstancesView_GTSPOON.csv,1172,0.5717073170731707,1.7473878376459824
