file,nrBest,proportionBest,entropyNrActions
nr_421_id_10_04087963419a3dde6a588b41ddd890f3ee71900e_JGraphXInterface_GTSPOON.csv,835,0.4073170731707317,2.2410249923012766
