file,nrBest,proportionBest,entropyNrActions
nr_454_id_5_03bc9c11af2471cd3384e98eefc8ba762104cb63_BallsRS_GTSPOON.csv,80,0.03902439024390244,1.296608219462121
