file,nrBest,proportionBest,entropyNrActions
nr_486_id_8_040a0911df892f6853856aa96a59c7da82d21ff2_Launcher_GTSPOON.csv,145,0.07073170731707316,2.5879576004252325
