file,nrBest,proportionBest,entropyNrActions
nr_585_id_1_0685e00fa47506ab7c33c16b0cd5be3f9c77600e_Topic_GTSPOON.csv,1920,0.9365853658536586,0.3942364150464134
