file,nrBest,proportionBest,entropyNrActions
nr_267_id_20_05104f9a43fa8e197c0b526c1e05503452bcdbd2_CargoPanel_GTSPOON.csv,343,0.16731707317073172,2.3202883760431767
