file,nrBest,proportionBest,entropyNrActions
nr_259_id_18_0526e505591cda87819cc2befd626eb327806f36_FormFieldValidator_GTSPOON.csv,1092,0.5326829268292683,1.9865009016171666
