file,nrBest,proportionBest,entropyNrActions
nr_381_id_4_018345acdcb8d3b4f9424bd810f9682e7db12913_Chat_GTSPOON.csv,210,0.1024390243902439,2.3321589612411087
