file,nrBest,proportionBest,entropyNrActions
nr_61_id_38_28e6453badf0c779a514eb00c0bd2114411f5ae8_ActiveMQSession_GTSPOON.csv,177,0.08634146341463414,2.534547900740966
