file,nrBest,proportionBest,entropyNrActions
nr_440_id_19_0a635af65af7f679a9883be96e349c2a787e83f6_HistoryPublisher_GTSPOON.csv,1163,0.5673170731707317,1.9120179516643023
