file,nrBest,proportionBest,entropyNrActions
nr_842_id_2_01d1376e77f6d16e7ed0a468ac3683f3101b55d6_AccountSettings_GTSPOON.csv,1643,0.8014634146341464,1.0177917712210078
