file,nrBest,proportionBest,entropyNrActions
nr_643_id_2_0161383b4db19d91ced64801e6ab3921c633dd62_HblAdmin_GTSPOON.csv,1643,0.8014634146341464,1.0088626488726045
