file,nrBest,proportionBest,entropyNrActions
nr_52_id_14_00b7ca7044485ad8cae05bdff9a56e705b9d4852_AS3Scanner_GTSPOON.csv,623,0.30390243902439024,2.2755499865299744
