file,nrBest,proportionBest,entropyNrActions
nr_556_id_8_047dccae2af74bd50a963225b001e2d950de98f9_Context_GTSPOON.csv,121,0.059024390243902436,2.8237305573210025
