file,nrBest,proportionBest,entropyNrActions
nr_123_id_14_0190f5256a521cd72db7942d9a66e529d3bda8d9_PointsActivity_GTSPOON.csv,1359,0.6629268292682927,1.4682785751892233
