file,nrBest,proportionBest,entropyNrActions
nr_208_id_6_015e1c762b70a3143b1b63f5d589640f48988fb8_DateInput_GTSPOON.csv,194,0.09463414634146342,2.4996954674954184
