file,nrBest,proportionBest,entropyNrActions
nr_242_id_10_0243b104f119efabc506200903c542a98bea3f1b_PersonProxyChanged_GTSPOON.csv,2025,0.9878048780487805,0.08618950110034712
