file,nrBest,proportionBest,entropyNrActions
nr_174_id_20_0356b8a918f2cfc32fc2fbe89056756ab5c35e4e_AssaySearch_GTSPOON.csv,5,0.0024390243902439024,2.092009134903747
