file,nrBest,proportionBest,entropyNrActions
nr_43_id_33_06bb36649be23a06fc0583e419ce90435eeace55_Delay_GTSPOON.csv,192,0.09365853658536585,1.6371671495701685
