file,nrBest,proportionBest,entropyNrActions
nr_396_id_37_b60226f88c58d980afa194c6671fb2d924e3223e_Spice_GTSPOON.csv,117,0.05707317073170732,3.5320419290008322
