file,nrBest,proportionBest,entropyNrActions
nr_428_id_30_19e16223a1248f94f61010d7e11f642594f2cae6_ConsumerProcessor_GTSPOON.csv,1203,0.5868292682926829,1.8671833546238783
