file,nrBest,proportionBest,entropyNrActions
nr_174_id_31_0c1888dcc9e63cc96b6cda2b06b01e122639b51b_AirCondition_GTSPOON.csv,805,0.3926829268292683,2.0736837507148707
