file,nrBest,proportionBest,entropyNrActions
nr_235_id_31_10a51e3b6822814227d4317c8b05e8dad891b089_R_GTSPOON.csv,1092,0.5326829268292683,1.7050184168394709
