file,nrBest,proportionBest,entropyNrActions
nr_444_id_13_068811ba16ba86626ffb83d174dfd64623f64613_XSDDuration_GTSPOON.csv,1266,0.6175609756097561,1.7017272079840873
