file,nrBest,proportionBest,entropyNrActions
nr_377_id_34_3433f73661a64dbc5a464d468ce9a5e0d756465d_WelcomeActivity_GTSPOON.csv,166,0.08097560975609756,2.119534123042065
