file,nrBest,proportionBest,entropyNrActions
nr_46_id_28_0213b046376be8308087de9c772f5f61d5fef13d_ConversationList_GTSPOON.csv,140,0.06829268292682927,3.291644049658326
