file,nrBest,proportionBest,entropyNrActions
nr_24_id_18_004d177d7f1d0a0a62d62855071ab894dfe5a2bd_PFAgent_GTSPOON.csv,1743,0.8502439024390244,0.8009741328683555
