file,nrBest,proportionBest,entropyNrActions
nr_126_id_22_02d08dbe1132af688d5f9d1bd431c17628da4648_JenaRdfaReaderTest_GTSPOON.csv,1281,0.6248780487804878,1.5134401806646514
