file,nrBest,proportionBest,entropyNrActions
nr_245_id_22_0660edbb1c7b19a4cb4394e4d1dc352e045768b3_MotionController_GTSPOON.csv,1210,0.5902439024390244,1.6522765299145672
