file,nrBest,proportionBest,entropyNrActions
nr_413_id_16_07783919aec413a74fefc0a0811d4132f83d58a5_SodaEventDriver_GTSPOON.csv,64,0.03121951219512195,2.760930171544305
