file,nrBest,proportionBest,entropyNrActions
nr_150_id_14_020126361eda470f51375107e65a6a89cbbcad1e_Action_GTSPOON.csv,2015,0.9829268292682927,0.1047847065935152
