file,nrBest,proportionBest,entropyNrActions
nr_177_id_33_1613b89f36f56a247d84739790d685013aebe7cc_BuildQueuePanel_GTSPOON.csv,51,0.024878048780487806,2.909344568219094
