file,nrBest,proportionBest,entropyNrActions
nr_614_id_5_05262935f4552acde1448bc99a1326fe0d8f4671_LuaUnaryExpressionImpl_GTSPOON.csv,2000,0.975609756097561,0.15626263084757971
