file,nrBest,proportionBest,entropyNrActions
nr_30_id_33_048fe42077ccb143e4e1f02416910e7b4548ca25_JUnitShell_GTSPOON.csv,981,0.47853658536585364,2.045946849935415
