file,nrBest,proportionBest,entropyNrActions
nr_314_id_20_0612992f4a8819b168fd735d65f3d0589893104e_IRFactoryTest_GTSPOON.csv,209,0.10195121951219512,2.452700924628076
