file,nrBest,proportionBest,entropyNrActions
nr_228_id_11_02fc78d76ba5e93478488217e320c9c49e77a8c3_EFS_GTSPOON.csv,1742,0.8497560975609756,0.6737639449154267
