file,nrBest,proportionBest,entropyNrActions
nr_365_id_7_03c82b17a3c707e262b48079580d5a88fe09e935_MatchAlgorithm_GTSPOON.csv,1842,0.8985365853658537,0.5763744847699848
