file,nrBest,proportionBest,entropyNrActions
nr_79_id_18_0166f0ebb4b937a9cfc2079cadd23707886e8bf7_MyMap_GTSPOON.csv,1534,0.7482926829268293,0.943659157121748
