file,nrBest,proportionBest,entropyNrActions
nr_176_id_25_05f3606057668eae12156caa7a406279f5e882e7_BattleInstitute_GTSPOON.csv,237,0.11560975609756098,3.154019005618403
