file,nrBest,proportionBest,entropyNrActions
nr_177_id_9_022f41cb459cafc23c68675358d3b32712bfa54d_TimeZones_GTSPOON.csv,2013,0.9819512195121951,0.11250639522925096
