file,nrBest,proportionBest,entropyNrActions
nr_463_id_5_03cbc3cf0b8910928c42a96267f149fe23eb9d94_StaticTest_GTSPOON.csv,998,0.4868292682926829,2.0600634209404762
