file,nrBest,proportionBest,entropyNrActions
nr_497_id_35_5ee10f43963957fa33dcb883fb6240665258b3f0_ScriptableObject_GTSPOON.csv,180,0.08780487804878048,2.61043521683166
