file,nrBest,proportionBest,entropyNrActions
nr_271_id_38_b4ba7cc099063745a1f8da0b4d1864f0490d337b_ZipscriptZipPostHook_GTSPOON.csv,1302,0.6351219512195122,1.3681743161505042
