file,nrBest,proportionBest,entropyNrActions
nr_436_id_12_04b01848afe72b8b205371844c5e6fbc18f8506f_Load_GTSPOON.csv,2025,0.9878048780487805,0.09442764933091027
