file,nrBest,proportionBest,entropyNrActions
nr_394_id_20_07a3eb3959541a79136c4beccdc7645386b1bfbb_XdfParser_GTSPOON.csv,65,0.03170731707317073,2.686807478501092
