file,nrBest,proportionBest,entropyNrActions
nr_355_id_23_0b654470f11cc917295e6ec76c1328b7fff30edc_JpaPersistentEntity_GTSPOON.csv,2010,0.9804878048780488,0.12442523100242475
