file,nrBest,proportionBest,entropyNrActions
nr_521_id_5_04464087a5c2792f93ea4424a7aef76b5e277a8b_SOPC_Optimizer_GTSPOON.csv,200,0.0975609756097561,2.439932895204126
