file,nrBest,proportionBest,entropyNrActions
nr_114_id_19_02bb80dc2915df4572ee059c3855f8fb87dcf004_GUIGuide_GTSPOON.csv,743,0.3624390243902439,1.4013444465491824
