file,nrBest,proportionBest,entropyNrActions
nr_212_id_15_03f8b4301cc4b1bd6924ae02a1c20b14677727a8_OperationImpl_GTSPOON.csv,1237,0.6034146341463414,1.7268243378579697
