file,nrBest,proportionBest,entropyNrActions
nr_153_id_29_08d197498bc87b3906828ecd0beb295246a083ff_HomeAloneService_GTSPOON.csv,76,0.037073170731707315,1.0280787402013696
