file,nrBest,proportionBest,entropyNrActions
nr_324_id_25_0af30a6e8244ecb30a4648b4075216c7ede996d1_WebViewReflect_GTSPOON.csv,1714,0.8360975609756097,0.748951517392088
