file,nrBest,proportionBest,entropyNrActions
nr_680_id_5_05abff69f105bc550d33ba969878995399ebf314_FeedHandlerTest_GTSPOON.csv,10,0.004878048780487805,1.6709694457373865
