file,nrBest,proportionBest,entropyNrActions
nr_265_id_25_08c663d4e745dffd11d6815e3612269b270cd87e_MainActivity_GTSPOON.csv,1651,0.8053658536585366,0.9830698613456302
