file,nrBest,proportionBest,entropyNrActions
nr_115_id_29_06a175f5c06d972df13806850ab3cad057a27fc3_ProviderReadTests_GTSPOON.csv,340,0.16585365853658537,1.8292525354976688
