file,nrBest,proportionBest,entropyNrActions
nr_46_id_25_0176ec3a3a42704f774ed21035b1d8bdc16492fd_Messages_GTSPOON.csv,1839,0.8970731707317073,0.5809550897329788
