file,nrBest,proportionBest,entropyNrActions
nr_421_id_23_0d17a8f0be8882381f45a5433b99f305072e6e3f_MenuAction_GTSPOON.csv,1029,0.5019512195121951,1.9692626721358546
