file,nrBest,proportionBest,entropyNrActions
nr_346_id_27_0f1be9d86560e39fccb5ace679c14c31740b4c78_GitLogTest_GTSPOON.csv,186,0.09073170731707317,2.4580439925173097
