file,nrBest,proportionBest,entropyNrActions
nr_360_id_35_448909d0a36e208d1370d90475ad57fef13bdbda_BluetoothFacade_GTSPOON.csv,730,0.35609756097560974,1.5138696182834064
