file,nrBest,proportionBest,entropyNrActions
nr_196_id_25_0671290681f4c7cb0a2e84fa8a732abf05206712_PingTask_GTSPOON.csv,2011,0.9809756097560975,0.1292867130458641
