file,nrBest,proportionBest,entropyNrActions
nr_63_id_3_0072a533f6b2bc002036486627f9ac0b30fc52e8_MPPFile_GTSPOON.csv,97,0.04731707317073171,2.5905273544891805
