file,nrBest,proportionBest,entropyNrActions
nr_96_id_24_030a9fb1870cf51043e3fc2771b802ce94d30b4f_Main_GTSPOON.csv,2000,0.975609756097561,0.14377624815651957
