file,nrBest,proportionBest,entropyNrActions
nr_573_id_35_6ea3c1c97abd05426a2bd4033056c1279bfd1058_StyleFileLoader_GTSPOON.csv,1743,0.8502439024390244,0.8956015926691953
