file,nrBest,proportionBest,entropyNrActions
nr_229_id_17_049ee52782e70a1e5d365535de7f2e0728473f50_BuiltinStringTest_GTSPOON.csv,675,0.32926829268292684,1.204663403525281
