file,nrBest,proportionBest,entropyNrActions
nr_20_id_19_00a6ddf9f2cf2d812d16d4ed143d0e2ae61be1a8_Node_GTSPOON.csv,179,0.0873170731707317,2.9542162817321547
