file,nrBest,proportionBest,entropyNrActions
nr_477_id_12_052f8cc367f872121cfa63966fa350e4bf8c8cce_OptimisticFactory_GTSPOON.csv,2025,0.9878048780487805,0.08618950110034715
