file,nrBest,proportionBest,entropyNrActions
nr_7_id_2_0003f5551478501ebc7bce5b02cc033bc489ce22_RouteTile_GTSPOON.csv,196,0.09560975609756098,2.2463787380739397
