file,nrBest,proportionBest,entropyNrActions
nr_398_id_24_0c00b04635f094899476d9d6211c48524c777d76_LocaleRedirects_GTSPOON.csv,960,0.4682926829268293,2.218905981092595
