file,nrBest,proportionBest,entropyNrActions
nr_19_id_30_018f90b96fcb3eea860d429b309dd102297f3b47_GenerateAttribute_GTSPOON.csv,1046,0.5102439024390244,1.8483730719105251
