file,nrBest,proportionBest,entropyNrActions
nr_247_id_4_00e817447d06ada0a8bb67293d865591a3e3e2a6_RTMPConnection_GTSPOON.csv,297,0.1448780487804878,2.365330792735176
