file,nrBest,proportionBest,entropyNrActions
nr_470_id_27_1568292a79dd6dceb640a4b7d0a41576e3d1e394_DoorEvent_GTSPOON.csv,2000,0.975609756097561,0.16310911607195466
