file,nrBest,proportionBest,entropyNrActions
nr_28_id_34_03fc960b1ca16dd1c84f35d01df9f053e6355512_EditContactActivity_GTSPOON.csv,38,0.018536585365853658,3.2213839706300993
