file,nrBest,proportionBest,entropyNrActions
nr_583_id_36_936b3f186cdb998d95486137f6e8d0fae19100b4_DataQueryHandler_GTSPOON.csv,2000,0.975609756097561,0.15474864122225243
