file,nrBest,proportionBest,entropyNrActions
nr_243_id_14_038d6d37f8eb3756cc0d52e26fbab5eb5ae564d7_Model_GTSPOON.csv,1482,0.7229268292682927,1.1623274985702963
