file,nrBest,proportionBest,entropyNrActions
nr_522_id_33_3de92d3037b686677f9c5db5a08c65b1bfbe8d0d_GDSMap_GTSPOON.csv,1143,0.5575609756097561,1.7688267952982266
