file,nrBest,proportionBest,entropyNrActions
nr_600_id_6_03b0363181e74ed788e86c5a7907fcdc891ad213_AllInOneActivity_GTSPOON.csv,171,0.08341463414634147,3.0086573413941147
