file,nrBest,proportionBest,entropyNrActions
nr_433_id_9_04e939a31684ab36061a32f39eb9435677363349_LauncherFrame_GTSPOON.csv,140,0.06829268292682927,2.560007699081244
