file,nrBest,proportionBest,entropyNrActions
nr_296_id_15_058162107b3f16164d97c696d0cd3ba4011ce077_SpawnAnimationEffect_GTSPOON.csv,1912,0.9326829268292683,0.3997849131704749
