file,nrBest,proportionBest,entropyNrActions
nr_413_id_24_0c6763f95aeccef4f7a6676145b854509470ee80_AbstractTableBuilder_GTSPOON.csv,40,0.01951219512195122,2.631141664017432
