file,nrBest,proportionBest,entropyNrActions
nr_25_id_14_006aaf7a5e9390f9e30292348739507315ffc812_PdfDocumentService_GTSPOON.csv,1920,0.9365853658536586,0.40306912297761
