file,nrBest,proportionBest,entropyNrActions
nr_192_id_19_0493ebed2f6bf4468ef44022c05b3484c887b9f6_SelectionExpression_GTSPOON.csv,1747,0.8521951219512195,0.782466400210301
