file,nrBest,proportionBest,entropyNrActions
nr_387_id_25_0d783147d48593c8743cc9de8916cd49a7563db2_CharacterController_GTSPOON.csv,347,0.16926829268292684,1.5965326699702644
