file,nrBest,proportionBest,entropyNrActions
nr_558_id_33_42d63292a42e178fca7434ce13454f243a20b83e_CacheDetailActivity_GTSPOON.csv,195,0.0951219512195122,2.88036219384996
