file,nrBest,proportionBest,entropyNrActions
nr_437_id_17_08d9fd8b980dab45417c3aa0122f2435784667de_HyperbolicTangent_GTSPOON.csv,2000,0.975609756097561,0.14499674187246636
