file,nrBest,proportionBest,entropyNrActions
nr_345_id_28_0f99bd59a167341766985928e2fc0aa08cf3de48_AccountAuthenticator_GTSPOON.csv,1461,0.7126829268292683,1.2747978902522787
