file,nrBest,proportionBest,entropyNrActions
nr_32_id_22_00b372d8b8e8c38324911842d9b2f49d4b5308d9_TCFPathMapTab_GTSPOON.csv,827,0.4034146341463415,2.64836185060846
