file,nrBest,proportionBest,entropyNrActions
nr_267_id_16_04e571064fb3b46ffbd256f6701a6d24c272bbd1_ChartThemeFactory_GTSPOON.csv,2025,0.9878048780487805,0.07318389823715905
