file,nrBest,proportionBest,entropyNrActions
nr_355_id_21_0944633130ed074f0a50503a8ce1bc0575e3c20a_DataNormalizerImpl_GTSPOON.csv,830,0.40487804878048783,0.9212941671303986
