file,nrBest,proportionBest,entropyNrActions
nr_355_id_19_085a44b6293f553a0423640cd67931bf1a1f7f03_CompressionHeaderFactory_GTSPOON.csv,919,0.4482926829268293,2.1853305357686263
