file,nrBest,proportionBest,entropyNrActions
nr_167_id_12_01dab274c58c8687644e92d93a016ad4d049f619_SiteNodeVO_GTSPOON.csv,1634,0.7970731707317074,0.9256109136936442
