file,nrBest,proportionBest,entropyNrActions
nr_49_id_29_02e29e4b7927564373e6891174d57190cf960cae_DashbordPanel_GTSPOON.csv,182,0.08878048780487804,3.0888154427797216
