file,nrBest,proportionBest,entropyNrActions
nr_440_id_17_08e3a4836070975efc6d301acba0fe16c0e1e9e7_ARDrone_GTSPOON.csv,1364,0.6653658536585366,1.5004150391495283
