file,nrBest,proportionBest,entropyNrActions
nr_353_id_15_06857c4b14576fef2ccfd4de9da1b66b5a301557_ShutdownHook_GTSPOON.csv,832,0.4058536585365854,1.4858002996230688
