file,nrBest,proportionBest,entropyNrActions
nr_243_id_8_02125f252c0059e1c17663f14ff1b76446f578b1_ExamplesTest_GTSPOON.csv,1740,0.848780487804878,0.6024372020217461
