file,nrBest,proportionBest,entropyNrActions
nr_162_id_16_0330512781a593bff5ef54b594536dc012cb40e8_AMSXMLoader_GTSPOON.csv,171,0.08341463414634147,3.046808445576354
