file,nrBest,proportionBest,entropyNrActions
nr_43_id_18_00a31121af1f5838c9a31ca6949df4273a0f6fb7_TabBarCss_GTSPOON.csv,2015,0.9829268292682927,0.10520570474832268
