file,nrBest,proportionBest,entropyNrActions
nr_326_id_1_03d3e1faf20c6badf552db933a552f3d86176d2d_RoutingHelper_GTSPOON.csv,121,0.059024390243902436,3.0668590503077984
