file,nrBest,proportionBest,entropyNrActions
nr_353_id_5_02df92e70551dd5c7353062ba0b758e727b7c957_Arena_GTSPOON.csv,126,0.06146341463414634,3.026684051651119
