file,nrBest,proportionBest,entropyNrActions
nr_359_id_25_0c6ced960484ae388876d8cd1b82b4219ba42f22_TestOutageDAO_GTSPOON.csv,938,0.4575609756097561,1.519655979607708
