file,nrBest,proportionBest,entropyNrActions
nr_339_id_16_0636d59a983d6b25ce00e0881f303eda4c7d67c3_TestBuilder_GTSPOON.csv,1800,0.8780487804878049,0.637057083590314
