file,nrBest,proportionBest,entropyNrActions
nr_383_id_21_0a082a4b8b7380d1d04e500f076286730e605886_DefaultUrlMappingsHolder_GTSPOON.csv,648,0.31609756097560976,2.411389164509587
