file,nrBest,proportionBest,entropyNrActions
nr_272_id_23_08c228c652646cfda18c1d3b89911bcb54c3c33d_LatencyReportEntry_GTSPOON.csv,117,0.05707317073170732,3.1595621046035767
