file,nrBest,proportionBest,entropyNrActions
nr_272_id_22_070294e41a2f753e435380aae7a557c6bb20fa0b_HBQThread_GTSPOON.csv,358,0.1746341463414634,1.9517405841541364
