file,nrBest,proportionBest,entropyNrActions
nr_407_id_29_17974de6e2a9c112121bd2ccb51949001d8df8dc_RequestTask_GTSPOON.csv,1303,0.635609756097561,1.6005833948297332
