file,nrBest,proportionBest,entropyNrActions
nr_270_id_36_43c95cca1c0d047f734d4445f4540b3398cc7b34_Interface_GTSPOON.csv,36,0.0175609756097561,2.1773302833915196
