file,nrBest,proportionBest,entropyNrActions
nr_459_id_15_08843e572bfbde1ececf214eda7605526217c3ea_GregTech_GTSPOON.csv,354,0.17268292682926828,2.1739991615281418
