file,nrBest,proportionBest,entropyNrActions
nr_148_id_33_128be90b7ba7f3570a077f2a8416a68327934e35_MindmapUpdateController_GTSPOON.csv,84,0.04097560975609756,2.4429690484236963
