file,nrBest,proportionBest,entropyNrActions
nr_154_id_7_01af08b9db63d8b676a167b916fd5d86056fb964_LoginForm_GTSPOON.csv,166,0.08097560975609756,3.36020824001728
