file,nrBest,proportionBest,entropyNrActions
nr_377_id_20_07608bf83c07b31ab0799b99c46412ebb2a812c1_IncomingCall_GTSPOON.csv,336,0.16390243902439025,2.142358508574572
