file,nrBest,proportionBest,entropyNrActions
nr_73_id_12_00e06b0dff9fd31507653349f345b266449b913c_RunJDialog_GTSPOON.csv,140,0.06829268292682927,2.9337625927135265
