file,nrBest,proportionBest,entropyNrActions
nr_714_id_2_018681e17b1e31df53254ac4962c91f2e6e39a59_DefaultShader_GTSPOON.csv,1752,0.8546341463414634,0.7776218569198868
