file,nrBest,proportionBest,entropyNrActions
nr_94_id_13_0166742d5f26b9ad060de87aed96120f369e4a8b_CdlBaseButton_GTSPOON.csv,459,0.22390243902439025,2.441497927578554
