file,nrBest,proportionBest,entropyNrActions
nr_80_id_9_00eca33b047d0cc075510850c429172db6b153b3_FunctionCall_GTSPOON.csv,1915,0.9341463414634147,0.4358461552581863
