file,nrBest,proportionBest,entropyNrActions
nr_193_id_22_04bebd980008d7bd48c07612629382cb376593f3_CachedBluetoothDevice_GTSPOON.csv,36,0.0175609756097561,2.7509890261486887
