file,nrBest,proportionBest,entropyNrActions
nr_163_id_6_01235216e984268dfec29e19cbc94e4fd1f4f941_Element_GTSPOON.csv,1656,0.8078048780487805,0.8770252989541073
