file,nrBest,proportionBest,entropyNrActions
nr_231_id_19_05bb92980b27cf8379e6a39f993ae21952ffe05d_URIishTest_GTSPOON.csv,230,0.11219512195121951,1.8750406668325164
