file,nrBest,proportionBest,entropyNrActions
nr_171_id_27_07c71a65386f429966892eb1e616ca86b7963f8a_VBGraphicsEditor_GTSPOON.csv,1282,0.6253658536585366,1.7456480088567272
