file,nrBest,proportionBest,entropyNrActions
nr_255_id_24_07e6f02f2864dde704143873f44dd926a7c44c5b_Camera_GTSPOON.csv,187,0.09121951219512195,2.5127440739831415
