file,nrBest,proportionBest,entropyNrActions
nr_358_id_22_08d20d16b18f440192bd7ff99643255f52963eff_NumericBinIndex_GTSPOON.csv,1386,0.6760975609756098,1.2665234628498352
