file,nrBest,proportionBest,entropyNrActions
nr_257_id_10_025e13297e6567992d170ed756a55257774e4961_DesktopSDKToc_GTSPOON.csv,1936,0.944390243902439,0.3676146715563057
