file,nrBest,proportionBest,entropyNrActions
nr_256_id_25_088e2d6e57d91fb85e50ee816ceefdb35249dad0_TestRunner_GTSPOON.csv,171,0.08341463414634147,2.6951549344328845
