file,nrBest,proportionBest,entropyNrActions
nr_65_id_5_009e0062264c2a0e602e1752a866097dbccae2e2_DirectoryHandler_GTSPOON.csv,1645,0.802439024390244,0.910060782104588
