file,nrBest,proportionBest,entropyNrActions
nr_65_id_20_01341090574e8cf46b1b87c8f21cfd69cb8f99df_AntObject_GTSPOON.csv,2020,0.9853658536585366,0.09908843754097327
