file,nrBest,proportionBest,entropyNrActions
nr_186_id_14_0280f9557eb477a5cf0b9d7838ec59a28500de7f_KanbanServiceImplTest_GTSPOON.csv,1016,0.49560975609756097,2.1258819328301755
