file,nrBest,proportionBest,entropyNrActions
nr_189_id_2_005b398fcd00899ab33cd8145ed20021a1ad7479_LayoutParser_GTSPOON.csv,1925,0.9390243902439024,0.36561249403569257
