file,nrBest,proportionBest,entropyNrActions
nr_588_id_3_03e8a7e9be61bff282564621263ddb20d88083a7_CookActivity_GTSPOON.csv,2013,0.9819512195121951,0.1219225364272852
