file,nrBest,proportionBest,entropyNrActions
nr_12_id_35_0275fc651c36b4b78b5bf8bf6d10d70b350c7eee_Image_GTSPOON.csv,1757,0.8570731707317073,0.743854562489686
