file,nrBest,proportionBest,entropyNrActions
nr_230_id_21_05f0699a458c42e7c917899800b7a2eca396ab1e_SiteUpdateServiceImpl_GTSPOON.csv,1016,0.49560975609756097,1.989676733309813
