file,nrBest,proportionBest,entropyNrActions
nr_15_id_18_002bdcb92426cc430b4cfb50ae5753c00f44d602_AgentCache_GTSPOON.csv,1900,0.926829268292683,0.3923709301279758
