file,nrBest,proportionBest,entropyNrActions
nr_159_id_23_04e1f72b2c6bac9e91ca790acd3639e54a5230c0_RestResource_GTSPOON.csv,900,0.43902439024390244,2.283966000505173
