file,nrBest,proportionBest,entropyNrActions
nr_419_id_14_0613355c48943abef0f0294f3221f9c29de5c6d0_SimulatedDHWHController_GTSPOON.csv,1277,0.6229268292682927,1.6035325970358933
