file,nrBest,proportionBest,entropyNrActions
nr_385_id_14_05a119ea27f13986d104561b624e6817dfc4079e_LinkReference_GTSPOON.csv,178,0.08682926829268292,2.9249042432388794
