file,nrBest,proportionBest,entropyNrActions
nr_637_id_6_03ee4850e96cd69b0ebe834d007d727f1d154155_TrackMenuUtils_GTSPOON.csv,121,0.059024390243902436,2.9073466621015256
