file,nrBest,proportionBest,entropyNrActions
nr_56_id_39_56c1d298d2bd158789ca509dd746aed56e1adf24_Hudson_GTSPOON.csv,29,0.014146341463414635,2.3616877122024436
