file,nrBest,proportionBest,entropyNrActions
nr_133_id_26_04f6688eb7116397e7e9494e7c3c66540d84d055_JsUnaryOperator_GTSPOON.csv,1848,0.9014634146341464,0.5442074647268369
