file,nrBest,proportionBest,entropyNrActions
nr_18_id_12_0036be0b3070af1b5fb732b565e9587f1d1d6cdf_SiteMapper_GTSPOON.csv,1670,0.8146341463414634,0.8707890464503723
