file,nrBest,proportionBest,entropyNrActions
nr_89_id_31_06e72191992eebd1962ff77b8c9858967bd85c88_BasicBeanDescription_GTSPOON.csv,526,0.25658536585365854,3.032441136736539
