file,nrBest,proportionBest,entropyNrActions
nr_37_id_26_0157e4f74e36abac688b9af678cd1d327fc903a0_MainActivity_GTSPOON.csv,1484,0.7239024390243902,1.2095677870573396
