file,nrBest,proportionBest,entropyNrActions
nr_554_id_33_423efd079c12510f0ac8ad347329a941b21a6eef_YunFileFileRunner_GTSPOON.csv,1382,0.6741463414634147,1.4806734215432078
