file,nrBest,proportionBest,entropyNrActions
nr_269_id_26_09750677650e3070dcfd2f447f2b4ac8f96dc055_TestMySQLTranslator_GTSPOON.csv,20,0.00975609756097561,1.5881498853768559
