file,nrBest,proportionBest,entropyNrActions
nr_255_id_13_03a61cb724f92a1a672d17f2633431e56b3d0e39_VPanel_GTSPOON.csv,576,0.2809756097560976,2.525735099678391
