file,nrBest,proportionBest,entropyNrActions
nr_33_id_2_001329bf3472292cf656c9493f6e20da4b5fd5b7_PyConvertSpaceToTab_GTSPOON.csv,1843,0.8990243902439025,0.5584774123476735
