file,nrBest,proportionBest,entropyNrActions
nr_82_id_19_0224eb415b7c395c6ad7aba8e6482725cc242aa4_Editor_GTSPOON.csv,178,0.08682926829268292,2.630206985124283
