file,nrBest,proportionBest,entropyNrActions
nr_409_id_9_04b9f9dff978e06641a832cfc3525c9c79834454_OutlookTextExtactor_GTSPOON.csv,1747,0.8521951219512195,0.7782455481381155
