file,nrBest,proportionBest,entropyNrActions
nr_508_id_13_078fc1fc67250b8cd0cd8e211499a4948a283582_ActionTreeController_GTSPOON.csv,1369,0.6678048780487805,1.4863803242739162
