file,nrBest,proportionBest,entropyNrActions
nr_124_id_26_04931a5ef527958abec862851fc73a8d6c74727f_Convolve_GTSPOON.csv,1226,0.5980487804878049,1.771821534456209
