file,nrBest,proportionBest,entropyNrActions
nr_280_id_20_055c9099ebcb231455fba3648af455f654d72798_AnnotationModelVisitor_GTSPOON.csv,120,0.05853658536585366,3.7585807558428197
