file,nrBest,proportionBest,entropyNrActions
nr_22_id_10_003aa77f200e0a0f3840d3722c201b3c2dd220ac_SoundEffect_GTSPOON.csv,1605,0.7829268292682927,0.6408950141253947
