file,nrBest,proportionBest,entropyNrActions
nr_649_id_8_051238dd611db8736159640fa4f5a35caa4caaa7_Config_GTSPOON.csv,703,0.3429268292682927,2.5065850199898474
