file,nrBest,proportionBest,entropyNrActions
nr_417_id_28_125b33d3dc9dfe261807ad2015697b47744d045a_GeoJSONShapeParser_GTSPOON.csv,1343,0.6551219512195122,1.611763911532695
