file,nrBest,proportionBest,entropyNrActions
nr_57_id_23_01decb900f32d36c80774f7d5d21200822c891c3_DayOfMonthDrawable_GTSPOON.csv,1520,0.7414634146341463,1.115178074357257
