file,nrBest,proportionBest,entropyNrActions
nr_60_id_38_2763764bdc1ea75e04daa7d3c92a93c822bf25d3_Reviewer_GTSPOON.csv,168,0.08195121951219513,2.602962879777426
