file,nrBest,proportionBest,entropyNrActions
nr_446_id_21_0b6823542699249a8bac31cbe19e77a9abce4062_AvroViewBuilder_GTSPOON.csv,1208,0.5892682926829268,1.6376801904651797
