file,nrBest,proportionBest,entropyNrActions
nr_128_id_15_0256af3f5f23e1f688a3820a1e3ae8b0dbe7d144_NativeMedia_GTSPOON.csv,1154,0.5629268292682926,1.7971569067153217
