file,nrBest,proportionBest,entropyNrActions
nr_143_id_19_03a26016e5d7d53e08db64a0e5aeb4f816575f88_Base_GTSPOON.csv,173,0.08439024390243903,2.4538464498862065
