file,nrBest,proportionBest,entropyNrActions
nr_17_id_25_009a851ef776e86f45542b4cede2d31b22350382_ExternalExaminerBean_GTSPOON.csv,1938,0.9453658536585365,0.3412655503281793
