file,nrBest,proportionBest,entropyNrActions
nr_129_id_3_00e0e25285da05bc4f771c86086ea1db53023cb4_DocElement_GTSPOON.csv,1223,0.5965853658536585,1.5182180894886605
