file,nrBest,proportionBest,entropyNrActions
nr_10_id_8_0017e09b7160093a94dd8b2608c704bbe8e55e27_QuestHandler_GTSPOON.csv,659,0.32146341463414635,2.63107186601737
