file,nrBest,proportionBest,entropyNrActions
nr_253_id_23_08556ef4f5138c7bc2a019ac0ba8781b6093324f_QueryExecutor_GTSPOON.csv,1,0.0004878048780487805,3.096220221353519
