file,nrBest,proportionBest,entropyNrActions
nr_525_id_5_044a2410bb83ec74e36fc7315245295463ab4e7b_EntityWolfTFC_GTSPOON.csv,1035,0.5048780487804878,1.9491339253500701
