file,nrBest,proportionBest,entropyNrActions
nr_359_id_24_0af4bc0044e81c33ed11d7c1381ff24816fb4396_EnumValues_GTSPOON.csv,2005,0.9780487804878049,0.15582425127757166
