file,nrBest,proportionBest,entropyNrActions
nr_252_id_25_087528603b506f071627e02b6d42688ebae5d173_GelfConverter_GTSPOON.csv,15,0.007317073170731708,0.9251059574267302
