file,nrBest,proportionBest,entropyNrActions
nr_272_id_9_033c61256e029403983ae75a096ef0d2303fe2cb_XlsReportRenderer_GTSPOON.csv,540,0.2634146341463415,1.5234480584075039
