file,nrBest,proportionBest,entropyNrActions
nr_511_id_2_011387b918c25d4563db803cb7b720749ebaa40b_WeightList_GTSPOON.csv,2023,0.9868292682926829,0.1000021922556667
