file,nrBest,proportionBest,entropyNrActions
nr_490_id_25_11638ad4fb56b978770aebe75deac7a0e6ac60d2_DayView_GTSPOON.csv,96,0.04682926829268293,3.110332181590535
