file,nrBest,proportionBest,entropyNrActions
nr_345_id_38_e47f43e93755a22974a7168cdc0ed36252cf0523_ImageUtil_GTSPOON.csv,1726,0.8419512195121951,0.9090085407074333
