file,nrBest,proportionBest,entropyNrActions
nr_235_id_17_04c1226c80855a4ea0b0c9b4fcb6551d79cdb7a4_yacyVersion_GTSPOON.csv,96,0.04682926829268293,3.3493924490221127
