file,nrBest,proportionBest,entropyNrActions
nr_262_id_13_03b28975c5be3ba67ef79800f9c1f62454b2e8a5_Harmonization_GTSPOON.csv,5,0.0024390243902439024,2.6809507779998376
