file,nrBest,proportionBest,entropyNrActions
nr_493_id_30_1db9c964e07a10b78077c954b55a669bfb8e1c44_CliOptions_GTSPOON.csv,1573,0.7673170731707317,1.0377908295463227
