file,nrBest,proportionBest,entropyNrActions
nr_492_id_18_0950666390dc0bbe112805dc30ce070dd9e3018e_XSystemProperties_GTSPOON.csv,1875,0.9146341463414634,0.3713041468526602
