file,nrBest,proportionBest,entropyNrActions
nr_20_id_36_05467ebc761e1b1e05b4e773e0a6b71f6405384d_QueryManager_GTSPOON.csv,617,0.30097560975609755,3.117917132588354
