file,nrBest,proportionBest,entropyNrActions
nr_23_id_36_0629fdd09c5303bbc6b0aea3a449e019735bbc09_LoopBackLayer_GTSPOON.csv,2006,0.9785365853658536,0.14634940885842007
