file,nrBest,proportionBest,entropyNrActions
nr_534_id_4_021b68360bc130c29214fa8247d271a63eec8a00_ModuleUtil_GTSPOON.csv,1032,0.5034146341463415,2.1341264583442534
