file,nrBest,proportionBest,entropyNrActions
nr_486_id_14_06ecd37c26bf4bb88f65a5a6d5fe565fd2e7f819_Download_GTSPOON.csv,1647,0.8034146341463415,0.9075409551151161
