file,nrBest,proportionBest,entropyNrActions
nr_301_id_5_027b625ec58fbcd5dc98bbc369de3365027532d3_ImageJReader_GTSPOON.csv,1645,0.802439024390244,0.9088466292470213
