file,nrBest,proportionBest,entropyNrActions
nr_453_id_12_04daa275e4d42997c01310926f84ac084969be23_Connectivity_GTSPOON.csv,177,0.08634146341463414,2.6881839035559567
