file,nrBest,proportionBest,entropyNrActions
nr_406_id_12_0475524598f5d6b5c7d06a6c05ad903f2c692182_Parser_GTSPOON.csv,22,0.010731707317073172,2.6358442753288234
