file,nrBest,proportionBest,entropyNrActions
nr_518_id_26_11b36747a4b0567aa4abc84e032179b0edf70a6a_JavaScriptEngine_GTSPOON.csv,1470,0.7170731707317073,1.3523758655376645
