file,nrBest,proportionBest,entropyNrActions
nr_437_id_30_1a9aaccf0870ef929b1ab919411307b5b096cda1_OrgDatabase_GTSPOON.csv,178,0.08682926829268292,2.710741369396686
