file,nrBest,proportionBest,entropyNrActions
nr_81_id_35_0f8580f7f9f770ce2258945002283e7dc919042a_Filter_GTSPOON.csv,1550,0.7560975609756098,1.1734517419001258
