file,nrBest,proportionBest,entropyNrActions
nr_188_id_16_037bcb09bbe5e32df5b54fa4793bbb1275c0e05f_ReaderTest_GTSPOON.csv,191,0.09317073170731707,2.9582228432547226
