file,nrBest,proportionBest,entropyNrActions
nr_325_id_1_03d3078618d48e85207f2a6ee043aa013cce7779_FuncParams_GTSPOON.csv,1929,0.9409756097560975,0.3770308602297367
