file,nrBest,proportionBest,entropyNrActions
nr_607_id_11_08c771e94307d4e8aef74fab32f89891b68843a7_StatementTest_GTSPOON.csv,1105,0.5390243902439025,1.1946408286465104
