file,nrBest,proportionBest,entropyNrActions
nr_53_id_16_012cd171832cf7aa35d51ba620e513105724ce86_JazzClient_GTSPOON.csv,1261,0.6151219512195122,1.811306176410194
