file,nrBest,proportionBest,entropyNrActions
nr_380_id_35_4892f48870649f3a9b54961ed4c5bd67abd768f1_TemplateServlet_GTSPOON.csv,1938,0.9453658536585365,0.32620094909039876
