file,nrBest,proportionBest,entropyNrActions
nr_281_id_38_be0fd2eec3694424e86886eee12d3234a65bc34b_SSDataGrid_GTSPOON.csv,1620,0.7902439024390244,0.9701212519853126
