file,nrBest,proportionBest,entropyNrActions
nr_40_id_19_0100eeaab8a35e8908b7ed60d0bc593430e996f8_StockExchange_GTSPOON.csv,1800,0.8780487804878049,0.6783932478009588
