file,nrBest,proportionBest,entropyNrActions
nr_36_id_7_0061be9182082d4120f72c1d561b52c16f232d8b_Elevator_GTSPOON.csv,1314,0.6409756097560976,1.6034320577123016
