file,nrBest,proportionBest,entropyNrActions
nr_244_id_22_0660ab1d15bd65a00bf34bb196834dbe08ae6b7b_BitcoinPeer_GTSPOON.csv,1737,0.8473170731707317,0.7893286260783368
