file,nrBest,proportionBest,entropyNrActions
nr_346_id_15_0657d966d907d1839164c38acadbf5d002b18e41_Creature_GTSPOON.csv,1210,0.5902439024390244,1.6584273082353491
