file,nrBest,proportionBest,entropyNrActions
nr_249_id_20_04ac20ec80215352ac522877bfc6cae037439faa_Form_GTSPOON.csv,2015,0.9829268292682927,0.1047847065935152
