file,nrBest,proportionBest,entropyNrActions
nr_279_id_13_040a5d2f7a327bd777b5859edea32ed2f1d3593e_Launcher_GTSPOON.csv,124,0.06048780487804878,3.355139406937225
