file,nrBest,proportionBest,entropyNrActions
nr_225_id_31_0ff17f98565795f116422cd4fd0b246d12f795e8_IntegerSerializerTest_GTSPOON.csv,1546,0.7541463414634146,1.0436822541828528
