file,nrBest,proportionBest,entropyNrActions
nr_283_id_1_035f2eadadbb0eb99e4727a421609866f02c3d63_StandardGraphIO_GTSPOON.csv,746,0.36390243902439023,2.2160475573277494
