file,nrBest,proportionBest,entropyNrActions
nr_297_id_7_0317828b1dfcd9efeb77974ee979443122f0b822_SpotSceneManager_GTSPOON.csv,1565,0.7634146341463415,1.1547055811305196
