file,nrBest,proportionBest,entropyNrActions
nr_499_id_28_1661fd64ee5db3598d8d34518647a03c60e27596_Marking_GTSPOON.csv,64,0.03121951219512195,3.6577669830542607
