file,nrBest,proportionBest,entropyNrActions
nr_21_id_20_004fe38315c4216f2840bb7ff964f0867412a378_PolicyEnforcementPoint_GTSPOON.csv,990,0.48292682926829267,2.036961640300553
