file,nrBest,proportionBest,entropyNrActions
nr_89_id_14_0139413b239483c9c97df298dbf9c3b5102cc59d_BufferedInputStream_GTSPOON.csv,925,0.45121951219512196,2.271583015661709
