file,nrBest,proportionBest,entropyNrActions
nr_153_id_37_46a8e2b3d8a7b8f39e0e3950e9b679641c350853_SymfonyTools_GTSPOON.csv,1474,0.7190243902439024,1.2760078919079934
