file,nrBest,proportionBest,entropyNrActions
nr_371_id_7_03d4e8f7e7d188162746b857e4d30770cd44b436_LoadedImageView_GTSPOON.csv,170,0.08292682926829269,3.802155661062449
