file,nrBest,proportionBest,entropyNrActions
nr_198_id_38_839585867ed434af80f2d1b73ad335e505f7ea07_ConversionTest_GTSPOON.csv,38,0.018536585365853658,1.091255188763182
