file,nrBest,proportionBest,entropyNrActions
nr_317_id_4_013137c23eae9884f4c23b76669f12c3a8bda66c_Base64StreamDecoder_GTSPOON.csv,1182,0.5765853658536585,1.758867285819998
