file,nrBest,proportionBest,entropyNrActions
nr_77_id_19_01eee22a3470f94967bf71afc255c83cc86782b8_DBufferCache_GTSPOON.csv,1907,0.9302439024390244,0.4402101220131632
