file,nrBest,proportionBest,entropyNrActions
nr_327_id_32_1c8ba48b52479008a6df8a62ae95cb2abea6c444_TextUtils_GTSPOON.csv,210,0.1024390243902439,2.3321589612411087
