file,nrBest,proportionBest,entropyNrActions
nr_90_id_33_0b01b1da93813a56d356ec44bb73a16ffffdf728_Room_GTSPOON.csv,80,0.03902439024390244,2.6381506665538574
