file,nrBest,proportionBest,entropyNrActions
nr_397_id_22_097c50356fbd378004299d65c9e5bbb862b8be35_SessionService_GTSPOON.csv,160,0.07804878048780488,2.8787413670504165
