file,nrBest,proportionBest,entropyNrActions
nr_470_id_35_5a277ee565f2bb7a736e93b5b27d19765fef47e3_IzPanelLayout_GTSPOON.csv,120,0.05853658536585366,2.8435861807346985
