file,nrBest,proportionBest,entropyNrActions
nr_107_id_17_020305cd4568bbbdf1d21d072f44c35baf26d6ed_ScraperTest_GTSPOON.csv,1657,0.8082926829268293,0.9747423072339053
