file,nrBest,proportionBest,entropyNrActions
nr_86_id_6_009e3a07b2e9bc9e63773b71b7a075748cfe6372_ViewPlayList_GTSPOON.csv,1224,0.5970731707317073,1.4390640791041907
