file,nrBest,proportionBest,entropyNrActions
nr_242_id_24_07a8860e5054edd91f02e6ed8588f2001bf0228b_LuceneIterator_GTSPOON.csv,1633,0.7965853658536586,0.993708326953338
