file,nrBest,proportionBest,entropyNrActions
nr_130_id_31_0931a2e59d614fa97ec740d720e716de1a2958a0_TileOpenStreetMap_GTSPOON.csv,1906,0.9297560975609757,0.4215271873532423
