file,nrBest,proportionBest,entropyNrActions
nr_340_id_35_401b0a396d27ee2325d50fa74ba51a69e59302a9_ScriptInstrumenter_GTSPOON.csv,809,0.39463414634146343,2.3978488517863576
