file,nrBest,proportionBest,entropyNrActions
nr_303_id_23_09b479ffef4f04fed4d9f56e9c4c5e7de6064113_DMAChannel_GTSPOON.csv,1105,0.5390243902439025,1.9152736084777926
