file,nrBest,proportionBest,entropyNrActions
nr_223_id_3_018de8b05c2df2d154ac266769b7d00fb4786371_TraceServer_GTSPOON.csv,1938,0.9453658536585365,0.3611079570028247
