file,nrBest,proportionBest,entropyNrActions
nr_122_id_21_035d8d3dad64179c6eda295233f064d0e0310f1b_ExcelExtractor_GTSPOON.csv,1392,0.6790243902439025,1.6178821780432282
