file,nrBest,proportionBest,entropyNrActions
nr_452_id_8_03cb9ad24758a95b24cb822288a7baf08733307e_mainCompiler_GTSPOON.csv,56,0.027317073170731707,3.3334582756593516
