file,nrBest,proportionBest,entropyNrActions
nr_104_id_24_03338ada120d758de6a8c442f7efd45a645e058f_SaleMainActivity_GTSPOON.csv,1561,0.7614634146341464,1.0110867883770145
