file,nrBest,proportionBest,entropyNrActions
nr_443_id_17_08f0ceadeff9dfabe81577af9729d83f5573f8b8_Util_GTSPOON.csv,186,0.09073170731707317,2.584659401635248
