file,nrBest,proportionBest,entropyNrActions
nr_356_id_29_1492994b723873798fb848a0394edb1251fc85d3_LockPatternView_GTSPOON.csv,184,0.0897560975609756,2.6591693204841533
