file,nrBest,proportionBest,entropyNrActions
nr_491_id_4_01fd4a9e4445ae2336ad8dd4da00b410fe6f0f29_Pack_GTSPOON.csv,189,0.09219512195121951,3.0115374572461566
