file,nrBest,proportionBest,entropyNrActions
nr_282_id_28_0cbfa964939209ae903180714b032fc9ca8a5fe9_TabContents_GTSPOON.csv,1198,0.584390243902439,1.6821326215524075
