file,nrBest,proportionBest,entropyNrActions
nr_119_id_35_196425a5a2a292d624d94606b142ab391d39b223_Photo_GTSPOON.csv,210,0.1024390243902439,2.3321589612411087
