file,nrBest,proportionBest,entropyNrActions
nr_102_id_14_01597865d781e0d055e4b1e2a03f4655b6a68554_AlbumFragment_GTSPOON.csv,810,0.3951219512195122,2.421925392088604
