file,nrBest,proportionBest,entropyNrActions
nr_377_id_13_05746a06247275c2bd5fc37a9925daf897d55627_AsyncHttpServer_GTSPOON.csv,1470,0.7170731707317073,1.3571359913224195
