file,nrBest,proportionBest,entropyNrActions
nr_529_id_6_033dfed46a3a50549c68afa8816a8c09b92ce3e2_HourRange_GTSPOON.csv,1492,0.7278048780487805,1.2155018067431402
