file,nrBest,proportionBest,entropyNrActions
nr_220_id_23_07378367e1f33311ccc2a1fd621097ad5853dba7_MP3File_GTSPOON.csv,1742,0.8497560975609756,0.7728614913261898
