file,nrBest,proportionBest,entropyNrActions
nr_72_id_31_0560d3880168584dd32d96142e721da16582886a_TristateCheckBox_GTSPOON.csv,180,0.08780487804878048,1.2107139501401856
