file,nrBest,proportionBest,entropyNrActions
nr_415_id_29_17dc5e7c3338480a4f8450872f6ceb19329eac62_MOStoneCountyParser_GTSPOON.csv,80,0.03902439024390244,1.2875579579676413
