file,nrBest,proportionBest,entropyNrActions
nr_375_id_28_10a99a9aad04c11f7742001b879c085df980be5d_PropertiesDialog_GTSPOON.csv,76,0.037073170731707315,1.404954253662314
