file,nrBest,proportionBest,entropyNrActions
nr_492_id_18_0950666390dc0bbe112805dc30ce070dd9e3018e_XPrivacy_GTSPOON.csv,855,0.4170731707317073,2.0580110243257885
