file,nrBest,proportionBest,entropyNrActions
nr_254_id_36_3ff145c797216d61e381e700544d2f71662f8706_PImage_GTSPOON.csv,120,0.05853658536585366,2.664831651799326
