file,nrBest,proportionBest,entropyNrActions
nr_116_id_25_03e1b03814ee2fa262f8642740843d870d1e76e1_OclInterpreter_GTSPOON.csv,60,0.02926829268292683,2.5667192720783287
