file,nrBest,proportionBest,entropyNrActions
nr_152_id_27_06c6683d509d41edc2f6234c18cc3915adff628f_NowPlayingCommand_GTSPOON.csv,1338,0.6526829268292683,1.7104658997224775
