file,nrBest,proportionBest,entropyNrActions
nr_410_id_31_1ce506cb7d5f1c78a8e94d552cacc0007d7a469f_Page_GTSPOON.csv,2030,0.9902439024390244,0.07032433476713515
