file,nrBest,proportionBest,entropyNrActions
nr_245_id_14_039a113cbeb81a7439562a01a43b4f34dbf42a26_VideoEditorActivity_GTSPOON.csv,160,0.07804878048780488,2.6749327034707227
