file,nrBest,proportionBest,entropyNrActions
nr_444_id_35_57537cb6928e65a8a346b522a247fff04e0901c0_SimpleWorkflowHelper_GTSPOON.csv,694,0.3385365853658537,2.301095385541071
