file,nrBest,proportionBest,entropyNrActions
nr_130_id_21_038fd849c570c4c89e5e13de48b2bd002631ae83_AptrustClient_GTSPOON.csv,1925,0.9390243902439024,0.31198282607389927
