file,nrBest,proportionBest,entropyNrActions
nr_552_id_8_04739260325d7be3643abdab385257c58975fff2_World_GTSPOON.csv,275,0.13414634146341464,2.5738989134239474
