file,nrBest,proportionBest,entropyNrActions
nr_640_id_6_03f5472ba4d753aec4451c81518d9ec813b625fc_CacheController_GTSPOON.csv,106,0.05170731707317073,2.492736645484594
