file,nrBest,proportionBest,entropyNrActions
nr_213_id_14_031444c5e186ac5fb2925d876c1f18694c1729a5_CompanyFinder_GTSPOON.csv,1841,0.8980487804878049,0.5972461510318618
