file,nrBest,proportionBest,entropyNrActions
nr_520_id_12_05a9154c0680e0c868fdf350133bb31bd413b6c4_MyAccountConverter_GTSPOON.csv,1738,0.8478048780487805,0.8794666195475599
