file,nrBest,proportionBest,entropyNrActions
nr_135_id_34_159e2f1afca53db3236504a7baee7d33e7389736_SWTCollectionView_GTSPOON.csv,970,0.47317073170731705,2.1097756055822985
