file,nrBest,proportionBest,entropyNrActions
nr_283_id_35_34726208ce52563fd5d26b43e5c0846060597105_HTML5Activity_GTSPOON.csv,1033,0.5039024390243902,2.425109740175233
