file,nrBest,proportionBest,entropyNrActions
nr_389_id_25_0d79623c320224db684768d42c099eb8d93640b2_TaskEditFragment_GTSPOON.csv,57,0.027804878048780488,2.6821962312243195
