file,nrBest,proportionBest,entropyNrActions
nr_524_id_9_06001f9309470dc9c5788407a2fbd09960061086_IRCCommandHandler_GTSPOON.csv,2,0.000975609756097561,2.5281873776090826
