file,nrBest,proportionBest,entropyNrActions
nr_100_id_6_00b2e040b56cbb2e87c84432e4029925cbe58768_ExpressionHandler_GTSPOON.csv,1836,0.895609756097561,0.577821723358834
