file,nrBest,proportionBest,entropyNrActions
nr_352_id_1_04176b2d7147cca7c40b2015accb212258c769ba_Profile_GTSPOON.csv,1938,0.9453658536585365,0.3268754697930954
