file,nrBest,proportionBest,entropyNrActions
nr_135_id_27_05f96b6483c26ebdd038001e86014678f074a15f_Main_GTSPOON.csv,721,0.3517073170731707,2.4489334548724755
