file,nrBest,proportionBest,entropyNrActions
nr_315_id_34_2ba98058632075d2ab446b88f101b09e7fe215fb_CSVParser_GTSPOON.csv,255,0.12439024390243902,2.943182938197799
