file,nrBest,proportionBest,entropyNrActions
nr_327_id_30_141d82c2af61532b25d3ccd295e5ca6d71b184eb_PortletFrame_GTSPOON.csv,225,0.10975609756097561,3.1029957578045657
