file,nrBest,proportionBest,entropyNrActions
nr_470_id_26_0fad38fb38e36a58636e1b38cbc865d59ab4a2d1_MeshLiaison_GTSPOON.csv,120,0.05853658536585366,3.604184935247599
