file,nrBest,proportionBest,entropyNrActions
nr_374_id_14_0588795850be597712931b526bf481e5ce3424f1_CokeRewardsActivity_GTSPOON.csv,963,0.4697560975609756,2.0512451427543557
