file,nrBest,proportionBest,entropyNrActions
nr_312_id_27_0d7f7409432d6712526445cc299a12b113126bb8_ModifierPopulator_GTSPOON.csv,1268,0.6185365853658537,1.6378712376554554
