file,nrBest,proportionBest,entropyNrActions
nr_143_id_18_02c4623e787c14b6fe2bf03da0f3411f0322fade_DawgNode_GTSPOON.csv,1939,0.9458536585365853,0.3266837834420563
