file,nrBest,proportionBest,entropyNrActions
nr_344_id_8_02d7f07c35ccdfeb42d4d9c113175875e83d2e31_FunkyAnimator_GTSPOON.csv,2029,0.9897560975609756,0.07939271616155028
