file,nrBest,proportionBest,entropyNrActions
nr_279_id_29_105711c964e35d45261a43e4e179925b9de229bc_ClockTest_GTSPOON.csv,1933,0.9429268292682926,0.34882716031393934
