file,nrBest,proportionBest,entropyNrActions
nr_825_id_2_01c555ab9b091a1d6d09fe892d8f127a940b064b_TextureCache_GTSPOON.csv,1841,0.8980487804878049,0.5588253666082814
