file,nrBest,proportionBest,entropyNrActions
nr_764_id_1_08ba05e71336d78cec3327d342a1b3578a5f1069_StringFieldMapper_GTSPOON.csv,1190,0.5804878048780487,1.7668039141103478
