file,nrBest,proportionBest,entropyNrActions
nr_147_id_10_01404397c166b5b146b0ff1d999de5874af20342_ReturnUserModelsTest_GTSPOON.csv,2020,0.9853658536585366,0.09806746555314
