file,nrBest,proportionBest,entropyNrActions
nr_216_id_19_0547918ecff264f89e36a8a7777395d75dadf8c5_Database_GTSPOON.csv,158,0.07707317073170732,1.8342491978367772
