file,nrBest,proportionBest,entropyNrActions
nr_547_id_14_07d03cfd819caabce310e164af31ba05c0e51195_NodeInst_GTSPOON.csv,162,0.07902439024390244,2.7070255019209357
