file,nrBest,proportionBest,entropyNrActions
nr_189_id_19_0489df88e13411a9c653aed84311ada95a21b74d_HttpServerComposite_GTSPOON.csv,1735,0.8463414634146341,0.7960073014488948
