file,nrBest,proportionBest,entropyNrActions
nr_390_id_30_180f1e49801e270de6a51d4260ac6e2ba0880013_Deflektor_GTSPOON.csv,32,0.015609756097560976,3.3272281451158165
