file,nrBest,proportionBest,entropyNrActions
nr_236_id_30_0e9e45ea81188f8943a714a2478c0c8c091fa9c9_RC_GTSPOON.csv,2,0.000975609756097561,2.5164258352397817
