file,nrBest,proportionBest,entropyNrActions
nr_11_id_38_0626c03a99fe20311bd84e82c0d3441620f26b08_XtendQuickfixProvider_GTSPOON.csv,196,0.09560975609756098,3.223711688708213
