file,nrBest,proportionBest,entropyNrActions
nr_403_id_11_058bd7b08122d3759e8ea3cee32cdd48fa7daeb6_Maths_GTSPOON.csv,199,0.09707317073170732,2.6349334481630002
