file,nrBest,proportionBest,entropyNrActions
nr_211_id_11_02b99c794bd51ff81f3bef819fff9c431a3f885a_Database_GTSPOON.csv,95,0.046341463414634146,0.8879288208250403
