file,nrBest,proportionBest,entropyNrActions
nr_346_id_5_02cf89bae59e4f6100e6c757419f3c67264ada74_AS7DMRClient_GTSPOON.csv,1287,0.6278048780487805,1.5677552548420357
