file,nrBest,proportionBest,entropyNrActions
nr_18_id_15_00461161bc54d320ab0ff1b7459229aac2f84747_ExpressionTransformer_GTSPOON.csv,165,0.08048780487804878,2.663072067904255
