file,nrBest,proportionBest,entropyNrActions
nr_128_id_8_012343765bc4b00afcb5f51962336d2ccfe3e198_R_GTSPOON.csv,2027,0.988780487804878,0.0793040130551869
