file,nrBest,proportionBest,entropyNrActions
nr_25_id_22_00902a84196b5d44cdc09c78444717e88c98835b_CalendarBrowser_GTSPOON.csv,1575,0.7682926829268293,1.075494292326898
