file,nrBest,proportionBest,entropyNrActions
nr_3_id_38_02203a84db4b9381a04e3a3012f09b9822ed7727_TopcatCodec_GTSPOON.csv,722,0.3521951219512195,2.507588123233023
