file,nrBest,proportionBest,entropyNrActions
nr_388_id_25_0d7840df790a4515975a92830df06d9adc0e32d3_SearchTree_GTSPOON.csv,180,0.08780487804878048,2.6486388334959825
