file,nrBest,proportionBest,entropyNrActions
nr_479_id_12_0532c75a2b6694161956421126d2bd7febd3afef_RubyMainTab_GTSPOON.csv,5,0.0024390243902439024,1.4017387667567909
