file,nrBest,proportionBest,entropyNrActions
nr_2_id_11_0002346b6dd67954a8d481d916500b1195dfcee1_StockControllerImpl_GTSPOON.csv,2001,0.9760975609756097,0.15039901382980142
