file,nrBest,proportionBest,entropyNrActions
nr_123_id_2_003b4615f82e8be10701c480826585b277acf145_stshelp_GTSPOON.csv,1903,0.9282926829268293,0.318232356108741
