file,nrBest,proportionBest,entropyNrActions
nr_347_id_9_04242678d098cfca886230888c701a64cf50992f_Universe_GTSPOON.csv,1310,0.6390243902439025,1.628923418197778
