file,nrBest,proportionBest,entropyNrActions
nr_253_id_20_04db1cc89fe49274510128646e90f61f653896da_VariableTable_GTSPOON.csv,1721,0.8395121951219512,0.8654379734658239
