file,nrBest,proportionBest,entropyNrActions
nr_197_id_32_11795a7901b2f169844d890b76ccae53c834af7d_MyRosPage_GTSPOON.csv,1380,0.6731707317073171,1.5514801110612224
