file,nrBest,proportionBest,entropyNrActions
nr_143_id_23_0446a9d4b375ca6079785567f69096a904ed44ea_SchematronBuilder_GTSPOON.csv,5,0.0024390243902439024,2.110138624452616
