file,nrBest,proportionBest,entropyNrActions
nr_490_id_24_0ebb17683ec96fc9370e93f16f91ad9f52a2e040_TestSnapshotDaemon_GTSPOON.csv,147,0.07170731707317073,3.1861250394987133
