file,nrBest,proportionBest,entropyNrActions
nr_543_id_12_05eeb4f6edd240a68ebcc0044a83f336ef913076_IccCardProxy_GTSPOON.csv,170,0.08292682926829269,2.9024406665256377
