file,nrBest,proportionBest,entropyNrActions
nr_139_id_19_038a77e60b33b3540d040e2d1ffa5cee80f02564_MockRequestDirector_GTSPOON.csv,1823,0.8892682926829268,0.6073938801131912
