file,nrBest,proportionBest,entropyNrActions
nr_841_id_2_01d13702c5e0d072af3d6ef3179d37a96788cb3a_SecuritiesFactory_GTSPOON.csv,2029,0.9897560975609756,0.07392706567857908
