file,nrBest,proportionBest,entropyNrActions
nr_244_id_2_0078140fa2f14b15373859720d3f373034d3a02a_DocumentObject_GTSPOON.csv,1788,0.8721951219512195,0.674996193351799
