file,nrBest,proportionBest,entropyNrActions
nr_189_id_25_063a50bfe65e845bd74507507d1b4038a7338dc2_DownstreamPassCondition_GTSPOON.csv,77,0.037560975609756096,2.4138311906568917
