file,nrBest,proportionBest,entropyNrActions
nr_122_id_12_016c6148e06c2f6401f4563a57b5ba4d5ab1846e_JavaRNGTest_GTSPOON.csv,1750,0.8536585365853658,0.5774254891137717
