file,nrBest,proportionBest,entropyNrActions
nr_2_id_33_007b59459367ae9e1e58a857dabdb4b9b0766500_Darcsden_GTSPOON.csv,1733,0.8453658536585366,0.6951994208139293
