file,nrBest,proportionBest,entropyNrActions
nr_746_id_2_0196e1f5a35ec1fe7c912b39e561245d4c867f2b_PluginImpl_GTSPOON.csv,1906,0.9297560975609757,0.4268139940655344
