file,nrBest,proportionBest,entropyNrActions
nr_93_id_23_02aa263207588b732cc35d65e2f47465ddd5fd36_ScrabbleMap_GTSPOON.csv,538,0.2624390243902439,2.877875496905082
