file,nrBest,proportionBest,entropyNrActions
nr_43_id_16_00f385b62570672070f8e1da12875a49b6f37ac5_SyslogTrapper_GTSPOON.csv,295,0.14390243902439023,1.659734236291925
