file,nrBest,proportionBest,entropyNrActions
nr_380_id_38_fa2998c78c8928be3aa5d2395385f57fa5e64606_AwfulPagedItem_GTSPOON.csv,234,0.11414634146341464,1.1641680610274685
