file,nrBest,proportionBest,entropyNrActions
nr_227_id_13_0340a918b3d601f079af6b3fa8c132d766261210_WireTweetAccount_GTSPOON.csv,1733,0.8453658536585366,0.8262642767815208
