file,nrBest,proportionBest,entropyNrActions
nr_483_id_31_218c34e13a7839673ef9f2f3d00e9b6d50b119d1_Env_GTSPOON.csv,210,0.1024390243902439,2.3040203458915918
