file,nrBest,proportionBest,entropyNrActions
nr_51_id_19_0131bffa4f7274e8035bd7c66ab3da18204d6495_LCVariableResolver_GTSPOON.csv,511,0.24926829268292683,0.9513269245187446
