file,nrBest,proportionBest,entropyNrActions
nr_138_id_39_dff3129dcae6d80dd96e4c54051d5786b20fbf0c_Util_GTSPOON.csv,847,0.41317073170731705,1.9897749982111297
