file,nrBest,proportionBest,entropyNrActions
nr_348_id_19_083fc3acb93b41730e5940cd28dd71cba1237745_TestApp_GTSPOON.csv,2025,0.9878048780487805,0.08539000553920782
