file,nrBest,proportionBest,entropyNrActions
nr_322_id_22_081d1fa7d90b2e2060b8fe7ac6cc945dbca868a9_UIIcons_GTSPOON.csv,1650,0.8048780487804879,0.7498909534507794
