file,nrBest,proportionBest,entropyNrActions
nr_294_id_25_09d7a6a9f0d656567a181ae03beb02017eb7354c_RandomDataTest_GTSPOON.csv,196,0.09560975609756098,2.781536094895987
