file,nrBest,proportionBest,entropyNrActions
nr_324_id_4_013e78f9f538cbdefb96265032d5f52db11379cc_AnimateButton_GTSPOON.csv,1553,0.7575609756097561,1.1053542725861458
