file,nrBest,proportionBest,entropyNrActions
nr_520_id_7_055dd6be8643727fa1bcf197f5e8438438f28284_WidgetProvider_GTSPOON.csv,290,0.14146341463414633,3.1731136313616357
