file,nrBest,proportionBest,entropyNrActions
nr_284_id_22_073411047fcc5c1fd45f476118fa671169d59805_RedoPlugIn_GTSPOON.csv,84,0.04097560975609756,1.511771889580025
