file,nrBest,proportionBest,entropyNrActions
nr_550_id_11_07d964d1e0581f92bbd730917a07c83fddc8e48d_ByteCodeSwitch_GTSPOON.csv,135,0.06585365853658537,3.1411041287396833
