file,nrBest,proportionBest,entropyNrActions
nr_286_id_29_10f8581a8f91e8563f46c87c7709a2ba06d7f0d5_ApplicationsAdapter_GTSPOON.csv,65,0.03170731707317073,2.0979317107288913
