file,nrBest,proportionBest,entropyNrActions
nr_454_id_18_08969eee7afff29cbe48a05051d52ad77c4bc44b_Pathfinder_GTSPOON.csv,1548,0.7551219512195122,1.2219495856093174
