file,nrBest,proportionBest,entropyNrActions
nr_66_id_24_01f6d988877535a80a5b719e87f124916894b76c_Block_GTSPOON.csv,1760,0.8585365853658536,0.5029723431141343
