file,nrBest,proportionBest,entropyNrActions
nr_279_id_20_05561eb536aac72c3823ef2360534a891e9769d3_BusinessHourCalculatorTest_GTSPOON.csv,1939,0.9458536585365853,0.3408598152370851
