file,nrBest,proportionBest,entropyNrActions
nr_290_id_15_0569582d99bfcf10e01696d172c53b012c705d6c_SearchRequest_GTSPOON.csv,1650,0.8048780487804879,1.0123445091292074
