file,nrBest,proportionBest,entropyNrActions
nr_145_id_18_02d2612890593aecef7e5e7933d3ea5bb244b179_Commandtpc_GTSPOON.csv,1929,0.9409756097560975,0.3668337548501771
