file,nrBest,proportionBest,entropyNrActions
nr_182_id_10_018ab34b8378387b03b590421d99edf85f1e6a91_SimulatedFSDataset_GTSPOON.csv,209,0.10195121951219512,2.8157026504937726
