file,nrBest,proportionBest,entropyNrActions
nr_415_id_26_0e204977f972e658c629b06dc71f69275d27e1bf_XSDWildcardTraverser_GTSPOON.csv,1936,0.944390243902439,0.3477762737632737
