file,nrBest,proportionBest,entropyNrActions
nr_267_id_20_05104f9a43fa8e197c0b526c1e05503452bcdbd2_InGameController_GTSPOON.csv,179,0.0873170731707317,2.67193820782098
