file,nrBest,proportionBest,entropyNrActions
nr_183_id_10_01945a4a9c8bf4e59ff8d6623c17506501f92eac_PinWriteDigitalBlock_GTSPOON.csv,1415,0.6902439024390243,0.7159458325481954
