file,nrBest,proportionBest,entropyNrActions
nr_244_id_9_02e5ff3e9a75758e3b6076986b18c7aaed8abd86_Flyway_GTSPOON.csv,324,0.15804878048780488,2.8478630427568157
