file,nrBest,proportionBest,entropyNrActions
nr_500_id_26_11108803553c159df840bebed59a91379ba3a024_Coop_GTSPOON.csv,45,0.02195121951219512,2.1939302616619543
