file,nrBest,proportionBest,entropyNrActions
nr_305_id_21_080275b0c3a6b8f3f7a6880b774e6b0b6ede16a4_SlidingPaneLayout_GTSPOON.csv,167,0.08146341463414634,2.6432472243082605
