file,nrBest,proportionBest,entropyNrActions
nr_54_id_11_009a2d269c8fa5a482101775f06452b7e96dda46_WebSocketProcessor_GTSPOON.csv,1470,0.7170731707317073,1.3317681323162065
