file,nrBest,proportionBest,entropyNrActions
nr_118_id_8_010ace82f06d5da4c81385c68c21596e7381eb80_BasicP2LClient_GTSPOON.csv,1445,0.7048780487804878,1.3652620354872358
