file,nrBest,proportionBest,entropyNrActions
nr_444_id_24_0d4999406aed21e6f5388cc96a2ac827b4cbc0fb_APIEndpoint_GTSPOON.csv,1594,0.7775609756097561,1.054994417522133
