file,nrBest,proportionBest,entropyNrActions
nr_155_id_5_015db34e2d2638ce7f6436449175c3610374fe87_CRSApplication_GTSPOON.csv,19,0.009268292682926829,1.825902520599043
