file,nrBest,proportionBest,entropyNrActions
nr_3_id_6_000a48293929d17dd77944d72b3759aa776ea137_NormalyzedIteration_GTSPOON.csv,1624,0.7921951219512195,1.0641581364201629
