file,nrBest,proportionBest,entropyNrActions
nr_212_id_15_03f8b4301cc4b1bd6924ae02a1c20b14677727a8_ProtocolBaseCase_GTSPOON.csv,80,0.03902439024390244,2.4359971215682865
