file,nrBest,proportionBest,entropyNrActions
nr_137_id_3_00e8562f26211a13114890f8e036ede25d205a7b_AbstractTestCollection_GTSPOON.csv,200,0.0975609756097561,2.659032225040845
