file,nrBest,proportionBest,entropyNrActions
nr_515_id_14_07659fbc15e63f7dc313da52082d90dbba31373c_FilmDetail_GTSPOON.csv,460,0.22439024390243903,3.6190413576219553
