file,nrBest,proportionBest,entropyNrActions
nr_31_id_21_012178fff998ee9efb198624ccd1a14be07b6b66_MainActivity_GTSPOON.csv,126,0.06146341463414634,2.379505754340016
