file,nrBest,proportionBest,entropyNrActions
nr_238_id_37_66f40d942d31a0c792dbc7723f84abb13548970e_AccessPoint_GTSPOON.csv,17,0.008292682926829269,3.0153121376906658
