file,nrBest,proportionBest,entropyNrActions
nr_174_id_11_02396b664106b546a4a2fef62cf8a07dcb5d5037_BrowseBookmarks_GTSPOON.csv,673,0.3282926829268293,2.1250674441116213
