file,nrBest,proportionBest,entropyNrActions
nr_114_id_18_02246032031badabed90b67651ff698982e14b4f_GetPopulation_GTSPOON.csv,653,0.31853658536585366,1.9287398862955598
