file,nrBest,proportionBest,entropyNrActions
nr_101_id_22_022e95a231ba2320a8a04fcc7c581bef5c62d3b4_Navbar_GTSPOON.csv,174,0.08487804878048781,2.9483607553929616
