file,nrBest,proportionBest,entropyNrActions
nr_94_id_32_0896a290c0625400c5027e34bc03610b3af7b79f_TestMessages_GTSPOON.csv,1061,0.5175609756097561,2.225490609046444
