file,nrBest,proportionBest,entropyNrActions
nr_414_id_37_c0a51abd857dd6962ba7a0bc7cf725fdd2519688_DockSettings_GTSPOON.csv,1737,0.8473170731707317,0.8213362309943009
