file,nrBest,proportionBest,entropyNrActions
nr_40_id_21_016e8f191d5501dc94e714147d1a39d7faff5547_Config_GTSPOON.csv,1462,0.713170731707317,1.3520555416623463
