file,nrBest,proportionBest,entropyNrActions
nr_275_id_25_093b8ff8d64b56df6d8bb9fa09f96e583033f959_Topology_GTSPOON.csv,210,0.1024390243902439,2.336924124399457
