file,nrBest,proportionBest,entropyNrActions
nr_16_id_2_000ce7d25a55c11545638853b48fa6a17422fb50_FM_References_GTSPOON.csv,2027,0.988780487804878,0.07300510044081204
