file,nrBest,proportionBest,entropyNrActions
nr_252_id_11_03541fc8b65f3d9b5689a2afb5a607113d529640_PrototypeSnapshot_GTSPOON.csv,1818,0.8868292682926829,0.6122221335315168
