file,nrBest,proportionBest,entropyNrActions
nr_309_id_22_07b8b1261d8bdb479e6172b4fb4c710280d5b44f_EdgeResource_GTSPOON.csv,162,0.07902439024390244,3.32901151994136
