file,nrBest,proportionBest,entropyNrActions
nr_508_id_5_0425aed9548d7df46dd55b2f7d888172f53ca3e4_Organisation_GTSPOON.csv,70,0.03414634146341464,2.5637509118537363
