file,nrBest,proportionBest,entropyNrActions
nr_256_id_13_03a8676021c976ab2d057a91de0c1233d05540c2_PhotoModule_GTSPOON.csv,166,0.08097560975609756,2.838700367665039
