file,nrBest,proportionBest,entropyNrActions
nr_248_id_12_02acd35a14b5f354942db81ab552523902b94747_Zone_GTSPOON.csv,178,0.08682926829268292,2.603699439995422
