file,nrBest,proportionBest,entropyNrActions
nr_184_id_13_02a5a290b0a7328e618ea9ddde2bf2da43459421_SmsSyncService_GTSPOON.csv,420,0.2048780487804878,2.467867285471492
