file,nrBest,proportionBest,entropyNrActions
nr_107_id_15_01c3cf64c5be6b8b9637cfef0d20a21078976742_JXMonthView_GTSPOON.csv,117,0.05707317073170732,3.955895783893303
