file,nrBest,proportionBest,entropyNrActions
nr_73_id_7_00c569eec823c486cc9b7e03ce255c374005824f_BrandControllerImpl_GTSPOON.csv,2001,0.9760975609756097,0.15755314327416037
