file,nrBest,proportionBest,entropyNrActions
nr_149_id_36_2510cfb2b6f58225e707c5374c04fef713c991bb_ToolCore_GTSPOON.csv,140,0.06829268292682927,2.8393187095674213
