file,nrBest,proportionBest,entropyNrActions
nr_128_id_23_03efaa8b478d27e999ac60d6291a4a2958d41783_Servlet_GTSPOON.csv,1400,0.6829268292682927,1.3793324182564202
