file,nrBest,proportionBest,entropyNrActions
nr_229_id_8_01eb4a62ee243ce02d3062380ff4e6e532a6be7c_IRIGui_GTSPOON.csv,2025,0.9878048780487805,0.07360489639196653
