file,nrBest,proportionBest,entropyNrActions
nr_214_id_7_025bc09a77e84a4e298cec087ded5b326f4f2840_BasicCommands_GTSPOON.csv,25,0.012195121951219513,2.1639556568820564
