file,nrBest,proportionBest,entropyNrActions
nr_9_id_27_007c1f113f444f6b49e38202b4339205db73ba11_PasswordManager_GTSPOON.csv,1933,0.9429268292682926,0.3596691925024049
