file,nrBest,proportionBest,entropyNrActions
nr_32_id_12_0067218a934fb149caa24a7911320ed1f67dd577_StructDatabase_GTSPOON.csv,186,0.09073170731707317,1.7493037606043234
