file,nrBest,proportionBest,entropyNrActions
nr_70_id_17_013758b2f55822eccb953eddc6083e691db93e34_Hudson_GTSPOON.csv,18,0.00878048780487805,2.5939441440602815
