file,nrBest,proportionBest,entropyNrActions
nr_2_id_26_001a627dc8a9da57436bee58e5b7749582f1f612_Bnf_GTSPOON.csv,72,0.0351219512195122,3.022060901061744
