file,nrBest,proportionBest,entropyNrActions
nr_215_id_20_041db097d57b9944e36be1785bdc4e64c54fd727_Interpreter_GTSPOON.csv,105,0.05121951219512195,2.7254013703998154
