file,nrBest,proportionBest,entropyNrActions
nr_145_id_27_066b2f7c584c4117e1a56e8cd484e86a668343d2_StretchableImageView_GTSPOON.csv,2025,0.9878048780487805,0.08166406894431137
