file,nrBest,proportionBest,entropyNrActions
nr_505_id_18_09a2165919cb9b67c95b7885357c78e20bf5d9fb_TimeZoneInfo_GTSPOON.csv,1276,0.6224390243902439,1.6488042527788558
