file,nrBest,proportionBest,entropyNrActions
nr_545_id_8_04614645661e15065b698a4e77fd308fc3fc5491_XMLValidator_GTSPOON.csv,173,0.08439024390243903,2.8686669879365776
