file,nrBest,proportionBest,entropyNrActions
nr_501_id_7_053b58dfce208c7325e48c4346eb2c302ff93bd6_Seti_GTSPOON.csv,133,0.06487804878048781,3.014740361313268
