file,nrBest,proportionBest,entropyNrActions
nr_467_id_4_01db9dffbd8baab56345949f32e0f42122f6755b_Constants_GTSPOON.csv,1651,0.8053658536585366,0.7723258574082474
