file,nrBest,proportionBest,entropyNrActions
nr_273_id_25_091cbc683c8939ffdee05242fe3a096f658371e7_AlarmDatabaseHelper_GTSPOON.csv,198,0.09658536585365854,1.2393733692482785
