file,nrBest,proportionBest,entropyNrActions
nr_339_id_11_047045501edb0464c324564a03cba23946431e78_InterpreterF99_GTSPOON.csv,273,0.13317073170731708,2.58576159175023
