file,nrBest,proportionBest,entropyNrActions
nr_311_id_1_03b15bfa0dfa6d4920d73c4b99c32d4314701454_SimpleScriptableTest_GTSPOON.csv,1368,0.6673170731707317,1.4408015430620447
