file,nrBest,proportionBest,entropyNrActions
nr_323_id_20_064b754fd4591c7427962d5d6aea3e696df11301_CompileArgProcessor_GTSPOON.csv,1600,0.7804878048780488,0.6363783962029237
