file,nrBest,proportionBest,entropyNrActions
nr_175_id_34_1b071f00dc386361e6c433d567d2a3ed970ff736_ExampleMarkerField_GTSPOON.csv,1924,0.9385365853658536,0.3797638590222948
