file,nrBest,proportionBest,entropyNrActions
nr_111_id_7_013655cbd9a8b9d30cee39b50535cd931a4fe202_ScoreService_GTSPOON.csv,1700,0.8292682926829268,0.9015746551007334
