file,nrBest,proportionBest,entropyNrActions
nr_128_id_22_02d5d8ec35f4dc61f4ef4a485fe0f467841895f5_MNoteController_GTSPOON.csv,966,0.4712195121951219,2.1489054833221317
