file,nrBest,proportionBest,entropyNrActions
nr_440_id_10_043996e23cee5ce5739062520b8bb7f6950d69ae_Boris_GTSPOON.csv,818,0.39902439024390246,2.249721614284658
