file,nrBest,proportionBest,entropyNrActions
nr_325_id_32_1c49718e3a8e8b6130465ab6daefb5219cf7ae94_AsyncAppender_GTSPOON.csv,1383,0.6746341463414635,1.4631704408429833
