file,nrBest,proportionBest,entropyNrActions
nr_2_id_20_0006188f3b12f6c483d88a9a538723658bad5484_TestInjection_GTSPOON.csv,2000,0.975609756097561,0.14377624815651957
