file,nrBest,proportionBest,entropyNrActions
nr_336_id_20_0688483304fff4a0f520ccd928e8e8e1c1e79054_DataportalCodes_GTSPOON.csv,2015,0.9829268292682927,0.1047847065935152
