file,nrBest,proportionBest,entropyNrActions
nr_394_id_21_0a3b501a5fae13d8168c1e9a3d7cb178db52608b_VideoCapture_GTSPOON.csv,1236,0.6029268292682927,1.8872368532779347
