file,nrBest,proportionBest,entropyNrActions
nr_416_id_3_02b952c1436866b9c2469fb4ffd4c564bda98423_DefaultRouter_GTSPOON.csv,1725,0.8414634146341463,0.8523747508686689
