file,nrBest,proportionBest,entropyNrActions
nr_411_id_31_1ce8f35a4e0a59b0e25fa31947161b3b774af4ef_RegHelper_GTSPOON.csv,1637,0.7985365853658537,1.018404886469844
