file,nrBest,proportionBest,entropyNrActions
nr_69_id_15_01135cd2466f965c124b4e2e9307a9194a1f88c1_TabPanel_GTSPOON.csv,1787,0.8717073170731707,0.6803239709122173
