file,nrBest,proportionBest,entropyNrActions
nr_403_id_17_07ea9230fdb575951d9234e09b36831dd6345f2d_SoapHttpTransport_GTSPOON.csv,1836,0.895609756097561,0.5739674420436935
