file,nrBest,proportionBest,entropyNrActions
nr_217_id_18_04378e54e3eb22534a0c518703e09abe4330b9ec_CVSHistoryPage_GTSPOON.csv,65,0.03170731707317073,3.0226386787673696
