file,nrBest,proportionBest,entropyNrActions
nr_177_id_6_0136413e3561a31057afcf857f2803e28ec6f4ba_MediaProvider_GTSPOON.csv,12,0.005853658536585366,2.9189813966093467
