file,nrBest,proportionBest,entropyNrActions
nr_101_id_4_0054494a5bb32c3118436eae25090f869d207b15_QuickSettings_GTSPOON.csv,6,0.002926829268292683,2.9067333148067727
