file,nrBest,proportionBest,entropyNrActions
nr_292_id_12_033359d56bd617553e4bd94f46085a51ac57d03f_ClosureMetaClass_GTSPOON.csv,5,0.0024390243902439024,2.5310826189533353
