file,nrBest,proportionBest,entropyNrActions
nr_364_id_30_172b6fe2534e6d979d909fdcb38366228a1f87df_WifiP2pSettings_GTSPOON.csv,51,0.024878048780487806,2.972425958160145
