file,nrBest,proportionBest,entropyNrActions
nr_465_id_17_09597bb505ad4d88e373f47600de11f3a902a722_WikiWordPath_GTSPOON.csv,1542,0.7521951219512195,1.0920441773028124
