file,nrBest,proportionBest,entropyNrActions
nr_196_id_34_1d02d917ef7e08c0e617a69159856a84007aac70_FilteredNodeChildren_GTSPOON.csv,1200,0.5853658536585366,1.5278120082977669
