file,nrBest,proportionBest,entropyNrActions
nr_570_id_9_0694a8b707a817f7f203c4c1bb0d7143f9e48415_SIPCommScrollBarUI_GTSPOON.csv,918,0.4478048780487805,2.185784843708084
