file,nrBest,proportionBest,entropyNrActions
nr_168_id_28_077efc62117383f153edb4a3d94f5f84f31c3edc_ASMEMFModel_GTSPOON.csv,842,0.41073170731707315,2.1245237082133355
