file,nrBest,proportionBest,entropyNrActions
nr_451_id_28_140ab8cc166c1cc667bb80d71188c4d252b1620e_Replicator_GTSPOON.csv,1393,0.6795121951219513,1.2471661722919059
