file,nrBest,proportionBest,entropyNrActions
nr_110_id_24_0357b4309d8c2b8bcd6f5728f572396baafda419_HtmlImage_GTSPOON.csv,784,0.3824390243902439,2.778841299413389
