file,nrBest,proportionBest,entropyNrActions
nr_32_id_21_01305a578ca9d34f2ea00aa2ba2a2489e1e5e868_HitAndRunEnemy_GTSPOON.csv,1844,0.8995121951219512,0.5924815481752232
