file,nrBest,proportionBest,entropyNrActions
nr_255_id_29_0ef985a703d647934eb5ea05994d675d91cf6b93_ValueSchema_GTSPOON.csv,726,0.3541463414634146,2.5977240818024376
