file,nrBest,proportionBest,entropyNrActions
nr_418_id_34_3a8da120137352537259fe0274c4b4554e395c13_AttributeHandler_GTSPOON.csv,659,0.32146341463414635,2.326053112058981
