file,nrBest,proportionBest,entropyNrActions
nr_431_id_1_04e6d9fe7138a1cd65858b5a351b23956fca2ce0_Teleport_GTSPOON.csv,1125,0.5487804878048781,1.821183467832876
