file,nrBest,proportionBest,entropyNrActions
nr_301_id_14_047dfd58f57c392ccaf08b0b5c703615e2f3222b_HWireClientR_GTSPOON.csv,1280,0.624390243902439,1.6124652425777213
