file,nrBest,proportionBest,entropyNrActions
nr_21_id_8_002df8a4b7b6cde4e89a58721853091f7d4e3c4b_GsmTestUtils_GTSPOON.csv,1105,0.5390243902439025,1.8297919359603994
