file,nrBest,proportionBest,entropyNrActions
nr_509_id_33_3cc02e5672f4a88695a0395a13f411061fa17c71_Main_GTSPOON.csv,220,0.1073170731707317,2.2591181391387636
