file,nrBest,proportionBest,entropyNrActions
nr_632_id_5_05533794886546ed3fe013e0d6caee1abca9829f_TrackedSign_GTSPOON.csv,1665,0.8121951219512196,0.9486089065470337
