file,nrBest,proportionBest,entropyNrActions
nr_342_id_35_4091521016270806ec11de616a57877b68c56e80_DefinitionResourceProvider_GTSPOON.csv,57,0.027804878048780488,3.312782327318266
