file,nrBest,proportionBest,entropyNrActions
nr_1_id_31_0009422366ad183b5fc954db5c687271fc930f43_Main_GTSPOON.csv,2000,0.975609756097561,0.15474864122225243
