file,nrBest,proportionBest,entropyNrActions
nr_22_id_11_003404ae44b0d919d76e58d6759d2761476de9c4_ClientSettingsController_GTSPOON.csv,2018,0.984390243902439,0.10639154709042603
