file,nrBest,proportionBest,entropyNrActions
nr_252_id_24_07d5f7ef4ee59e69756c6014bdb0c8ab7dcf5d83_MyWebView_GTSPOON.csv,1465,0.7146341463414634,1.3633809131258536
