file,nrBest,proportionBest,entropyNrActions
nr_283_id_13_04190cd0f5948743a9575cb21d1358908871e751_WordDatabase_GTSPOON.csv,1560,0.7609756097560976,1.1594657257027077
