file,nrBest,proportionBest,entropyNrActions
nr_325_id_9_03cfdd8c1862849dbd2b5b099fd827d676a8bcb3_JavaSquid_GTSPOON.csv,1563,0.7624390243902439,1.1113428445761713
