file,nrBest,proportionBest,entropyNrActions
nr_409_id_16_076492ddca281fecb41a335bf4772d4aefdc80f3_BMSParser_GTSPOON.csv,983,0.4795121951219512,2.1040174529134656
