file,nrBest,proportionBest,entropyNrActions
nr_278_id_8_0251b82b756059286f3fd02e65867cf2a913372a_AddServletWizardPage_GTSPOON.csv,1757,0.8570731707317073,0.7450784578560404
