file,nrBest,proportionBest,entropyNrActions
nr_299_id_27_0d25acd40ce5b9897694fb6b4720c18d9e7ce28c_EditTextView_GTSPOON.csv,475,0.23170731707317074,3.0164596770395677
