file,nrBest,proportionBest,entropyNrActions
nr_330_id_22_0845160b26072545e4325f2b19648936a31d3cf6_AuthPlayer_GTSPOON.csv,1556,0.7590243902439024,1.1180976940544753
