file,nrBest,proportionBest,entropyNrActions
nr_62_id_15_00fadd205fc2e293d07e6dcf43de790fdf0f0427_Epub_GTSPOON.csv,182,0.08878048780487804,2.456890007584788
