file,nrBest,proportionBest,entropyNrActions
nr_49_id_6_0057d04688668cb58576d8488365fc31826c4871_TypeInfoCollector_GTSPOON.csv,185,0.09024390243902439,2.6226020574712856
