file,nrBest,proportionBest,entropyNrActions
nr_83_id_19_02277c6b787e8e29ee22b1df745eb8549d3ff023_VideoModel_GTSPOON.csv,10,0.004878048780487805,1.1325536774529552
