file,nrBest,proportionBest,entropyNrActions
nr_266_id_31_126e2179052100e32c2f845cac671ca6fe812644_ExpressionTransformer_GTSPOON.csv,51,0.024878048780487806,3.0221720417606543
