file,nrBest,proportionBest,entropyNrActions
nr_139_id_7_0188fc3daebf81895bfd6a7440912f1f40c6a30f_ApiMessenger_GTSPOON.csv,1315,0.6414634146341464,1.3809207018723577
