file,nrBest,proportionBest,entropyNrActions
nr_498_id_27_16a7c4f379373a67d856e9ea1cba580061a4e97f_KMeansStarter_GTSPOON.csv,156,0.07609756097560975,1.7968094144507216
