file,nrBest,proportionBest,entropyNrActions
nr_455_id_14_0695699032e620ad8442edf02f9058cafc854917_MachiningCenter_GTSPOON.csv,1390,0.6780487804878049,1.4084710035721784
