file,nrBest,proportionBest,entropyNrActions
nr_395_id_16_072c2ff5371db32e9e846e61d894ad6983529231_SahiTasks_GTSPOON.csv,141,0.06878048780487805,3.1127410854525133
