file,nrBest,proportionBest,entropyNrActions
nr_776_id_2_01a89f7d04a785005776a52574eaf772c1c02f66_AccountSettings_GTSPOON.csv,1643,0.8014634146341464,1.0177917712210078
