file,nrBest,proportionBest,entropyNrActions
nr_439_id_13_0679d5e5df385d317e732c3a3a0d8c64850ce40e_EnigmaWriter_GTSPOON.csv,153,0.07463414634146341,2.804335873387299
