file,nrBest,proportionBest,entropyNrActions
nr_24_id_21_00ccf3362c6ee6e07807b077bc9cce605301536e_XSDDateTime_GTSPOON.csv,1546,0.7541463414634146,1.1590612010113825
