file,nrBest,proportionBest,entropyNrActions
nr_425_id_35_5378e947b2f9695a84e0a8e54981985253aa7deb_SDKUtil_GTSPOON.csv,1545,0.7536585365853659,1.0832082128932958
