file,nrBest,proportionBest,entropyNrActions
nr_455_id_1_051227fafd1b554e8c8b59ac454653d95b57e708_RestIntegrationTest_GTSPOON.csv,1460,0.7121951219512195,1.0985581826675834
