file,nrBest,proportionBest,entropyNrActions
nr_46_id_25_0176ec3a3a42704f774ed21035b1d8bdc16492fd_Commands_GTSPOON.csv,323,0.1575609756097561,1.8810244959610607
