file,nrBest,proportionBest,entropyNrActions
nr_376_id_14_058a0aa9d0bac02d17ea9e3c0eb4ed6133e36915_Tell_GTSPOON.csv,1908,0.9307317073170732,0.42096518324969207
