file,nrBest,proportionBest,entropyNrActions
nr_585_id_2_0144aeea71bbfa776890def12e877002b031d983_FeeConstants_GTSPOON.csv,1745,0.8512195121951219,0.6205424232538487
