file,nrBest,proportionBest,entropyNrActions
nr_170_id_2_0051ea3a991a8b3e842821a7acc8e12e7ef3a9ec_Test_GTSPOON.csv,1460,0.7121951219512195,1.061430172395113
