file,nrBest,proportionBest,entropyNrActions
nr_394_id_10_03bf06a85c3ec93197c7063f15a9d5c298498163_IntakeDialog_GTSPOON.csv,1377,0.6717073170731708,1.4461326467983942
