file,nrBest,proportionBest,entropyNrActions
nr_167_id_18_033c2e1c91e77eec52e7801a049ff3f0852b2c96_Pomodroid_GTSPOON.csv,1757,0.8570731707317073,0.703449928927645
