file,nrBest,proportionBest,entropyNrActions
nr_22_id_9_004db7cbc805c59d135a39baf4c5680c118795b6_ScannerImpl_GTSPOON.csv,194,0.09463414634146342,2.4670453485032535
