file,nrBest,proportionBest,entropyNrActions
nr_404_id_29_1780f771b6d8346e3587f8ba203a013c7717af42_PackageBuilderTest_GTSPOON.csv,210,0.1024390243902439,2.039766729576836
