file,nrBest,proportionBest,entropyNrActions
nr_303_id_35_39cef155c719fb06175fa2d374bd460c3670ce21_Residue_GTSPOON.csv,1112,0.5424390243902439,1.8257700789853997
