file,nrBest,proportionBest,entropyNrActions
nr_308_id_34_2acd452b2fe877b57d00278958ea4b34bad75159_GLRootView_GTSPOON.csv,483,0.23560975609756096,2.2305683061929367
