file,nrBest,proportionBest,entropyNrActions
nr_373_id_5_0314889e99c0029fb49198e70c700359d6405733_ChestEmpty_GTSPOON.csv,1752,0.8546341463414634,0.7838412495189924
