file,nrBest,proportionBest,entropyNrActions
nr_520_id_35_63dd7e5e5167d6599591f8e8a2e30bdd126d03b2_MemoryController_GTSPOON.csv,1365,0.6658536585365854,1.4227850402924105
