file,nrBest,proportionBest,entropyNrActions
nr_136_id_15_029da40aa182f021bd496dc004f9214b26a7eb87_ExpressionNode_GTSPOON.csv,1931,0.9419512195121951,0.36373707232423147
