file,nrBest,proportionBest,entropyNrActions
nr_304_id_29_12295fc9f0faf1df38897735d314995412a314f4_StaffController_GTSPOON.csv,1442,0.7034146341463414,1.0134759216602263
