file,nrBest,proportionBest,entropyNrActions
nr_26_id_13_006bfd27353218abe5ea6e7dd36031353c2398dd_TimeBossPage_GTSPOON.csv,1376,0.671219512195122,1.5692808752127891
