file,nrBest,proportionBest,entropyNrActions
nr_58_id_25_01f4e4290f0d093f164c83316bd884046c44494f_GearsObject_GTSPOON.csv,617,0.30097560975609755,2.0762346037522836
