file,nrBest,proportionBest,entropyNrActions
nr_236_id_9_02cbc3fc5f1bef70f1269e21420f2bbd1229a06f_Main_GTSPOON.csv,178,0.08682926829268292,3.1274637434298787
