file,nrBest,proportionBest,entropyNrActions
nr_487_id_25_114ab58c4b57550a1df9200ed7a928d13d6c812c_RubyArrayTest_GTSPOON.csv,155,0.07560975609756097,2.578630442286356
