file,nrBest,proportionBest,entropyNrActions
nr_534_id_12_05d28201f557daa9497ce80a3389b6e6572856af_RubyInstanceConfig_GTSPOON.csv,142,0.06926829268292684,3.3330220890483604
