file,nrBest,proportionBest,entropyNrActions
nr_495_id_30_1de32626d5b18972390207a88726ae6925afd914_PcrWhiteListResource_GTSPOON.csv,1135,0.5536585365853659,1.8590283994940626
