file,nrBest,proportionBest,entropyNrActions
nr_380_id_2_00c97c5316c86f71b9192b10d3522717baa70a93_Constant_GTSPOON.csv,2027,0.988780487804878,0.07300510044081204
