file,nrBest,proportionBest,entropyNrActions
nr_5_id_12_0004879c73649e215e39a828c1a1764a177dc335_ChannelInfo_GTSPOON.csv,333,0.1624390243902439,3.004373181822849
