file,nrBest,proportionBest,entropyNrActions
nr_446_id_12_04cdf8e040751cd1d7067a0dfce03841a3077567_JavassistMethodHandler_GTSPOON.csv,1908,0.9307317073170732,0.43499657630881106
