file,nrBest,proportionBest,entropyNrActions
nr_99_id_39_a39931fb4b572b3b01687c6c1edd7a5d099cfaa7_SbTools_GTSPOON.csv,2000,0.975609756097561,0.1513674354634234
