file,nrBest,proportionBest,entropyNrActions
nr_133_id_10_011723f6ee7ddfe1df57265491649c0b5cc6ae83_DarcsCmd_GTSPOON.csv,1555,0.7585365853658537,1.1375844233599877
