file,nrBest,proportionBest,entropyNrActions
nr_181_id_12_02086cd05f5c112950b4699e69407b86fe7091e8_WordRecognizer_GTSPOON.csv,486,0.2370731707317073,1.8385980464188725
