file,nrBest,proportionBest,entropyNrActions
nr_479_id_15_08e873d337b6ce91887ad834a9097bcbe91bf8f6_GView_GTSPOON.csv,768,0.3746341463414634,2.3213657616369803
