file,nrBest,proportionBest,entropyNrActions
nr_36_id_18_00894e2c9b1897de0695751c35901978d66e55c8_OpenReplicatorManagerCtrl_GTSPOON.csv,178,0.08682926829268292,3.222794081746344
