file,nrBest,proportionBest,entropyNrActions
nr_228_id_37_6463b1712eee4d3cd6205d3d49d0212f3cc09ee4_ExploreDataPage_GTSPOON.csv,102,0.04975609756097561,2.9021696238953387
