file,nrBest,proportionBest,entropyNrActions
nr_171_id_24_051ac47951993250b718a26a4f2ab97124436080_CommandHandler_GTSPOON.csv,659,0.32146341463414635,2.308190793170599
