file,nrBest,proportionBest,entropyNrActions
nr_289_id_32_18c88d80b85ad770a362cc0a6822f8a640bde0a6_HttpSupport_GTSPOON.csv,512,0.2497560975609756,2.4277492337665363
