file,nrBest,proportionBest,entropyNrActions
nr_703_id_3_04cea84720a77199d06a7207e60dc44c07bcf59f_BPELTest_GTSPOON.csv,1451,0.7078048780487805,1.3677205519304585
