file,nrBest,proportionBest,entropyNrActions
nr_152_id_14_0203a0b7f6fd30c34639da07accad9796ac95d28_Map_GTSPOON.csv,969,0.47268292682926827,0.47007500937842833
