file,nrBest,proportionBest,entropyNrActions
nr_430_id_35_53d834a472a56cea693a24c0a393e4f66e80164b_Cb_GTSPOON.csv,810,0.3951219512195122,2.196944509708948
