file,nrBest,proportionBest,entropyNrActions
nr_274_id_25_09381e916675a644e7c129dcdb7ab9818987e073_StandardSourcePathProvider_GTSPOON.csv,570,0.2780487804878049,1.0150749281443106
