file,nrBest,proportionBest,entropyNrActions
nr_434_id_20_086467563b487559be9a5cdd6980b9e0b8575a26_TopLevel_GTSPOON.csv,57,0.027804878048780488,1.2847560809386518
