file,nrBest,proportionBest,entropyNrActions
nr_213_id_21_056e1d24670f6cc428a2f06ade96488ab0afef72_JavaScope_GTSPOON.csv,1302,0.6351219512195122,1.35799945406573
