file,nrBest,proportionBest,entropyNrActions
nr_414_id_20_07e7ad217c2c32c402d9767ccd05d10c207ef9a1_GameView_GTSPOON.csv,1848,0.9014634146341464,0.5487820307442598
