file,nrBest,proportionBest,entropyNrActions
nr_48_id_21_01a14bbeaaa5670279d1faf3ca575bc781a25a33_Main_GTSPOON.csv,1542,0.7521951219512195,1.1706987629018326
