file,nrBest,proportionBest,entropyNrActions
nr_439_id_28_13831cac760c363d14333afea22515125cd81252_DocumentLineDiffer_GTSPOON.csv,76,0.037073170731707315,3.014303705298346
