file,nrBest,proportionBest,entropyNrActions
nr_142_id_17_02be18afa1b8be2672d3ba62683cc54990e9da2f_GameManager_GTSPOON.csv,1842,0.8985365853658537,0.5876569143112865
