file,nrBest,proportionBest,entropyNrActions
nr_183_id_5_01900858789d514db80d33819830692d9e784df7_Filename_GTSPOON.csv,210,0.1024390243902439,1.7010132527087725
