file,nrBest,proportionBest,entropyNrActions
nr_431_id_29_18fd8c389ef42fb1210aa356f72423c51eb79328_FacetNotValuesTest_GTSPOON.csv,759,0.3702439024390244,2.5274953175494037
