file,nrBest,proportionBest,entropyNrActions
nr_54_id_16_01301da967148171c795fa37a1221f9b412ad4f2_Checker_GTSPOON.csv,2000,0.975609756097561,0.16025113596896062
