file,nrBest,proportionBest,entropyNrActions
nr_10_id_18_00236ec1a01adfbb2d90987882f84042dfe5b1bc_TableBlock_GTSPOON.csv,1379,0.6726829268292683,1.454859087771185
