file,nrBest,proportionBest,entropyNrActions
nr_376_id_10_038c7d9f77869def3cf7d11417fc52769ac99419_MakeMove_GTSPOON.csv,1918,0.935609756097561,0.38126882910468946
