file,nrBest,proportionBest,entropyNrActions
nr_376_id_17_07672266ead0574eb61be90dc4b1ad84729a2910_World_GTSPOON.csv,1481,0.7224390243902439,1.2987381206893163
