file,nrBest,proportionBest,entropyNrActions
nr_461_id_14_06a20e4dadb28c434722b7a39010ee0b0b5be491_Editor_GTSPOON.csv,1555,0.7585365853658537,1.147533804473
