file,nrBest,proportionBest,entropyNrActions
nr_350_id_19_0846337f32edc954aec71bdd4106e38f8fb672e6_CodeStyleTest_GTSPOON.csv,655,0.3195121951219512,2.43831828038419
