file,nrBest,proportionBest,entropyNrActions
nr_185_id_11_0257345a99596535fe7fa44d684ed6ec07a50404_MovieController_GTSPOON.csv,1805,0.8804878048780488,0.44577310032109174
