file,nrBest,proportionBest,entropyNrActions
nr_49_id_34_06ba55476ee9703c876d223cd41bd73c5f85f42d_Intent_GTSPOON.csv,210,0.1024390243902439,2.3068099981021826
