file,nrBest,proportionBest,entropyNrActions
nr_350_id_22_08a8435977b2c25890a51eb8edb0e76fae9e2df3_ScriptHelper_GTSPOON.csv,25,0.012195121951219513,2.6898833806335034
