file,nrBest,proportionBest,entropyNrActions
nr_134_id_19_03707cb37470928eb5aa3f78ed307e64ae5e7ebb_SiteUtils_GTSPOON.csv,1841,0.8980487804878049,0.5920257546772802
