file,nrBest,proportionBest,entropyNrActions
nr_337_id_36_55e6d74a069d995543581015c0da4496e68b997f_HardCodedSources_GTSPOON.csv,29,0.014146341463414635,1.8001890408826389
