file,nrBest,proportionBest,entropyNrActions
nr_365_id_35_455e407c7936b061fad42b76ca1986bee62691e3_ViewTest_GTSPOON.csv,39,0.01902439024390244,3.45136273020415
