file,nrBest,proportionBest,entropyNrActions
nr_194_id_17_03c3ee1c4048d90d8aa13b5180c8ac214270f3eb_PyMethod_GTSPOON.csv,1757,0.8570731707317073,0.6939812334604768
