file,nrBest,proportionBest,entropyNrActions
nr_275_id_6_01b8f6684f72c7c8f90b92f9959969314ab53044_EvaluationSettingsProducer_GTSPOON.csv,645,0.3146341463414634,2.162816333589193
