file,nrBest,proportionBest,entropyNrActions
nr_684_id_5_05b85335ab630c3866e9e5c3592091a8a9a4d590_ByteCodeSwitch_GTSPOON.csv,173,0.08439024390243903,2.4169561755130125
