file,nrBest,proportionBest,entropyNrActions
nr_3_id_33_0088d1c2e48d1df59b2d14dc56191e7080d7b475_TypeCheckTest_GTSPOON.csv,210,0.1024390243902439,2.3023637438721085
