file,nrBest,proportionBest,entropyNrActions
nr_332_id_5_02b62aa92704b28a65193eb516d8344742c16224_JSHelper_GTSPOON.csv,928,0.4526829268292683,2.179640342976013
