file,nrBest,proportionBest,entropyNrActions
nr_259_id_13_03ab1d56377b681babc10a93b313615eae10735a_TranslateHolder_GTSPOON.csv,1918,0.935609756097561,0.39655687837503356
