file,nrBest,proportionBest,entropyNrActions
nr_238_id_33_1d73810811d077b4677be20c8b23e23f36c1f26d_KBModelExportAction_GTSPOON.csv,120,0.05853658536585366,1.0312547373930088
