file,nrBest,proportionBest,entropyNrActions
nr_283_id_33_245b097725d03ec745756833920406d197dbdb78_Service_GTSPOON.csv,210,0.1024390243902439,2.327136086363589
