file,nrBest,proportionBest,entropyNrActions
nr_5_id_22_001740f8d62296caf804cb97d1d630613a319a2b_DicomExportService_GTSPOON.csv,1721,0.8395121951219512,0.8401856958699845
