file,nrBest,proportionBest,entropyNrActions
nr_170_id_29_09bced0033bc4b48fb2a140a04cb2600983d339d_CommitQuery_GTSPOON.csv,280,0.13658536585365855,0.8491383821420251
