file,nrBest,proportionBest,entropyNrActions
nr_241_id_12_02969835f7bef1e7f092b3c161aa347f6488f772_NavigationBarBase_GTSPOON.csv,589,0.2873170731707317,1.9017375587535312
