file,nrBest,proportionBest,entropyNrActions
nr_189_id_17_03adf8185151719a68093596764fb7ef5172ccf6_StopMapActivity_GTSPOON.csv,663,0.3234146341463415,2.8682587713636867
