file,nrBest,proportionBest,entropyNrActions
nr_32_id_1_0052cc5864ab144c541180f1b03a19b47deb32e5_XMPPConnection_GTSPOON.csv,477,0.2326829268292683,2.3663117677612444
