file,nrBest,proportionBest,entropyNrActions
nr_393_id_21_0a3b04355f81a3e687a46af78dbec0bc9a39906d_StreamGUI_GTSPOON.csv,449,0.21902439024390244,2.7910847271953214
