file,nrBest,proportionBest,entropyNrActions
nr_103_id_16_020aeb8040d15e78309e5973c86bf9e6b9daab99_QuestionsActivity_GTSPOON.csv,188,0.09170731707317073,1.4713670403347987
