file,nrBest,proportionBest,entropyNrActions
nr_120_id_7_015362ccc91ff61ef435048434f38e6458040512_BaseExampleTest_GTSPOON.csv,45,0.02195121951219512,0.24160956335987233
