file,nrBest,proportionBest,entropyNrActions
nr_330_id_33_2ad120bc0692fcb18d026c3f412ff0841964deb7_SystemController_GTSPOON.csv,1933,0.9429268292682926,0.3474179731346634
