file,nrBest,proportionBest,entropyNrActions
nr_120_id_9_017226baf23b1c66be16372ea12400a6c239c7c3_LayerOpacityParameter_GTSPOON.csv,1907,0.9302439024390244,0.43507017540985665
