file,nrBest,proportionBest,entropyNrActions
nr_113_id_13_019a51d387028ad1194b5b730425a58177eae5b8_StoreInstancesJob_GTSPOON.csv,1900,0.926829268292683,0.46472151461407507
