file,nrBest,proportionBest,entropyNrActions
nr_122_id_16_0260680935ebb239ebe039157625a0471377bb88_ContactsCursorAdapter_GTSPOON.csv,1384,0.6751219512195122,1.3943951893941324
