file,nrBest,proportionBest,entropyNrActions
nr_241_id_27_0ab38b7b726a6b3ea0e4a33c86badc0938520556_X10PrettyPrinterVisitor_GTSPOON.csv,108,0.05268292682926829,3.3901822061512963
