file,nrBest,proportionBest,entropyNrActions
nr_436_id_32_259134c09ead5770391158c11e2103e492af8966_CAELProposalFilteringTest_GTSPOON.csv,24,0.011707317073170732,1.387889558329505
