file,nrBest,proportionBest,entropyNrActions
nr_75_id_33_09c15e64d5c4e96518f6568608c232b37a74b31a_MessageCompose_GTSPOON.csv,120,0.05853658536585366,2.749572838975796
