file,nrBest,proportionBest,entropyNrActions
nr_332_id_21_089ca1d128b877138be34e03304b113dac6b5b9f_Aether_GTSPOON.csv,1924,0.9385365853658536,0.38300197603463465
