file,nrBest,proportionBest,entropyNrActions
nr_323_id_21_0869a735995852ea450333f193280ec417578a2e_TestInvoker_GTSPOON.csv,1666,0.8126829268292682,0.9052358446326071
