file,nrBest,proportionBest,entropyNrActions
nr_432_id_27_13ccc4bd06d2c2166857fbc2af738bfa01a11f66_Client_GTSPOON.csv,210,0.1024390243902439,2.3040203458915918
