file,nrBest,proportionBest,entropyNrActions
nr_16_id_10_001daa34c14ef3134916fb53d5c342a85c9a2caf_IrcPublisher_GTSPOON.csv,1001,0.48829268292682926,2.250329423625682
