file,nrBest,proportionBest,entropyNrActions
nr_197_id_16_03937103d8be36c5727390074f8f58e06aba89fc_EvolveBot_GTSPOON.csv,1093,0.5331707317073171,1.9723539147212596
