file,nrBest,proportionBest,entropyNrActions
nr_402_id_22_099907b8ee1d12eb26034ffec75d5c45618f63ad_LinphoneCoreImpl_GTSPOON.csv,530,0.25853658536585367,2.2832452671497525
