file,nrBest,proportionBest,entropyNrActions
nr_43_id_22_00dd9c118eb0bf621b3e0d128a3d3f9121d87a4d_EditStudyPage_GTSPOON.csv,5,0.0024390243902439024,3.0623320094213557
