file,nrBest,proportionBest,entropyNrActions
nr_400_id_36_67edbae1899291441053d43915b53d686378e6e9_CVSSSH2ServerConnection_GTSPOON.csv,1238,0.6039024390243902,1.8340841610595189
