file,nrBest,proportionBest,entropyNrActions
nr_224_id_17_048da854eb26354e5fd71d035916946e549be118_ThreadPoolEditor_GTSPOON.csv,1509,0.7360975609756097,1.3179355799082453
