file,nrBest,proportionBest,entropyNrActions
nr_312_id_11_04115f874ddbd34c3a17a580019d663e0c0d52d0_Export_GTSPOON.csv,680,0.33170731707317075,1.9295904234609234
