file,nrBest,proportionBest,entropyNrActions
nr_237_id_22_0618dc2fcbf27457a8697ae026cddcf791c2e249_Actions_GTSPOON.csv,1822,0.8887804878048781,0.5844346521763686
