file,nrBest,proportionBest,entropyNrActions
nr_361_id_14_0552bbfccee4904c039bd74ce19dba39bc77a419_Remesh_GTSPOON.csv,90,0.04390243902439024,3.578058222452149
