file,nrBest,proportionBest,entropyNrActions
nr_328_id_9_03e29ef26fa1232a281e1939f31fb3e3ef9b1372_VncCanvas_GTSPOON.csv,165,0.08048780487804878,3.1629101436791625
