file,nrBest,proportionBest,entropyNrActions
nr_379_id_17_07776346084bc2de7405e063184793ddaf9c7194_DirtyCommentParser_GTSPOON.csv,1010,0.4926829268292683,1.5276163785363237
