file,nrBest,proportionBest,entropyNrActions
nr_92_id_19_02532cea7a1fe9bc0531b7bb946f364aa395ea02_RascalShell_GTSPOON.csv,725,0.35365853658536583,2.5332362542915305
