file,nrBest,proportionBest,entropyNrActions
nr_76_id_7_00cb556c45c54ad80b37eb08d605552f1a0ed251_CFBrowser_GTSPOON.csv,863,0.42097560975609755,2.474721392470192
