file,nrBest,proportionBest,entropyNrActions
nr_241_id_32_15746e61b0066538c34ca3730421297dd8a4d932_SyncCal_GTSPOON.csv,24,0.011707317073170732,1.3387152941081162
