file,nrBest,proportionBest,entropyNrActions
nr_383_id_1_046058fd646602f4f24641e1dbf42c210ff183cf_AuctionBidWidget_GTSPOON.csv,1524,0.7434146341463415,1.2994020822649877
