file,nrBest,proportionBest,entropyNrActions
nr_102_id_18_01d6c089d43f070a51da2fed91b6fef7b0f25790_Version_GTSPOON.csv,2027,0.988780487804878,0.07300510044081204
