file,nrBest,proportionBest,entropyNrActions
nr_315_id_38_cfa9f35e71f63b6aa37f4a787eadb2e7566b8239_NSEC3Record_GTSPOON.csv,1465,0.7146341463414634,1.2854871016267364
