file,nrBest,proportionBest,entropyNrActions
nr_148_id_16_02e28b739ea7d9dd4d857859d8d6325fade8f80b_NodeDataTable_GTSPOON.csv,650,0.3170731707317073,2.3542516229146275
