file,nrBest,proportionBest,entropyNrActions
nr_7_id_19_00206564b7a1d7db2a82684b05276fbfbb6ea86e_Fifo_GTSPOON.csv,1828,0.8917073170731707,0.6199856511186784
