file,nrBest,proportionBest,entropyNrActions
nr_274_id_23_08c5d0b80f0109d657315248ee0306e234d49acf_MobRepellentList_GTSPOON.csv,706,0.344390243902439,2.4121404357945533
