file,nrBest,proportionBest,entropyNrActions
nr_127_id_36_2050e9499a8777fdaa2c232e15a5a165e47ef723_AttributeGroups_GTSPOON.csv,1278,0.6234146341463415,1.6266470154323533
