file,nrBest,proportionBest,entropyNrActions
nr_552_id_4_0229f2b4f688a0db9247fd0f77fad02a930b9e04_ImportTsv_GTSPOON.csv,1187,0.5790243902439024,1.7366670945958207
