file,nrBest,proportionBest,entropyNrActions
nr_523_id_13_07f84be530c500cbe3b5052a6f4e6ca978dada76_CollidableMob_GTSPOON.csv,1939,0.9458536585365853,0.2951757719951943
