file,nrBest,proportionBest,entropyNrActions
nr_123_id_10_01022ff412c8a5560bbbd2c2a71855cc7367ac4f_MapView_GTSPOON.csv,179,0.0873170731707317,3.080421796572526
