file,nrBest,proportionBest,entropyNrActions
nr_272_id_17_056babb881a179b90898821e9fb5ae224d624bb4_QuakeProvider_GTSPOON.csv,1010,0.4926829268292683,1.9348391806887792
