file,nrBest,proportionBest,entropyNrActions
nr_66_id_34_0a2f195e48a2a5e5dc195c1199d2a9dfe8509562_ContactJabberImpl_GTSPOON.csv,40,0.01951219512195122,2.1024149522918676
