file,nrBest,proportionBest,entropyNrActions
nr_456_id_31_1ff6ac27238611b203278cc76c8250248b6c6b52_EAPExtractor_GTSPOON.csv,416,0.2029268292682927,2.277330247746552
