file,nrBest,proportionBest,entropyNrActions
nr_510_id_14_074fd035ff3222b20a79ec4da734e17f606db764_StylesheetService_GTSPOON.csv,2007,0.9790243902439024,0.13325842056044607
