file,nrBest,proportionBest,entropyNrActions
nr_483_id_35_5d1659b789d259b0e8e71c3edeab82228ce0435a_SettingsActivity_GTSPOON.csv,1232,0.6009756097560975,1.6966745274106783
