file,nrBest,proportionBest,entropyNrActions
nr_436_id_14_06538d39e398a406b4e85a855f26e574fc1915a8_Spice_GTSPOON.csv,34,0.016585365853658537,3.104996287600608
