file,nrBest,proportionBest,entropyNrActions
nr_560_id_36_8c99763dc5344a1307e364e6ef33ee16f64b23af_TaskListView_GTSPOON.csv,43,0.020975609756097562,2.7904278714455755
