file,nrBest,proportionBest,entropyNrActions
nr_178_id_19_0458231c09170c9348da8b1b33d1aaef87ce4dad_GradientTitle_GTSPOON.csv,1836,0.895609756097561,0.5912855460065004
