file,nrBest,proportionBest,entropyNrActions
nr_258_id_32_168a4d8d1f32d9e6a4860bb17e856d5ff2f533d7_NarPackageMojo_GTSPOON.csv,179,0.0873170731707317,1.4519290173760995
