file,nrBest,proportionBest,entropyNrActions
nr_351_id_2_00b7bf5d7672a1b06552b707c6dab9dea423619b_ActivityService_GTSPOON.csv,461,0.2248780487804878,2.4572808339319856
