file,nrBest,proportionBest,entropyNrActions
nr_236_id_22_0610528ed2bc5d5324d41f9ce7cd330216a3ab14_SetInactive_GTSPOON.csv,2000,0.975609756097561,0.14959844134724215
