file,nrBest,proportionBest,entropyNrActions
nr_127_id_16_02725d878b0e839ca14219570677821b97d3332c_FloatingOverlay_GTSPOON.csv,692,0.3375609756097561,2.6880327761189746
