file,nrBest,proportionBest,entropyNrActions
nr_202_id_19_04f0a4bf44a3706774d3b12e22ca253db37458b3_ReportServiceImpl_GTSPOON.csv,5,0.0024390243902439024,0.7504707306263111
