file,nrBest,proportionBest,entropyNrActions
nr_86_id_16_01b302ddeb11f2cc16c779f81d7772b952b8fcd9_EngineTask_GTSPOON.csv,199,0.09707317073170732,2.5392250646414305
