file,nrBest,proportionBest,entropyNrActions
nr_159_id_24_04be333d6da5c1bbd19eceb56d66885cf2b18c25_PrintIOR_GTSPOON.csv,762,0.37170731707317073,2.107953303737576
