file,nrBest,proportionBest,entropyNrActions
nr_126_id_35_1a4b74f1df259c3ed3ac3cf9f4334b4316111cd1_PluginManager_GTSPOON.csv,468,0.22829268292682928,2.443901771250125
