file,nrBest,proportionBest,entropyNrActions
nr_393_id_23_0c72ede79e6180a136efdd7566e8b49c6c804bd8_SignApk_GTSPOON.csv,180,0.08780487804878048,2.2833957760372248
