file,nrBest,proportionBest,entropyNrActions
nr_394_id_11_056c48b6984d4c9fab3b82e0c3f7d92b558ad015_StrutsFacetType_GTSPOON.csv,1925,0.9390243902439024,0.3814815310376884
