file,nrBest,proportionBest,entropyNrActions
nr_452_id_34_3ea5e5876325d801618702078e7946a92550d0c2_QueryTokenizer_GTSPOON.csv,786,0.38341463414634147,2.464275599048198
