file,nrBest,proportionBest,entropyNrActions
nr_284_id_2_008f5d31e3125ae466837a78c52bc7bae70266fc_ProjectionViewer_GTSPOON.csv,180,0.08780487804878048,2.632298154035678
