file,nrBest,proportionBest,entropyNrActions
nr_174_id_4_009689861662c0e5d876e0564e7290b8e69864d8_ReopenAction_GTSPOON.csv,1932,0.9424390243902439,0.3717272149475661
