file,nrBest,proportionBest,entropyNrActions
nr_527_id_9_0608d9a74c87e11ecd82345ca18457e8b9680311_TestDFSIO_GTSPOON.csv,249,0.12146341463414634,2.4288655867564217
