file,nrBest,proportionBest,entropyNrActions
nr_178_id_17_039239445bf8fae7e60d519f80e7e5fa05c6378b_PacketBuilder_GTSPOON.csv,1168,0.5697560975609756,1.5890007522050535
