file,nrBest,proportionBest,entropyNrActions
nr_237_id_24_0756ce75871fdb1bc018d948fb56e65c9403f715_InputOutput_GTSPOON.csv,180,0.08780487804878048,2.5588908847633194
