file,nrBest,proportionBest,entropyNrActions
nr_41_id_18_009ce309b93642895b4adb93f844d1c4c18b725b_ProgressForDayHooks_GTSPOON.csv,2000,0.975609756097561,0.1630665541631361
