file,nrBest,proportionBest,entropyNrActions
nr_340_id_8_02d0a254cc1045d515c798c2a0efa6bbf7b2d6d2_WWJApplet_GTSPOON.csv,146,0.07121951219512195,2.7581969097143686
