file,nrBest,proportionBest,entropyNrActions
nr_373_id_21_09c79ffed4e5048860d26e19a85aaecb4d5a5edf_Complex_GTSPOON.csv,1718,0.8380487804878048,0.8823810038532591
