file,nrBest,proportionBest,entropyNrActions
nr_663_id_2_016cdf195bb53dd7a536d129843d0205ba20636a_ApacheMultipartParser_GTSPOON.csv,178,0.08682926829268292,2.9202140598522037
