file,nrBest,proportionBest,entropyNrActions
nr_444_id_9_05231daaf8d7308263d414c72d0fa1d78ad2059e_CPPTemplates_GTSPOON.csv,177,0.08634146341463414,2.966633560136681
