file,nrBest,proportionBest,entropyNrActions
nr_246_id_23_07eb1b28528ded6b8a409cd666909d227a918e32_Project_GTSPOON.csv,1117,0.5448780487804878,2.090071415983506
