file,nrBest,proportionBest,entropyNrActions
nr_78_id_24_024489196737976e18a1cf91b3a375ab32add041_Backend_GTSPOON.csv,1136,0.5541463414634147,1.7707415308439325
