file,nrBest,proportionBest,entropyNrActions
nr_439_id_11_06139a3516f4d2a1c94961948cc2bf12bc821848_TmfTrace_GTSPOON.csv,1087,0.5302439024390244,1.8368488422787392
