file,nrBest,proportionBest,entropyNrActions
nr_260_id_21_06e46d959448cdef9011fe87f76a90504b89735d_RgbScreenProxy_GTSPOON.csv,1841,0.8980487804878049,0.5836443752399177
