file,nrBest,proportionBest,entropyNrActions
nr_326_id_16_05f8b7b4cf6844c42126b71553489779c47d8363_StoryFragment_GTSPOON.csv,919,0.4482926829268293,0.6530250963236869
