file,nrBest,proportionBest,entropyNrActions
nr_477_id_32_2a46e18234385278959bb0afac7cfb78c3778f34_OFAndroidAccelerometer_GTSPOON.csv,161,0.07853658536585366,1.1399088003553002
