file,nrBest,proportionBest,entropyNrActions
nr_397_id_8_0341a0fd1bd0e5f5a50f9a4161272ce332aa5fb1_UserService_GTSPOON.csv,885,0.4317073170731707,2.0515177876720085
