file,nrBest,proportionBest,entropyNrActions
nr_362_id_8_0300aa906cbd8a89cd71e121ebeb8a693e719a11_HTMLC1_GTSPOON.csv,245,0.11951219512195121,3.0970048445358556
