file,nrBest,proportionBest,entropyNrActions
nr_43_id_17_00ca4503a911493379a174d48b0f450de9d02e0e_TypedNodeMaker_GTSPOON.csv,556,0.27121951219512197,2.0929341365700127
