file,nrBest,proportionBest,entropyNrActions
nr_543_id_28_184f9d33e4087dabc104e1d1647885b9e714659d_BaseType_GTSPOON.csv,1900,0.926829268292683,0.4404662160409129
