file,nrBest,proportionBest,entropyNrActions
nr_447_id_18_0870b4eb7ed54aaa163c37893168ba592363f991_Camera_GTSPOON.csv,173,0.08439024390243903,2.680622025882598
