file,nrBest,proportionBest,entropyNrActions
nr_375_id_11_04f9793389633ed55b3bc3670099a2686ec709ea_XPathContainsAssertion_GTSPOON.csv,549,0.2678048780487805,2.6498384954053
