file,nrBest,proportionBest,entropyNrActions
nr_46_id_11_0083a0340540e7489818f1c9958b430a323afaee_TaskManager_GTSPOON.csv,1838,0.8965853658536586,0.6047306233159174
