file,nrBest,proportionBest,entropyNrActions
nr_212_id_28_09598c06f613e3526f02a51fe98dbd071ff8b4a6_ProducesMethodBean_GTSPOON.csv,100,0.04878048780487805,2.424318110581743
