file,nrBest,proportionBest,entropyNrActions
nr_29_id_1_00446046f001ca91e1c9d5329ebaaf906256bc52_WindowsDisplay_GTSPOON.csv,165,0.08048780487804878,2.471122239956083
