file,nrBest,proportionBest,entropyNrActions
nr_214_id_11_02c750134c8e29c48c96747ba13b0695ccde069d_NetworkManager_GTSPOON.csv,1906,0.9297560975609757,0.43613884073152154
