file,nrBest,proportionBest,entropyNrActions
nr_394_id_14_05c3e1b25d649d1e20281fd58f2ad2f26d95925d_Launcher_GTSPOON.csv,1636,0.7980487804878049,0.9897869820682896
