file,nrBest,proportionBest,entropyNrActions
nr_177_id_21_04ac781cd93ca4f7acb70747b8e162d9f09b297e_StatusBar_GTSPOON.csv,920,0.44878048780487806,2.2732388783262607
