file,nrBest,proportionBest,entropyNrActions
nr_421_id_3_02c633f790e967d9732d99e8805adf94a401b900_GRASSArcGridRaster_GTSPOON.csv,1445,0.7048780487804878,1.302241534993428
