file,nrBest,proportionBest,entropyNrActions
nr_246_id_19_061cbe29575f5b6e30fa98ece32bc7ed40035e20_Geometries_GTSPOON.csv,1556,0.7590243902439024,1.1362543778569334
