file,nrBest,proportionBest,entropyNrActions
nr_117_id_39_be5ae988f2f4a256de4ec3852634b7deed1e1e6f_R_GTSPOON.csv,692,0.3375609756097561,2.035788623060263
