file,nrBest,proportionBest,entropyNrActions
nr_431_id_21_0ae0a3e444df3c7f9612520f587594287722f52d_ImportHandler_GTSPOON.csv,1470,0.7170731707317073,1.3093479607273522
