file,nrBest,proportionBest,entropyNrActions
nr_314_id_36_52aa2939a5600261da76cf971118602ba66e9681_SimpleDbTemplate_GTSPOON.csv,10,0.004878048780487805,3.1213380853211046
