file,nrBest,proportionBest,entropyNrActions
nr_13_id_4_000d935457b539d3dc2880092f9c5735f8a7d1fa_AddTakesScreenshot_GTSPOON.csv,1778,0.8673170731707317,0.5119896719351802
