file,nrBest,proportionBest,entropyNrActions
nr_670_id_1_0791ec34d2e5ad30211a10d737e52aa812d3b982_ContentFormController_GTSPOON.csv,1916,0.9346341463414635,0.39234433840582955
