file,nrBest,proportionBest,entropyNrActions
nr_24_id_8_003328e9d121b31fec76e3599300931bb356e1bd_SlotView_GTSPOON.csv,189,0.09219512195121951,3.039281502047232
