file,nrBest,proportionBest,entropyNrActions
nr_407_id_17_0811f525fefc0afa320faa47b8e1e912b050ec6a_Uri_GTSPOON.csv,1712,0.8351219512195122,0.8830254848029121
