file,nrBest,proportionBest,entropyNrActions
nr_163_id_11_021c49ae39333adcc6952b821c8f541188424e94_AbstractJdbc2DatabaseMetaData_GTSPOON.csv,160,0.07804878048780488,2.5987103272905174
