file,nrBest,proportionBest,entropyNrActions
nr_620_id_4_0263072359b4f86ae766d04f282a14e1c72bbf55_Table_GTSPOON.csv,199,0.09707317073170732,2.446079996803351
