file,nrBest,proportionBest,entropyNrActions
nr_479_id_8_03f904939c4be9f9fdca551e92c6330cdb41110c_StreamJob_GTSPOON.csv,107,0.05219512195121951,3.174805756866312
