file,nrBest,proportionBest,entropyNrActions
nr_454_id_13_06b9747a0c61067f5e30539364658ff34bbaf728_CourseInfoEditController_GTSPOON.csv,2029,0.9897560975609756,0.07414854210527304
