file,nrBest,proportionBest,entropyNrActions
nr_528_id_5_045088e8b349960b791ee06fe7cae416b1097b4b_CliTester_GTSPOON.csv,1749,0.853170731707317,0.8081137663672493
