file,nrBest,proportionBest,entropyNrActions
nr_256_id_32_164fa2d4637a392d209bf1b9a12433d1e7002d62_EpisodeActivity_GTSPOON.csv,470,0.22926829268292684,2.266768036798461
