file,nrBest,proportionBest,entropyNrActions
nr_162_id_10_015be8655248d94a2efbc2bab170213c52e69655_LocalExecServer_GTSPOON.csv,1909,0.931219512195122,0.40560227214984174
