file,nrBest,proportionBest,entropyNrActions
nr_78_id_39_853b9c12572b86d265941bc57cf29c6f86a36920_OrePopulator_GTSPOON.csv,28,0.013658536585365854,2.150124700904565
