file,nrBest,proportionBest,entropyNrActions
nr_209_id_28_0942382db4026d62ccb1b2fcbd53e1be5a037ccb_LAFManager_GTSPOON.csv,10,0.004878048780487805,0.9266450891773125
