file,nrBest,proportionBest,entropyNrActions
nr_418_id_35_52049493b9b11394c60a58594b1cd090a61b4b9f_AbstractStepTests_GTSPOON.csv,828,0.40390243902439027,2.4472644778177703
