file,nrBest,proportionBest,entropyNrActions
nr_213_id_1_0291c3681e7ffc94ee85633318347a3378c82301_UrlMappingsFilter_GTSPOON.csv,856,0.4175609756097561,0.8261902516589759
