file,nrBest,proportionBest,entropyNrActions
nr_131_id_23_03fb2f747be98164c467d21a3ebe686963929353_Minecraft_GTSPOON.csv,14,0.006829268292682927,1.9620445088163503
