file,nrBest,proportionBest,entropyNrActions
nr_52_id_20_00f32373e47f8f53e07968b91289ec4c436b568a_BrowserController_GTSPOON.csv,207,0.10097560975609757,2.5938577429024785
