file,nrBest,proportionBest,entropyNrActions
nr_257_id_19_0643061368d3aae737fe3253b678129c49e611a0_JavaLauncher_GTSPOON.csv,1016,0.49560975609756097,1.9290897371419222
