file,nrBest,proportionBest,entropyNrActions
nr_169_id_36_293769c515c40949dc117a78b6d7f09f12f0260a_DurableSubscriberTest_GTSPOON.csv,1281,0.6248780487804878,1.5884295360033756
