file,nrBest,proportionBest,entropyNrActions
nr_166_id_22_03f738225f8acd578788e809659a3a15bac2a10a_FontDetails_GTSPOON.csv,1747,0.8521951219512195,0.8217564304822799
