file,nrBest,proportionBest,entropyNrActions
nr_304_id_19_0747ce89ff510190e7a41fa681352d861157c433_ConfigManager_GTSPOON.csv,908,0.4429268292682927,2.2458579878554454
