file,nrBest,proportionBest,entropyNrActions
nr_355_id_1_042266df28ee30e071b42cb1128276c2b1517158_Scroll_GTSPOON.csv,345,0.16829268292682928,2.157499590267408
