file,nrBest,proportionBest,entropyNrActions
nr_37_id_14_008e8a74088c7508b49d8ea2323deef40c5076a7_NativeCryptoTest_GTSPOON.csv,145,0.07073170731707316,2.612834878581194
