file,nrBest,proportionBest,entropyNrActions
nr_347_id_3_024bb5af620b639126b1353c16c5352a66c5e426_JsfJbide2362Test_GTSPOON.csv,1842,0.8985365853658537,0.5586657759168521
