file,nrBest,proportionBest,entropyNrActions
nr_329_id_24_0a3fe3473928a20ef74024558ccd880b855b802b_SmartMeterSuite_GTSPOON.csv,1531,0.7468292682926829,1.0246432421598963
