file,nrBest,proportionBest,entropyNrActions
nr_383_id_30_17c967d4e0a87845f178b161771485f27769049c_AbstractFocusViewAction_GTSPOON.csv,130,0.06341463414634146,3.1903089457868408
