file,nrBest,proportionBest,entropyNrActions
nr_160_id_10_0150f6d1b92147f58159fccdc3eac5e0a3f2b754_MainActivity_GTSPOON.csv,1806,0.8809756097560976,0.45473127016358283
