file,nrBest,proportionBest,entropyNrActions
nr_338_id_26_0ba00f3c6c8129ef74d552a629cfb273dad46671_CommandSupport_GTSPOON.csv,1201,0.5858536585365853,1.699578227332709
