file,nrBest,proportionBest,entropyNrActions
nr_295_id_1_039185a1cd909db30350a04541f74584aaa50b94_Bootstrap_GTSPOON.csv,1919,0.9360975609756098,0.3960492681406747
