file,nrBest,proportionBest,entropyNrActions
nr_471_id_17_097d84d8b4fbdc11f59c3d9b32b71fd1dd32474d_MainActivity_GTSPOON.csv,1543,0.7526829268292683,1.3049081871421988
