file,nrBest,proportionBest,entropyNrActions
nr_61_id_34_094d79a129609c34d375a418f57cc11b6ffd89ca_ORB_GTSPOON.csv,90,0.04390243902439024,2.798889021148431
