file,nrBest,proportionBest,entropyNrActions
nr_294_id_11_03d03a9c50bc54c7bd0c2ce19ca0eba308d11c40_World_GTSPOON.csv,38,0.018536585365853658,2.5633292771790672
