file,nrBest,proportionBest,entropyNrActions
nr_55_id_35_0b81b4365a73e4d6a012d752ba8b2101c81c6ec1_HttpService_GTSPOON.csv,108,0.05268292682926829,1.781785419919278
