file,nrBest,proportionBest,entropyNrActions
nr_289_id_33_25418d174201c2df41dd4b3995d2a95288a538d0_DefaultContext_GTSPOON.csv,1811,0.8834146341463415,0.4459073099814051
