file,nrBest,proportionBest,entropyNrActions
nr_505_id_14_0731920fdf845358cc13ce78292f9e80e143f915_URLConnectionTest_GTSPOON.csv,180,0.08780487804878048,2.5337654449982434
