file,nrBest,proportionBest,entropyNrActions
nr_258_id_35_317f7557d5aad05493563fe9e658d04f818d46f8_MNHennepinCountyParser_GTSPOON.csv,1903,0.9282926829268293,0.4256408834423653
