file,nrBest,proportionBest,entropyNrActions
nr_427_id_16_07adc84cba0ed3d48425a5537447c2a69fd7cce0_TestPosition_GTSPOON.csv,1928,0.9404878048780487,0.38236782152727267
