file,nrBest,proportionBest,entropyNrActions
nr_282_id_16_0523d9d7abd36c9d0389e40d8131999cd18f303c_AdminCommands_GTSPOON.csv,200,0.0975609756097561,2.6005754449599134
