file,nrBest,proportionBest,entropyNrActions
nr_523_id_37_e871627bbbd906d28848734e82ab4336116d4697_DatabaseAccess_GTSPOON.csv,5,0.0024390243902439024,2.6861392367839634
