file,nrBest,proportionBest,entropyNrActions
nr_183_id_36_2cdbb78665fcfe7e24ce192d318b5459d372875f_SpyInstaller_GTSPOON.csv,60,0.02926829268292683,2.1628315962043656
