file,nrBest,proportionBest,entropyNrActions
nr_116_id_28_054b52a673dd9d3184a1b682f4f38111d9fe80aa_TestUITopicDetail_GTSPOON.csv,372,0.18146341463414634,1.8379389911985111
