file,nrBest,proportionBest,entropyNrActions
nr_554_id_11_07f4f0677f6928f987ce3c1f5224c896c0943a3e_UsersManager_GTSPOON.csv,1819,0.8873170731707317,0.428555415032931
