file,nrBest,proportionBest,entropyNrActions
nr_264_id_24_085054e411a1475c5fffc4b3a93c7ab22d38551f_ProvidesProcessor_GTSPOON.csv,720,0.35121951219512193,2.4381502787453386
