file,nrBest,proportionBest,entropyNrActions
nr_525_id_9_0603893e51daac70965f83f600c14780758da1c9_AuthenticationController_GTSPOON.csv,2005,0.9780487804878049,0.14390715354274558
