file,nrBest,proportionBest,entropyNrActions
nr_464_id_36_770795f84f69ce66101d41ce45deb3813f352136_CustomTypeAdaptersTest_GTSPOON.csv,796,0.3882926829268293,2.3702521175776186
