file,nrBest,proportionBest,entropyNrActions
nr_462_id_34_3f5613c0e16dbf1b49e2706a84b656526e68c723_HK2Populator_GTSPOON.csv,387,0.18878048780487805,1.3101536352741512
