file,nrBest,proportionBest,entropyNrActions
nr_90_id_22_01ed4113cd81fa3140b2871f59fd7bd1000a9dbc_HomePage_GTSPOON.csv,5,0.0024390243902439024,3.393810871218469
