file,nrBest,proportionBest,entropyNrActions
nr_24_id_33_02c11391138fd00fd7cdb611facc280669968813_DocumentingTestBase_GTSPOON.csv,17,0.008292682926829269,1.9550534971857358
