file,nrBest,proportionBest,entropyNrActions
nr_6_id_1_0009a71476ea33c6180b191b87a4b28ded903f32_UDPDataThread_GTSPOON.csv,1838,0.8965853658536586,0.6185152366137769
