file,nrBest,proportionBest,entropyNrActions
nr_161_id_11_0207d66a8e4797c04754b4b920bf2b7d8ec365f4_AddAccountSettings_GTSPOON.csv,1806,0.8809756097560976,0.7132685656216945
