file,nrBest,proportionBest,entropyNrActions
nr_156_id_18_030969669aa1dde711f9bc868629db2175209af9_AbstractEntry_GTSPOON.csv,712,0.3473170731707317,2.2423941527073143
