file,nrBest,proportionBest,entropyNrActions
nr_102_id_10_00cf10e2f7c90676345edc245b4f790481f57991_SchoolDropDownMenu_GTSPOON.csv,1925,0.9390243902439024,0.396569261630571
