file,nrBest,proportionBest,entropyNrActions
nr_778_id_1_08f67bd99381a2db08f70c28f47860ea1b66a301_SourceConverterStage2_GTSPOON.csv,2,0.000975609756097561,3.3433006363470694
