file,nrBest,proportionBest,entropyNrActions
nr_761_id_2_01a04e6e261f89883753fe0581025598b7f91c38_AbstractEntityModel_GTSPOON.csv,1930,0.9414634146341463,0.3635181370029299
