file,nrBest,proportionBest,entropyNrActions
nr_44_id_36_0b3b30f864b4583fb63cd49ed5c3b89ed191a890_Issue_GTSPOON.csv,1425,0.6951219512195121,1.3292397980328403
