file,nrBest,proportionBest,entropyNrActions
nr_128_id_29_0759b837e2ad3954a59def4cc61a07eb2043502c_ZipEntry_GTSPOON.csv,1625,0.7926829268292683,1.0027410754633148
