file,nrBest,proportionBest,entropyNrActions
nr_35_id_11_005be273458ddb55f8a9822052aea432bfdc297a_BicingGenerator_GTSPOON.csv,842,0.41073170731707315,2.2020451069591838
