file,nrBest,proportionBest,entropyNrActions
nr_295_id_13_044d5514d603072090984d14367dc4cf622ff5f9_ILDuPageCountyParser_GTSPOON.csv,1928,0.9404878048780487,0.3433508738585095
