file,nrBest,proportionBest,entropyNrActions
nr_80_id_24_0258eae55a40f33487f795c8b2b2ef966d7d4dcf_ID3v24TagTest_GTSPOON.csv,1211,0.5907317073170731,1.5942024957572496
