file,nrBest,proportionBest,entropyNrActions
nr_139_id_22_036093e8793923cf6b6bd920d7a2254ab0afa8a1_RSA_GTSPOON.csv,1676,0.817560975609756,0.8200336893560718
