file,nrBest,proportionBest,entropyNrActions
nr_167_id_13_026c1ee5567333892155472af3b6a86134f47f6e_TestLibMain_GTSPOON.csv,281,0.13707317073170733,1.1685254827724452
