file,nrBest,proportionBest,entropyNrActions
nr_70_id_16_01704306537a14ab4263baf009581e2174731e2a_TreeTestWalkerTest_GTSPOON.csv,1332,0.6497560975609756,1.4972159996085406
