file,nrBest,proportionBest,entropyNrActions
nr_410_id_18_07b721711c789985dd1d706462adb50735674d71_JDBCDerivedDataElementDAO_GTSPOON.csv,1816,0.8858536585365854,0.6494801802722707
