file,nrBest,proportionBest,entropyNrActions
nr_491_id_5_04050d8c4ec21a7e4270360c60946d2bedfe9e6a_XWebView_GTSPOON.csv,1814,0.8848780487804878,0.6475724496200193
