file,nrBest,proportionBest,entropyNrActions
nr_301_id_4_01251242976aeb5083aa2a3d5761d1d70358a453_BoneCP_GTSPOON.csv,761,0.37121951219512195,2.29148940548858
