file,nrBest,proportionBest,entropyNrActions
nr_336_id_34_2eb99553f6dca3011fc6c2e3b93d7fd5223157d5_HRMRoutingService_GTSPOON.csv,181,0.08829268292682926,2.9363368616336842
