file,nrBest,proportionBest,entropyNrActions
nr_342_id_26_0bb6ccba911b835e670164c90edf84508398f485_HsqlSetupTableUtil_GTSPOON.csv,1925,0.9390243902439024,0.37535968270439773
