file,nrBest,proportionBest,entropyNrActions
nr_224_id_13_0336480a3ecfa38f6ea35d37224eebd8f2f48507_serverMemory_GTSPOON.csv,1730,0.8439024390243902,0.8418121438182231
