file,nrBest,proportionBest,entropyNrActions
nr_15_id_35_03485938f4538af300357300019aab21a2abb62c_SipResourceAdaptor_GTSPOON.csv,119,0.05804878048780488,3.2446731030603257
