file,nrBest,proportionBest,entropyNrActions
nr_492_id_10_04b93b6d0bce3cc4e7df6535ce8143938b4a6790_DemRatesCrudImpl_GTSPOON.csv,1534,0.7482926829268293,1.015550426544436
