file,nrBest,proportionBest,entropyNrActions
nr_242_id_35_2f05935f28045dfdbea64a2438d4aa58c27bf538_TestClient_GTSPOON.csv,392,0.19121951219512195,2.3707720092465028
