file,nrBest,proportionBest,entropyNrActions
nr_192_id_2_005c2e170f7c02ff61f96c1d6f65f45f5e68a33a_Role_GTSPOON.csv,1744,0.8507317073170731,0.7467976328285323
