file,nrBest,proportionBest,entropyNrActions
nr_298_id_30_1277418a078774e3a6e595bb920d17379e29c9fa_MapLocator_GTSPOON.csv,1906,0.9297560975609757,0.4365394485283401
