file,nrBest,proportionBest,entropyNrActions
nr_318_id_25_0abb50860e86431aab788f7770c30ca0336384c7_RESTExampleActivity_GTSPOON.csv,1935,0.9439024390243902,0.36855586220949
