file,nrBest,proportionBest,entropyNrActions
nr_461_id_12_04eeb7cedc8a60bbfc176825a3545c6a485663bf_Icy_GTSPOON.csv,600,0.2926829268292683,2.2442487792808423
