file,nrBest,proportionBest,entropyNrActions
nr_205_id_36_33678b626a128942311a782979b4b030c8904693_OSGiContextStrategy_GTSPOON.csv,211,0.10292682926829268,2.3042589813965106
