file,nrBest,proportionBest,entropyNrActions
nr_46_id_27_022bec42d8b828cd475ea0eb50613654e8e39318_EntityManagerImpl_GTSPOON.csv,16,0.007804878048780488,3.2553456680214823
