file,nrBest,proportionBest,entropyNrActions
nr_6_id_10_0007398a07223dcb44029cbce6768c4dcfe69563_MmStationEvents_GTSPOON.csv,74,0.03609756097560975,2.646603884048795
