file,nrBest,proportionBest,entropyNrActions
nr_155_id_26_05f0ca1201a421f2e98153857884be0dc33e6c54_PartyAcceptCommand_GTSPOON.csv,60,0.02926829268292683,0.8308671951405849
