file,nrBest,proportionBest,entropyNrActions
nr_243_id_10_024422182c29166b1bd34722c93a2f4763f485fb_ConfigParameter_GTSPOON.csv,2028,0.9892682926829268,0.07915050199447113
