file,nrBest,proportionBest,entropyNrActions
nr_386_id_22_0953a9f4563362f68a390e47f8f84829a732ebd6_ClientStateMachine_GTSPOON.csv,1174,0.5726829268292682,1.787137103670036
