file,nrBest,proportionBest,entropyNrActions
nr_623_id_4_0265562528c3792c749f4f12f003e10631521910_PTPDebugCorePlugin_GTSPOON.csv,1398,0.6819512195121952,1.3859878250269284
