file,nrBest,proportionBest,entropyNrActions
nr_155_id_21_0425c964f6125e71642377a56b4b2cbee1e64a45_WebViewer_GTSPOON.csv,1211,0.5907317073170731,1.465099349418264
