file,nrBest,proportionBest,entropyNrActions
nr_330_id_29_13435595b1be7604a40f3c733dda46caeda0a2a2_Channel_GTSPOON.csv,338,0.1648780487804878,2.9128674204879887
