file,nrBest,proportionBest,entropyNrActions
nr_81_id_9_00ee74daa80d3dc3ea826080556c2741bc3226f3_MathUtil_GTSPOON.csv,2000,0.975609756097561,0.1508037362447317
