file,nrBest,proportionBest,entropyNrActions
nr_342_id_19_081e849784fbfe343917759738b6498b38ca72ee_TextureUtils_GTSPOON.csv,177,0.08634146341463414,2.7464796104579694
