file,nrBest,proportionBest,entropyNrActions
nr_525_id_1_05da17f403b4a45f532cf2a030bfb251877c366d_MonitorRestTest_GTSPOON.csv,921,0.44926829268292684,0.6269381571561106
