file,nrBest,proportionBest,entropyNrActions
nr_196_id_16_038dd5d1d37157656c459c98adf7d81a000f7c99_JXErrorDialog_GTSPOON.csv,552,0.26926829268292685,2.752751796387866
