file,nrBest,proportionBest,entropyNrActions
nr_365_id_13_053b847f2b6f475158a5d19e7f1f4d3fd1ba0e40_FXOnMouseOverFader_GTSPOON.csv,1468,0.7160975609756097,1.3370307903817773
