file,nrBest,proportionBest,entropyNrActions
nr_356_id_34_3174a746101fc8d7559d043503f7a580c5e92b79_XwsConsole_GTSPOON.csv,1020,0.4975609756097561,1.871783659526121
