file,nrBest,proportionBest,entropyNrActions
nr_133_id_17_02a529d51fd8747a876ea502385e2e68ec002ddb_NZNUtils_GTSPOON.csv,1193,0.5819512195121951,1.5904999754904336
