file,nrBest,proportionBest,entropyNrActions
nr_427_id_4_01b44969d6094e333a326b63b15ba9a2b501ada7_ServerMain_GTSPOON.csv,178,0.08682926829268292,3.0156264042808547
