file,nrBest,proportionBest,entropyNrActions
nr_45_id_20_00c7d7d4f554a3e3372d601ae272a21c97edd229_ClearCaseSCM_GTSPOON.csv,1263,0.6160975609756097,1.8063426109870395
