file,nrBest,proportionBest,entropyNrActions
nr_157_id_12_01b07ba9af9b42f46b6190b285c4a92f16e3e252_LessJavaValidator_GTSPOON.csv,806,0.3931707317073171,2.2354686016137593
