file,nrBest,proportionBest,entropyNrActions
nr_399_id_17_07d83658160dda93364f2ae72c812d866746ecbe_MutableGraph_GTSPOON.csv,1723,0.8404878048780487,0.7070335057879911
