file,nrBest,proportionBest,entropyNrActions
nr_462_id_26_0f68676828d1f66c7997a0457f1c6536e661658f_SyncManager_GTSPOON.csv,45,0.02195121951219512,2.6442546459573064
