file,nrBest,proportionBest,entropyNrActions
nr_701_id_2_0181589b3d867dc000cd379fc2014f8eff69b6a5_TextPanel_GTSPOON.csv,160,0.07804878048780488,2.6214456040334913
