file,nrBest,proportionBest,entropyNrActions
nr_121_id_25_04088da6c77514e3a1466af82781d2675184b925_FSDirEntry_GTSPOON.csv,11,0.005365853658536586,3.038074335472718
