file,nrBest,proportionBest,entropyNrActions
nr_710_id_2_01844aeb9c01530e9d9d662a8e60117a1b589c13_ApkMojo_GTSPOON.csv,558,0.27219512195121953,2.3632465237405236
