file,nrBest,proportionBest,entropyNrActions
nr_93_id_21_028a836843f28c8ca2aa42eca60ec7a442216232_TableGame_GTSPOON.csv,330,0.16097560975609757,1.6080646358967483
