file,nrBest,proportionBest,entropyNrActions
nr_35_id_8_004918061a2bcafbfe4a8155e68bb369330abeb4_BaseActivity_GTSPOON.csv,1236,0.6029268292682927,1.7716131835747828
