file,nrBest,proportionBest,entropyNrActions
nr_454_id_26_0f334450d79064b8de754e5b5f6a1a4b1ee1c548_WebServicesManager_GTSPOON.csv,168,0.08195121951219513,2.799843057760734
