file,nrBest,proportionBest,entropyNrActions
nr_93_id_9_0114f4f324594e046953204132175c0b4e6ccb52_AddShapeInitializer_GTSPOON.csv,5,0.0024390243902439024,0.9309863549954446
