file,nrBest,proportionBest,entropyNrActions
nr_561_id_10_057231fedc9d0ff40e818f8ab4b16b29c9f8d319_SubsStruct_GTSPOON.csv,1709,0.8336585365853658,0.9326810394830688
