file,nrBest,proportionBest,entropyNrActions
nr_518_id_14_076972ad32eeb9039745d05d80d3ea0843588bc7_Quiz_GTSPOON.csv,713,0.34780487804878046,2.72378718271141
