file,nrBest,proportionBest,entropyNrActions
nr_143_id_6_00ff1404835caf21867e94c1c83b1a0f58a109c7_Util_GTSPOON.csv,639,0.31170731707317073,2.47313732467551
