file,nrBest,proportionBest,entropyNrActions
nr_219_id_16_040e16da807879fd97930ec6288aa3e47348f2e4_StreamInImpl_GTSPOON.csv,138,0.06731707317073171,3.107544068091386
