file,nrBest,proportionBest,entropyNrActions
nr_399_id_2_00d40751d50cfc2015712de57c7db881d4213364_Interpreter_GTSPOON.csv,25,0.012195121951219513,2.874591967795658
