file,nrBest,proportionBest,entropyNrActions
nr_601_id_3_04151ea0c03238ccdaa4720806df30d11f058559_PrimeFactorsTest_GTSPOON.csv,2006,0.9785365853658536,0.13971025175013557
