file,nrBest,proportionBest,entropyNrActions
nr_495_id_26_10df18fd52ca147f78a6f14fc05b6daf4de2e51d_Jitsi_GTSPOON.csv,544,0.2653658536585366,1.694781916536711
