file,nrBest,proportionBest,entropyNrActions
nr_456_id_7_04d35f139c7e299af920af1715a39a7a8fa26b91_ProMaSiServer_GTSPOON.csv,1392,0.6790243902439025,1.3203136788227834
