file,nrBest,proportionBest,entropyNrActions
nr_541_id_2_01232944e01957bf6b111742f4eb23d7d8aac905_BotCommandInterpreter_GTSPOON.csv,1746,0.8517073170731707,0.7993850627081699
