file,nrBest,proportionBest,entropyNrActions
nr_360_id_10_03764f0c8e27d8f2d6ed186ae64ffb0976868a9f_Path_GTSPOON.csv,1933,0.9429268292682926,0.35577457521686484
