file,nrBest,proportionBest,entropyNrActions
nr_110_id_27_04de99eb2109f6b17134ededdfe0c346353fd781_CGHTTPClient_GTSPOON.csv,1733,0.8453658536585366,0.9092223174113105
