file,nrBest,proportionBest,entropyNrActions
nr_176_id_15_036938179d60cc0a8e3525db67f30b0806793a92_MonacaApplication_GTSPOON.csv,3,0.0014634146341463415,2.149747780393537
