file,nrBest,proportionBest,entropyNrActions
nr_356_id_5_02e5ebd93ec9ea07870951c19db71ee64088b0d4_Controller_GTSPOON.csv,832,0.4058536585365854,2.1941698837909263
