file,nrBest,proportionBest,entropyNrActions
nr_3_id_4_00051ae8eae10ef592524003b628be6e0324e163_PopupListener_GTSPOON.csv,2029,0.9897560975609756,0.07562427881817815
