file,nrBest,proportionBest,entropyNrActions
nr_411_id_22_09c5259766e4c3211cb5d8c201e95b711cab18d7_MeetUpScheduler_GTSPOON.csv,1350,0.6585365853658537,1.6367626713308245
