file,nrBest,proportionBest,entropyNrActions
nr_106_id_15_01b63a7c0803b984461a2ace51bfaaa8097b0cdf_TypesParser_GTSPOON.csv,75,0.036585365853658534,2.424993688095971
