file,nrBest,proportionBest,entropyNrActions
nr_289_id_13_0431414a37437ac9e8ada9217711160abe4ad51d_ClientResponseTest_GTSPOON.csv,1742,0.8497560975609756,0.812478182351511
