file,nrBest,proportionBest,entropyNrActions
nr_471_id_16_086288377bae9773c31d5512c7e838a73d8a1283_RwtScoutTableActionBar_GTSPOON.csv,880,0.4292682926829268,0.7689592496581283
