file,nrBest,proportionBest,entropyNrActions
nr_675_id_3_049b030789f6880f9f1a6064e969648190565e6c_Data_GTSPOON.csv,171,0.08341463414634147,2.541268532586696
