file,nrBest,proportionBest,entropyNrActions
nr_24_id_17_006d7e0f3b9102e593874457752ad20874fc0355_TestVectors_GTSPOON.csv,263,0.12829268292682927,2.357227394627954
