file,nrBest,proportionBest,entropyNrActions
nr_377_id_29_15c486b102667e399c9aedc5bc3f8ee1bba02179_AMGUIUtility_GTSPOON.csv,1355,0.6609756097560976,1.5453058676292712
