file,nrBest,proportionBest,entropyNrActions
nr_517_id_2_0114f09ea211837c4c44c8ae09d4ebd4fbc863cf_ModelUtils_GTSPOON.csv,1756,0.8565853658536585,0.7771638048223304
