file,nrBest,proportionBest,entropyNrActions
nr_35_id_33_05a1de88497c7d85df625694562a86f3eb251101_IkanoPartnerBase_GTSPOON.csv,102,0.04975609756097561,1.8349844315097599
