file,nrBest,proportionBest,entropyNrActions
nr_105_id_22_023be68e1e9e1e442c93d68012ceb07d949f9c5c_LobbyActivity_GTSPOON.csv,1608,0.784390243902439,1.0362269598355591
