file,nrBest,proportionBest,entropyNrActions
nr_42_id_11_0066607098d82726120b3f181d973cedfcb87e18_WindowMenuFrameManager_GTSPOON.csv,1192,0.5814634146341463,1.7206007446337561
