file,nrBest,proportionBest,entropyNrActions
nr_391_id_25_0d90503b1b0e29ec0060938341457f8548ca4ac8_BigIntegerTest_GTSPOON.csv,2019,0.9848780487804878,0.09990752701374768
