file,nrBest,proportionBest,entropyNrActions
nr_357_id_18_06d8360167187fe56ef6fd18b19da9b638e0e27a_TextOutput_GTSPOON.csv,100,0.04878048780487805,2.599085677110655
