file,nrBest,proportionBest,entropyNrActions
nr_278_id_29_103088f600280e5df33725e0fc1d8a16001f970e_QueryBuilder_GTSPOON.csv,14,0.006829268292682927,2.6910901216221954
