file,nrBest,proportionBest,entropyNrActions
nr_77_id_19_01eee22a3470f94967bf71afc255c83cc86782b8_DFS_GTSPOON.csv,1315,0.6414634146341464,1.5898102631495403
