file,nrBest,proportionBest,entropyNrActions
nr_102_id_19_027a778cba6945c08178f659152928a96dedc934_DateTimeFormatterBuilder_GTSPOON.csv,193,0.09414634146341463,2.696875734926024
