file,nrBest,proportionBest,entropyNrActions
nr_200_id_19_04e14b9097025f36cbca0d9c2ce8be95e48154a7_Automatization_GTSPOON.csv,1367,0.666829268292683,1.5890625921183195
