file,nrBest,proportionBest,entropyNrActions
nr_236_id_34_21bde8f63cbceea3139bd1883c3e72af0e044f93_ELF_GTSPOON.csv,904,0.44097560975609756,2.182587555454284
