file,nrBest,proportionBest,entropyNrActions
nr_143_id_37_40da8410cc0b2ac4341d0093100a78debabcd402_IssueHelper_GTSPOON.csv,1932,0.9424390243902439,0.3126107657185644
