file,nrBest,proportionBest,entropyNrActions
nr_361_id_7_03b9fe0427cba5c54f010b505d778c134bc0ca68_ApnSettings_GTSPOON.csv,10,0.004878048780487805,2.063709292157439
