file,nrBest,proportionBest,entropyNrActions
nr_325_id_35_3c5245a7a9f9bb57411d47d9ee26fe7b089b212a_KotlinVariable_GTSPOON.csv,162,0.07902439024390244,1.368530954918597
