file,nrBest,proportionBest,entropyNrActions
nr_433_id_33_359d3925daf170d4af0d65a893b9a8a8a8f2d387_HostSelector_GTSPOON.csv,157,0.07658536585365854,1.2080670742138355
