file,nrBest,proportionBest,entropyNrActions
nr_185_id_16_03731e26d72b843ef4ad695b50af7beb8218d0e3_SelectionMap_GTSPOON.csv,1242,0.6058536585365853,1.7494938726788005
