file,nrBest,proportionBest,entropyNrActions
nr_524_id_27_17ee1457e6d992a7b48b1f34d4e8005bf60cecb3_TestQuery_GTSPOON.csv,578,0.2819512195121951,2.5742541436198687
