file,nrBest,proportionBest,entropyNrActions
nr_440_id_18_0841860d0890381bb327843864c8d11c01456757_MinimalModelHelperTest_GTSPOON.csv,1227,0.5985365853658536,1.5495756911206142
