file,nrBest,proportionBest,entropyNrActions
nr_212_id_32_134d78ce42bee22b9200c8e9d7eb4b4d36992ca8_WebClient2Test_GTSPOON.csv,1211,0.5907317073170731,1.5887830478925344
