file,nrBest,proportionBest,entropyNrActions
nr_64_id_31_05025b77792668240053269764d10c90d401fda2_MakeProxies_GTSPOON.csv,1853,0.9039024390243903,0.5319104570054142
