file,nrBest,proportionBest,entropyNrActions
nr_397_id_9_049f748f6e39248f2715a1f0a237c2ce1720463c_FileResource_GTSPOON.csv,1190,0.5804878048780487,1.7287945645973584
