file,nrBest,proportionBest,entropyNrActions
nr_58_id_4_002e62d8ef5c293490f71677247ee3045f05d193_RestClient_GTSPOON.csv,1260,0.6146341463414634,1.601584048358609
