file,nrBest,proportionBest,entropyNrActions
nr_520_id_11_0758b1eed351360ef09b9b8c8283eed90f5766e9_Server_GTSPOON.csv,2028,0.9892682926829268,0.08021397473078004
