file,nrBest,proportionBest,entropyNrActions
nr_564_id_35_6bb27fd4bda2832180dc765c091c512e42cc13c9_LRgui_GTSPOON.csv,717,0.3497560975609756,2.5278913319885676
