file,nrBest,proportionBest,entropyNrActions
nr_431_id_21_0ae0a3e444df3c7f9612520f587594287722f52d_PluginManager_GTSPOON.csv,342,0.16682926829268294,2.5984396298535497
