file,nrBest,proportionBest,entropyNrActions
nr_23_id_2_001019ca6c3a94f975598187e409419bc0b376c2_WikiReader_GTSPOON.csv,1931,0.9419512195121951,0.36351004268594633
