file,nrBest,proportionBest,entropyNrActions
nr_232_id_28_0a22d7b88994d8f64340baeb69e344168a400229_AllProjectsCreator_GTSPOON.csv,1537,0.7497560975609756,1.1681474332434632
