file,nrBest,proportionBest,entropyNrActions
nr_283_id_20_05679282a40a7f1a623c5e3cb027456406e43aa6_ChatSendPanel_GTSPOON.csv,721,0.3517073170731707,1.3329888285149716
