file,nrBest,proportionBest,entropyNrActions
nr_363_id_10_037cf7b4fb6e74e71873893651c3562e86aac5e4_AcqControlDlg_GTSPOON.csv,186,0.09073170731707317,2.5939592159628546
