file,nrBest,proportionBest,entropyNrActions
nr_265_id_15_04d666aa70272841b97a0798e92b1ff032c167e1_TipCalculatorActivity_GTSPOON.csv,1710,0.8341463414634146,0.859304975196492
