file,nrBest,proportionBest,entropyNrActions
nr_269_id_28_0bed21a8dd46ef3e2a03ee854b3678ccfc1337c1_Hooks_GTSPOON.csv,1341,0.6541463414634147,1.1721200636257834
