file,nrBest,proportionBest,entropyNrActions
nr_335_id_16_06290ef2fde22808973ee6eeaf5042da04aed629_FileInputList_GTSPOON.csv,1746,0.8517073170731707,0.8490226546724278
