file,nrBest,proportionBest,entropyNrActions
nr_564_id_11_080fb227e85da51ce576c951a12f9fd706934007_JaasTestVerify_GTSPOON.csv,1625,0.7926829268292683,1.023475274315874
