file,nrBest,proportionBest,entropyNrActions
nr_184_id_18_038ba469c5d08832f333d2fc3f07484cd21d410f_BaseTrigger_GTSPOON.csv,1618,0.7892682926829269,0.9276392016355351
