file,nrBest,proportionBest,entropyNrActions
nr_731_id_2_01907e2425355e494f8d0210b923eaf70f237889_Booter_GTSPOON.csv,1546,0.7541463414634146,1.2312123645264237
