file,nrBest,proportionBest,entropyNrActions
nr_238_id_8_02022313fbc657c8dd4b037571f317c5ae511af3_Scribe_GTSPOON.csv,1340,0.6536585365853659,1.5824176444684883
