file,nrBest,proportionBest,entropyNrActions
nr_361_id_16_069432b09e191d5ec0101091fc01f2cec736f8b1_Tut_GTSPOON.csv,1939,0.9458536585365853,0.3035306466096263
