file,nrBest,proportionBest,entropyNrActions
nr_575_id_35_6f752606013d98bc3400a4eb6176f89914d17563_SimpleSipServlet_GTSPOON.csv,920,0.44878048780487806,1.7270084554963068
