file,nrBest,proportionBest,entropyNrActions
nr_337_id_37_955a7290f65748c7cdcae9109936726c58ff54b5_BindingManager_GTSPOON.csv,19,0.009268292682926829,3.0039479067365313
