file,nrBest,proportionBest,entropyNrActions
nr_573_id_1_065dfa40e7664bf9111853802e35c2bc352b31bf_ViewIndexer_GTSPOON.csv,1001,0.48829268292682926,2.5066808808546366
