file,nrBest,proportionBest,entropyNrActions
nr_123_id_14_0190f5256a521cd72db7942d9a66e529d3bda8d9_DiscussionsApplication_GTSPOON.csv,2025,0.9878048780487805,0.07974986572017619
