file,nrBest,proportionBest,entropyNrActions
nr_26_id_4_001420b47d9bf036f09d2183f6c151c2d5e90864_JavaElements_GTSPOON.csv,1344,0.655609756097561,1.3024420338438327
