file,nrBest,proportionBest,entropyNrActions
nr_213_id_32_1368c01541fc605cf012a32061ac62577426f173_VersionSuffixGenerator_GTSPOON.csv,1327,0.6473170731707317,1.631041843643961
