file,nrBest,proportionBest,entropyNrActions
nr_68_id_8_0095cad46ea6cd7362e69943247be772701d2d38_EmulatorView_GTSPOON.csv,120,0.05853658536585366,2.6001391841639805
