file,nrBest,proportionBest,entropyNrActions
nr_23_id_37_09adb9e6d7af69674537fb104a2b0227f90df62e_OptionsForm_GTSPOON.csv,1733,0.8453658536585366,0.825999066151829
