file,nrBest,proportionBest,entropyNrActions
nr_505_id_24_0f10b699c09fd706f226ffca77ca98c2fc181c9c_Cookie_GTSPOON.csv,1175,0.573170731707317,1.771866327061844
