file,nrBest,proportionBest,entropyNrActions
nr_207_id_14_02fd530f286adca8f4268ecc00981a1577e58bfe_ArgumentParser_GTSPOON.csv,1281,0.6248780487804878,1.5251686556885882
