file,nrBest,proportionBest,entropyNrActions
nr_420_id_14_0623213ea1425d3b3e0157bb5438bd3779cd8860_UpdateManager_GTSPOON.csv,1810,0.8829268292682927,0.6743651306507484
