file,nrBest,proportionBest,entropyNrActions
nr_252_id_13_0391db532a1b8d7127b2205c4fcf2fc626f25928_ProgramServlet_GTSPOON.csv,1127,0.5497560975609757,1.702410450742335
