file,nrBest,proportionBest,entropyNrActions
nr_237_id_20_048c8e7442bc53e7309f6bf5602fa9887e6d0a94_SearchHelper_GTSPOON.csv,1092,0.5326829268292683,2.131507716830183
