file,nrBest,proportionBest,entropyNrActions
nr_293_id_26_0a622ba89a1021ae3eb43eb3d3699f6c2bc7b187_JglfwInput_GTSPOON.csv,144,0.0702439024390244,2.9546351748214374
