file,nrBest,proportionBest,entropyNrActions
nr_136_id_12_017e66779755a63ba7a1e5255484c91eed14d46c_MainActivity_GTSPOON.csv,1264,0.6165853658536585,1.6230608942286384
