file,nrBest,proportionBest,entropyNrActions
nr_257_id_35_315ddb46682a432789094e0b10e8c2e27cb96f4c_DataNode_GTSPOON.csv,179,0.0873170731707317,3.400894093709275
