file,nrBest,proportionBest,entropyNrActions
nr_589_id_11_085d524572cbbb636a99ddc5ef8cee026437f73e_SOAPElement_GTSPOON.csv,1819,0.8873170731707317,0.5125993806276784
