file,nrBest,proportionBest,entropyNrActions
nr_212_id_21_056bf2906c62f40aa6ddae2115b932c487e1965a_FinalizeOperation_GTSPOON.csv,1924,0.9385365853658536,0.4035613848175378
