file,nrBest,proportionBest,entropyNrActions
nr_351_id_21_091b564b04e2b57f39d8b653379f1f70ce752ac5_SerializerBaseTest_GTSPOON.csv,483,0.23560975609756096,2.1843877520502457
