file,nrBest,proportionBest,entropyNrActions
nr_170_id_10_01786d5ed7cba2a636e662fc277442bf87ca221c_SchemaField_GTSPOON.csv,557,0.27170731707317075,2.1554213422965525
