file,nrBest,proportionBest,entropyNrActions
nr_109_id_13_018d53f0e245891574a8ddf1b8611c018379ea9b_DownloadFileTask_GTSPOON.csv,1709,0.8336585365853658,0.9156526776502723
