file,nrBest,proportionBest,entropyNrActions
nr_568_id_4_0239989bac121020050b070af2e352abf167862e_Transcoder_GTSPOON.csv,2010,0.9804878048780488,0.13634681507940866
