file,nrBest,proportionBest,entropyNrActions
nr_70_id_35_0e366f692b57381a7e8386d2809eb3f89fd7d360_StatementTest_GTSPOON.csv,210,0.1024390243902439,2.08291492920301
