file,nrBest,proportionBest,entropyNrActions
nr_68_id_28_02fc901be97b514e0a613d5686acc84c76f48987_UserModel_GTSPOON.csv,1705,0.8317073170731707,0.8687444832510931
