file,nrBest,proportionBest,entropyNrActions
nr_127_id_25_042b6b4f0d27c9477b7681f92a7925bb46a71f65_GameListOpenHelper_GTSPOON.csv,1097,0.5351219512195122,1.8139875627248117
