file,nrBest,proportionBest,entropyNrActions
nr_425_id_25_0ec959c0e76dc5438d420b8bff53979aa2d5d473_CampusPanel_GTSPOON.csv,133,0.06487804878048781,3.178404560508203
