file,nrBest,proportionBest,entropyNrActions
nr_352_id_29_146a9eeffa83a8cd6a2f3ea8557a69906064b290_ExpressionCompiler_GTSPOON.csv,1314,0.6409756097560976,1.5240120018779295
