file,nrBest,proportionBest,entropyNrActions
nr_117_id_18_023528eab103b0449df32f72e75072dea4d582be_DeclarationsTest_GTSPOON.csv,611,0.29804878048780487,2.2825862206232834
