file,nrBest,proportionBest,entropyNrActions
nr_342_id_10_0352a3eef8c4b23345d5879c952f4da6fc5634a7_RelationTable_GTSPOON.csv,903,0.4404878048780488,2.268421429137427
