file,nrBest,proportionBest,entropyNrActions
nr_369_id_21_09b42d45e3bb3540ce3f9d2e7867d73a00c85d99_PatternMatchesTest_GTSPOON.csv,2025,0.9878048780487805,0.07196340452121225
