file,nrBest,proportionBest,entropyNrActions
nr_249_id_26_0902e6bbd32494524e4c1164cfc47e23c53ca967_MythtvProvider_GTSPOON.csv,5,0.0024390243902439024,3.1119982367069197
