file,nrBest,proportionBest,entropyNrActions
nr_23_id_19_00c0bf346870411d9bf6b699e2958491299a10ee_FormattedTextTest_GTSPOON.csv,210,0.1024390243902439,2.237087162763186
