file,nrBest,proportionBest,entropyNrActions
nr_23_id_26_00c6d676c0ebbb952746e7c466cdf998c235520a_CreateSetCommand_GTSPOON.csv,1200,0.5853658536585366,1.7353714963868374
