file,nrBest,proportionBest,entropyNrActions
nr_378_id_30_17a80081a42410f541a220ab7e6afc64fc6cc399_Camera_GTSPOON.csv,813,0.39658536585365856,2.5426213902664316
