file,nrBest,proportionBest,entropyNrActions
nr_125_id_16_02627adfa3d240d817e34af69be8d07e9c66c136_Camera_GTSPOON.csv,66,0.03219512195121951,2.6786186168137442
