file,nrBest,proportionBest,entropyNrActions
nr_287_id_8_0266c336e288b77e9441d61777a40ca4f41e9b8b_GameSprite_GTSPOON.csv,1715,0.8365853658536585,0.8569409570595458
