file,nrBest,proportionBest,entropyNrActions
nr_140_id_7_0189d2c659583c8e795e2377885e1c558180088d_DropboxSynchronizer_GTSPOON.csv,1381,0.6736585365853659,1.4747443915299951
