file,nrBest,proportionBest,entropyNrActions
nr_115_id_32_0a23b86ba14a663f3473c5e695cebed675176be4_BioVisAD_GTSPOON.csv,120,0.05853658536585366,2.9860315013750904
