file,nrBest,proportionBest,entropyNrActions
nr_54_id_7_008c2cc9b48440c43a88689585b1858b434260fa_ModuleListController_GTSPOON.csv,1151,0.5614634146341464,2.196049636428059
