file,nrBest,proportionBest,entropyNrActions
nr_31_id_35_06e81ee79961cf2de46c734ea4924bea432584ac_RunAndTrack_GTSPOON.csv,2010,0.9804878048780488,0.12063176126699957
