file,nrBest,proportionBest,entropyNrActions
nr_21_id_7_002e69e23273033d0808e842975c921e33769beb_BefehlGive_GTSPOON.csv,8,0.003902439024390244,0.630791712762724
