file,nrBest,proportionBest,entropyNrActions
nr_153_id_30_09ad5844c675dad32815fca932e718660a79dc26_RequestDispatcherImpl_GTSPOON.csv,1064,0.5190243902439025,2.076423385609852
