file,nrBest,proportionBest,entropyNrActions
nr_293_id_20_05a5786a231fddb0afdf718f5d5f9c97f58897e9_StatsProvider_GTSPOON.csv,10,0.004878048780487805,3.205874045872396
