file,nrBest,proportionBest,entropyNrActions
nr_382_id_14_059cb205b52d72d40e543c760ddad93e7e76fe24_TeleportManager_GTSPOON.csv,1350,0.6585365853658537,1.6331624070302415
