file,nrBest,proportionBest,entropyNrActions
nr_426_id_18_07e8b5fe0a62bf4bb560cc0e55637b90a6841785_ExcelLayoutEngine_GTSPOON.csv,43,0.020975609756097562,2.8598909653764686
