file,nrBest,proportionBest,entropyNrActions
nr_358_id_21_096112c454e7d9356a28e029aa21c274e1d27428_Leader_GTSPOON.csv,146,0.07121951219512195,2.6437110235250616
