file,nrBest,proportionBest,entropyNrActions
nr_150_id_37_453ddce5d4bc1728ae1a7ee7024f482b24ae40f5_DeviceAssert_GTSPOON.csv,1757,0.8570731707317073,0.6826179062514087
