file,nrBest,proportionBest,entropyNrActions
nr_461_id_35_58f80ff48ca5ebe426cac778bba3c331d63899e6_MDS_GTSPOON.csv,1907,0.9302439024390244,0.43794636512382634
