file,nrBest,proportionBest,entropyNrActions
nr_74_id_34_0b4894326e53028d943e62d772e530008e127178_MemberPInfoPanel_GTSPOON.csv,100,0.04878048780487805,2.2603387266979142
