file,nrBest,proportionBest,entropyNrActions
nr_487_id_5_03ff1951b3e324bf4e1e6b96b80974989abb8e6b_AllowedTag_GTSPOON.csv,1809,0.8824390243902439,0.6982510007970025
