file,nrBest,proportionBest,entropyNrActions
nr_76_id_37_2056aeb3efa19d5df1175e4affe59091257e2f60_Finch_GTSPOON.csv,2005,0.9780487804878049,0.1267208493595892
