file,nrBest,proportionBest,entropyNrActions
nr_222_id_27_09c2b616e2b0e247431eb681af03376548ffcedb_CookieManager_GTSPOON.csv,1931,0.9419512195121951,0.35731907742706365
