file,nrBest,proportionBest,entropyNrActions
nr_407_id_19_09dbbd1e9e6b15e0240a9359dd003097d1f9d6c7_GetCommand_GTSPOON.csv,1626,0.7931707317073171,1.0535832559452654
