file,nrBest,proportionBest,entropyNrActions
nr_173_id_12_01ec9157ebd9e0f22732fa5cdb2e51adbb9b6965_HP33120aControl_GTSPOON.csv,1557,0.7595121951219512,1.1604086134960105
