file,nrBest,proportionBest,entropyNrActions
nr_449_id_10_044c9d97f00535d264e969186890d140a15b71b9_AuthDB_GTSPOON.csv,985,0.48048780487804876,1.965728136090596
