file,nrBest,proportionBest,entropyNrActions
nr_301_id_7_031e75edf517ca1632aacf77177c3542a6012262_FieldCriteria_GTSPOON.csv,1734,0.8458536585365853,0.7757002303242638
