file,nrBest,proportionBest,entropyNrActions
nr_4_id_32_008d4e7cd0f7e79353043c759b46453dde35a49c_StatusLine_GTSPOON.csv,475,0.23170731707317074,3.352740666022058
