file,nrBest,proportionBest,entropyNrActions
nr_85_id_13_014c2c00ff9be74dbb803e846d5afae269667e17_NetworkUtils_GTSPOON.csv,1181,0.5760975609756097,1.769515711724858
