file,nrBest,proportionBest,entropyNrActions
nr_126_id_30_07f8212ee76150212be7bcd98a585f6295154aab_PyJavaType_GTSPOON.csv,5,0.0024390243902439024,4.112942073074798
