file,nrBest,proportionBest,entropyNrActions
nr_96_id_10_00c1173f6b2e9726b2f3ea412432c5b7a57de1d6_ID3v1TagTest_GTSPOON.csv,1468,0.7160975609756097,1.3135220547524291
