file,nrBest,proportionBest,entropyNrActions
nr_183_id_18_0380f456b4b6ee7e5d53101d05377c01ee9866f0_Painter_multi_GTSPOON.csv,341,0.16634146341463416,3.1402517591524264
