file,nrBest,proportionBest,entropyNrActions
nr_322_id_21_0868748d33ea9676a2656648127e74b8f6847073_RunAppServer_GTSPOON.csv,1336,0.6517073170731708,1.6482202292118906
