file,nrBest,proportionBest,entropyNrActions
nr_101_id_15_01965b76315ad500c0ba3db0705821b726b2be78_StreamGobbler_GTSPOON.csv,6,0.002926829268292683,2.451262364566372
