file,nrBest,proportionBest,entropyNrActions
nr_700_id_3_04cbc0230943a4376870cbac5c5b138495ca8a24_MainPane_GTSPOON.csv,778,0.3795121951219512,1.0225666961765625
