file,nrBest,proportionBest,entropyNrActions
nr_53_id_20_00f8d36411b840d4375d8cd6c76e16bbf8c94861_StagesService_GTSPOON.csv,1559,0.7604878048780488,1.116929080077575
