file,nrBest,proportionBest,entropyNrActions
nr_349_id_34_309bf38f0727692ad88b1b5e60bcc417a292c284_PackagesPage_GTSPOON.csv,5,0.0024390243902439024,3.4193675066151843
