file,nrBest,proportionBest,entropyNrActions
nr_119_id_17_024712fa35551e0bd819367b2b3fa7c2935655bd_recordtest_GTSPOON.csv,54,0.026341463414634145,1.5815686388058225
