file,nrBest,proportionBest,entropyNrActions
nr_299_id_38_c59b3d33709b62f409da6afe6ba51f46deb65121_Item_GTSPOON.csv,1928,0.9404878048780487,0.3132352952912479
