file,nrBest,proportionBest,entropyNrActions
nr_497_id_34_447399928346f0f2a826423511cb241cd89db407_SecondLevelIndicatorControlBar_GTSPOON.csv,19,0.009268292682926829,2.368904000155755
