file,nrBest,proportionBest,entropyNrActions
nr_324_id_8_02b7a3cc8d7c30ef294d4689610a64fa08e7b4ce_PhaseRequest_GTSPOON.csv,5,0.0024390243902439024,1.4817720583660163
