file,nrBest,proportionBest,entropyNrActions
nr_652_id_6_0404fa47928d9b2f745c094a240f8e93ad70b316_ImportRestService_GTSPOON.csv,1710,0.8341463414634146,0.8796433731254961
