file,nrBest,proportionBest,entropyNrActions
nr_182_id_26_06e38f482a83b41a68a83eb55ef903c241261bb5_ChatConfiguration_GTSPOON.csv,1374,0.6702439024390244,1.4662184417407083
