file,nrBest,proportionBest,entropyNrActions
nr_291_id_28_0d3018fdd2ddc0dd8392be5cb5345568c7794f90_GenericEntityTO_GTSPOON.csv,1548,0.7551219512195122,1.3314765638107966
