file,nrBest,proportionBest,entropyNrActions
nr_99_id_16_01fc990b407c1b479c32efe3b14c8f1a7dc91c61_AuthorParser_GTSPOON.csv,2025,0.9878048780487805,0.07318389823715905
