file,nrBest,proportionBest,entropyNrActions
nr_453_id_36_74c216ffcf5c9946932c1045b4ca1739fa02ef52_HTTPServer_GTSPOON.csv,1,0.0004878048780487805,2.4710328566992565
