file,nrBest,proportionBest,entropyNrActions
nr_459_id_23_0e483081689f4a9764492d7a9a202e8ee81911f6_TextTableWriter_GTSPOON.csv,173,0.08439024390243903,2.3180797578816237
