file,nrBest,proportionBest,entropyNrActions
nr_346_id_37_9abc20da056019e062349aa4bc296228888b8565_MDPrinceGeorgesCountyEParser_GTSPOON.csv,1637,0.7985365853658537,0.9933018503496561
