file,nrBest,proportionBest,entropyNrActions
nr_482_id_11_06a13c5565594cfa228f72b9f5646134f3e0ff79_PersonTargetFinder_GTSPOON.csv,1554,0.7580487804878049,0.977691702994981
