file,nrBest,proportionBest,entropyNrActions
nr_219_id_11_02dabc54ee827bcf46a2a469bab2215235ebed81_DRPCSpout_GTSPOON.csv,1397,0.6814634146341464,1.4762399161452904
