file,nrBest,proportionBest,entropyNrActions
nr_476_id_21_0c1d216a48898a67c0a3d82ae36d2323456292ce_ISQReader_GTSPOON.csv,113,0.055121951219512196,2.9681245594724817
