file,nrBest,proportionBest,entropyNrActions
nr_270_id_24_086706755f96a3513c97fc967f9450d907af97a2_AbstractDMWithAttributes_mxJPO_GTSPOON.csv,1283,0.6258536585365854,1.5334383866142691
