file,nrBest,proportionBest,entropyNrActions
nr_252_id_18_04feaaa2fb729985b1d6634003ae90f362ef964c_MtosiUtils_GTSPOON.csv,1661,0.8102439024390244,0.8736333161334402
