file,nrBest,proportionBest,entropyNrActions
nr_142_id_18_02c2f2952c98c111a208bf15ab7081712be70cb5_BackupRestoreStatus_GTSPOON.csv,1186,0.5785365853658536,1.6715841008381804
