file,nrBest,proportionBest,entropyNrActions
nr_414_id_36_6ba090f468cd37df7f044a08dd591078cc8828e8_RemoteIndexManager_GTSPOON.csv,1737,0.8473170731707317,0.8224885938505209
