file,nrBest,proportionBest,entropyNrActions
nr_41_id_12_007946be681c378c7ba6670d4001dae4ab968b3a_EtsyTest1_GTSPOON.csv,1816,0.8858536585365854,0.5732027152337928
