file,nrBest,proportionBest,entropyNrActions
nr_26_id_24_00c25c742b0a0e5753091b468f31ba600972e718_StarBase_GTSPOON.csv,86,0.041951219512195125,0.31212265879444845
