file,nrBest,proportionBest,entropyNrActions
nr_210_id_27_095ac2b60a4578c9732805e5db1cc31f800d548c_JarDeployMojo_GTSPOON.csv,320,0.15609756097560976,0.5918480117620526
