file,nrBest,proportionBest,entropyNrActions
nr_246_id_29_0e7872020c8f6293d499655392526cfe19217836_AbstractOneDReader_GTSPOON.csv,150,0.07317073170731707,1.8627489978765301
