file,nrBest,proportionBest,entropyNrActions
nr_502_id_14_072851bf30c2f482a37351c9b61f6e404016f100_DatePickerEx_GTSPOON.csv,2015,0.9829268292682927,0.1047847065935152
