file,nrBest,proportionBest,entropyNrActions
nr_268_id_26_09716c8cad4937f90a715542483b815bcc3c49c9_FlipView_GTSPOON.csv,5,0.0024390243902439024,2.9479984475578025
