file,nrBest,proportionBest,entropyNrActions
nr_291_id_33_257c8c36d046adb4fde984e6461ca041c57c402b_Screen_GTSPOON.csv,1458,0.7112195121951219,1.364722596079384
