file,nrBest,proportionBest,entropyNrActions
nr_298_id_12_034490615c4bc8e80e440fe98b3306736e08354a_ConfigurationComposite_GTSPOON.csv,77,0.037560975609756096,3.243691045810241
