file,nrBest,proportionBest,entropyNrActions
nr_219_id_29_0c8f8b84fecc59b9b008a797eb5d15342e991b06_Util_GTSPOON.csv,1574,0.7678048780487805,1.034095111823591
