file,nrBest,proportionBest,entropyNrActions
nr_349_id_13_050985abb67e41398bad1c849f788d2178477909_BannerAdView_GTSPOON.csv,56,0.027317073170731707,2.626188290401602
