file,nrBest,proportionBest,entropyNrActions
nr_148_id_24_047b1e7dcda39605294f585fa8ae455a96856ebd_UserViewDto_GTSPOON.csv,1720,0.8390243902439024,0.6944866064512998
