file,nrBest,proportionBest,entropyNrActions
nr_616_id_4_026124112d88b9980be018852503e9122fd12dd4_GLBrick_GTSPOON.csv,286,0.13951219512195123,2.4349940273902
