file,nrBest,proportionBest,entropyNrActions
nr_237_id_8_0201e5a92e15242bd7e81a125d92e84a683ea21d_ArithmeticLogicUnitTest_GTSPOON.csv,2010,0.9804878048780488,0.12391474500850813
