file,nrBest,proportionBest,entropyNrActions
nr_482_id_13_070a97889615f625bfaa3f7194e6830a4ac189a1_LearningTrack_GTSPOON.csv,1749,0.853170731707317,0.6719550063746711
