file,nrBest,proportionBest,entropyNrActions
nr_103_id_17_01f641c9260b62e56b5a9f461f543ae1d6536e94_FileProvider_GTSPOON.csv,826,0.4029268292682927,1.86689945691578
