file,nrBest,proportionBest,entropyNrActions
nr_400_id_35_4b6726e515c77308a390502b5a73ebc194077132_AbstractAjaxStatus_GTSPOON.csv,2015,0.9829268292682927,0.11738253182226492
