file,nrBest,proportionBest,entropyNrActions
nr_13_id_11_0015701e8d8d27ce502e1344e592254280f3c788_DrawingCircles_GTSPOON.csv,1834,0.8946341463414634,0.619856334422687
