file,nrBest,proportionBest,entropyNrActions
nr_142_id_32_0cd7c83044b10b02e8a5355b7607342fca872d1e_PokerHand_GTSPOON.csv,1918,0.935609756097561,0.3718046471471775
