file,nrBest,proportionBest,entropyNrActions
nr_165_id_16_033871ae89e3f891a2b3326d11e3d73b778e4076_DefaultGrailsTaskClass_GTSPOON.csv,1539,0.7507317073170732,1.1434107275607421
