file,nrBest,proportionBest,entropyNrActions
nr_69_id_6_00838c0839b21e4d3e25f722ae9afe38980d89f2_Performance_GTSPOON.csv,560,0.2731707317073171,2.9277800751091103
