file,nrBest,proportionBest,entropyNrActions
nr_134_id_10_01196fb48f6899d1336cf7338e57baebcb156185_SWTEclipseExt_GTSPOON.csv,80,0.03902439024390244,2.4990830954599383
