file,nrBest,proportionBest,entropyNrActions
nr_250_id_14_03b80049cce51eef0c352977407d4cf558291aa3_PhotoModule_GTSPOON.csv,168,0.08195121951219513,2.856023833199741
