file,nrBest,proportionBest,entropyNrActions
nr_13_id_38_08733a91a75988e7c4b1e750fdbdf6f49404a9f3_Transition_GTSPOON.csv,1553,0.7575609756097561,1.0724874567100329
