file,nrBest,proportionBest,entropyNrActions
nr_295_id_26_0a6734e738a219156a902a3f4742060ae74dda4f_StartEventFactory_GTSPOON.csv,1819,0.8873170731707317,0.6237234325167403
