file,nrBest,proportionBest,entropyNrActions
nr_399_id_32_22873ee83dd032ed0184392a4903557490d8bbb4_JavaUtilLog_GTSPOON.csv,30,0.014634146341463415,1.1343647534502697
