file,nrBest,proportionBest,entropyNrActions
nr_63_id_14_00e0e1780cd194d1e4361996b419d1aa2563a370_AnimaldbSeleniumTest_GTSPOON.csv,426,0.20780487804878048,2.5867577333738616
