file,nrBest,proportionBest,entropyNrActions
nr_230_id_23_078dd1a38f30127f7675937d5a10a2f30fd586bd_RepositoryDAOTemplate_GTSPOON.csv,1646,0.8029268292682927,0.8603736942526347
