file,nrBest,proportionBest,entropyNrActions
nr_65_id_24_01f6a6a88333209aead28df685ef7f7918c91e51_Activator_GTSPOON.csv,1544,0.7531707317073171,1.1864642693337029
