file,nrBest,proportionBest,entropyNrActions
nr_340_id_19_08192d67bfa18b3a19627e8f3d713f918d61d8be_AllAppsView_GTSPOON.csv,185,0.09024390243902439,2.640184840861442
