file,nrBest,proportionBest,entropyNrActions
nr_81_id_2_00259cc2c7369f02113efeb0518f81b2380c3519_Search_GTSPOON.csv,1730,0.8439024390243902,0.7423145542984038
