file,nrBest,proportionBest,entropyNrActions
nr_461_id_34_3f452c87db9c3639285eafd17fff6a6f9d28da44_Workspace_GTSPOON.csv,14,0.006829268292682927,3.561334390287926
