file,nrBest,proportionBest,entropyNrActions
nr_199_id_32_11af751912805df833cf0699fa6de481b3fbf301_LocalFlowSession_GTSPOON.csv,1315,0.6414634146341464,1.6455626209216057
