file,nrBest,proportionBest,entropyNrActions
nr_363_id_16_069a7499c3600c12e92a9cb8dc9292759715b67e_LayerServiceImpl_GTSPOON.csv,403,0.19658536585365854,2.954190492044587
