file,nrBest,proportionBest,entropyNrActions
nr_553_id_3_039b811671f3f89917ca0b7fcb59251541bd97be_TargetPanel_GTSPOON.csv,1916,0.9346341463414635,0.3693073555209122
