file,nrBest,proportionBest,entropyNrActions
nr_374_id_32_2112744d8ef12fd977a35a9982523803987d4314_ShadowContext_GTSPOON.csv,1706,0.8321951219512195,0.8597697369673017
