file,nrBest,proportionBest,entropyNrActions
nr_51_id_2_001b472d8708b16977a98a783a97d232c0205770_SelectAllAndCut_JBIDE4853_GTSPOON.csv,2024,0.9873170731707317,0.09470369248365935
