file,nrBest,proportionBest,entropyNrActions
nr_93_id_17_01cf98f5534754fe6dbb669fc871f999325487e7_BAMRecordCodec_GTSPOON.csv,1575,0.7682926829268293,1.0748131708430353
