file,nrBest,proportionBest,entropyNrActions
nr_109_id_10_00ea8fe5da7e52372b89354234c5b9377608a2f6_ClusterCommands_GTSPOON.csv,25,0.012195121951219513,2.5039885047554282
