file,nrBest,proportionBest,entropyNrActions
nr_231_id_36_3ad00aba471eb590bd62d55d73730d9dcd663852_StockWatcher_GTSPOON.csv,200,0.0975609756097561,0.45800655997620326
