file,nrBest,proportionBest,entropyNrActions
nr_312_id_6_01f34b535e24539f38a963cac036071b7cf77950_ComSession_GTSPOON.csv,905,0.44146341463414634,2.111968756867139
