file,nrBest,proportionBest,entropyNrActions
nr_219_id_7_02672763e8d32307946e13e37d1a273a0a461b26_EcEntityApOrb_GTSPOON.csv,650,0.3170731707317073,2.322353949351536
