file,nrBest,proportionBest,entropyNrActions
nr_43_id_15_00b6ea67f3d74380476d40638567032e2a82496a_EditDisciplinePage_GTSPOON.csv,1513,0.7380487804878049,0.934298856255072
