file,nrBest,proportionBest,entropyNrActions
nr_115_id_12_01527fea67d40081bfb1b381bc51d7db0bc135ca_FutureTest_GTSPOON.csv,983,0.4795121951219512,1.6465286760329005
