file,nrBest,proportionBest,entropyNrActions
nr_147_id_34_176280e6bb3684cb9db8274c1ca64060a71c5a89_ObservableTests_GTSPOON.csv,1029,0.5019512195121951,1.6638532772051218
