file,nrBest,proportionBest,entropyNrActions
nr_506_id_31_23556eddd57b78b9259a325312414f39b04eda9d_MapperGenerator_GTSPOON.csv,1398,0.6819512195121952,1.5156110830573226
