file,nrBest,proportionBest,entropyNrActions
nr_486_id_13_072f6c9ff3b83b9b77ac4296d82c4fe6f55516a6_LoginController_GTSPOON.csv,2010,0.9804878048780488,0.13580256251522765
