file,nrBest,proportionBest,entropyNrActions
nr_370_id_4_017453136cfb685b19bbc826954c82612faf67c0_WorldWindAnimationImpl_GTSPOON.csv,40,0.01951219512195122,2.4262528863431685
