file,nrBest,proportionBest,entropyNrActions
nr_338_id_27_0e946c9c4473706cc2b59c118d5bcd167213e2b7_Command_GTSPOON.csv,826,0.4029268292682927,2.422124968454533
