file,nrBest,proportionBest,entropyNrActions
nr_80_id_7_00e2526d4348f656815a887231a358018d732a8a_Fighter_GTSPOON.csv,1839,0.8970731707317073,0.6040713566570896
