file,nrBest,proportionBest,entropyNrActions
nr_498_id_31_22d0617771cc31b949597e28b25341170ee49c9c_HomePage_GTSPOON.csv,38,0.018536585365853658,3.6449033102102666
