file,nrBest,proportionBest,entropyNrActions
nr_284_id_24_08c1b0370766156e6bab9c32628148ed571992d5_Requester_GTSPOON.csv,1637,0.7985365853658537,0.9462896427895049
