file,nrBest,proportionBest,entropyNrActions
nr_461_id_18_08ae2de4a73a381250cd66910531e873dc7311cf_World_GTSPOON.csv,312,0.1521951219512195,3.169371588293653
