file,nrBest,proportionBest,entropyNrActions
nr_446_id_1_0505131824eaef3a925f841e8ab0775719f4b443_Invoker_GTSPOON.csv,199,0.09707317073170732,2.4848105946192645
