file,nrBest,proportionBest,entropyNrActions
nr_123_id_33_101432daaeadaf536711b0a526bc12ee76517b32_NodeWrapper_GTSPOON.csv,114,0.055609756097560976,3.4998544479478992
