file,nrBest,proportionBest,entropyNrActions
nr_252_id_17_0518707b9d9f9486c9557bb7810c634a6931f608_MultiverseInventoriesImporter_GTSPOON.csv,1808,0.8819512195121951,0.7285134202299829
