file,nrBest,proportionBest,entropyNrActions
nr_242_id_17_04f27fb9abc22984dd23bc6d4345742b69773214_RemoteBrowserResource_GTSPOON.csv,1449,0.7068292682926829,1.1419497347146716
