file,nrBest,proportionBest,entropyNrActions
nr_211_id_31_0efb8744228bc0c11ce93e267c5a64ae004c89f3_OverworldGen_GTSPOON.csv,1068,0.5209756097560976,2.264134270351655
