file,nrBest,proportionBest,entropyNrActions
nr_108_id_20_023fb6fb1ed0e51017b8e948ac6426d0746d9a7f_Xtend2TypeProvider_GTSPOON.csv,1200,0.5853658536585366,1.7616691847410797
