file,nrBest,proportionBest,entropyNrActions
nr_3_id_16_0014b234469b04e7857e48a26d8b22996aaa705b_Minebot_GTSPOON.csv,57,0.027804878048780488,2.990270182884406
