file,nrBest,proportionBest,entropyNrActions
nr_433_id_7_0495431c2521053b791dbbd611ff1fc819b6429e_BasePanel_GTSPOON.csv,199,0.09707317073170732,2.819070788183179
