file,nrBest,proportionBest,entropyNrActions
nr_90_id_3_00a55c056750f3257af7a0c3ca231d1cbacdd560_QueryTest_GTSPOON.csv,1680,0.8195121951219512,0.5908964793496053
