file,nrBest,proportionBest,entropyNrActions
nr_496_id_11_06d8c85c6d0a8c285dff133be25824759d719833_HUDLayer_GTSPOON.csv,1837,0.8960975609756098,0.5964367261264969
