file,nrBest,proportionBest,entropyNrActions
nr_279_id_37_777976d4e1925b5703fa181d61f8884bb27798a1_MessageParser_GTSPOON.csv,16,0.007804878048780488,2.5863681894618944
