file,nrBest,proportionBest,entropyNrActions
nr_103_id_5_00f148512cedce6985a6104a127660c3fa312177_XMLUtils_GTSPOON.csv,700,0.34146341463414637,2.1870815303458095
