file,nrBest,proportionBest,entropyNrActions
nr_156_id_21_042e84e8d0456f6e875df00db2f44acd95f266e1_OsmPrimitive_GTSPOON.csv,140,0.06829268292682927,2.836792866593548
