file,nrBest,proportionBest,entropyNrActions
nr_207_id_29_0bcd651ff79e8e498d186ab44d955c3974e684e4_BlockListener_GTSPOON.csv,1201,0.5858536585365853,1.659343099514003
