file,nrBest,proportionBest,entropyNrActions
nr_102_id_19_027a778cba6945c08178f659152928a96dedc934_PeriodFormatterBuilder_GTSPOON.csv,119,0.05804878048780488,3.4048795657838866
