file,nrBest,proportionBest,entropyNrActions
nr_239_id_15_047a15538d9570ff787eaa6d62daabc6e8ea3459_JavafxCheck_GTSPOON.csv,167,0.08146341463414634,2.6115141122787646
