file,nrBest,proportionBest,entropyNrActions
nr_367_id_34_32d050fe2187ca0608657876ec089453f1a4a289_KnockOut_GTSPOON.csv,15,0.007317073170731708,2.873737413906526
