file,nrBest,proportionBest,entropyNrActions
nr_299_id_7_031b75e720e8d922ce49cd94c00175700790494f_OrderTimePredictionService_GTSPOON.csv,140,0.06829268292682927,2.4228919771283235
