file,nrBest,proportionBest,entropyNrActions
nr_71_id_5_00a482e01711e759cac22a2ba27b3d25c55c9d85_MethodDeclaration_GTSPOON.csv,1576,0.7687804878048781,1.0705757716478912
