file,nrBest,proportionBest,entropyNrActions
nr_306_id_28_0da7307dd030eec5e5e9a460e31b17a4e2fa359c_PPbot_GTSPOON.csv,1,0.0004878048780487805,2.440760633803672
