file,nrBest,proportionBest,entropyNrActions
nr_83_id_21_026713bb224d449d653e45a79ba11c659defaf90_RunConfig_GTSPOON.csv,613,0.2990243902439024,2.1926415047359162
