file,nrBest,proportionBest,entropyNrActions
nr_385_id_20_077a9e50b9d134c9eb1434caefb1094c02f54275_BillSimpleEntry_GTSPOON.csv,238,0.11609756097560976,2.1743560964333417
