file,nrBest,proportionBest,entropyNrActions
nr_129_id_19_0356c447b30e092bdc12a4b7288c08f5ef87534c_ObjectStreamClass_GTSPOON.csv,209,0.10195121951219512,2.4442560228191326
