file,nrBest,proportionBest,entropyNrActions
nr_7_id_32_00d012cf3d298430c28a931e86ffc96890ada932_XMLMessageInfoHelper_GTSPOON.csv,1647,0.8034146341463415,0.9838381500909601
