file,nrBest,proportionBest,entropyNrActions
nr_318_id_21_084c8433083b427e74711d1ab6647a2ceccdf0aa_testClass_GTSPOON.csv,208,0.10146341463414635,0.8885637137651694
