file,nrBest,proportionBest,entropyNrActions
nr_198_id_6_01511fb6246c3676ca2a9024d1a75b41b8a97777_AtlasRFactoryBuilder_GTSPOON.csv,2025,0.9878048780487805,0.09227567146623936
