file,nrBest,proportionBest,entropyNrActions
nr_271_id_22_070174f1420aea9dbc2936858d86ae59c614d51a_CisManagerForm_GTSPOON.csv,1839,0.8970731707317073,0.5532159128750939
