file,nrBest,proportionBest,entropyNrActions
nr_177_id_4_0099b3858f97b9ec1b3a95122b6d13f411cad2cc_EdgeAction_GTSPOON.csv,433,0.21121951219512194,2.687447518533261
