file,nrBest,proportionBest,entropyNrActions
nr_153_id_8_01648e49d7d3e132320eb9610892e6daeb9bd8e7_AMEEResource_GTSPOON.csv,1305,0.6365853658536585,1.6549997727030143
