file,nrBest,proportionBest,entropyNrActions
nr_265_id_9_032f87a7ef30d6646a127592b397026a401257aa_TwitterTopology_GTSPOON.csv,2006,0.9785365853658536,0.140738549267495
