file,nrBest,proportionBest,entropyNrActions
nr_286_id_34_2858d00e858084177e4bb837c9c17187d9456902_TaskBarManager_GTSPOON.csv,1839,0.8970731707317073,0.5759525008310469
