file,nrBest,proportionBest,entropyNrActions
nr_260_id_22_06b909e828f88519374e12a3ba7814c1e999844e_AlarmRepeatOnDialogPreference_GTSPOON.csv,766,0.37365853658536585,1.0549631048230754
