file,nrBest,proportionBest,entropyNrActions
nr_239_id_17_04df70e8137f765b67b38e75b9748cf982d1f7da_EquivModule_GTSPOON.csv,600,0.2926829268292683,1.795131198203844
