file,nrBest,proportionBest,entropyNrActions
nr_523_id_5_04482465e3301e6e414c8296c3a87c66ffc71525_Slide_GTSPOON.csv,2015,0.9829268292682927,0.12185224270945592
