file,nrBest,proportionBest,entropyNrActions
nr_614_id_2_0150f73ac180714cae49782e674ecb68fde12326_OpenSSLSocketImpl_GTSPOON.csv,149,0.07268292682926829,2.9882521437733356
