file,nrBest,proportionBest,entropyNrActions
nr_312_id_32_1b0fde107e9f1fb0c6f82da97f3de9a1d669b70d_File_GTSPOON.csv,73,0.03560975609756097,3.2298690115194386
