file,nrBest,proportionBest,entropyNrActions
nr_170_id_14_02462329af81ecd8d89f58b3ad5f43a8a124678f_XtendBatchCompiler_GTSPOON.csv,720,0.35121951219512193,2.267024436037908
