file,nrBest,proportionBest,entropyNrActions
nr_665_id_5_058fe592592a09442907a42676917099198b883b_BoneCPConfig_GTSPOON.csv,220,0.1073170731707317,2.532993414130795
