file,nrBest,proportionBest,entropyNrActions
nr_110_id_34_11a004394fa41b6414105a8ef78f0096c789203e_DeskClock_GTSPOON.csv,810,0.3951219512195122,2.4231477091460736
