file,nrBest,proportionBest,entropyNrActions
nr_344_id_19_08212d0c830e9b26b2c3e52af8f498ff49cc26ec_TasksAction_GTSPOON.csv,1538,0.7502439024390244,0.895904329554571
