file,nrBest,proportionBest,entropyNrActions
nr_206_id_28_0924da1d8ce59881d6339e20f8647b5e7baeac22_TestSimpleWorkUnit_GTSPOON.csv,520,0.25365853658536586,2.7707410759907756
