file,nrBest,proportionBest,entropyNrActions
nr_120_id_17_024749910c8cd44df982803cc57f2767a227da58_BrowseEntity_GTSPOON.csv,2020,0.9853658536585366,0.10749234092938556
