file,nrBest,proportionBest,entropyNrActions
nr_319_id_24_09bb540e7787a12babf46d4a5f5876b5f67a7eea_CHSHandler_GTSPOON.csv,133,0.06487804878048781,2.712326424790902
