file,nrBest,proportionBest,entropyNrActions
nr_724_id_1_0834261f1b483c5b689553f1991e823c42b3debe_ContainerCrate_GTSPOON.csv,1766,0.8614634146341463,0.757571617183751
