file,nrBest,proportionBest,entropyNrActions
nr_105_id_9_0147519f52b96eca77f9031e605a247918052c20_FlexibleEMFModelManager_GTSPOON.csv,1548,0.7551219512195122,0.9966590196315811
