file,nrBest,proportionBest,entropyNrActions
nr_511_id_25_1225d74e94c2dd9a748b8a06cf899b2b2738639f_TopDownWSTest_GTSPOON.csv,239,0.11658536585365854,1.290656330258047
