file,nrBest,proportionBest,entropyNrActions
nr_511_id_15_094317fac093887c342874c142536c57381b7b3e_ServerSupport_GTSPOON.csv,122,0.05951219512195122,3.9004166724198637
