file,nrBest,proportionBest,entropyNrActions
nr_276_id_15_05183bac3073d9b65332695120f7989de7a4ce6c_NavigationBar_GTSPOON.csv,1831,0.8931707317073171,0.6082999437830069
