file,nrBest,proportionBest,entropyNrActions
nr_338_id_32_1de6026bd2f5b63a760e741c6ffcac68a0f34603_Preferences_GTSPOON.csv,2010,0.9804878048780488,0.12320473728647797
