file,nrBest,proportionBest,entropyNrActions
nr_190_id_16_038249eb763d84a2861f0e3ecaca5c7816e070f8_GrailsDomainBinder_GTSPOON.csv,180,0.08780487804878048,2.580548380085511
