file,nrBest,proportionBest,entropyNrActions
nr_302_id_10_02d24f7d345340eb12b7f2aeb3424d215ce77349_TranslationUnit_GTSPOON.csv,441,0.2151219512195122,2.636341071769806
