file,nrBest,proportionBest,entropyNrActions
nr_248_id_20_04a89fce98e7a777d313f1c99cd2fd15e0e0ae06_CreateTable_GTSPOON.csv,2023,0.9868292682926829,0.0982287117973276
