file,nrBest,proportionBest,entropyNrActions
nr_438_id_25_0f7351b68f9134e7ccadfa863d85b5f7446ab31f_ConfigShadow_GTSPOON.csv,1050,0.5121951219512195,1.6771181275472524
