file,nrBest,proportionBest,entropyNrActions
nr_114_id_27_04f6a41f724496a89dbde43a69dcc523921d5e15_LWJGLTextureState_GTSPOON.csv,169,0.0824390243902439,2.9395148885128357
