file,nrBest,proportionBest,entropyNrActions
nr_208_id_27_09388df912ebb1b47feb996f6cba7c0d3fa2e03b_Request_GTSPOON.csv,884,0.43121951219512195,0.8649784403075508
