file,nrBest,proportionBest,entropyNrActions
nr_165_id_2_0050613b0d8c1cc7a0f8f8e0083375d45daa99c7_Clip2_GTSPOON.csv,1726,0.8419512195121951,0.7790380440050302
