file,nrBest,proportionBest,entropyNrActions
nr_139_id_6_00f90b193efff05dbe2f9db69313e899ab8032af_StorageType_GTSPOON.csv,1823,0.8892682926829268,0.6353053806935105
