file,nrBest,proportionBest,entropyNrActions
nr_34_id_37_106b91d823d7af73972cfc50903625e07056d96f_DupsContainerCursor_GTSPOON.csv,289,0.14097560975609755,2.4873390462073295
