file,nrBest,proportionBest,entropyNrActions
nr_262_id_16_04d2826c935b3d9173ee28e03dba0bc5fca6f005_StoryList_GTSPOON.csv,1921,0.9370731707317074,0.40239133752549033
