file,nrBest,proportionBest,entropyNrActions
nr_382_id_12_04231cbd8558c4fd6749757af473288675bd6d6f_ParamInheritanceTest_GTSPOON.csv,1548,0.7551219512195122,0.9605471798890998
