file,nrBest,proportionBest,entropyNrActions
nr_417_id_7_04641e46aaa501b680166d7528eee6a32fa399a8_PositionActivity_GTSPOON.csv,160,0.07804878048780488,3.9015184904826374
