file,nrBest,proportionBest,entropyNrActions
nr_12_id_11_0015513c8a01415878101d69da02a2b06c060359_AWordSorterAndScaler_GTSPOON.csv,1934,0.9434146341463414,0.33308606786520195
