file,nrBest,proportionBest,entropyNrActions
nr_412_id_20_07d763f62d1c6ce21229a5afb371185fc2c2e979_TimerControlSet_GTSPOON.csv,20,0.00975609756097561,1.8391756013270022
