file,nrBest,proportionBest,entropyNrActions
nr_344_id_26_0bd8671678a393d2fbd091d4e9e5285ba459632e_MapTest_GTSPOON.csv,913,0.4453658536585366,2.3361159929867883
