file,nrBest,proportionBest,entropyNrActions
nr_29_id_21_00feeb70617660b2a3c832b419ac5a56631e2aaf_LoginCommand_GTSPOON.csv,577,0.2814634146341463,1.0332896042010415
