file,nrBest,proportionBest,entropyNrActions
nr_418_id_11_05b92b8165177a10f79d470ac6311c871df17202_Exceptions_GTSPOON.csv,1005,0.4902439024390244,2.0288932396529757
