file,nrBest,proportionBest,entropyNrActions
nr_119_id_39_c079528ee7f017325372b1ae33d522f37fea7449_AbstractMETSIngester_GTSPOON.csv,449,0.21902439024390244,2.488992689530551
