file,nrBest,proportionBest,entropyNrActions
nr_522_id_4_02166d368242c458912707a7f54b15e5d063960e_Activity_GTSPOON.csv,907,0.4424390243902439,0.6969020221801573
