file,nrBest,proportionBest,entropyNrActions
nr_401_id_30_18bc56049fe7213b0b96c369f36bf7548e6e1770_PerlSourceGenerator_GTSPOON.csv,19,0.009268292682926829,3.293102695800216
