file,nrBest,proportionBest,entropyNrActions
nr_39_id_4_00234b586ece182d0b84499afae96398e6d01836_LOCAnalyserTest_GTSPOON.csv,1832,0.8936585365853659,0.5605829015054864
