file,nrBest,proportionBest,entropyNrActions
nr_222_id_22_05a651640b98e13596d482d02da772618e1c2784_TypeCasterTests_GTSPOON.csv,1926,0.9395121951219512,0.36513946651119394
