file,nrBest,proportionBest,entropyNrActions
nr_194_id_35_256571b592fc39ea45dc8bf924158dd9df235163_Web_GTSPOON.csv,1807,0.8814634146341463,0.45966548956336095
