file,nrBest,proportionBest,entropyNrActions
nr_80_id_27_0373e508ec333dfff16da9e3a1331db560681b0b_NullLoggingModule_GTSPOON.csv,2030,0.9902439024390244,0.061443711955070604
