file,nrBest,proportionBest,entropyNrActions
nr_121_id_14_0186ff2e3349c3a6e81ea91d2f046dd0512f131d_GeneratorMojo_GTSPOON.csv,1008,0.4917073170731707,2.0477956626224665
