file,nrBest,proportionBest,entropyNrActions
nr_560_id_30_2195de2de7133f9646e2ab90954b78f66c985e7d_NetCdfWriterTest_GTSPOON.csv,1450,0.7073170731707317,1.3259931532449991
