file,nrBest,proportionBest,entropyNrActions
nr_450_id_20_08a9c783179a580492f1d1f29a98116218b3faaf_IFSConstants_GTSPOON.csv,215,0.1048780487804878,1.2755563794783562
