file,nrBest,proportionBest,entropyNrActions
nr_24_id_23_00bf8593c5c09b32257aefc9156b439abd446b6a_InterpretNEXML_GTSPOON.csv,1938,0.9453658536585365,0.3231004167648339
