file,nrBest,proportionBest,entropyNrActions
nr_539_id_3_0380235cdb528ac663af75bb469050523e442282_Space_GTSPOON.csv,1091,0.5321951219512195,1.9386330339857363
