file,nrBest,proportionBest,entropyNrActions
nr_642_id_4_0277044744a388af6d0ff80af685a877d0d84727_AttendeeModel_GTSPOON.csv,1628,0.7941463414634147,1.04453951203302
