file,nrBest,proportionBest,entropyNrActions
nr_369_id_12_03f9bffc648447805a9c5878ced2964e921e2683_Verifier_GTSPOON.csv,127,0.06195121951219512,2.8821871834199406
