file,nrBest,proportionBest,entropyNrActions
nr_301_id_24_095384c9fdb9170b3ee174bb1ceb5f607534af34_AMDImportOrganizer_GTSPOON.csv,1469,0.7165853658536585,1.2197444602777563
