file,nrBest,proportionBest,entropyNrActions
nr_635_id_7_06921210e50eed2e42317e7a2e0847efadb39142_SceneManager_GTSPOON.csv,188,0.09170731707317073,3.0148700966954975
