file,nrBest,proportionBest,entropyNrActions
nr_60_id_25_01f8e1174f389b20d5aa098df9137f022f5d28c7_EntityPlayerSlime_GTSPOON.csv,1500,0.7317073170731707,1.2066241724303541
