file,nrBest,proportionBest,entropyNrActions
nr_264_id_26_09692f52ea717e9f5ad1110d7b499d3c56b135c4_HttpLogInterceptor_GTSPOON.csv,2000,0.975609756097561,0.17121620350516736
