file,nrBest,proportionBest,entropyNrActions
nr_445_id_15_0846bb65bdc0383ee7f9c4347dbe30d30069596e_Oyster_GTSPOON.csv,169,0.0824390243902439,3.277923476800658
