file,nrBest,proportionBest,entropyNrActions
nr_479_id_1_054b14af5f2adc07d33f8e4721028f67a7579266_PicasaRelayServlet_GTSPOON.csv,1929,0.9409756097560975,0.3795142508775698
