file,nrBest,proportionBest,entropyNrActions
nr_66_id_37_1c12181b430fbb8a394817e195cb4d76a75b21de_UserInterface_GTSPOON.csv,10,0.004878048780487805,3.4338095120011314
