file,nrBest,proportionBest,entropyNrActions
nr_269_id_22_06f7bd0f3e176379389484a81ec6dc1b3e864c55_BpmnParse_GTSPOON.csv,178,0.08682926829268292,2.5242439625316044
