file,nrBest,proportionBest,entropyNrActions
nr_324_id_9_03cf1b8d2684aa7044d5229d5707d081c753f8e7_ConfigurationHandler_GTSPOON.csv,1179,0.5751219512195122,1.7122816664971254
