file,nrBest,proportionBest,entropyNrActions
nr_185_id_30_0b7b08b6a13453e343fe5b5e32a1b3f09678bb29_HThriftClient_GTSPOON.csv,1746,0.8517073170731707,0.8141206821332712
