file,nrBest,proportionBest,entropyNrActions
nr_270_id_11_038a1ca10c07953f17047cd616e672b102e954c2_JdbcServerAssociationStore_GTSPOON.csv,234,0.11414634146341464,1.142818679354738
