file,nrBest,proportionBest,entropyNrActions
nr_342_id_28_0f765a744e605f254695deca0306f4ec7401f44d_LineGraph_GTSPOON.csv,1180,0.5756097560975609,2.0408714411122446
