file,nrBest,proportionBest,entropyNrActions
nr_363_id_32_20813acc8be93d93122a452c36bf8db80af57b6c_GitReceiveHook_GTSPOON.csv,268,0.13073170731707318,2.141628073084366
