file,nrBest,proportionBest,entropyNrActions
nr_67_id_15_01075e82d1987039b92ff946234f48ff75253dce_DAVEditorHandler_GTSPOON.csv,12,0.005853658536585366,2.777362261304
