file,nrBest,proportionBest,entropyNrActions
nr_331_id_25_0b2bf5d39429b872d8b8fc756869f573070f6049_Angle3d_GTSPOON.csv,1700,0.8292682926829268,0.8664705583778638
