file,nrBest,proportionBest,entropyNrActions
nr_362_id_35_44a7860ad80b342659ee00cb8a7b7645289d2116_ModuleImpl_GTSPOON.csv,132,0.06439024390243903,3.2845406456439705
