file,nrBest,proportionBest,entropyNrActions
nr_235_id_5_01e88535476b969e63dabd50f56ebb726e42a8ae_ConsoleControl_GTSPOON.csv,2025,0.9878048780487805,0.09268793544283556
