file,nrBest,proportionBest,entropyNrActions
nr_318_id_17_066811e20a746e38aaeadf653a2c6a415ab0f7d4_SchemaResource_GTSPOON.csv,1820,0.8878048780487805,0.6214439836786523
