file,nrBest,proportionBest,entropyNrActions
nr_452_id_11_0633b57326ff9f30ad3f4123ede03f0ca5c269ec_MP3File_GTSPOON.csv,138,0.06731707317073171,2.2467890493074183
