file,nrBest,proportionBest,entropyNrActions
nr_17_id_2_000dc7d957297784c008095781b0ed151cb9941d_STDataController_GTSPOON.csv,1369,0.6678048780487805,1.445479791672896
