file,nrBest,proportionBest,entropyNrActions
nr_497_id_25_118c0f09ba1ea360fe16c87e6de940606182589b_CFParser_GTSPOON.csv,136,0.06634146341463415,3.5367054621270477
