file,nrBest,proportionBest,entropyNrActions
nr_154_id_36_25cf99778253e76fe6f28b7c448a589b630978f2_NewServletClassDataModel_GTSPOON.csv,1109,0.5409756097560976,1.6620280682719868
