file,nrBest,proportionBest,entropyNrActions
nr_189_id_11_02629e28cb4af2650160ee0d3699ed880ba372a7_AbstractChannel_GTSPOON.csv,40,0.01951219512195122,2.7119097410960684
