file,nrBest,proportionBest,entropyNrActions
nr_71_id_31_0552c2bf0d0f8aa2a62befa72f638d92e7698266_BrokerService_GTSPOON.csv,209,0.10195121951219512,2.5427973874095073
