file,nrBest,proportionBest,entropyNrActions
nr_52_id_15_00cbe603237f7a1f9cdd55328c968af8eda4d287_OgmLoader_GTSPOON.csv,19,0.009268292682926829,2.644255367963088
