file,nrBest,proportionBest,entropyNrActions
nr_53_id_10_007cc131c55dadbe1d03552ea038d174fabe880b_Notable_GTSPOON.csv,1752,0.8546341463414634,0.7964959945299644
