file,nrBest,proportionBest,entropyNrActions
nr_351_id_14_0529d383361fcd5b8b254978f0752d45d4519c28_SIPTransaction_GTSPOON.csv,200,0.0975609756097561,3.2137052238143062
