file,nrBest,proportionBest,entropyNrActions
nr_241_id_4_00dec75de3a7edb040599907738863748fbffae3_BackgroundPack_GTSPOON.csv,1841,0.8980487804878049,0.593522733565324
