file,nrBest,proportionBest,entropyNrActions
nr_382_id_26_0d13a0a640a947b10243c19e04ebf11e20887abb_Main_GTSPOON.csv,1644,0.8019512195121952,0.9729347145599051
