file,nrBest,proportionBest,entropyNrActions
nr_381_id_26_0cff7b97b0ff7a27c13c3889cc36640e00f3675c_Main_GTSPOON.csv,573,0.27951219512195125,1.301310119205408
