file,nrBest,proportionBest,entropyNrActions
nr_423_id_34_3b484fcf4dabfecdc0345e9c0337a81166494bd4_DetailPanel_GTSPOON.csv,329,0.16048780487804878,1.9241063896237705
