file,nrBest,proportionBest,entropyNrActions
nr_98_id_22_02254381714808dc7a912241e4f2942cf99da10e_ParserTest_GTSPOON.csv,1620,0.7902439024390244,0.5935082766605422
