file,nrBest,proportionBest,entropyNrActions
nr_45_id_30_03664d599c69a83d289f395a006b25b23bf26eb6_JdbcConversationDAO_GTSPOON.csv,720,0.35121951219512193,2.1785542402575064
