file,nrBest,proportionBest,entropyNrActions
nr_160_id_27_07358520b8bdc69f801a13e6a8c8f2fc5f1eca00_PlanNodeUtil_GTSPOON.csv,15,0.007317073170731708,3.2736793543647167
