file,nrBest,proportionBest,entropyNrActions
nr_653_id_4_0282190a6b6847b2c1f73af0276d9050fd745d0f_BypassMethods_GTSPOON.csv,1565,0.7634146341463415,1.111523713750416
