file,nrBest,proportionBest,entropyNrActions
nr_74_id_27_03554e1ff522677452f07bf1d985f3665f02d711_ServerWorker_GTSPOON.csv,27,0.013170731707317073,3.690769332132877
