file,nrBest,proportionBest,entropyNrActions
nr_445_id_31_1f2b647bdf9db0db6e24912cb56aa9c715d62164_JTrayIcon_GTSPOON.csv,760,0.37073170731707317,1.0058369431230458
