file,nrBest,proportionBest,entropyNrActions
nr_222_id_34_20957768a02f3b82133921debb93664c59d36bc1_PolygonChartRenderer_GTSPOON.csv,1064,0.5190243902439025,2.1111813434401734
