file,nrBest,proportionBest,entropyNrActions
nr_454_id_36_74df3357d027909b5a51e70c48bb352e2e63bae6_ExploreDataPage_GTSPOON.csv,195,0.0951219512195122,2.8087165713560798
