file,nrBest,proportionBest,entropyNrActions
nr_209_id_12_0251fb6460c696091ca9f60f9f3b1bf6e84fc596_MessageList_GTSPOON.csv,171,0.08341463414634147,2.6701246379104733
