file,nrBest,proportionBest,entropyNrActions
nr_331_id_10_0333fdd3779e13f68273ac0c6a92f4daf24aa418_AddressUtil_GTSPOON.csv,7,0.0034146341463414634,2.16802037102928
