file,nrBest,proportionBest,entropyNrActions
nr_387_id_7_0400d59cdda2501b6a8b07a59f386c177401ad88_MorphShape_GTSPOON.csv,1660,0.8097560975609757,0.9521359233981733
