file,nrBest,proportionBest,entropyNrActions
nr_31_id_12_006519ca2d96a8025368cc1a10b9f4c87ec895aa_AnimationFragment_GTSPOON.csv,357,0.17414634146341462,1.8029518182254516
