file,nrBest,proportionBest,entropyNrActions
nr_256_id_31_11f034d499023aad5c99b88844a30c2805645f31_ObjectController1_GTSPOON.csv,1365,0.6658536585365854,1.3398529603515075
