file,nrBest,proportionBest,entropyNrActions
nr_130_id_21_038fd849c570c4c89e5e13de48b2bd002631ae83_AptrustClientImpl_GTSPOON.csv,899,0.43853658536585366,2.1395567487748908
