file,nrBest,proportionBest,entropyNrActions
nr_51_id_23_01bd8687e0d12146672dec42cfd3259e74eaba89_GLContextImpl_GTSPOON.csv,5,0.0024390243902439024,1.8386778016302285
