file,nrBest,proportionBest,entropyNrActions
nr_209_id_18_04114444db171501b2ed5398b06faa44e746dd9c_JavaRuntime_GTSPOON.csv,180,0.08780487804878048,2.635154392416263
