file,nrBest,proportionBest,entropyNrActions
nr_534_id_14_07a1064d5219e28769a1e362f4e70153b6308cc0_Config_GTSPOON.csv,2027,0.988780487804878,0.07300510044081204
