file,nrBest,proportionBest,entropyNrActions
nr_56_id_29_035b0b1b6043e56af75931c5405fe5db807a2544_Admin_GTSPOON.csv,16,0.007804878048780488,2.4822276199520545
