file,nrBest,proportionBest,entropyNrActions
nr_285_id_18_05ae2097889f39a8a6ee37bdaa3455974915b5f1_TestSecurityService_GTSPOON.csv,1010,0.4926829268292683,2.040170042578004
