file,nrBest,proportionBest,entropyNrActions
nr_476_id_28_14e11b4bae8bc7446a58134331f6133b7855571d_AllCreaturesScoreManager_GTSPOON.csv,1542,0.7521951219512195,1.2077746907124058
