file,nrBest,proportionBest,entropyNrActions
nr_418_id_20_08091cfcf0fd89cb0021718d56501535b57a90e2_Arrays_GTSPOON.csv,145,0.07073170731707316,2.813344147486693
