file,nrBest,proportionBest,entropyNrActions
nr_590_id_8_04b2437b19ccc34885748818603c43238e4007c1_SetupTomcatConfigurationFiles_GTSPOON.csv,1468,0.7160975609756097,1.2872164117529228
