file,nrBest,proportionBest,entropyNrActions
nr_500_id_25_11aff65b9fdf9d6a41abb6d6325e7037b97a2590_SquareTest_GTSPOON.csv,889,0.43365853658536585,2.1199185063796877
