file,nrBest,proportionBest,entropyNrActions
nr_272_id_10_027d96403ae4bae7d5585cda845ec8f91c3f1339_PushPullCommand_GTSPOON.csv,1560,0.7609756097560976,1.1286678351460318
