file,nrBest,proportionBest,entropyNrActions
nr_337_id_21_08c6d84b297cd867fad2e560d38c1951596cb8ae_NutritionActivity_GTSPOON.csv,1928,0.9404878048780487,0.3731784604435173
