file,nrBest,proportionBest,entropyNrActions
nr_330_id_1_03e2d2accb7295c42d9a4b8011009339c68859d4_MetaClass_GTSPOON.csv,201,0.09804878048780488,3.0410605682040304
