file,nrBest,proportionBest,entropyNrActions
nr_420_id_19_0a00d08591b4b44f43606a1ef7f61a3e6694ae1a_Game_GTSPOON.csv,1923,0.9380487804878048,0.35427268359907266
