file,nrBest,proportionBest,entropyNrActions
nr_156_id_26_060690813ec8dd617a78780de651eb41b9cf412e_ServerCoordinator_GTSPOON.csv,67,0.032682926829268294,2.653162466324263
