file,nrBest,proportionBest,entropyNrActions
nr_365_id_16_06a271a90ca4ec095af8b55d30b015ee5c4199d2_ServiceCaller_GTSPOON.csv,5,0.0024390243902439024,1.3367645372823416
