file,nrBest,proportionBest,entropyNrActions
nr_785_id_2_01acd9780e8d558e2dda0a9bc573986e38507256_J2DMapComponent2D_GTSPOON.csv,595,0.29024390243902437,2.4634460234848876
