file,nrBest,proportionBest,entropyNrActions
nr_372_id_16_06c04b9814146e16c4ea2cbdf5326c12062c90cb_GroupController_GTSPOON.csv,1739,0.8482926829268292,0.7635160613848833
