file,nrBest,proportionBest,entropyNrActions
nr_273_id_22_07068a093fad0b35f124649a70dba8a57a56c9e2_RoundedRectRenderer_GTSPOON.csv,1294,0.631219512195122,1.6610265700131832
