file,nrBest,proportionBest,entropyNrActions
nr_438_id_28_137fec9b49208775e75ff726a40875c550ec6376_FgskSimCalc_GTSPOON.csv,1463,0.7136585365853658,1.2709586334302974
