file,nrBest,proportionBest,entropyNrActions
nr_55_id_15_00d6537d23327a1fe9a56410e1196cdaf6dc3639_AlertDispatcherTest_GTSPOON.csv,1919,0.9360975609756098,0.36905237922451667
