file,nrBest,proportionBest,entropyNrActions
nr_209_id_35_2871a2a0facbe160e530276f3c18027fbb3586f2_ArraySchemaFactory_GTSPOON.csv,19,0.009268292682926829,1.3157054031980597
