file,nrBest,proportionBest,entropyNrActions
nr_68_id_12_00c7d429d17afeb0a430e04199505fa44bb96e8e_CircleMode_GTSPOON.csv,1360,0.6634146341463415,1.4746391550693083
