file,nrBest,proportionBest,entropyNrActions
nr_31_id_23_00f1200738bab69b22eb16e4f93c834b88294bd0_ConnectionProducer_GTSPOON.csv,2022,0.9863414634146341,0.09567605379385476
