file,nrBest,proportionBest,entropyNrActions
nr_366_id_31_19997b856f375e267bf54e8beb03a5cea60179e2_Blob_GTSPOON.csv,1643,0.8014634146341464,0.8853535148180505
