file,nrBest,proportionBest,entropyNrActions
nr_293_id_15_0570429573cfdbd19d0164038b762af3b44e3198_DerivedKeyToken_GTSPOON.csv,1151,0.5614634146341464,1.7349086002267782
