file,nrBest,proportionBest,entropyNrActions
nr_232_id_13_0351661d8c9ac945d4980e1a237fdac1c1d2e1cf_Language_GTSPOON.csv,1725,0.8414634146341463,0.7687087061009593
