file,nrBest,proportionBest,entropyNrActions
nr_145_id_1_0197ef3e7134965a49c1de871840c1b69678b63d_SessionsPage_GTSPOON.csv,1334,0.6507317073170732,1.5797073124814298
