file,nrBest,proportionBest,entropyNrActions
nr_484_id_3_0326ce1f7c66ee632448c6107c83282057fb0f6d_ConditionalStyleModel_GTSPOON.csv,1479,0.7214634146341463,1.2816662458194477
