file,nrBest,proportionBest,entropyNrActions
nr_308_id_4_0127b63df3767c7053b094b319415d7d9220566c_DBDerby_GTSPOON.csv,1486,0.7248780487804878,1.2419517768236101
