file,nrBest,proportionBest,entropyNrActions
nr_356_id_4_0163a6ba5832558f3cbb53ea0789027b51b48cf6_DateConverter_GTSPOON.csv,1857,0.9058536585365854,0.38662235992673416
