file,nrBest,proportionBest,entropyNrActions
nr_82_id_13_012c3850b6383aa56a47ccdd3e266962499195b8_ConcreteEntityMetadata_GTSPOON.csv,1440,0.7024390243902439,1.3771499255003894
