file,nrBest,proportionBest,entropyNrActions
nr_507_id_2_011056c0dee525cda2d97a5c76345347d0a5d642_MainApplet_GTSPOON.csv,1938,0.9453658536585365,0.34040151494141535
