file,nrBest,proportionBest,entropyNrActions
nr_466_id_2_00f700b763f29e6a663d4dfb5769b6633d8dbe36_CreateRuntimeFromESB_GTSPOON.csv,1929,0.9409756097560975,0.37156784746609506
