file,nrBest,proportionBest,entropyNrActions
nr_366_id_12_03f0b0e77d8c79da8d19f116f8252742ffa39287_TestUiDataModel_GTSPOON.csv,13,0.006341463414634147,2.2070780429240706
