file,nrBest,proportionBest,entropyNrActions
nr_269_id_21_07132b47e2ac010325b55c425b189c05efc4248e_FocusCellHighlighter_GTSPOON.csv,2021,0.9858536585365854,0.09974484329353073
