file,nrBest,proportionBest,entropyNrActions
nr_161_id_18_0314b039df5e756efcc20390c185f4d9468a2b4e_ApplicationComponent_GTSPOON.csv,1800,0.8780487804878049,0.6635044828979737
