file,nrBest,proportionBest,entropyNrActions
nr_182_id_15_0372e53a50c17c536f8304f3980b568c2277e314_Epoch_GTSPOON.csv,5,0.0024390243902439024,0.16889847048264722
