file,nrBest,proportionBest,entropyNrActions
nr_514_id_2_0113fd8387ef9747c28b9de4f557b09aa9af91bc_VCardManager_GTSPOON.csv,926,0.45170731707317074,2.1140648263497086
