file,nrBest,proportionBest,entropyNrActions
nr_9_id_20_001d19c4d723a019e54ed42957cd7be0bd259d88_MultiPlayerGame_GTSPOON.csv,1456,0.7102439024390244,1.3488369518784207
