file,nrBest,proportionBest,entropyNrActions
nr_8_id_21_0034153b8d4a9351dbfee51ff5146b9dc22a86d5_ModMode_GTSPOON.csv,1046,0.5102439024390244,2.0713610157421614
