file,nrBest,proportionBest,entropyNrActions
nr_532_id_14_079c53b10ce75c77c7647ba3cc91497e4c0f47a4_MainActivity_GTSPOON.csv,1067,0.5204878048780488,2.2497417090032563
