file,nrBest,proportionBest,entropyNrActions
nr_10_id_7_000f7ace7cb5318d57de0d70d24fa8f296737b57_CutAction_GTSPOON.csv,2013,0.9819512195121951,0.1230197757338585
