file,nrBest,proportionBest,entropyNrActions
nr_403_id_29_176ded6d290179ad4d0662140bc820a2f049f69f_ProductContainer_GTSPOON.csv,938,0.4575609756097561,1.7445311499349663
