file,nrBest,proportionBest,entropyNrActions
nr_16_id_16_007d8d9a33bd01035c1f5066ee80ab4a944f8a87_TMSServer_GTSPOON.csv,605,0.2951219512195122,2.4341592484235335
