file,nrBest,proportionBest,entropyNrActions
nr_209_id_25_06f24e2e0ba4dd6d8920d188482b9eb1e08ab888_MessageDatabase_GTSPOON.csv,179,0.0873170731707317,2.9990003542160197
