file,nrBest,proportionBest,entropyNrActions
nr_194_id_32_114b749e5b2a34597cf650af1e18b261bb3d0ff2_Folders_GTSPOON.csv,1800,0.8780487804878049,0.48694157426479634
