file,nrBest,proportionBest,entropyNrActions
nr_337_id_29_13855dd58dec876e581eb738fcf59e8f5ac8290d_BuildManager_GTSPOON.csv,200,0.0975609756097561,2.5703927923496037
