file,nrBest,proportionBest,entropyNrActions
nr_331_id_32_1cecb8b2b1555517b4e56ccc7575883647e8e788_SnapshotCheckoutAction_GTSPOON.csv,1939,0.9458536585365853,0.32784738463054286
