file,nrBest,proportionBest,entropyNrActions
nr_44_id_8_006520305c22b337475c68f8a97fd9f5017f63c6_HttpProxyServlet_GTSPOON.csv,564,0.2751219512195122,3.104613809818115
