file,nrBest,proportionBest,entropyNrActions
nr_42_id_11_0066607098d82726120b3f181d973cedfcb87e18_FrameContainerMenu_GTSPOON.csv,1937,0.9448780487804878,0.35219736767092796
