file,nrBest,proportionBest,entropyNrActions
nr_473_id_14_06c47a95a0d3e07e0598ce1b282b7192029b882a_PermissionsRunnable_GTSPOON.csv,1800,0.8780487804878049,0.4314230460902555
