file,nrBest,proportionBest,entropyNrActions
nr_550_id_30_211e6d90e782864ab1f9abec872a3402c6a25487_CanvasWrapper_GTSPOON.csv,1805,0.8804878048780488,0.45742173453859036
