file,nrBest,proportionBest,entropyNrActions
nr_535_id_34_48f9aee009a502a06cf42ba20c57f2d946f31084_StoryDB_GTSPOON.csv,817,0.3985365853658537,2.197675128708593
