file,nrBest,proportionBest,entropyNrActions
nr_380_id_10_039663230cff90535f2aa84c45c75fcd5e9deb00_TaskFragment_GTSPOON.csv,1136,0.5541463414634147,1.9096358765889594
