file,nrBest,proportionBest,entropyNrActions
nr_7_id_37_020221fa1811e1707560f685ee9e158581295ff6_Ceylonc_GTSPOON.csv,334,0.1629268292682927,1.720620408651237
