file,nrBest,proportionBest,entropyNrActions
nr_379_id_29_15e24a8f4aa61716a0c2254195137a995139606c_GetInfoNode_GTSPOON.csv,26,0.012682926829268294,3.3765043759808515
