file,nrBest,proportionBest,entropyNrActions
nr_43_id_19_0116c8b915f92cc6336e2dfa98229fed850e2f12_VoicePackager_GTSPOON.csv,490,0.23902439024390243,2.6429346609406883
