file,nrBest,proportionBest,entropyNrActions
nr_138_id_10_01304d4716a2d5fe00d7d7fa264c3dfd41a637cb_Profile_GTSPOON.csv,1823,0.8892682926829268,0.6336817439565854
