file,nrBest,proportionBest,entropyNrActions
nr_337_id_28_0f546d7707d838fbf268380808be75d200d22ba9_AppFilter_GTSPOON.csv,1390,0.6780487804878049,1.3940396564657578
