file,nrBest,proportionBest,entropyNrActions
nr_252_id_22_068e0118fe58f5c2a57ef4d04f627339e8d39ed7_DashboardActivity_GTSPOON.csv,1424,0.6946341463414634,1.468002073517107
