file,nrBest,proportionBest,entropyNrActions
nr_141_id_18_02c2e4b842a6b6a3a78f3149bb745f7767da7cab_SmsMsgInfoTest_GTSPOON.csv,1816,0.8858536585365854,0.5817258117312064
