file,nrBest,proportionBest,entropyNrActions
nr_136_id_10_0126428d57d66d6b3810ceced6a6dc0be9172b02_QueryRecorder63_GTSPOON.csv,1624,0.7921951219512195,0.8438738359965584
