file,nrBest,proportionBest,entropyNrActions
nr_522_id_3_0365da73b20d368f4352bf7326d930a396efc190_DefaultPolicyScanner_GTSPOON.csv,1088,0.5307317073170732,1.688690078727888
