file,nrBest,proportionBest,entropyNrActions
nr_457_id_18_08a2496b16474f61584191abfb38f3b242bcae9f_ItemTable_GTSPOON.csv,210,0.1024390243902439,2.2954704027137343
