file,nrBest,proportionBest,entropyNrActions
nr_67_id_36_0ffaf876707716bc2e83fa47d9ca90b544f51181_Type1FontLoader_GTSPOON.csv,1150,0.5609756097560976,1.8434074091242902
