file,nrBest,proportionBest,entropyNrActions
nr_184_id_10_01958eb69df859c0c8893ca0a20bfe57fe4e5afd_BaseRESTv1_GTSPOON.csv,2,0.000975609756097561,2.7175474678328655
