file,nrBest,proportionBest,entropyNrActions
nr_183_id_4_009ee18562217c130048918204b124f42105ec34_AboutDialog_GTSPOON.csv,1754,0.855609756097561,0.6873095050297585
