file,nrBest,proportionBest,entropyNrActions
nr_195_id_18_03d13c45a60a3217b961e9f607b6f40d35657f6f_Isense_GTSPOON.csv,90,0.04390243902439024,3.8954146051847838
