file,nrBest,proportionBest,entropyNrActions
nr_202_id_26_07a1ecbb7fb15c159d54ea90064727a4cd618352_TaskStore_GTSPOON.csv,238,0.11609756097560976,1.5766861414567137
