file,nrBest,proportionBest,entropyNrActions
nr_354_id_1_04223295855c0b06dc0d41d1aad6b2d2da150445_SubjectDAO_GTSPOON.csv,1810,0.8829268292682927,0.7012263100559404
