file,nrBest,proportionBest,entropyNrActions
nr_553_id_5_048d986225e4721afc09db727f6132792705ef55_UserFinder_GTSPOON.csv,2010,0.9804878048780488,0.13580256251522765
