file,nrBest,proportionBest,entropyNrActions
nr_220_id_14_0330fd6e41d19739e26f6097a5e750f0035ccf05_ExtendedTextEditor_GTSPOON.csv,730,0.35609756097560974,2.232371665382461
