file,nrBest,proportionBest,entropyNrActions
nr_128_id_19_035348eb11c7f1a096711a3746ddc3a19d1a0b62_ProfileDetailPanel_GTSPOON.csv,753,0.3673170731707317,1.3190698833626429
