file,nrBest,proportionBest,entropyNrActions
nr_362_id_16_0698d5782c5d381056f66c3c4a854fd992dd7f7d_SubmitServer_GTSPOON.csv,1626,0.7931707317073171,0.9680093325534754
