file,nrBest,proportionBest,entropyNrActions
nr_34_id_25_011d9262b897862d8b87914f2e7955baad597be1_Network_GTSPOON.csv,430,0.2097560975609756,2.081959164995988
