file,nrBest,proportionBest,entropyNrActions
nr_190_id_36_2f3c726c3664e029d58735051aa26b45a2ee14ff_SystemUtil_GTSPOON.csv,2,0.000975609756097561,2.7783790238194737
