file,nrBest,proportionBest,entropyNrActions
nr_473_id_30_1c8d22853c5b7dffd425644ee4ae3b1f161d8242_ParticipantsList_GTSPOON.csv,1152,0.5619512195121952,1.6402199414264038
