file,nrBest,proportionBest,entropyNrActions
nr_519_id_14_076a581e844163f536ab61c3e4916c80d83f7325_Set_GTSPOON.csv,233,0.11365853658536586,2.579244543566482
