file,nrBest,proportionBest,entropyNrActions
nr_491_id_3_03322bb18aa09acdb6dff90712321848ae5c38a9_SyntaxDictionary_GTSPOON.csv,1533,0.7478048780487805,1.2762485975439137
