file,nrBest,proportionBest,entropyNrActions
nr_622_id_5_053debce76186b8362fec9094e7baf0927ed0023_ActivityCheckIn_GTSPOON.csv,1110,0.5414634146341464,1.7574866075906308
