file,nrBest,proportionBest,entropyNrActions
nr_502_id_3_033fe4813e3f2f9675f25e26b40103262d29e379_MetaClassImpl_GTSPOON.csv,172,0.08390243902439025,3.1100666013233735
