file,nrBest,proportionBest,entropyNrActions
nr_116_id_19_02cd9ad28d087d699142511d105dd7c0599c4772_Volume_GTSPOON.csv,152,0.07414634146341463,2.8600678289385426
