file,nrBest,proportionBest,entropyNrActions
nr_273_id_30_10f44d2b28d1f7e5d7fcb458fd87dfb2002b72c1_XMLUnit_GTSPOON.csv,930,0.45365853658536587,2.04652014208464
