file,nrBest,proportionBest,entropyNrActions
nr_576_id_8_04a4162d2c47e63f27d8a6d0a4efd945f2c8052f_CallNotifier_GTSPOON.csv,120,0.05853658536585366,3.5625252708296697
