file,nrBest,proportionBest,entropyNrActions
nr_159_id_17_03233e3a4f6e394062e01b3628330797697ec9fe_SmtpClient_GTSPOON.csv,1446,0.7053658536585365,1.3553034849330465
