file,nrBest,proportionBest,entropyNrActions
nr_466_id_11_066a2be3801a225130fe83baa6b82433b8022469_Native_GTSPOON.csv,1473,0.7185365853658536,1.1667113409493208
