file,nrBest,proportionBest,entropyNrActions
nr_270_id_11_038a1ca10c07953f17047cd616e672b102e954c2_ServerManager_GTSPOON.csv,1059,0.5165853658536586,2.4038767175697795
