file,nrBest,proportionBest,entropyNrActions
nr_366_id_2_00c36de5137d2721d0fb67a0fc77cc7292be67e7_SuHelper_GTSPOON.csv,2027,0.988780487804878,0.07169087104970265
