file,nrBest,proportionBest,entropyNrActions
nr_387_id_9_047b0e9d27eafd6220215d67ef2ba3a504c25c12_Task_GTSPOON.csv,1159,0.5653658536585365,1.7949934792964934
