file,nrBest,proportionBest,entropyNrActions
nr_123_id_20_028794d8a42840233d3cb316feb09b5593f19d1d_File_GTSPOON.csv,160,0.07804878048780488,2.6091720192634202
