file,nrBest,proportionBest,entropyNrActions
nr_119_id_16_025984915df9ed2ec2f35bf4955891aba908c630_UCI_GTSPOON.csv,431,0.21024390243902438,3.0671957586603638
