file,nrBest,proportionBest,entropyNrActions
nr_161_id_19_03f626d00d17b8e3506077a8fd62e964f2631da9_PanicNotificationService_GTSPOON.csv,1737,0.8473170731707317,0.7932401630550575
