file,nrBest,proportionBest,entropyNrActions
nr_270_id_14_04097d6ffb8f0c0c9f0281c6ad81faa484543f32_NestedMediaQueries_GTSPOON.csv,1916,0.9346341463414635,0.4419031757527351
