file,nrBest,proportionBest,entropyNrActions
nr_292_id_8_026d55d44c10d177775050e76ae3bd49b33b330e_JoinThread_GTSPOON.csv,1939,0.9458536585365853,0.3266837834420563
