file,nrBest,proportionBest,entropyNrActions
nr_488_id_11_06b5bb21ed84e051308fc0e188e9f852fc26b98c_XMLMappingLoader_GTSPOON.csv,454,0.22146341463414634,2.681244463216137
