file,nrBest,proportionBest,entropyNrActions
nr_83_id_21_026713bb224d449d653e45a79ba11c659defaf90_Normalizer_GTSPOON.csv,56,0.027317073170731707,2.9447033839357184
