file,nrBest,proportionBest,entropyNrActions
nr_319_id_20_0637501acba38fce57e501282571443c5f609c34_ChatClientModel_GTSPOON.csv,815,0.3975609756097561,2.431556789666627
