file,nrBest,proportionBest,entropyNrActions
nr_80_id_10_00a693d604591716adc6184f199dcd8cc33e384e_Injected_GTSPOON.csv,2020,0.9853658536585366,0.09866743938616579
