file,nrBest,proportionBest,entropyNrActions
nr_2_id_3_00050d08d430b32493708a342374c1081bafd727_Commandpowertool_GTSPOON.csv,1825,0.8902439024390244,0.7139443219157758
