file,nrBest,proportionBest,entropyNrActions
nr_210_id_14_0307fba70b8278171bafb3c70a151530f1bb5cd3_HNVoteTask_GTSPOON.csv,1933,0.9429268292682926,0.36026659894346763
