file,nrBest,proportionBest,entropyNrActions
nr_624_id_2_0155ae0825ff7b43dc1e1e2f7a1c4e95e5811607_TypeScriptEditor_GTSPOON.csv,1364,0.6653658536585366,1.5154579208244858
