file,nrBest,proportionBest,entropyNrActions
nr_370_id_34_337e8f15449429f8f1f5e6852bed2308fb9ce994_SystemLayerFinder_GTSPOON.csv,105,0.05121951219512195,1.0109036855371065
