file,nrBest,proportionBest,entropyNrActions
nr_220_id_13_0326cbc1a48fb50f49b02fdd7c10029af88faee3_FizzBuzzTest_GTSPOON.csv,2025,0.9878048780487805,0.07318389823715905
