file,nrBest,proportionBest,entropyNrActions
nr_244_id_28_0a911f031c77c69fe456af89b4640bc780b2ba55_TemporalEntityTest_GTSPOON.csv,1935,0.9439024390243902,0.35325987571028256
