file,nrBest,proportionBest,entropyNrActions
nr_122_id_10_00fe972bc66b9d81dfb43b14a459d872b3498f2d_TypeInferrerTest_GTSPOON.csv,1939,0.9458536585365853,0.32590564097028485
