file,nrBest,proportionBest,entropyNrActions
nr_156_id_29_08e5274ba40716a1f185f43c4b422da483c3db63_IToolkitOverlay_GTSPOON.csv,950,0.4634146341463415,1.6849717340483423
