file,nrBest,proportionBest,entropyNrActions
nr_68_id_31_05468472ef8945748c192e1f7df2fe7eeb38df90_HelperRoutines_GTSPOON.csv,1846,0.9004878048780488,0.4375254034096251
