file,nrBest,proportionBest,entropyNrActions
nr_210_id_13_02f8a81b4745bc82599548cbb82dee9338cc1d9a_OTAUpdaterActivity_GTSPOON.csv,226,0.11024390243902439,2.8778146187957283
