file,nrBest,proportionBest,entropyNrActions
nr_289_id_22_075a7b69e96a6f6e979306a4cd0504ddf1013e0e_MavenInfoJobConfig_GTSPOON.csv,281,0.13707317073170733,2.0413106748404815
