file,nrBest,proportionBest,entropyNrActions
nr_218_id_26_082a9ab2f010d7db77ae328c1d8ac59ed22020e2_CompilerTools_GTSPOON.csv,719,0.35073170731707315,2.2179565447188256
