file,nrBest,proportionBest,entropyNrActions
nr_189_id_3_014f3509d461ce3cafb0509d1b0433b1af2f1d6f_AreaWrapper_GTSPOON.csv,145,0.07073170731707316,3.29560241530119
