file,nrBest,proportionBest,entropyNrActions
nr_200_id_10_01c3a540fd94f124dd68eb6256383e6301f35f35_Transactions_GTSPOON.csv,1273,0.6209756097560976,1.7707286902343884
