file,nrBest,proportionBest,entropyNrActions
nr_367_id_27_10a965ced38fe9d07f6086b417a3f1cb102d0e0f_Ls_GTSPOON.csv,1715,0.8365853658536585,1.032247980708089
