file,nrBest,proportionBest,entropyNrActions
nr_421_id_20_081bdfb87533141c0e9e61b200f1e7199836ccc1_UiLogin_GTSPOON.csv,1738,0.8478048780487805,0.7008312811743708
