file,nrBest,proportionBest,entropyNrActions
nr_485_id_5_03fb6ee30a26036c723e7efe319a81d37bbcc341_RNAStem_GTSPOON.csv,1292,0.6302439024390244,1.5582826031926669
