file,nrBest,proportionBest,entropyNrActions
nr_353_id_17_070972f72b7340b3ad0d81ab3ff25be5712a233c_TaskListActivity_GTSPOON.csv,173,0.08439024390243903,2.445046327421821
