file,nrBest,proportionBest,entropyNrActions
nr_96_id_29_058eea1326a52cbad4a0c565c7bab506b6c0287f_CycleFinder_GTSPOON.csv,500,0.24390243902439024,1.7018868947614554
