file,nrBest,proportionBest,entropyNrActions
nr_32_id_13_0094c3900451a56e4d6d49b0ba029f89f4df2368_BukkitWorld_GTSPOON.csv,1827,0.891219512195122,0.6209671588742375
