file,nrBest,proportionBest,entropyNrActions
nr_163_id_16_0335795a3b29a9e9c074f44250373965a16d526e_CardSet_GTSPOON.csv,85,0.041463414634146344,2.1544247539775907
