file,nrBest,proportionBest,entropyNrActions
nr_72_id_25_025df3b176637882316b0464eb554723fb42c0c6_LanguagePreprocessor_GTSPOON.csv,1818,0.8868292682926829,0.7030172988694882
