file,nrBest,proportionBest,entropyNrActions
nr_805_id_2_01b8131f1344cc5d415016a0a4977aba7b19e1e4_CCNNetworkChannel_GTSPOON.csv,1172,0.5717073170731707,1.9622656113333172
