file,nrBest,proportionBest,entropyNrActions
nr_479_id_24_0e8813070853864cba20a76daefcf265e1bc72b6_TextRangeTest_GTSPOON.csv,1420,0.6926829268292682,1.2329214558232489
