file,nrBest,proportionBest,entropyNrActions
nr_9_id_27_007c1f113f444f6b49e38202b4339205db73ba11_NetworkCommunication_GTSPOON.csv,2030,0.9902439024390244,0.07290604496482483
