file,nrBest,proportionBest,entropyNrActions
nr_510_id_27_17376218c030b754c18e2fbe18ef7955c46adc9d_Emitter_GTSPOON.csv,162,0.07902439024390244,2.6311760148972807
