file,nrBest,proportionBest,entropyNrActions
nr_209_id_19_050855c67eac786c80c1dc9166fc80e78ed357ca_MapEditor_GTSPOON.csv,332,0.16195121951219513,2.641966961407361
