file,nrBest,proportionBest,entropyNrActions
nr_243_id_21_065907d446cf9cca9ae57c7ba13adf427f9725dd_BlockFuel_GTSPOON.csv,1555,0.7585365853658537,1.122761966637265
