file,nrBest,proportionBest,entropyNrActions
nr_438_id_20_086fafe362819d399bf874e9adc411ac52377274_CompactionManager_GTSPOON.csv,200,0.0975609756097561,2.5502357900411012
