file,nrBest,proportionBest,entropyNrActions
nr_96_id_22_0218852af0e48edd0c420c6493ab95a77665ef99_AnyLineOrSquareTest_GTSPOON.csv,1933,0.9429268292682926,0.31055358934155364
