file,nrBest,proportionBest,entropyNrActions
nr_599_id_4_02587852ff49b5889e13208f88cfa5b53aa84844_SQLTupleCollection_GTSPOON.csv,1291,0.6297560975609756,1.5505785362906483
