file,nrBest,proportionBest,entropyNrActions
nr_312_id_22_07c1e113cdcca92f6cfda2651279d3a90425c3a7_ReadUtils_GTSPOON.csv,16,0.007804878048780488,2.7535248443385543
