file,nrBest,proportionBest,entropyNrActions
nr_688_id_8_05508d76ef2604c606a7e07fa89f4eddf7025d0b_Protocol_GTSPOON.csv,1659,0.8092682926829269,0.8870840701466236
