file,nrBest,proportionBest,entropyNrActions
nr_284_id_20_056949fff238b3938146d827645d55c706cc2327_MyExpImportService_GTSPOON.csv,1009,0.4921951219512195,2.201169706026942
