file,nrBest,proportionBest,entropyNrActions
nr_96_id_9_0122104b972db65f0f828de9a48e35c656816180_ExperimentDataService_GTSPOON.csv,1600,0.7804878048780488,1.1512561124354856
