file,nrBest,proportionBest,entropyNrActions
nr_48_id_18_00ba4a822d841760cb35aa1eb9f91a51182bb5d3_EObjectDAOImpl_GTSPOON.csv,1153,0.562439024390244,1.8415667024263476
