file,nrBest,proportionBest,entropyNrActions
nr_48_id_39_49bb6500ed6523bcce901c9424850d9f02f8b8ba_Emitter_GTSPOON.csv,120,0.05853658536585366,2.5690036329200376
