file,nrBest,proportionBest,entropyNrActions
nr_102_id_30_06b55f0c44d5632f59b9b2a880cc88e679460dd7_IRCParser_GTSPOON.csv,2,0.000975609756097561,3.570290907664835
