file,nrBest,proportionBest,entropyNrActions
nr_528_id_36_84d9fd90e67f8273734ce444ac88207d0e0efb9d_RecipeLoader_GTSPOON.csv,200,0.0975609756097561,2.4306314806528175
