file,nrBest,proportionBest,entropyNrActions
nr_43_id_35_08e3196d1648e67ca7b216082eb0675cbb7f98fc_HtmlParser_GTSPOON.csv,1637,0.7985365853658537,1.0820465733354114
