file,nrBest,proportionBest,entropyNrActions
nr_283_id_29_10c22a8a3fa5bb901a61bec8cdd33a497c37a308_BaseApiQuery_GTSPOON.csv,126,0.06146341463414634,1.3219255429814227
