file,nrBest,proportionBest,entropyNrActions
nr_494_id_32_2bcb563f56dc6647c37a8f126a761ac7bf6a60c7_XmlSchemaReader_GTSPOON.csv,168,0.08195121951219513,2.4794038677895314
