file,nrBest,proportionBest,entropyNrActions
nr_254_id_9_0300d3e7fcb39fd0cd1441f277bffbc24375055c_Login_GTSPOON.csv,1630,0.7951219512195122,0.9836810630229706
