file,nrBest,proportionBest,entropyNrActions
nr_495_id_35_5e7a4fe901a38fdd35d28a9ad1e49e2b3b457624_DataException_GTSPOON.csv,1662,0.8107317073170732,0.8907850411568736
