file,nrBest,proportionBest,entropyNrActions
nr_260_id_7_02c8e64cdb401b1d2149353e963e0d0205c096e0_TypeFilter_GTSPOON.csv,1733,0.8453658536585366,0.8642438054514958
