file,nrBest,proportionBest,entropyNrActions
nr_97_id_16_01ec384646dbf844f97a53f75ef785635665978b_CisManager_GTSPOON.csv,990,0.48292682926829267,2.081566113845299
