file,nrBest,proportionBest,entropyNrActions
nr_148_id_4_007e4fd8c46b7d315b59761e92be6950c492439e_GpmlDiffGui_GTSPOON.csv,1945,0.948780487804878,0.2931332501745749
