file,nrBest,proportionBest,entropyNrActions
nr_283_id_5_02552ad2a95713ac7eaac12ea19760f1d286f1c7_XformObsEdit_GTSPOON.csv,159,0.0775609756097561,2.5932272054733554
