file,nrBest,proportionBest,entropyNrActions
nr_494_id_27_1661cae3f22d6a389085d4aa1b43d01189d472cd_ExpectationTest_GTSPOON.csv,1934,0.9434146341463414,0.3315444865010276
