file,nrBest,proportionBest,entropyNrActions
nr_10_id_35_01f0f989477208e9e8d27d80d33c927c6bd85e68_APETagFooter_GTSPOON.csv,1774,0.8653658536585366,0.709711631426318
