file,nrBest,proportionBest,entropyNrActions
nr_344_id_14_0512e7a7c0583170d6dd45c9a0d8101b50eaff54_MyPictures_GTSPOON.csv,499,0.24341463414634146,1.5065193590536397
