file,nrBest,proportionBest,entropyNrActions
nr_482_id_26_1025acf12271b387648e00051d443e50e992a106_CloudStackApi_GTSPOON.csv,5,0.0024390243902439024,2.5619480274740507
