file,nrBest,proportionBest,entropyNrActions
nr_471_id_8_03e898ea4fd79b5d11f43872be6a5d4890a912a2_WebServer_GTSPOON.csv,1654,0.806829268292683,0.9389489212118868
