file,nrBest,proportionBest,entropyNrActions
nr_194_id_33_176f0823cc5eb06a58f66582b6768258dee9e9dc_GalleryComm_GTSPOON.csv,888,0.43317073170731707,2.4200499411961047
