file,nrBest,proportionBest,entropyNrActions
nr_88_id_5_00c7f4238e979aadc4e7b70ae9b63016a841ed7d_JumpDialog_GTSPOON.csv,1309,0.6385365853658537,1.6107433116990655
