file,nrBest,proportionBest,entropyNrActions
nr_319_id_22_08052692f0b3ef4c1b2bd2f7f622a1a2f7fa9d27_SoapClient_GTSPOON.csv,1145,0.5585365853658537,1.918762474981229
