file,nrBest,proportionBest,entropyNrActions
nr_67_id_13_00fda377818c1a1307577765bfcac2eab0e895ee_PDBHeader_GTSPOON.csv,1191,0.5809756097560975,1.7709191030795068
