file,nrBest,proportionBest,entropyNrActions
nr_450_id_3_02f7bdebb3e3d7017b4bf09b23be8190a5422654_PlotCommand_GTSPOON.csv,9,0.004390243902439025,3.5277669433548815
