file,nrBest,proportionBest,entropyNrActions
nr_45_id_39_44e1fb567b33b18c2caa1991152323933e5afc3e_Helper_GTSPOON.csv,128,0.0624390243902439,2.9583685002190383
