file,nrBest,proportionBest,entropyNrActions
nr_212_id_14_0313b442448b9f1120336af45f21540bd362c17f_JobServiceIntegrationTest_GTSPOON.csv,225,0.10975609756097561,1.9674913265442635
