file,nrBest,proportionBest,entropyNrActions
nr_765_id_2_01a2e62101f0469b79a5eeac53602dc7c6f82292_RefrigeratorPage_GTSPOON.csv,1348,0.6575609756097561,1.3292432440152857
