file,nrBest,proportionBest,entropyNrActions
nr_307_id_1_03aa5c5b261c960d3b0ab9d7a14ee4e10f890890_XFormsFilter_GTSPOON.csv,925,0.45121951219512196,2.455870908725208
