file,nrBest,proportionBest,entropyNrActions
nr_414_id_23_0cea9fc971f7d3a842cc7d0841aa069e6e92fd7d_SpringConfig_GTSPOON.csv,2025,0.9878048780487805,0.08031158664077977
