file,nrBest,proportionBest,entropyNrActions
nr_511_id_26_117598397f5e28b1dd152e172483cb99cd373e6d_PreparedStatement_GTSPOON.csv,150,0.07317073170731707,3.0590883985878876
