file,nrBest,proportionBest,entropyNrActions
nr_218_id_29_0c885c9435046421cbeb070203e3074d888dec67_ShareDocumentRegistrar_GTSPOON.csv,1233,0.6014634146341463,1.8311522997119818
