file,nrBest,proportionBest,entropyNrActions
nr_221_id_5_01cbe98eb1277e4f79fa799f619c9d32b225bddf_DCTCLog_GTSPOON.csv,989,0.4824390243902439,2.0214318699866918
