file,nrBest,proportionBest,entropyNrActions
nr_211_id_31_0efb8744228bc0c11ce93e267c5a64ae004c89f3_Tree_GTSPOON.csv,2000,0.975609756097561,0.15474864122225243
