file,nrBest,proportionBest,entropyNrActions
nr_262_id_18_0543d820339ffbb2582c8f4758fb364606afd4bf_CustomCellRenderer_GTSPOON.csv,182,0.08878048780487804,2.4704288206007794
