file,nrBest,proportionBest,entropyNrActions
nr_309_id_31_1584583841b56525ae319af330592605c04e216a_ResolveVisitor_GTSPOON.csv,106,0.05170731707317073,2.496322258858605
