file,nrBest,proportionBest,entropyNrActions
nr_418_id_15_07af9b8b9fb23a1c29531d435cb9406d7c20b976_VRRPCapability_GTSPOON.csv,1657,0.8082926829268293,0.9592914780446109
