file,nrBest,proportionBest,entropyNrActions
nr_426_id_27_132442a9980269d49648d61069ecf4764a0cd7ee_SwingScoutTable_GTSPOON.csv,159,0.0775609756097561,3.304949725461613
