file,nrBest,proportionBest,entropyNrActions
nr_161_id_18_0314b039df5e756efcc20390c185f4d9468a2b4e_Goal_GTSPOON.csv,2025,0.9878048780487805,0.08835021314322934
