file,nrBest,proportionBest,entropyNrActions
nr_233_id_11_0315d0a2e103680f8a4b0124ad4e0e8871d04587_ConfigurableMashupService_GTSPOON.csv,200,0.0975609756097561,3.0282529518307513
