file,nrBest,proportionBest,entropyNrActions
nr_338_id_21_08c975f1230a3e862ad0d5ac9319b4625aa9c16e_PortUtils_GTSPOON.csv,405,0.1975609756097561,0.6116881986184631
