file,nrBest,proportionBest,entropyNrActions
nr_585_id_36_946681fd9ff2ad00b7af77a49351ed04c80f0cf1_RegistryServlet_GTSPOON.csv,1347,0.6570731707317073,1.6542675637163546
