file,nrBest,proportionBest,entropyNrActions
nr_139_id_3_00ecd7610d347e1686ecd96c43a9c7c548487520_Reader_GTSPOON.csv,1535,0.748780487804878,1.2121342408535065
