file,nrBest,proportionBest,entropyNrActions
nr_263_id_30_108191449fd04668e8585cc545d183d34ec90e73_AbstractMultiColumnUserType_GTSPOON.csv,1605,0.7829268292682927,1.1195833658699674
