file,nrBest,proportionBest,entropyNrActions
nr_301_id_7_031e75edf517ca1632aacf77177c3542a6012262_MapreduceResults_GTSPOON.csv,1825,0.8902439024390244,0.6506889858124865
