file,nrBest,proportionBest,entropyNrActions
nr_127_id_37_3a479cb30f38e7374da6e9fa2c34930ea6d9e6b1_AddonToggle_GTSPOON.csv,1649,0.8043902439024391,0.8700881489326467
