file,nrBest,proportionBest,entropyNrActions
nr_85_id_15_014488841437044ccb516328d0335b89bf63286c_RestClientTestIntegration_GTSPOON.csv,796,0.3882926829268293,2.4388190053776304
