file,nrBest,proportionBest,entropyNrActions
nr_536_id_8_0454241be962ff58b0ab0864d393ee8274f228c0_ConfigurableBraceMatcher_GTSPOON.csv,1928,0.9404878048780487,0.3697492786434775
