file,nrBest,proportionBest,entropyNrActions
nr_130_id_19_03609323b10c21d247684ddb7ddf69c5d25d3719_InfoRequestHandler_GTSPOON.csv,30,0.014634146341463415,2.6644360476546214
