file,nrBest,proportionBest,entropyNrActions
nr_219_id_23_0733858d0c27f35a934814730518b34266f12d38_CeylonVisitor_GTSPOON.csv,1029,0.5019512195121951,1.8101356034955418
