file,nrBest,proportionBest,entropyNrActions
nr_447_id_35_576e4465e575ef381f690af051422a6c42bb41bb_LocationSensor_GTSPOON.csv,1464,0.7141463414634146,1.0669272311909663
