file,nrBest,proportionBest,entropyNrActions
nr_377_id_23_0bec5070b5219de38f3b0a71a6599e8216d785a2_ThreadPool_GTSPOON.csv,2,0.000975609756097561,1.3931165258965348
