file,nrBest,proportionBest,entropyNrActions
nr_217_id_13_03246dd0b13312a1256fad432f6599b04a8b60b0_Effect_GTSPOON.csv,232,0.11317073170731708,1.5822969373725781
