file,nrBest,proportionBest,entropyNrActions
nr_126_id_16_026b1a184c918c9e0ddd028073084e443e5ae0fc_GsmSmsAddress_GTSPOON.csv,1823,0.8892682926829268,0.6191991658480319
