file,nrBest,proportionBest,entropyNrActions
nr_254_id_20_04dbc1bffc4f11448b1338047ef696e6103348ad_Ls_GTSPOON.csv,1000,0.4878048780487805,2.0001746026427236
