file,nrBest,proportionBest,entropyNrActions
nr_323_id_31_1657d6d1dd1263dc73ac9dc931132b7d6e561a75_LWJGLTextureState_GTSPOON.csv,56,0.027317073170731707,2.13245811448526
