file,nrBest,proportionBest,entropyNrActions
nr_569_id_7_05f30818c000a79718edd569edd7f325288cd04b_IndexDatabase_GTSPOON.csv,224,0.10926829268292683,2.6842327193561846
