file,nrBest,proportionBest,entropyNrActions
nr_411_id_13_05fc1bb5180c8207620712085c85647302732186_Project_GTSPOON.csv,175,0.08536585365853659,2.658085319075938
