file,nrBest,proportionBest,entropyNrActions
nr_211_id_9_028aa27a5917475577b93ac56a0cc79cf123c80b_SvnRemoteCopy_GTSPOON.csv,1934,0.9434146341463414,0.34632556063598047
