file,nrBest,proportionBest,entropyNrActions
nr_483_id_8_0407be62730a22d4b38967649008d0859b1b7f30_MaskedConvolveDescriptor_GTSPOON.csv,1661,0.8102439024390244,0.9482012345724885
