file,nrBest,proportionBest,entropyNrActions
nr_317_id_16_05cec21143e07d1951477b2c77d5115e92da5a08_Popover_GTSPOON.csv,1939,0.9458536585365853,0.3011658865930513
