file,nrBest,proportionBest,entropyNrActions
nr_487_id_19_0b6db44582ff0a2db57d4f47d762a356774350c0_QueryController_GTSPOON.csv,1087,0.5302439024390244,2.1176360427434266
