file,nrBest,proportionBest,entropyNrActions
nr_460_id_19_0afbfda21f539ee645958bc76d70b4ca47ebf100_Stats_GTSPOON.csv,1711,0.8346341463414634,0.735230057344164
