file,nrBest,proportionBest,entropyNrActions
nr_487_id_34_4326c3c2fb5116503b683776b16b456b92a762a5_ZipFile_GTSPOON.csv,143,0.06975609756097562,3.0897817688275566
