file,nrBest,proportionBest,entropyNrActions
nr_71_id_27_0338345bee8d7240960d24648ba5a7d24cc6f35e_IndelGenotyperV2Walker_GTSPOON.csv,81,0.03951219512195122,3.3918242464750756
