file,nrBest,proportionBest,entropyNrActions
nr_483_id_28_15227387504c60053923965d0a59ed65a9a808a8_ServerSyncStage_GTSPOON.csv,80,0.03902439024390244,2.1929508862775657
