file,nrBest,proportionBest,entropyNrActions
nr_428_id_25_0f003fd9ac27bc962a568675001998935aa7f25c_WscHelper_GTSPOON.csv,1157,0.564390243902439,1.902898291545141
