file,nrBest,proportionBest,entropyNrActions
nr_450_id_33_37473600e82b4a5d683c7820298cddb9874d167d_DatabaseHelper_GTSPOON.csv,153,0.07463414634146341,3.059474377099671
