file,nrBest,proportionBest,entropyNrActions
nr_349_id_21_0912ece268d9c6a7576bf2d0c3881efd5c312680_ReportsController_GTSPOON.csv,1903,0.9282926829268293,0.37925097009668335
