file,nrBest,proportionBest,entropyNrActions
nr_325_id_22_08358b39668c24f824d0eac8d021cf652f933a27_EncodingMap_GTSPOON.csv,294,0.14341463414634145,1.8011876910233562
