file,nrBest,proportionBest,entropyNrActions
nr_166_id_21_0466883ce64615c403ecdd24a901468a4fc1b11f_XMLDoclet_GTSPOON.csv,29,0.014146341463414635,1.8015093212265625
