file,nrBest,proportionBest,entropyNrActions
nr_106_id_4_0058503cf0d0bd552d9938c467dd83a287831997_CronTriggerTests_GTSPOON.csv,180,0.08780487804878048,2.339618330957384
