file,nrBest,proportionBest,entropyNrActions
nr_171_id_14_0254f2854bcace5619d84a9c4000904fe9633190_PurpleBot_GTSPOON.csv,188,0.09170731707317073,2.5919882648331662
