file,nrBest,proportionBest,entropyNrActions
nr_69_id_18_012cc9c6a4f6c16d989a964f59c7e8f43e00dd23_TimeWindow_GTSPOON.csv,1933,0.9429268292682926,0.3474179731346634
