file,nrBest,proportionBest,entropyNrActions
nr_428_id_1_04e2f719b309f6b37980abb5d0d607f77dbe6295_TestAll_GTSPOON.csv,2025,0.9878048780487805,0.08031158664077977
