file,nrBest,proportionBest,entropyNrActions
nr_72_id_10_009ad1b491c876feadb50964645c38e002a114a1_SmsReceiver_GTSPOON.csv,1935,0.9439024390243902,0.33780745732531203
