file,nrBest,proportionBest,entropyNrActions
nr_98_id_27_044007e0529f1ae9428b2e6cf908cad96e6bb3b0_PresenceManager_GTSPOON.csv,1636,0.7980487804878049,1.0218250951160113
