file,nrBest,proportionBest,entropyNrActions
nr_322_id_32_1c19933fb5bdc7e6d47de1c890a2fb12020f0313_CanopyType_GTSPOON.csv,9,0.004390243902439025,2.6382784288560193
