file,nrBest,proportionBest,entropyNrActions
nr_121_id_13_01b5125dc44ef25f1f73e60d51947f689321a3de_HVACData_GTSPOON.csv,793,0.38682926829268294,2.384970551530089
