file,nrBest,proportionBest,entropyNrActions
nr_156_id_22_03c9c96f88f13c73627c7c11ebc26d9269424e0f_CreditsBackground_GTSPOON.csv,1200,0.5853658536585366,1.7702130009890173
