file,nrBest,proportionBest,entropyNrActions
nr_121_id_10_00fcc5945be19ad65537ce3b2381616b84a27649_TwunchesActivity_GTSPOON.csv,183,0.08926829268292683,2.079375033217487
