file,nrBest,proportionBest,entropyNrActions
nr_682_id_3_04a4d4ba855792b0962095d9735666a015514442_DiscussionForumTool_GTSPOON.csv,191,0.09317073170731707,3.0796756847091213
