file,nrBest,proportionBest,entropyNrActions
nr_130_id_21_038fd849c570c4c89e5e13de48b2bd002631ae83_DiscoveryController_GTSPOON.csv,2005,0.9780487804878049,0.15527999871339065
