file,nrBest,proportionBest,entropyNrActions
nr_508_id_9_05d5d24b752979ad24ee8bd69ff5fe117a0d962a_Utils_GTSPOON.csv,195,0.0951219512195122,2.562058448951708
