file,nrBest,proportionBest,entropyNrActions
nr_237_id_14_0380968f1d1118326f9f31c57dfa49a4c62dd449_Constants_GTSPOON.csv,1557,0.7595121951219512,0.8592510727863029
