file,nrBest,proportionBest,entropyNrActions
nr_692_id_2_017ba8d9b3ec036712249237a3afb1a5a1c67e1d_GroovycTask_GTSPOON.csv,1757,0.8570731707317073,0.7131744792160607
