file,nrBest,proportionBest,entropyNrActions
nr_40_id_20_00a96b11038d5bb182cbeb969624631eca44f58f_SeamELValidator_GTSPOON.csv,121,0.059024390243902436,2.5741173738879635
