file,nrBest,proportionBest,entropyNrActions
nr_224_id_38_95ad6195a3cd4f61cbe148fee85141958f2865ca_Http_GTSPOON.csv,1456,0.7102439024390244,1.2805338855698818
