file,nrBest,proportionBest,entropyNrActions
nr_571_id_8_049d90c1f296be19a08afed7e68366deb583c661_EditScreen_GTSPOON.csv,633,0.30878048780487805,2.2832265257120086
