file,nrBest,proportionBest,entropyNrActions
nr_309_id_27_0d6e6d0f69589d43fa85c4f720867465550b754c_SolarisDelete_GTSPOON.csv,1463,0.7136585365853658,1.0531310220216985
