file,nrBest,proportionBest,entropyNrActions
nr_14_id_4_000e0ff04ce0d80281e4a8616646e0d215d400b0_NodeCmd_GTSPOON.csv,178,0.08682926829268292,2.5575378863715876
