file,nrBest,proportionBest,entropyNrActions
nr_168_id_11_02229fff07c8ba99868dcc77f4694250a74e69ff_LogcatViewer_GTSPOON.csv,1574,0.7678048780487805,1.1033461262416724
