file,nrBest,proportionBest,entropyNrActions
nr_521_id_27_17940f2ad7538f6e1a74ee483f23e890dd28a8cf_GameInstance_GTSPOON.csv,5,0.0024390243902439024,3.165922529562353
