file,nrBest,proportionBest,entropyNrActions
nr_264_id_14_03f5824ff2725589b5165e078fcb84d71ecb1fbd_FileTag_GTSPOON.csv,119,0.05804878048780488,3.2778058731978765
