file,nrBest,proportionBest,entropyNrActions
nr_423_id_32_240b600c8fffd920f82909382d2fd050c24f5267_DeclSpecWriter_GTSPOON.csv,1031,0.5029268292682927,2.037977129584373
