file,nrBest,proportionBest,entropyNrActions
nr_286_id_20_0578f77966e1fc26460e8d2982cfbf242b5f4a85_DependentProjectTest_GTSPOON.csv,880,0.4292682926829268,0.7570021036293514
