file,nrBest,proportionBest,entropyNrActions
nr_47_id_18_00aac779b2674aa3d801e67ea652b00be8c67834_Command_GTSPOON.csv,1020,0.4975609756097561,1.8922962002608932
