file,nrBest,proportionBest,entropyNrActions
nr_621_id_8_04e416a676c36f2d7414564a4b7800425c28b049_JDBC_GTSPOON.csv,171,0.08341463414634147,2.5559392632792104
