file,nrBest,proportionBest,entropyNrActions
nr_412_id_2_00dad69c732490d69f097209b8dd677d4942fb22_TextFileTest_GTSPOON.csv,1594,0.7775609756097561,0.788258328204622
