file,nrBest,proportionBest,entropyNrActions
nr_457_id_7_04d4ca4864547baf7c0a47881d66ce5b92bb9dde_Concept_GTSPOON.csv,252,0.12292682926829268,1.3694300530162982
