file,nrBest,proportionBest,entropyNrActions
nr_328_id_4_0146a1b1c73d12a2955c4f3ee2c7b2b4273dc951_MediaProvider_GTSPOON.csv,162,0.07902439024390244,2.719934897961858
