file,nrBest,proportionBest,entropyNrActions
nr_271_id_4_0102c6649807c1c32a6118f895a66dce12ca221b_NamePtg_GTSPOON.csv,1931,0.9419512195121951,0.36356693409737184
