file,nrBest,proportionBest,entropyNrActions
nr_100_id_35_144ad18c84996f993f5497138fc67999010c94f8_Validation_GTSPOON.csv,283,0.1380487804878049,2.6177020206331063
