file,nrBest,proportionBest,entropyNrActions
nr_143_id_11_01d4f9625945869b0d4b1b06a91d7627153f743b_MainUI_GTSPOON.csv,5,0.0024390243902439024,3.073091280109555
