file,nrBest,proportionBest,entropyNrActions
nr_102_id_32_09461a603ff42c43f45fee864685d64f83174cef_ScriptRunnerApplet_GTSPOON.csv,1938,0.9453658536585365,0.3371552721904965
