file,nrBest,proportionBest,entropyNrActions
nr_244_id_19_0610be6f845f6d418e26fcf35948f6f20e42ccc0_MonitoringFilter_GTSPOON.csv,90,0.04390243902439024,2.8150926898903332
