file,nrBest,proportionBest,entropyNrActions
nr_74_id_5_00a8307c85a5a188cf9d25024b34e2a128e944bb_RuleTagFormatTest_GTSPOON.csv,1935,0.9439024390243902,0.3327738357108578
