file,nrBest,proportionBest,entropyNrActions
nr_202_id_28_08fd7db2b3873898fcb633ba6c62b5c56840bef8_World_GTSPOON.csv,144,0.0702439024390244,3.1244622816705068
