file,nrBest,proportionBest,entropyNrActions
nr_59_id_9_00b76289a20e67377b15a544ccaad117bc123048_EclipseFactory_GTSPOON.csv,12,0.005853658536585366,2.160522313920083
