file,nrBest,proportionBest,entropyNrActions
nr_392_id_25_0d97a93100e1410904240106dfd12b2ed70a50e6_MapManager_GTSPOON.csv,175,0.08536585365853659,3.238323669716255
