file,nrBest,proportionBest,entropyNrActions
nr_120_id_2_0039750834a79eb22bdb8dd2496fa277ffb8938d_Assertion_GTSPOON.csv,1570,0.7658536585365854,1.1246491003011445
