file,nrBest,proportionBest,entropyNrActions
nr_179_id_24_0553616857d06f2c0d62f0529ad6f3b96c727899_IssueDao_GTSPOON.csv,1939,0.9458536585365853,0.33857532554815234
