file,nrBest,proportionBest,entropyNrActions
nr_510_id_37_e29f251ae1d83188f20203fbd33a7c2c2fd3adf1_Eclipse_GTSPOON.csv,450,0.21951219512195122,2.0661680890853407
