file,nrBest,proportionBest,entropyNrActions
nr_164_id_30_0a62034f987e2eec4ca2449d12f7c20d9d7174e8_CustomerPanel_GTSPOON.csv,39,0.01902439024390244,4.225072851232805
