file,nrBest,proportionBest,entropyNrActions
nr_385_id_3_0281f2820c3d9548eccd7a979da3b3c52d800188_TCSettingsGUI_GTSPOON.csv,1080,0.526829268292683,1.8697190136962305
