file,nrBest,proportionBest,entropyNrActions
nr_414_id_19_09f0b10212d74918054a132bfea64370c868875a_SAIMApplication_GTSPOON.csv,873,0.42585365853658536,2.7584385635013167
