file,nrBest,proportionBest,entropyNrActions
nr_65_id_25_02122008d3672c267f214606333c9ce2a404739c_DynamicHeightAlgorithmTest_GTSPOON.csv,2028,0.9892682926829268,0.07041060194820266
