file,nrBest,proportionBest,entropyNrActions
nr_530_id_34_48a095d9675129141d0f812bd111be0219a2f406_RatingIcons_GTSPOON.csv,2030,0.9902439024390244,0.06692990848793702
