file,nrBest,proportionBest,entropyNrActions
nr_484_id_13_0720e122f90bbfe486f2efc3b82903641e0681e6_Tile_GTSPOON.csv,1837,0.8960975609756098,0.5773280620006868
