file,nrBest,proportionBest,entropyNrActions
nr_264_id_24_085054e411a1475c5fffc4b3a93c7ab22d38551f_Linker_GTSPOON.csv,1285,0.6268292682926829,1.6701663669368023
