file,nrBest,proportionBest,entropyNrActions
nr_55_id_15_00d6537d23327a1fe9a56410e1196cdaf6dc3639_AlertDispatcher_GTSPOON.csv,1800,0.8780487804878049,0.6589134229953526
