file,nrBest,proportionBest,entropyNrActions
nr_165_id_5_016c4558437dc6cf75af7819db9a49e6a2b32601_Unit_GTSPOON.csv,9,0.004390243902439025,1.832815371037258
