file,nrBest,proportionBest,entropyNrActions
nr_250_id_20_04b8aea1802dfcc2abb46a3afd531b17a1225e22_MpxjCreate_GTSPOON.csv,868,0.42341463414634145,0.7816658481872216
