file,nrBest,proportionBest,entropyNrActions
nr_309_id_13_0487e6a238157f798398c5d6544b9a6f61dfe702_Camera_GTSPOON.csv,1844,0.8995121951219512,0.5776857642508687
