file,nrBest,proportionBest,entropyNrActions
nr_60_id_16_014ac230ce0f688746451d76803b86aee51c1981_ModuleProtocolHandler_GTSPOON.csv,1938,0.9453658536585365,0.3337376441705962
