file,nrBest,proportionBest,entropyNrActions
nr_426_id_21_0ad0fd8db5e22394eeb89d680e352777d51a0bd1_Sequence_GTSPOON.csv,19,0.009268292682926829,3.133704968581779
