file,nrBest,proportionBest,entropyNrActions
nr_250_id_21_067094c381a9e7ab0de80d169022054820216126_SpiderUtil_GTSPOON.csv,86,0.041951219512195125,0.9764474339260683
