file,nrBest,proportionBest,entropyNrActions
nr_63_id_26_027e91720c1bf78f708c35ce11c53e0830aa413e_MagentoSqlUtil_GTSPOON.csv,170,0.08292682926829269,2.670879410536307
