file,nrBest,proportionBest,entropyNrActions
nr_63_id_25_020ce81631d25de20e2be49cc6b25fb13ac7ad58_Semaphore_GTSPOON.csv,605,0.2951219512195122,1.3699798742395186
