file,nrBest,proportionBest,entropyNrActions
nr_160_id_21_04588bad995b751c89b9c8f3c0a8f52a735589e4_MmMapViewer_GTSPOON.csv,25,0.012195121951219513,1.94894452057469
