file,nrBest,proportionBest,entropyNrActions
nr_606_id_7_0639d78e516e9a1cac9760378452da919732133a_Gamemode_GTSPOON.csv,2005,0.9780487804878049,0.1267208493595892
