file,nrBest,proportionBest,entropyNrActions
nr_531_id_33_3f430199763aa47678a7a90ab632b388b435e068_LocalCluster_GTSPOON.csv,16,0.007804878048780488,2.9832143071422514
