file,nrBest,proportionBest,entropyNrActions
nr_95_id_35_12c6be470be297b4662d755deb37fb2132d59208_BaseXHTTP_GTSPOON.csv,5,0.0024390243902439024,1.8564208035505696
