file,nrBest,proportionBest,entropyNrActions
nr_418_id_29_1829d4b3ede4477fd033871b56b729dae59fa051_RoutingEntry_GTSPOON.csv,521,0.25414634146341464,2.686139907681203
