file,nrBest,proportionBest,entropyNrActions
nr_232_id_11_0311d4db08eeb1654612d0875832ff9f592c3734_InstallHelper_GTSPOON.csv,1552,0.7570731707317073,1.2076216994037599
