file,nrBest,proportionBest,entropyNrActions
nr_206_id_5_01aee433b59358272763d4b7e0d88ebf310e815c_StandardASMCompiler_GTSPOON.csv,53,0.025853658536585365,2.4093922052967693
