file,nrBest,proportionBest,entropyNrActions
nr_185_id_8_019e8261db2994a4a55abe66b89a0f8bd977c36d_MenuFrameLayout_GTSPOON.csv,847,0.41317073170731705,1.9862505237163899
