file,nrBest,proportionBest,entropyNrActions
nr_135_id_18_029c96c53b2a86e5748fd7244fbf99a8a4768cc8_MSP430Core_GTSPOON.csv,22,0.010731707317073172,3.878152933624833
