file,nrBest,proportionBest,entropyNrActions
nr_14_id_17_0043097236f37c85fd64c636a2e99b0321dc2811_VampiDroid_GTSPOON.csv,1386,0.6760975609756098,1.3955072797702166
