file,nrBest,proportionBest,entropyNrActions
nr_570_id_4_023c3908ae2d11fb879bd4dd56eb695d68001487_CommandBase_GTSPOON.csv,1925,0.9390243902439024,0.3800855677766878
