file,nrBest,proportionBest,entropyNrActions
nr_529_id_35_658568f79885ac7d1eb2dab57c8cdce663c4834a_TagViewer_GTSPOON.csv,1156,0.5639024390243902,1.8979066512034581
