file,nrBest,proportionBest,entropyNrActions
nr_365_id_14_0568a64158db6f8aaa98ca4b218d2952d1a3990f_ViewTaskActivity_GTSPOON.csv,931,0.45414634146341465,2.4704833522884164
