file,nrBest,proportionBest,entropyNrActions
nr_388_id_29_168a5b7c557a863e99cdc0bd2c36370029390ad5_SearchengineService_GTSPOON.csv,130,0.06341463414634146,3.1558379538054977
