file,nrBest,proportionBest,entropyNrActions
nr_150_id_24_0485c3b5b128171d8a53c956e6d9561429cbcb7b_ResolvedMember_GTSPOON.csv,1545,0.7536585365853659,1.110218662868424
