file,nrBest,proportionBest,entropyNrActions
nr_184_id_28_082c9c73e9d766071a6faf7d70f3146e01d25c88_LoggingServiceImpl_GTSPOON.csv,94,0.045853658536585365,1.348651917294169
