file,nrBest,proportionBest,entropyNrActions
nr_453_id_18_0887f4719149dac35b613e5cd6014ff1f5a4ab3d_RestletTestCase_GTSPOON.csv,385,0.1878048780487805,0.9190659761895288
