file,nrBest,proportionBest,entropyNrActions
nr_288_id_14_044d12d29838946a6a84a44e1d1b1213e81927e0_X509RSAOpenSSLBlacklistValidator_GTSPOON.csv,1628,0.7941463414634147,1.0524145659597695
