file,nrBest,proportionBest,entropyNrActions
nr_240_id_8_0202f30e384cd4e87c1a003ff2776b68444a3052_HTMLImageHandler_GTSPOON.csv,1747,0.8521951219512195,0.6499173760318759
