file,nrBest,proportionBest,entropyNrActions
nr_91_id_34_0f2a50ab0166c70639530e5320b45f012e56c589_AppServer_GTSPOON.csv,19,0.009268292682926829,2.8995073194363767
