file,nrBest,proportionBest,entropyNrActions
nr_258_id_3_01bac7784724873321360249a1aacd31c4f4b0d3_ReceiveAcquisitionInvoice_GTSPOON.csv,1932,0.9424390243902439,0.32893808850932743
