file,nrBest,proportionBest,entropyNrActions
nr_286_id_6_01ca37889f0b34f4835c83f411f0534554ed3b53_Main_GTSPOON.csv,209,0.10195121951219512,2.525848276040108
