file,nrBest,proportionBest,entropyNrActions
nr_169_id_30_0ab20f04ace784631032291cb96d4a54cf54ca1c_Environment_GTSPOON.csv,670,0.32682926829268294,1.301140645681484
