file,nrBest,proportionBest,entropyNrActions
nr_44_id_19_011a9a951885d20f09e58aaddf6a2cb27c94e3b1_Translations_GTSPOON.csv,15,0.007317073170731708,1.6941602909453202
