file,nrBest,proportionBest,entropyNrActions
nr_338_id_22_0883b49d2b7d9c851e52f1131bdcbb8362c270d4_HyperLink_GTSPOON.csv,5,0.0024390243902439024,0.16692546829619462
