file,nrBest,proportionBest,entropyNrActions
nr_277_id_15_051b220e47a51bb110c67b75345e5cace4db0688_InterfaceDef_GTSPOON.csv,158,0.07707317073170732,2.7788753703297786
