file,nrBest,proportionBest,entropyNrActions
nr_558_id_37_f9fd1c90402de48a6c1f45ec078eb57163b64457_StripesFilter_GTSPOON.csv,80,0.03902439024390244,2.8557196992682616
