file,nrBest,proportionBest,entropyNrActions
nr_160_id_14_0229aa05f33046b02dc97856d22cd47d848b64fd_ExpenseActivity_GTSPOON.csv,703,0.3429268292682927,2.5013376106172385
