file,nrBest,proportionBest,entropyNrActions
nr_362_id_30_16ccf0434447ec0ec7667940eb05f7cb42556a32_Requirement_GTSPOON.csv,560,0.2731707317073171,2.9180676490756827
