file,nrBest,proportionBest,entropyNrActions
nr_555_id_12_06117cbdbb12fa81a409b139f1ff58116dc587c7_MethodCostUtil_GTSPOON.csv,1639,0.7995121951219513,0.9419709181302551
