file,nrBest,proportionBest,entropyNrActions
nr_514_id_33_3d0ed591d434c9295103a3ac672b179d25966a12_PrisonPearlCommands_GTSPOON.csv,703,0.3429268292682927,2.4600698155357863
