file,nrBest,proportionBest,entropyNrActions
nr_402_id_2_00d61f2216496aa620129525e4bbaf6818ae84cf_BaseAssignmentService_GTSPOON.csv,187,0.09121951219512195,3.2549192954613853
