file,nrBest,proportionBest,entropyNrActions
nr_145_id_29_086baa86fbeecfc140646db16dd966a1259fe37e_Operation_GTSPOON.csv,196,0.09560975609756098,2.6928149978608222
