file,nrBest,proportionBest,entropyNrActions
nr_372_id_16_06c04b9814146e16c4ea2cbdf5326c12062c90cb_User_GTSPOON.csv,850,0.4146341463414634,0.9365980037227395
