file,nrBest,proportionBest,entropyNrActions
nr_568_id_36_8e414ee3cb67112f191304a9b10d63b28057d9f3_CacheableTextView_GTSPOON.csv,38,0.018536585365853658,1.3336323029259023
