file,nrBest,proportionBest,entropyNrActions
nr_38_id_32_02d508b3d0d935ce05030548d0afa01f96f97479_TaskTracker_GTSPOON.csv,76,0.037073170731707315,3.5057645755049314
