file,nrBest,proportionBest,entropyNrActions
nr_152_id_19_03c017422526de48b64c4946b2bebe30d5541127_ClientHandlerService_GTSPOON.csv,5,0.0024390243902439024,2.7929887314475335
