file,nrBest,proportionBest,entropyNrActions
nr_701_id_4_02bd4d5063cc0821441052392dd691009fbb5c61_JsppTest_GTSPOON.csv,2020,0.9853658536585366,0.09574973253061993
