file,nrBest,proportionBest,entropyNrActions
nr_306_id_14_04955ba87e328cd639d7248bf8d72b413613679c_StringUtilsTest_GTSPOON.csv,1471,0.7175609756097561,1.1453209859563243
