file,nrBest,proportionBest,entropyNrActions
nr_126_id_18_026caa783e65d5e96045c4116ab649e659067bb6_CoverageTransformerTest_GTSPOON.csv,1848,0.9014634146341464,0.5539102228891676
