file,nrBest,proportionBest,entropyNrActions
nr_132_id_34_1596ae9057956706a9c9630072567ab615fe844b_CLibrary_GTSPOON.csv,198,0.09658536585365854,2.204828304388382
