file,nrBest,proportionBest,entropyNrActions
nr_468_id_33_38e7e02b5d78f30b8459e4ad8418ba02a1016527_BeanPropertyResolver_GTSPOON.csv,760,0.37073170731707317,1.970701288098331
