file,nrBest,proportionBest,entropyNrActions
nr_170_id_18_03468fe3ffe86e9140c5192477c0371481d32aaa_DatabaseConfigBean_GTSPOON.csv,16,0.007804878048780488,1.5540756389877624
