file,nrBest,proportionBest,entropyNrActions
nr_431_id_12_04a8b273c78373f9c94fb2afd44257deb3bee57d_NIOBuffer_GTSPOON.csv,1122,0.5473170731707317,1.8219626237442708
