file,nrBest,proportionBest,entropyNrActions
nr_315_id_29_129558a324bb68aa237bfd9b70222a78d91c59d4_MccTable_GTSPOON.csv,199,0.09707317073170732,2.51414958351762
