file,nrBest,proportionBest,entropyNrActions
nr_28_id_6_00371679b95d704487a923182fc3309133259cf1_ChestPop_GTSPOON.csv,1839,0.8970731707317073,0.5549963209394663
