file,nrBest,proportionBest,entropyNrActions
nr_265_id_23_089235749454337be67e9392bd02b1c7016d193a_LogFilePatternLayoutBuilder_GTSPOON.csv,1125,0.5487804878048781,2.182958594375468
