file,nrBest,proportionBest,entropyNrActions
nr_234_id_20_0481ce8a065e0f8e25a84b4edf8ffe2468502d9b_Bus_GTSPOON.csv,5,0.0024390243902439024,3.5128253813324366
