file,nrBest,proportionBest,entropyNrActions
nr_246_id_17_04ffcee39bdbd4aaa72b9d75339f3c062b7e4207_Wrapper_GTSPOON.csv,295,0.14390243902439023,2.6965849273536664
