file,nrBest,proportionBest,entropyNrActions
nr_283_id_27_0c6c1841c08965fff889cb5dfdf3df5bbe96fe21_Main_GTSPOON.csv,1812,0.8839024390243903,0.4335424343872554
