file,nrBest,proportionBest,entropyNrActions
nr_565_id_9_068ada4d7f255c355b1274dd9e576e445d34dc01_PhaseRequest_GTSPOON.csv,562,0.27414634146341466,1.4140715344256338
