file,nrBest,proportionBest,entropyNrActions
nr_340_id_37_96ec57517dfbaabebd50f32a3d6f5d26329babc8_Form_GTSPOON.csv,429,0.20926829268292682,2.5910275672912997
