file,nrBest,proportionBest,entropyNrActions
nr_553_id_6_03617821dc2630504816f86b1030f4647d88c3b8_IntegerParser_GTSPOON.csv,2027,0.988780487804878,0.07920579103786646
