file,nrBest,proportionBest,entropyNrActions
nr_495_id_25_11854e94583418c08453d04f00318d626ff0b7fc_UDPServer_GTSPOON.csv,1074,0.5239024390243903,2.0614523977404966
