file,nrBest,proportionBest,entropyNrActions
nr_282_id_14_043efb020949ffe3f9aea261d131695e44c62e3d_CachedSMSEntry_GTSPOON.csv,1262,0.615609756097561,1.7180129896475065
