file,nrBest,proportionBest,entropyNrActions
nr_30_id_5_005453e8f2a00486cc5ff79fad9594ff81794e87_TemplateAppTest_GTSPOON.csv,1247,0.6082926829268293,1.659868097047172
