file,nrBest,proportionBest,entropyNrActions
nr_111_id_30_07288a2056901fff7ebc3542fe3c8415694fd9c2_ThreadPool_GTSPOON.csv,1547,0.7546341463414634,1.149635123151861
