file,nrBest,proportionBest,entropyNrActions
nr_273_id_20_0533aa7f6ff40be30f46cd213fddff41c595fc99_RFC822Date_GTSPOON.csv,325,0.15853658536585366,1.3275834776054594
