file,nrBest,proportionBest,entropyNrActions
nr_234_id_31_1097459ec3017fd14b0d1db4b7bd244f2891a97e_JMSNamespace_GTSPOON.csv,1735,0.8463414634146341,0.6991368905290185
