file,nrBest,proportionBest,entropyNrActions
nr_329_id_21_088a74d49e688c580c7906e988acb18bd15b062c_CassandraGrievanceDao_GTSPOON.csv,1044,0.5092682926829268,1.756744419650907
