file,nrBest,proportionBest,entropyNrActions
nr_623_id_4_0265562528c3792c749f4f12f003e10631521910_DebugSimulator_GTSPOON.csv,618,0.30146341463414633,1.6570601558092959
