file,nrBest,proportionBest,entropyNrActions
nr_187_id_3_014c589d2eeb677336acf994602e61dff6dceb02_StringDict_GTSPOON.csv,1114,0.5434146341463415,1.7992838993340177
