file,nrBest,proportionBest,entropyNrActions
nr_331_id_26_0b7a9c693e6bd976c46f98376a62384619c7c2e2_WSSec_GTSPOON.csv,611,0.29804878048780487,2.147230150264236
