file,nrBest,proportionBest,entropyNrActions
nr_338_id_22_0883b49d2b7d9c851e52f1131bdcbb8362c270d4_ReflectUtils_GTSPOON.csv,1365,0.6658536585365854,1.5341976273378939
