file,nrBest,proportionBest,entropyNrActions
nr_142_id_6_00fecd3b3183c099bb451035c5af60f6d80cd282_ItemTest_GTSPOON.csv,1907,0.9302439024390244,0.401996863355976
