file,nrBest,proportionBest,entropyNrActions
nr_241_id_19_06040ae16d7993f4fc7f2843aa85ca83e62d4d57_SubscribersFinder_GTSPOON.csv,1630,0.7951219512195122,1.071326167883154
