file,nrBest,proportionBest,entropyNrActions
nr_520_id_9_05f61130afc2a2f099952ebd6bcdf72633d7f454_DavinciProject_GTSPOON.csv,1913,0.9331707317073171,0.42476161590860845
