file,nrBest,proportionBest,entropyNrActions
nr_451_id_27_14bd85cc9686a4707adaedb8aff976a9ef679d7c_Server_GTSPOON.csv,1905,0.9292682926829269,0.42293152807051587
