file,nrBest,proportionBest,entropyNrActions
nr_643_id_4_02771e2b2dacb5e147b7b44096366437756548f3_HarleyData_GTSPOON.csv,442,0.21560975609756097,2.4303300975880537
