file,nrBest,proportionBest,entropyNrActions
nr_90_id_13_0152db82571f59fa75188b25533ce7c682a18107_CSDataSet_GTSPOON.csv,825,0.4024390243902439,0.929846865799235
