file,nrBest,proportionBest,entropyNrActions
nr_304_id_36_4e1ee408825b199de6ef3b850b612b0b21b212af_HeroesSkillTree_GTSPOON.csv,6,0.002926829268292683,2.562203424941354
