file,nrBest,proportionBest,entropyNrActions
nr_190_id_17_03ae50eff043473e4de01f44370ededb3a1309b5_Knoten_GTSPOON.csv,1190,0.5804878048780487,1.73758107172725
