file,nrBest,proportionBest,entropyNrActions
nr_395_id_31_1bcdbd289bc2139c6251080834e6e41d652046d4_DataGridRenderer_GTSPOON.csv,355,0.17317073170731706,1.4584016084372742
