file,nrBest,proportionBest,entropyNrActions
nr_236_id_17_04c39493befc792828a0fb865701c74994091e4d_AllLocationDimensions_GTSPOON.csv,2000,0.975609756097561,0.1542764639574232
