file,nrBest,proportionBest,entropyNrActions
nr_291_id_11_03c9dcec8651442a8b5c04d93a9cdc6cd3d74c25_Supplier_GTSPOON.csv,147,0.07170731707317073,2.8848423221476622
