file,nrBest,proportionBest,entropyNrActions
nr_160_id_4_00887331d13846fe910469cb3953b2253601471e_GiftFormController_GTSPOON.csv,1590,0.775609756097561,1.1443120840896288
