file,nrBest,proportionBest,entropyNrActions
nr_29_id_27_01704eece00e82e3cd50206732e88b04cb46a9b3_BrokerService_GTSPOON.csv,125,0.06097560975609756,2.6597514967665896
