file,nrBest,proportionBest,entropyNrActions
nr_557_id_12_061a1a79be26b2437c69c7164ca23810dac1b650_ResourceRepository_GTSPOON.csv,379,0.1848780487804878,2.4061516612043814
