file,nrBest,proportionBest,entropyNrActions
nr_379_id_15_06f4565077c2e7879af061a1886375bea53dd3af_Desugarer_GTSPOON.csv,65,0.03170731707317073,3.440217830137028
