file,nrBest,proportionBest,entropyNrActions
nr_124_id_35_19e03c989fc5fee1a2603e1e11a070430ae9bb1c_AbstractWSTest_GTSPOON.csv,96,0.04682926829268293,2.0276569172184664
