file,nrBest,proportionBest,entropyNrActions
nr_47_id_36_0baf344e111487ffa3738edc1a78dab1dff0e121_Editor_GTSPOON.csv,189,0.09219512195121951,2.624510654417544
