file,nrBest,proportionBest,entropyNrActions
nr_125_id_36_2037800a50c27313464b2bdf19c1a6941218cb45_SettingsActivity_GTSPOON.csv,1839,0.8970731707317073,0.5902309368362711
