file,nrBest,proportionBest,entropyNrActions
nr_118_id_27_0522740652c26cc2370b1300a3d8b2bf49fe0c7e_main_Aufgabe14_GTSPOON.csv,1544,0.7531707317073171,1.185958993340225
