file,nrBest,proportionBest,entropyNrActions
nr_240_id_12_02942b646ed764fc516f47a0530e36579825d921_DEPresenter_GTSPOON.csv,206,0.10048780487804879,2.498535639069642
