file,nrBest,proportionBest,entropyNrActions
nr_193_id_24_05d99e759b379f0bc1e95e78135fc41c09c42b00_CSV_GTSPOON.csv,581,0.28341463414634144,2.9812833168587054
