file,nrBest,proportionBest,entropyNrActions
nr_128_id_23_03efaa8b478d27e999ac60d6291a4a2958d41783_Other_GTSPOON.csv,1834,0.8946341463414634,0.6125846828809718
