file,nrBest,proportionBest,entropyNrActions
nr_525_id_3_0368643104db552b505164982f5f27508929c010_CategoryRange_GTSPOON.csv,1317,0.6424390243902439,1.574911045384151
