file,nrBest,proportionBest,entropyNrActions
nr_424_id_11_05d0b3f3739f7bbf18dc89d95511725923501c8a_ImageMosaicUpdater_GTSPOON.csv,173,0.08439024390243903,2.9336878686177243
