file,nrBest,proportionBest,entropyNrActions
nr_229_id_25_076b0b43573fb1ca471db937adb330d984b3614c_TabUtils_GTSPOON.csv,177,0.08634146341463414,2.855980878362346
