file,nrBest,proportionBest,entropyNrActions
nr_22_id_7_002fe198b7760939d9647f06207cf8642793cebb_Devotion_GTSPOON.csv,1730,0.8439024390243902,0.6995296300221772
