file,nrBest,proportionBest,entropyNrActions
nr_306_id_37_8799b355bf42d0d81bb904ac21f67c1176c5eca6_SimpleFrontEnd_GTSPOON.csv,1249,0.6092682926829268,1.7503256218624954
