file,nrBest,proportionBest,entropyNrActions
nr_177_id_1_0224e7d1cec081a181d7f48850553ede8c5c2e63_SWTBotTestUtil_GTSPOON.csv,209,0.10195121951219512,2.5116285409566403
