file,nrBest,proportionBest,entropyNrActions
nr_181_id_24_057180dd8cc25117d68d1bde97f16d7ce788d990_Programm_GTSPOON.csv,2024,0.9873170731707317,0.09013575957914793
