file,nrBest,proportionBest,entropyNrActions
nr_545_id_28_18602f23e44775ebd2b533f6fd848afda111efbd_JDIThread_GTSPOON.csv,85,0.041463414634146344,2.5435778289609656
