file,nrBest,proportionBest,entropyNrActions
nr_475_id_3_031c2384afc747c052f90e65269647ef069901f3_SavePersistentMethod_GTSPOON.csv,1619,0.7897560975609756,0.9136412855200786
