file,nrBest,proportionBest,entropyNrActions
nr_88_id_9_010d499a0d5d71a638dc87bfe6e55eac80052f66_Event_GTSPOON.csv,1725,0.8414634146341463,0.8712912536037142
