file,nrBest,proportionBest,entropyNrActions
nr_364_id_7_03c652a00c40b263f85a49185bf21ea91ac925b2_ScmFileEventHandler_GTSPOON.csv,1457,0.7107317073170731,1.0250863060020095
