file,nrBest,proportionBest,entropyNrActions
nr_491_id_15_090fb397baab2c5eab401be9d2d5e6034bd32f62_GT_GTSPOON.csv,342,0.16682926829268294,0.904096582839453
