file,nrBest,proportionBest,entropyNrActions
nr_299_id_8_02839989469e74e08a0370492412683b921a7898_FileInfosDatasetTest_GTSPOON.csv,1908,0.9307317073170732,0.432273091100353
