file,nrBest,proportionBest,entropyNrActions
nr_599_id_8_04b9a3c2a9c587a657242647e7446d7d074a86ab_Bin_GTSPOON.csv,349,0.1702439024390244,2.5324594111297483
