file,nrBest,proportionBest,entropyNrActions
nr_555_id_35_695748af26cc118cb1e32729baac0769ff58a043_TestSQLBackend_GTSPOON.csv,210,0.1024390243902439,2.2907052395553857
