file,nrBest,proportionBest,entropyNrActions
nr_693_id_5_05c4032238d7fd140d25cb0583290c73094e5953_MessageType_GTSPOON.csv,1660,0.8097560975609757,0.9343689117166731
