file,nrBest,proportionBest,entropyNrActions
nr_408_id_36_69e30e016e8bd0859893a33135cffd6323703d66_MyLocationOverlay_GTSPOON.csv,163,0.07951219512195122,2.7061969170966673
