file,nrBest,proportionBest,entropyNrActions
nr_39_id_31_02d613495aa47e10e6ae5c768b9d32e00bf15db2_URLUtils_GTSPOON.csv,60,0.02926829268292683,2.754499005149449
