file,nrBest,proportionBest,entropyNrActions
nr_59_id_4_002ec4d7dd5057ae8455d75c90afa01065320af7_RMR_GTSPOON.csv,1920,0.9365853658536586,0.3785589420177432
