file,nrBest,proportionBest,entropyNrActions
nr_374_id_16_06c3b90619f0577446221ac37c9a226175b7c2d7_SessionAdapter_GTSPOON.csv,2030,0.9902439024390244,0.07290604496482483
