file,nrBest,proportionBest,entropyNrActions
nr_46_id_39_44ec4bc415f969c5d465b6270332d324ccb63b58_ExactTest_GTSPOON.csv,1832,0.8936585365853659,0.6363805359951231
