file,nrBest,proportionBest,entropyNrActions
nr_611_id_4_02602f05d784258ea7acecb475b1f89114363a33_Instruction_GTSPOON.csv,1841,0.8980487804878049,0.5856327088981641
