file,nrBest,proportionBest,entropyNrActions
nr_156_id_16_031821f3382e956597f68d4158ffe5b18efdb3c0_LocalDataSource_GTSPOON.csv,1038,0.5063414634146342,2.2868805864931563
