file,nrBest,proportionBest,entropyNrActions
nr_339_id_15_062fbe948250b850bdbb42dbec2888f99997f269_DataImportView_GTSPOON.csv,182,0.08878048780487804,2.364426153490098
