file,nrBest,proportionBest,entropyNrActions
nr_269_id_15_04f75f0b30e9891cc6789de79b31c9703a45539a_TypeCheckTest_GTSPOON.csv,230,0.11219512195121951,2.3049103115186105
