file,nrBest,proportionBest,entropyNrActions
nr_471_id_24_0e1831399ff138481b022de10810b6e9b99e8024_ChemGraph_GTSPOON.csv,162,0.07902439024390244,3.278098846542436
