file,nrBest,proportionBest,entropyNrActions
nr_261_id_18_053a0819fd74e22cacc1abe39277cd6922b9e8e7_PartConstants_GTSPOON.csv,1600,0.7804878048780488,0.7628720288624311
