file,nrBest,proportionBest,entropyNrActions
nr_414_id_34_3a6751007b70265fc69019f59f308246cad76157_NativeNfcTag_GTSPOON.csv,60,0.02926829268292683,2.7094549589421746
