file,nrBest,proportionBest,entropyNrActions
nr_434_id_13_0669f40f2d3376f7794f751a26edf2751c22da40_AbstractDialogFragment_GTSPOON.csv,1901,0.9273170731707318,0.4402040375246043
