file,nrBest,proportionBest,entropyNrActions
nr_53_id_13_00e03a4af6b922e49b9308832a99a4395d1769fa_Config_GTSPOON.csv,127,0.06195121951219512,0.7556766044765012
