file,nrBest,proportionBest,entropyNrActions
nr_95_id_22_02113eeb09331197f09125e9614d6b494bf1fb9e_Game_GTSPOON.csv,1735,0.8463414634146341,0.684919013734438
