file,nrBest,proportionBest,entropyNrActions
nr_606_id_2_014cbedda2fbf8d8e3b2344c26912305ea279850_Player_GTSPOON.csv,1313,0.6404878048780488,1.7442588822100402
