file,nrBest,proportionBest,entropyNrActions
nr_306_id_3_01f7688555377feeced5da19129ea5c04505d279_Settings_GTSPOON.csv,170,0.08292682926829269,2.726707604442847
