file,nrBest,proportionBest,entropyNrActions
nr_470_id_33_3922ed9f76310eb885cbc38bb62ff631f651ce60_ProxyBranchImpl_GTSPOON.csv,560,0.2731707317073171,2.5567076528386576
