file,nrBest,proportionBest,entropyNrActions
nr_347_id_14_0517f99a4ebf680a302b43ae32d9d21c590d8c3f_ShProviderLiveTest_GTSPOON.csv,1530,0.7463414634146341,1.0477120699392353
