file,nrBest,proportionBest,entropyNrActions
nr_592_id_36_97073769964f8ca310fcddf4d6ba677927da2881_Primer_GTSPOON.csv,956,0.46634146341463417,2.168005243461648
