file,nrBest,proportionBest,entropyNrActions
nr_489_id_19_0b70fa2d235320b8c46e0f055e3602cfde2f011f_SrpUtils_GTSPOON.csv,1455,0.7097560975609756,1.3728240576763011
