file,nrBest,proportionBest,entropyNrActions
nr_520_id_12_05a9154c0680e0c868fdf350133bb31bd413b6c4_DataInserterTest_GTSPOON.csv,998,0.4868292682926829,1.959372989840293
