file,nrBest,proportionBest,entropyNrActions
nr_23_id_27_0128daed327c7aa99114e52634b7ef648dcd0e67_ReportWriter_GTSPOON.csv,180,0.08780487804878048,2.8133996771021677
