file,nrBest,proportionBest,entropyNrActions
nr_390_id_15_072ee71a8c7e9f8ca45c1a3031909971741025de_DeployProcessOperation_GTSPOON.csv,171,0.08341463414634147,2.1633667626286606
