file,nrBest,proportionBest,entropyNrActions
nr_50_id_20_00e61896d2b60212e087d195078ba37d6955a83b_JstPublisher_GTSPOON.csv,636,0.3102439024390244,1.7931070816040413
