file,nrBest,proportionBest,entropyNrActions
nr_567_id_9_06910768d2094f10a9e3afe042319ee1758dd364_IntervalLayout_GTSPOON.csv,1656,0.8078048780487805,1.0071596583444131
