file,nrBest,proportionBest,entropyNrActions
nr_60_id_34_08fcb46405e57d85fc37b43c728661a25c1fd905_URIUtilTest_GTSPOON.csv,483,0.23560975609756096,2.231136927540018
