file,nrBest,proportionBest,entropyNrActions
nr_415_id_21_0a94c1e9c4343b1c8ee434021401f9932d470a7b_AccountInfo_GTSPOON.csv,1273,0.6209756097560976,1.519884337806452
