file,nrBest,proportionBest,entropyNrActions
nr_164_id_11_021c4a80dc8d332ba78c6a8692073d45ea7cb85d_IndexServlet_GTSPOON.csv,625,0.3048780487804878,2.6061042278786988
