file,nrBest,proportionBest,entropyNrActions
nr_175_id_26_06a2696744542caab7b9b41a7e652d001c9c42ad_NetworksFragment_GTSPOON.csv,111,0.054146341463414634,2.0137381362289997
