file,nrBest,proportionBest,entropyNrActions
nr_186_id_18_0398ad323f1ce6029d4c1f8a8f2d4cdd3e985b32_SearchUtil_GTSPOON.csv,2000,0.975609756097561,0.15720284917451513
