file,nrBest,proportionBest,entropyNrActions
nr_574_id_2_013e08980f6397e30822d2bb81f051b4e99f9706_DefaultDataProcessor_GTSPOON.csv,1438,0.7014634146341463,1.405610626826157
