file,nrBest,proportionBest,entropyNrActions
nr_271_id_4_0102c6649807c1c32a6118f895a66dce12ca221b_FormulaParser_GTSPOON.csv,165,0.08048780487804878,3.138239005660702
