file,nrBest,proportionBest,entropyNrActions
nr_112_id_4_005daf647711bf20c410ec5255d0ab14542b7c9e_dInventory_GTSPOON.csv,267,0.1302439024390244,2.9146902084588993
