file,nrBest,proportionBest,entropyNrActions
nr_13_id_22_003dc357579ec02896a6209c1d3437d695bae343_RoomView_GTSPOON.csv,290,0.14146341463414633,2.867189657537911
