file,nrBest,proportionBest,entropyNrActions
nr_75_id_15_0122944df572e275c41f6134529d46705a7a33e2_LinearPathInterpolator_GTSPOON.csv,2030,0.9902439024390244,0.061443711955070604
