file,nrBest,proportionBest,entropyNrActions
nr_378_id_31_1a3ad3641eaee86b0401695b52959a44b1f63b1d_MtpImage_GTSPOON.csv,800,0.3902439024390244,1.709432750459416
