file,nrBest,proportionBest,entropyNrActions
nr_138_id_5_013915fc96768573b5743b4177d90ee49a58fa98_LoadTest_GTSPOON.csv,1830,0.8926829268292683,0.6094012419165143
