file,nrBest,proportionBest,entropyNrActions
nr_534_id_6_034341ea35e334621ed43cace025415b56a50090_DefaultPluginMetaManager_GTSPOON.csv,28,0.013658536585365854,1.0514843276026586
