file,nrBest,proportionBest,entropyNrActions
nr_666_id_8_052b392473799029ad394facef0d097dea8d8d5c_Renderer_GTSPOON.csv,1102,0.5375609756097561,1.7779796686011464
