file,nrBest,proportionBest,entropyNrActions
nr_59_id_20_0116ae9682da78535b5cddc08f080975c9f91a92_DBGPReader_GTSPOON.csv,96,0.04682926829268293,3.4857872044924094
