file,nrBest,proportionBest,entropyNrActions
nr_117_id_21_0342aa8568591754d7f85c7509af5c1f56868090_AntlrParserPlugin_GTSPOON.csv,150,0.07317073170731707,2.899022225715374
