file,nrBest,proportionBest,entropyNrActions
nr_691_id_4_02b1f60181440cb7f4a52e4a8bc0ce71582dc8ef_MainPanel_GTSPOON.csv,1470,0.7170731707317073,1.3310474472471863
