file,nrBest,proportionBest,entropyNrActions
nr_554_id_11_07f4f0677f6928f987ce3c1f5224c896c0943a3e_ServiceManager_GTSPOON.csv,1933,0.9429268292682926,0.3466147958556454
