file,nrBest,proportionBest,entropyNrActions
nr_637_id_6_03ee4850e96cd69b0ebe834d007d727f1d154155_IGVCommandBar_GTSPOON.csv,189,0.09219512195121951,2.6390556437884327
