file,nrBest,proportionBest,entropyNrActions
nr_235_id_33_1d4d0e46790835a7d050d3769a346ccb2583126d_KahaDBPersistenceAdapter_GTSPOON.csv,1757,0.8570731707317073,0.6942578830421152
