file,nrBest,proportionBest,entropyNrActions
nr_137_id_36_221a0442d04845093a6230ae2b994f20b5226777_TransparentItemProxy_GTSPOON.csv,57,0.027804878048780488,0.9793977316669858
