file,nrBest,proportionBest,entropyNrActions
nr_512_id_25_12368e6c16608dfcdbb9ee165d5e09b410496b25_SensorApplet_GTSPOON.csv,1666,0.8126829268292682,0.913978058933626
