file,nrBest,proportionBest,entropyNrActions
nr_658_id_8_05213fa29259d752dfc644347a6dacec19d13eea_Driver_GTSPOON.csv,1933,0.9429268292682926,0.3613860310733247
