file,nrBest,proportionBest,entropyNrActions
nr_561_id_7_05db2575803b1570c8150b17462fa260104b3906_MainGameActivity_GTSPOON.csv,1939,0.9458536585365853,0.32480491948896006
