file,nrBest,proportionBest,entropyNrActions
nr_152_id_36_2532624abd59dcfa2f1fde773a52e3fac3971e1a_FileUtils_GTSPOON.csv,5,0.0024390243902439024,3.1411430824977953
