file,nrBest,proportionBest,entropyNrActions
nr_408_id_7_044675e0c03e9c44207593830a2ab7213b9a5707_BreadcrumbsFilter_GTSPOON.csv,1716,0.8370731707317073,0.8580070080465715
