file,nrBest,proportionBest,entropyNrActions
nr_132_id_31_097b55ab423620a33159c420411cd6af3a0b686e_ContactEditorView_GTSPOON.csv,10,0.004878048780487805,2.5443064840021115
