file,nrBest,proportionBest,entropyNrActions
nr_76_id_28_037de77d8ce5f4463356b0b3ce5c32df46dd827e_Inflater_GTSPOON.csv,21,0.01024390243902439,2.626618153120916
