file,nrBest,proportionBest,entropyNrActions
nr_151_id_11_01f2716666f0c79a42b65b6ce9d68b6bb85073c6_EasOutboxService_GTSPOON.csv,1633,0.7965853658536586,1.08983417490664
