file,nrBest,proportionBest,entropyNrActions
nr_165_id_30_0a66d351356457505ea10669b52d492588d781f3_ExecutionEngineIPC_GTSPOON.csv,5,0.0024390243902439024,3.091396285814158
