file,nrBest,proportionBest,entropyNrActions
nr_174_id_2_0053010ec095bfa2e229a2a821c6e02905eab952_PlayClient_GTSPOON.csv,1930,0.9414634146341463,0.3539477565819982
