file,nrBest,proportionBest,entropyNrActions
nr_67_id_25_02199d944c65d07a5b88d9902b5dece8ca21f056_APIWrapperMethods_GTSPOON.csv,100,0.04878048780487805,2.512455026349307
