file,nrBest,proportionBest,entropyNrActions
nr_476_id_31_21193507cb0c09a7648eb2f7fe55c6d4568da41a_LogStorageScript_GTSPOON.csv,5,0.0024390243902439024,3.741517108232224
