file,nrBest,proportionBest,entropyNrActions
nr_415_id_33_342cd6f588750f13d2d8d14459c735495c7b52cf_InstantiatorGenerator_GTSPOON.csv,251,0.1224390243902439,2.3843174150697957
