file,nrBest,proportionBest,entropyNrActions
nr_173_id_7_01d9ecb983736d80ff555a729f871768fc91912e_AbstractXenGSMTest_GTSPOON.csv,832,0.4058536585365854,2.260561276470882
