file,nrBest,proportionBest,entropyNrActions
nr_414_id_22_09d6eb0f3fb1d81ea59881e6c65512d09d573cc1_Workspace_GTSPOON.csv,80,0.03902439024390244,2.6989776943090757
