file,nrBest,proportionBest,entropyNrActions
nr_719_id_1_0822f2ca0348c724a51d22a72fdf9c3f5685ee9b_SolrExampleTests_GTSPOON.csv,152,0.07414634146341463,2.6539100210291817
