file,nrBest,proportionBest,entropyNrActions
nr_134_id_22_032b8ba5fb1e6741e3db83d9c46be60fd7231f9d_Main_GTSPOON.csv,1656,0.8078048780487805,1.0304266641937607
