file,nrBest,proportionBest,entropyNrActions
nr_434_id_23_0d89a5e9a1c92c7c3e325d824f790b33381055db_TextTestShell_GTSPOON.csv,1939,0.9458536585365853,0.3405950185071053
