file,nrBest,proportionBest,entropyNrActions
nr_98_id_1_010de14013c38b7f82e4755270e88a8249f3a825_SimpleConveyer_GTSPOON.csv,1625,0.7926829268292683,1.0323444421775143
