file,nrBest,proportionBest,entropyNrActions
nr_164_id_9_020d11fe4635669d508ad8143a27ab888dfbd503_IfCommand_GTSPOON.csv,1306,0.6370731707317073,1.7584282024978277
