file,nrBest,proportionBest,entropyNrActions
nr_263_id_24_084ccf934b6a005fd515001f2593924044ba95f2_LoginGadget_GTSPOON.csv,2013,0.9819512195121951,0.12941691036555378
