file,nrBest,proportionBest,entropyNrActions
nr_78_id_14_0120a8cd2576a0cc40ff1a78303aa2375a8b9d95_VdmPpEditor_GTSPOON.csv,2007,0.9790243902439024,0.13693312222865558
