file,nrBest,proportionBest,entropyNrActions
nr_116_id_29_06a30bb2e0f1cfa25135ad824077ab2b22eebfa8_R_GTSPOON.csv,1280,0.624390243902439,1.5021211773774923
