file,nrBest,proportionBest,entropyNrActions
nr_118_id_17_024342250205157f6f625809f876b769d86b364e_KalenderWocheTreeContentProviderTest_GTSPOON.csv,1778,0.8673170731707317,0.7329585266675444
