file,nrBest,proportionBest,entropyNrActions
nr_706_id_1_07f2ea1a41751934c875c41d25d5178cf07373ee_PetascopeInterface_GTSPOON.csv,543,0.2648780487804878,2.951892392319503
