file,nrBest,proportionBest,entropyNrActions
nr_91_id_16_01c5037103d0f2efde6e41173a81f32a867c59fd_SP11Constants_GTSPOON.csv,135,0.06585365853658537,2.148749141042342
