file,nrBest,proportionBest,entropyNrActions
nr_224_id_27_09e085e7501fd96e3310750b582069b26ab057d5_RemoteControl_GTSPOON.csv,234,0.11414634146341464,2.2048635951337148
