file,nrBest,proportionBest,entropyNrActions
nr_559_id_5_049dd5ce0703d79a0ba78b2dc7945a74b6d9cc99_SendBug_GTSPOON.csv,1639,0.7995121951219513,1.0578589105209757
