file,nrBest,proportionBest,entropyNrActions
nr_133_id_31_098671ffbaf962c27e9498ae50134630225d828f_ECKeyTest_GTSPOON.csv,980,0.47804878048780486,0.3535960595519601
