file,nrBest,proportionBest,entropyNrActions
nr_99_id_22_022988f9fa10aa6c43912ca91d5823905ecf44dc_EditModulePage_GTSPOON.csv,1642,0.8009756097560976,1.040993132313722
