file,nrBest,proportionBest,entropyNrActions
nr_94_id_31_07432591dbda3e7b906a7e5a03f4bd07b19aa9a8_Scheduler_GTSPOON.csv,402,0.19609756097560976,2.3585729467576337
