file,nrBest,proportionBest,entropyNrActions
nr_276_id_17_0583a2b2ed58c4b91b32d4b5f1db144523e67b23_Util_GTSPOON.csv,20,0.00975609756097561,2.46316245254132
