file,nrBest,proportionBest,entropyNrActions
nr_49_id_38_2010a275249dabf56f97e2675310d826c1ed6b92_Actor_GTSPOON.csv,57,0.027804878048780488,3.03407361619771
