file,nrBest,proportionBest,entropyNrActions
nr_420_id_17_086e49c177c63b719042378a6948fcc3b6f3534a_SimpleXmlWrappers_GTSPOON.csv,1808,0.8819512195121951,0.6507474899412806
