file,nrBest,proportionBest,entropyNrActions
nr_267_id_32_1763a4a7a8ab51e574d66295c1d50f5903ec414d_ServiceListPage_GTSPOON.csv,1376,0.671219512195122,1.40635891901754
