file,nrBest,proportionBest,entropyNrActions
nr_435_id_13_066f3d5e2d0fab361d47450e60c3ed5fbc3693d9_HTMLSpanElement_GTSPOON.csv,1928,0.9404878048780487,0.38441648446097604
