file,nrBest,proportionBest,entropyNrActions
nr_142_id_37_402a4c1a3ec82c00909cb5f72384e16160c55d13_CamelSalesforceMojo_GTSPOON.csv,30,0.014634146341463415,2.9509838523424134
