file,nrBest,proportionBest,entropyNrActions
nr_56_id_18_00deedfaa60f4683f08cf6383434046d86aa8300_ObserveNon_GTSPOON.csv,1653,0.8063414634146342,0.8847747727249704
