file,nrBest,proportionBest,entropyNrActions
nr_362_id_23_0b8a7197455a8ec2bde5fb21b9353b6a4e83f8df_Utils_GTSPOON.csv,1642,0.8009756097560976,1.0076267289175294
