file,nrBest,proportionBest,entropyNrActions
nr_328_id_12_038a23683a281021d2e986482e8882704d4415d7_MusicStream_GTSPOON.csv,376,0.18341463414634146,2.1857609580131427
