file,nrBest,proportionBest,entropyNrActions
nr_364_id_9_044b723739933f73ea5b1d70a52b6035297a4491_DialogRenderer_GTSPOON.csv,1709,0.8336585365853658,0.8715963386726787
