file,nrBest,proportionBest,entropyNrActions
nr_593_id_6_03a80d369339209c955895260c39ad631feebae8_ConstantEvaluator_GTSPOON.csv,167,0.08146341463414634,3.0839842749232247
