file,nrBest,proportionBest,entropyNrActions
nr_411_id_9_04bf368fad1cf35b98ea77c83c7534a4a2b91d58_InjectorImpl_GTSPOON.csv,268,0.13073170731707318,2.5806717635278886
