file,nrBest,proportionBest,entropyNrActions
nr_111_id_37_32b1d504df68ce53c604ebf83729a4e78c71a8b4_Broker_GTSPOON.csv,33,0.016097560975609757,3.077248427169364
