file,nrBest,proportionBest,entropyNrActions
nr_94_id_20_01e4d1c16961900ed8acc9f438a020c7a7909c82_Controller_GTSPOON.csv,1069,0.5214634146341464,1.9732135750155542
