file,nrBest,proportionBest,entropyNrActions
nr_249_id_16_0498be5e3a26e6ce96891640c30ab12bd2727042_PeriodicalsServiceImpl_GTSPOON.csv,200,0.0975609756097561,2.518128676184035
