file,nrBest,proportionBest,entropyNrActions
nr_376_id_37_aa5d73ea09d1ca8c054b79e7cce5a10221106363_NewMapChunkCache_GTSPOON.csv,29,0.014146341463414635,2.3656277581871517
