file,nrBest,proportionBest,entropyNrActions
nr_151_id_12_01a3c37432a6a115cde7de19a5c55f7f70927ba0_SourceLocationTests_GTSPOON.csv,1934,0.9434146341463414,0.36712507294527796
