file,nrBest,proportionBest,entropyNrActions
nr_538_id_6_034e597a99f839e4e31f967c042166580f619f5b_PushOperationTest_GTSPOON.csv,1166,0.568780487804878,1.7594161098494938
