file,nrBest,proportionBest,entropyNrActions
nr_386_id_37_b0c11113f748ffa74ce1916b379542317b342c0f_Verifier_GTSPOON.csv,52,0.025365853658536587,4.148666707227122
