file,nrBest,proportionBest,entropyNrActions
nr_47_id_24_0173ab77f41dd02eb3b800bf2976ce95910e5cc4_QueryRequest_GTSPOON.csv,358,0.1746341463414634,1.3295839821135123
