file,nrBest,proportionBest,entropyNrActions
nr_78_id_32_0743d9648929bccf92e295a49e7e7cc3260d2581_JaxpDescriptorParser_GTSPOON.csv,145,0.07073170731707316,3.1376952321275065
