file,nrBest,proportionBest,entropyNrActions
nr_130_id_22_02db9921846679c8caaa5ceb22447188125f21bc_LinkedList_GTSPOON.csv,1644,0.8019512195121952,0.9322437670882802
