file,nrBest,proportionBest,entropyNrActions
nr_293_id_5_026e2881a0533dd3601d9af7a5616670178ef26f_LoadSeries_GTSPOON.csv,149,0.07268292682926829,3.02961288794222
