file,nrBest,proportionBest,entropyNrActions
nr_393_id_29_16a6e6606c083d653f310b18bf212bd9c12f0c6a_HtmlFileInput_GTSPOON.csv,362,0.17658536585365853,0.8643781278208394
