file,nrBest,proportionBest,entropyNrActions
nr_462_id_1_0527d6ca1229cb530447f25f63c33a668a2f4c9b_Util_GTSPOON.csv,1478,0.7209756097560975,1.2756334052858587
