file,nrBest,proportionBest,entropyNrActions
nr_126_id_20_02915e662047271fedbe50a5e53feee577716086_JRPublishFragment_GTSPOON.csv,60,0.02926829268292683,2.975713913252818
