file,nrBest,proportionBest,entropyNrActions
nr_36_id_29_01fd29f39208c65b3146c1c0a8c09c374784a6c3_Permissions_GTSPOON.csv,1484,0.7239024390243902,1.1209163254301648
