file,nrBest,proportionBest,entropyNrActions
nr_274_id_14_040faba5d1a5084f80a0a9f6932c3889655a3f72_Property_GTSPOON.csv,2015,0.9829268292682927,0.10520570474832268
