file,nrBest,proportionBest,entropyNrActions
nr_372_id_18_0706fd7102494f9aa8a6e58da3133cbe2acc758d_IdentityImpl_GTSPOON.csv,540,0.2634146341463415,2.4291880887295534
