file,nrBest,proportionBest,entropyNrActions
nr_10_id_14_003188e14ee5fe1a561d6ad61216b548afcbf17e_VoteState_GTSPOON.csv,773,0.3770731707317073,1.0598285942251358
