file,nrBest,proportionBest,entropyNrActions
nr_83_id_7_00ea4d47623983456fe26f3669988869d794d7e8_ShowcaseController_GTSPOON.csv,2028,0.9892682926829268,0.07725376712675852
