file,nrBest,proportionBest,entropyNrActions
nr_102_id_25_038ced77ce3c8edf1304e3452c23eb1f77a7e744_PanoramaModule_GTSPOON.csv,95,0.046341463414634146,2.754261951687514
