file,nrBest,proportionBest,entropyNrActions
nr_283_id_30_116154dac918b10d8d0a641069166a34653355ca_NodeUtilTest_GTSPOON.csv,1937,0.9448780487804878,0.304242874683772
