file,nrBest,proportionBest,entropyNrActions
nr_157_id_35_1fd320d92fbfb7fe2d572c89551f831df78dd890_CheckerRunner_GTSPOON.csv,40,0.01951219512195122,1.8935879847510653
