file,nrBest,proportionBest,entropyNrActions
nr_233_id_26_087dd78bfc01fd8ad9b91a002b20424b38907a7d_SourcePaths_GTSPOON.csv,1603,0.7819512195121952,1.0095511837824902
