file,nrBest,proportionBest,entropyNrActions
nr_385_id_36_62f19157a87ed8a5f97b919b92728d9029cc3861_Main_GTSPOON.csv,1455,0.7097560975609756,1.1905364209046982
