file,nrBest,proportionBest,entropyNrActions
nr_50_id_30_038f85fca2e009fb0ccbdd9a99cd1a2e0440ce18_Window_GTSPOON.csv,1210,0.5902439024390244,1.6264253399510618
