file,nrBest,proportionBest,entropyNrActions
nr_210_id_14_0307fba70b8278171bafb3c70a151530f1bb5cd3_CommentsActivity_GTSPOON.csv,1161,0.5663414634146341,2.0374971102907877
