file,nrBest,proportionBest,entropyNrActions
nr_173_id_20_03543731bc0a843ec7336d5be4815c62f94d9932_BrokerDTO_GTSPOON.csv,2007,0.9790243902439024,0.13325842056044607
