file,nrBest,proportionBest,entropyNrActions
nr_338_id_12_03a1b423d85ca59960f06f2e8b7c6ebbdba3f024_SHA3Digest_GTSPOON.csv,40,0.01951219512195122,2.4120747971926177
