file,nrBest,proportionBest,entropyNrActions
nr_474_id_25_10d877a842018c603c1fa6ab82c0f72e67f65998_DefaultClientCurator_GTSPOON.csv,1452,0.7082926829268292,1.272877031337799
