file,nrBest,proportionBest,entropyNrActions
nr_365_id_18_06f8425518cf0044ba79abf41638b5805288ccc1_NatTableContentTooltip_GTSPOON.csv,384,0.1873170731707317,1.2625494084273914
