file,nrBest,proportionBest,entropyNrActions
nr_571_id_12_064cc9ba20f950c189137e7f89a79d65b22d05d0_ContentAssistBot_GTSPOON.csv,1535,0.748780487804878,1.1617595770388878
