file,nrBest,proportionBest,entropyNrActions
nr_409_id_19_09e9e508572060213edb8b79e4d84447b119a2c6_IWSimpleSlideServiceImp_GTSPOON.csv,290,0.14146341463414633,2.7960518422252894
