file,nrBest,proportionBest,entropyNrActions
nr_120_id_17_024749910c8cd44df982803cc57f2767a227da58_MyMustacheletService_GTSPOON.csv,1365,0.6658536585365854,1.5543982976565616
