file,nrBest,proportionBest,entropyNrActions
nr_483_id_31_218c34e13a7839673ef9f2f3d00e9b6d50b119d1_DateModule_GTSPOON.csv,160,0.07804878048780488,2.5514033961927893
