file,nrBest,proportionBest,entropyNrActions
nr_180_id_11_0251e63bee0858680bc43c654f560ac90e3325f0_FileWagon_GTSPOON.csv,15,0.007317073170731708,0.6741273666869123
