file,nrBest,proportionBest,entropyNrActions
nr_165_id_3_011502cbf8e2088b005e062340f79dd10e06a160_AddToMylistService_GTSPOON.csv,1102,0.5375609756097561,1.3586009860726738
