file,nrBest,proportionBest,entropyNrActions
nr_3_id_21_0025880f7f9415a92f3d3534f141f58259db1dfc_DefaultBatchImport_GTSPOON.csv,25,0.012195121951219513,3.785500971170677
