file,nrBest,proportionBest,entropyNrActions
nr_350_id_30_1586168a30d972b62d335516dcf419e23aa82210_CJoinCommand_GTSPOON.csv,94,0.045853658536585365,2.72441023734644
