file,nrBest,proportionBest,entropyNrActions
nr_105_id_19_028c1f1cd9b02f4faaace84fe28d469887f3d326_MainPanel_GTSPOON.csv,137,0.06682926829268293,2.7072281128033673
