file,nrBest,proportionBest,entropyNrActions
nr_99_id_12_0128d0ae164cd5a1db3f87b421138c74b5919675_CleverElevator_GTSPOON.csv,1632,0.7960975609756098,1.0524029724531765
