file,nrBest,proportionBest,entropyNrActions
nr_466_id_15_08a7764427c8c9c597811cf0c220db2f264e72d3_ModCenterClock_GTSPOON.csv,991,0.48341463414634145,2.428442845066003
