file,nrBest,proportionBest,entropyNrActions
nr_218_id_17_04779cb8ba9ac8282262e91b20bf9a1f66848b3d_MultiverseCore_GTSPOON.csv,171,0.08341463414634147,2.573347936030851
