file,nrBest,proportionBest,entropyNrActions
nr_33_id_14_0080e1d0480b5cf2e70c31ba36f43dcde918c4f1_BarCodes_GTSPOON.csv,840,0.4097560975609756,2.412607107094885
