file,nrBest,proportionBest,entropyNrActions
nr_445_id_6_02b7cb369c5ac43ca2ac228523938152a6a4a71b_ValidationProcessor_GTSPOON.csv,13,0.006341463414634147,2.6002422560631766
