file,nrBest,proportionBest,entropyNrActions
nr_337_id_34_2ecb5b044d15cf5c9523cfa782e33ca05d49df86_PlowAction_GTSPOON.csv,252,0.12292682926829268,1.9528990745073198
