file,nrBest,proportionBest,entropyNrActions
nr_465_id_27_153647301b52c08ea85679dcf4f82889821274fe_CreatePropertiesMojo_GTSPOON.csv,1042,0.5082926829268293,1.9362460805131727
