file,nrBest,proportionBest,entropyNrActions
nr_256_id_16_04b025547988350bbf409ffaf22ee673a8624450_PhotoTable_GTSPOON.csv,427,0.20829268292682926,2.385603913775715
