file,nrBest,proportionBest,entropyNrActions
nr_244_id_30_0f3320de01fbf99002355491a8b5fa792d67713d_RefreshValueService_GTSPOON.csv,700,0.34146341463414637,2.356936396061485
