file,nrBest,proportionBest,entropyNrActions
nr_11_id_26_0053dff90f29335365facf217a5ee9d73da320fb_NSXMLParser_GTSPOON.csv,1931,0.9419512195121951,0.3705493051576145
