file,nrBest,proportionBest,entropyNrActions
nr_567_id_5_04b6968f49559a81c9ad2b5b9cab1dbdc4ed2ba8_MKD_GTSPOON.csv,1805,0.8804878048780488,0.7024564148907916
