file,nrBest,proportionBest,entropyNrActions
nr_164_id_36_28646125e494f89b64e22b4f879b1bb97d87182b_ConfigurableMashupService_GTSPOON.csv,178,0.08682926829268292,2.730468233090744
