file,nrBest,proportionBest,entropyNrActions
nr_221_id_36_382578672f54f615cb82201a9308d3366ea56121_SessionReader_GTSPOON.csv,176,0.08585365853658537,2.8508681079888736
