file,nrBest,proportionBest,entropyNrActions
nr_254_id_23_0855e79c5e38536cc51ee18dc05e90aab5091911_FuncTestServlet_GTSPOON.csv,1835,0.8951219512195122,0.6218636936579465
