file,nrBest,proportionBest,entropyNrActions
nr_440_id_18_0841860d0890381bb327843864c8d11c01456757_StringUtilTest_GTSPOON.csv,1545,0.7536585365853659,0.9615691245575501
