file,nrBest,proportionBest,entropyNrActions
nr_557_id_8_047f1b1478178fdfea8259c38006ad7b17254397_MapIndexServiceTest_GTSPOON.csv,843,0.41121951219512193,2.171936006349123
