file,nrBest,proportionBest,entropyNrActions
nr_365_id_1_0432267ad046d9fce19acf1d5955b8904eaa4145_Storage_GTSPOON.csv,1182,0.5765853658536585,1.8028451448153333
