file,nrBest,proportionBest,entropyNrActions
nr_137_id_6_00f7b2b8cf22696bc6a8bc951ad6b2729f9291af_DSIndexer_GTSPOON.csv,196,0.09560975609756098,2.6260526917137073
