file,nrBest,proportionBest,entropyNrActions
nr_71_id_20_01567a3747ca1002ebda99a4789a45915798847b_MiniJSUnitTest_GTSPOON.csv,188,0.09170731707317073,1.5912784814304082
