file,nrBest,proportionBest,entropyNrActions
nr_632_id_8_04f624afadb2c8304ac160732c89614991d2de39_CompareTreeView_GTSPOON.csv,178,0.08682926829268292,3.197198902180701
