file,nrBest,proportionBest,entropyNrActions
nr_516_id_10_04f64f3d8164f9f853ad76efeeb629c23ce9d919_BookCollection_GTSPOON.csv,496,0.24195121951219511,2.394852444781301
