file,nrBest,proportionBest,entropyNrActions
nr_317_id_18_064ec473813e4d7fd590b6a6ad6b0661ff25e2d2_StorageTest_GTSPOON.csv,1559,0.7604878048780488,1.0588897723800623
