file,nrBest,proportionBest,entropyNrActions
nr_338_id_38_e0d3774fae2739c3bcdea9d445f28e737241c9cb_Operation_GTSPOON.csv,1456,0.7102439024390244,1.4020611756212626
