file,nrBest,proportionBest,entropyNrActions
nr_573_id_35_6ea3c1c97abd05426a2bd4033056c1279bfd1058_StyleImplTest_GTSPOON.csv,970,0.47317073170731705,0.4358265005287283
