file,nrBest,proportionBest,entropyNrActions
nr_25_id_14_006aaf7a5e9390f9e30292348739507315ffc812_DocumentService_GTSPOON.csv,2020,0.9853658536585366,0.10585084905863128
