file,nrBest,proportionBest,entropyNrActions
nr_136_id_27_06051ff65e2179d3be24a6952fe8c85a82d3fc7d_FortranProcessor_GTSPOON.csv,1737,0.8473170731707317,0.8164362397200072
