file,nrBest,proportionBest,entropyNrActions
nr_113_id_24_035e828dbee6afd4d4c34177f4429d7684a45e56_Constants_GTSPOON.csv,3,0.0014634146341463415,0.18913462674135628
