file,nrBest,proportionBest,entropyNrActions
nr_285_id_29_10c429a4676471d665772d3bc347942b28254220_ArenaSpawns_GTSPOON.csv,1891,0.922439024390244,0.4687883752269789
