file,nrBest,proportionBest,entropyNrActions
nr_473_id_17_0997ccce771de922eb94c1a7b2f579c2a4087162_ZoneBehaviour_GTSPOON.csv,80,0.03902439024390244,2.255979906270997
