file,nrBest,proportionBest,entropyNrActions
nr_33_id_12_0068abca6513ba4172bd28d8c486b6c193e88a89_WidgetPageEngine_GTSPOON.csv,1362,0.6643902439024391,1.6047917229050488
