file,nrBest,proportionBest,entropyNrActions
nr_133_id_5_01330373bf731de086615c46209b6bf52ec0c4a0_LeagueLobby_GTSPOON.csv,1624,0.7921951219512195,1.0557484886356705
