file,nrBest,proportionBest,entropyNrActions
nr_232_id_27_0a54328ca2e7b3025c9b05f86158ece332a72db4_IfCommand_GTSPOON.csv,84,0.04097560975609756,3.6314625644100427
