file,nrBest,proportionBest,entropyNrActions
nr_110_id_3_00c49493c0c77335f37b400851aa6336a25eaa52_Detector_GTSPOON.csv,1452,0.7082926829268292,1.3582732908369808
