file,nrBest,proportionBest,entropyNrActions
nr_319_id_21_084cd447084cfcdc3806c18381bfd646d06f26e8_TextFilter_GTSPOON.csv,1936,0.944390243902439,0.3614211507968711
