file,nrBest,proportionBest,entropyNrActions
nr_409_id_10_03eb27daa9f170cc3715db9124c1936399cb753e_ChatUser_GTSPOON.csv,2025,0.9878048780487805,0.08999170501398362
