file,nrBest,proportionBest,entropyNrActions
nr_462_id_28_14836f1020673a0db767d4196f10bdbbd8232fd6_Data_GTSPOON.csv,210,0.1024390243902439,2.32739379808276
