file,nrBest,proportionBest,entropyNrActions
nr_369_id_4_01744fb25140680ba4e9a491f595a8ce6ddcf5b2_StepEditFragment_GTSPOON.csv,1745,0.8512195121951219,0.7718632606420525
