file,nrBest,proportionBest,entropyNrActions
nr_370_id_15_06c97a3bbf7bd69332c7c0b8ff3f625ae017f527_NamesTable_GTSPOON.csv,1527,0.7448780487804878,1.2883200352139652
