file,nrBest,proportionBest,entropyNrActions
nr_476_id_28_14e11b4bae8bc7446a58134331f6133b7855571d_BaseScoreTabFactory_GTSPOON.csv,120,0.05853658536585366,1.6114967774088718
