file,nrBest,proportionBest,entropyNrActions
nr_339_id_3_02328ea6c803d346fe437dac6877a2f7a2691dd7_H2Tab_GTSPOON.csv,1950,0.9512195121951219,0.2842059120345536
