file,nrBest,proportionBest,entropyNrActions
nr_129_id_38_582c83b29b9e825ab80208737e1d4c88bb7859d5_JPQLExpressionBuilder_GTSPOON.csv,127,0.06195121951219512,2.8433421102164473
