file,nrBest,proportionBest,entropyNrActions
nr_147_id_10_01404397c166b5b146b0ff1d999de5874af20342_AnimalModelActionTest_GTSPOON.csv,1730,0.8439024390243902,0.6495053472825603
