file,nrBest,proportionBest,entropyNrActions
nr_663_id_8_052563c07f5a4f38ea58e04c0be96ea94478b9b9_MapActivityJourney_GTSPOON.csv,1556,0.7590243902439024,1.3113597599383322
