file,nrBest,proportionBest,entropyNrActions
nr_203_id_11_028376e54cba9fec56a45b38cbc4464d46511532_RepositoryCreator_GTSPOON.csv,1401,0.6834146341463415,1.5281494028018978
