file,nrBest,proportionBest,entropyNrActions
nr_302_id_9_039896361a0549c4b9b36ccf3a7372a8c730c207_EditarResolucionController_GTSPOON.csv,50,0.024390243902439025,2.5300884164766986
