file,nrBest,proportionBest,entropyNrActions
nr_299_id_29_11df0a6125ed94221170b156149c4d402c73c238_Ponysay_GTSPOON.csv,70,0.03414634146341464,3.6071745134875117
