file,nrBest,proportionBest,entropyNrActions
nr_287_id_13_0428286bab74ea10170aea412f06ee0a25a02bef_IOUtil_GTSPOON.csv,177,0.08634146341463414,2.5195342821596025
