file,nrBest,proportionBest,entropyNrActions
nr_54_id_33_0804d1229ff4e1cb186862362f1ebfd6a23a290a_LucandraTermDocs_GTSPOON.csv,1641,0.8004878048780488,1.0090044180967872
