file,nrBest,proportionBest,entropyNrActions
nr_333_id_19_07f0c1f2ae5d4d50a4ebd1095d25d14ef97487a3_TemplatePCATest_GTSPOON.csv,1400,0.6829268292682927,1.4274565214966624
