file,nrBest,proportionBest,entropyNrActions
nr_19_id_29_01170b9ca110909910b3efbc19b4891eb215d849_TagsControlSet_GTSPOON.csv,1040,0.5073170731707317,2.083387691930006
