file,nrBest,proportionBest,entropyNrActions
nr_1_id_37_0025a448ac5f16129d088c5b9c0ccb768135e751_ResourceLoader_GTSPOON.csv,14,0.006829268292682927,2.3760263719327765
