file,nrBest,proportionBest,entropyNrActions
nr_20_id_17_005690e8553ad8db7900fd57aef20909662b89b5_DexBackedTryBlock_GTSPOON.csv,1628,0.7941463414634147,1.0043785983511766
