file,nrBest,proportionBest,entropyNrActions
nr_145_id_24_04501d46a72067d2bbaae103266ce4f6514cb8f3_MediaClientLiveTest_GTSPOON.csv,858,0.41853658536585364,2.6023012498553006
