file,nrBest,proportionBest,entropyNrActions
nr_242_id_34_222396f807943da46e868a36fd12035f361bbe10_EclipseContextTest_GTSPOON.csv,1466,0.7151219512195122,1.2785182256409777
