file,nrBest,proportionBest,entropyNrActions
nr_484_id_30_1d4ff8729b89f70a4d7279a65a7be0907401e358_Primitives_GTSPOON.csv,132,0.06439024390243903,2.677216603877531
