file,nrBest,proportionBest,entropyNrActions
nr_56_id_40_af9775cc9a0da9b4564113bb4df5f9b2a0a4ec04_Check_GTSPOON.csv,210,0.1024390243902439,2.309203674524082
