file,nrBest,proportionBest,entropyNrActions
nr_399_id_8_0343e30d54221f4c06e44e696424df3f4c892726_GexManager_GTSPOON.csv,1836,0.895609756097561,0.6065040025143115
