file,nrBest,proportionBest,entropyNrActions
nr_147_id_3_00f8670538f2ccc35f277d7e9227a8e09b0b4dff_ModelJTable_GTSPOON.csv,149,0.07268292682926829,2.8060790820641857
