file,nrBest,proportionBest,entropyNrActions
nr_183_id_9_0239b9e05d8150559bc7e096b7d2a075f36871ac_Battle_GTSPOON.csv,1720,0.8390243902439024,0.9348750061548894
