file,nrBest,proportionBest,entropyNrActions
nr_21_id_27_010bcd28c56d56980f38f42b543e824fa4c1ce5d_ClassIndex_GTSPOON.csv,1528,0.7453658536585366,0.8984712563447548
