file,nrBest,proportionBest,entropyNrActions
nr_536_id_10_05312c67f50b6d083a054895ae9dbba5bbd77455_Tuple_GTSPOON.csv,2008,0.9795121951219512,0.12999251669186193
