file,nrBest,proportionBest,entropyNrActions
nr_375_id_36_60bc1be1265063d987c22be0adb91d86f49ae01f_JavaRuntime_GTSPOON.csv,20,0.00975609756097561,3.144597098320932
