file,nrBest,proportionBest,entropyNrActions
nr_131_id_30_08464ed34112bff5722ec421a54681c95a796d82_TemporaryOpenDocumentFile_GTSPOON.csv,2000,0.975609756097561,0.16366210281434698
