file,nrBest,proportionBest,entropyNrActions
nr_64_id_15_00fe3b8368a39803229a974c5ddd0a8e7d3cace5_UberTestCase2_GTSPOON.csv,524,0.255609756097561,1.2405770977239707
