file,nrBest,proportionBest,entropyNrActions
nr_488_id_32_2b14d15829bb07d44fd2784c8356fc59daef9e7d_ASTIdentifier_GTSPOON.csv,1406,0.6858536585365854,1.1424330101776041
