file,nrBest,proportionBest,entropyNrActions
nr_190_id_1_024a46f7c92025781fa69708dfa767c102d87c96_LayeredGraph_GTSPOON.csv,1461,0.7126829268292683,1.287548679759944
