file,nrBest,proportionBest,entropyNrActions
nr_208_id_13_02f2d5cd2025c23799fd42ac6e911068994ea903_JsonUtils_GTSPOON.csv,1756,0.8565853658536585,0.7290800007466596
