file,nrBest,proportionBest,entropyNrActions
nr_389_id_3_028c154574be3cf281f748fbac76c9bc328ad499_EclipseAppHandle_GTSPOON.csv,1114,0.5434146341463415,1.7937277447917799
