file,nrBest,proportionBest,entropyNrActions
nr_29_id_31_020e136d32940b7847ee0aef89d2269c5db92d14_HttpUtilTest_GTSPOON.csv,1846,0.9004878048780488,0.517391362490827
