file,nrBest,proportionBest,entropyNrActions
nr_327_id_22_083a6e27138d98b9d2e604d362f3859979cbff68_SAXAccessMethod_GTSPOON.csv,1393,0.6795121951219513,1.2577580633490775
