file,nrBest,proportionBest,entropyNrActions
nr_221_id_9_02a94b58809f8deecb55e4b76cf32e95f5550444_EventRepositoryTest_GTSPOON.csv,1909,0.931219512195122,0.41119719769002905
