file,nrBest,proportionBest,entropyNrActions
nr_327_id_9_03e1bf541e05a702c499179093dea44b5c1e31bf_Item_GTSPOON.csv,7,0.0034146341463414634,0.43097837102267295
