file,nrBest,proportionBest,entropyNrActions
nr_465_id_24_0dd4a1079d1c030564e0371eb6555af72185a029_MaxPriorityQueue_GTSPOON.csv,1440,0.7024390243902439,1.238283677898601
