file,nrBest,proportionBest,entropyNrActions
nr_155_id_26_05f0ca1201a421f2e98153857884be0dc33e6c54_SkillSmoke_GTSPOON.csv,1748,0.8526829268292683,0.6057999182146997
