file,nrBest,proportionBest,entropyNrActions
nr_235_id_28_0a3606161a98fde9c328ec654ce4900b71e58e09_Dummy_GTSPOON.csv,2005,0.9780487804878049,0.1402456723949052
