file,nrBest,proportionBest,entropyNrActions
nr_211_id_6_0160b79a89e02baff00efa182f20761ab85c123a_DialogContext_GTSPOON.csv,408,0.19902439024390245,2.817661818525872
