file,nrBest,proportionBest,entropyNrActions
nr_140_id_19_038aebc13ab8c4c21cd79cdf5218c06ba529131b_Acl2Parser_GTSPOON.csv,72,0.0351219512195122,3.7844219692404706
