file,nrBest,proportionBest,entropyNrActions
nr_186_id_18_0398ad323f1ce6029d4c1f8a8f2d4cdd3e985b32_SolrSearch_GTSPOON.csv,1721,0.8395121951219512,0.8671633883920454
