file,nrBest,proportionBest,entropyNrActions
nr_416_id_13_060b3f59af40320f0294d248d1dae4ef644d3ba0_BaseDao_GTSPOON.csv,1620,0.7902439024390244,1.060062230480544
