file,nrBest,proportionBest,entropyNrActions
nr_621_id_2_0154775ced208974854fa10329efd92ff1c25bdd_App_GTSPOON.csv,2000,0.975609756097561,0.16581408067901787
