file,nrBest,proportionBest,entropyNrActions
nr_62_id_37_1a724930db7f7a0cda63ac2267b957247c3d6e62_CurrencyBusiness_GTSPOON.csv,1068,0.5209756097560976,1.9930779401152687
