file,nrBest,proportionBest,entropyNrActions
nr_281_id_36_45e161a6c1c1be28b34156fd4595eb96160be2cd_XMLX509SKI_GTSPOON.csv,394,0.19219512195121952,1.6025340191612267
