file,nrBest,proportionBest,entropyNrActions
nr_150_id_32_0d56223f21cc45ce7a578f41dfe2923b0e464f00_Machine_GTSPOON.csv,149,0.07268292682926829,3.0860851768195277
