file,nrBest,proportionBest,entropyNrActions
nr_587_id_8_04abc0481c6b53727f569a94c6fc84428f77226b_DocumentLineDiffer_GTSPOON.csv,171,0.08341463414634147,3.042840719301872
