file,nrBest,proportionBest,entropyNrActions
nr_150_id_35_1e8605c65f85551dd4896d467107fff2da35c8ef_ValueFixer_GTSPOON.csv,341,0.16634146341463416,1.7323652198598076
