file,nrBest,proportionBest,entropyNrActions
nr_236_id_3_019a4008436fdb76e55f370cb122ccf36070abb3_ThingAdapter_GTSPOON.csv,331,0.16146341463414635,2.4640207098683558
