file,nrBest,proportionBest,entropyNrActions
nr_219_id_17_047b65025d0330bbc39c7b6b97158c321cfb3849_SerialBuffer_GTSPOON.csv,1841,0.8980487804878049,0.5848679277547584
