file,nrBest,proportionBest,entropyNrActions
nr_229_id_36_3a7a9daac4306a908712f7324fafaa0cf0d06bc1_Subject_GTSPOON.csv,465,0.22682926829268293,2.202897017862624
