file,nrBest,proportionBest,entropyNrActions
nr_179_id_4_009b5dd85526941f8c0afd958042440d57bb00c8_SignShopPlayerListener_GTSPOON.csv,181,0.08829268292682926,2.2561793257621607
