file,nrBest,proportionBest,entropyNrActions
nr_55_id_40_ae4d3cf2d0852895758f5b543c95b0a1b635342f_CollectionActivity_GTSPOON.csv,1468,0.7160975609756097,1.3058581708508648
