file,nrBest,proportionBest,entropyNrActions
nr_472_id_28_14b4879419d0743820bea56483882e6121043f40_Gex_GTSPOON.csv,145,0.07073170731707316,2.77368924784632
