file,nrBest,proportionBest,entropyNrActions
nr_525_id_33_3e2ebf106abb6996aa13a80d8147cc76da3eca70_ViewId_GTSPOON.csv,40,0.01951219512195122,0.8803154681253322
