file,nrBest,proportionBest,entropyNrActions
nr_10_id_14_003188e14ee5fe1a561d6ad61216b548afcbf17e_Game_GTSPOON.csv,1731,0.844390243902439,0.8346861915254821
