file,nrBest,proportionBest,entropyNrActions
nr_477_id_14_06dd16bbce100c57b996146c995f205efbdb7970_AirplaneEnabler_GTSPOON.csv,1453,0.708780487804878,1.1184210739834306
