file,nrBest,proportionBest,entropyNrActions
nr_224_id_24_06fd9b0c14e28661bee5bc7759f328671d23146d_Python_GTSPOON.csv,259,0.12634146341463415,2.482110566412206
