file,nrBest,proportionBest,entropyNrActions
nr_128_id_16_027964ff652e333806feb85305ee84c692eaaf62_StorableGenerator_GTSPOON.csv,144,0.0702439024390244,3.183491982665606
