file,nrBest,proportionBest,entropyNrActions
nr_184_id_18_038ba469c5d08832f333d2fc3f07484cd21d410f_Scriptlet_GTSPOON.csv,1752,0.8546341463414634,0.731948069445364
