file,nrBest,proportionBest,entropyNrActions
nr_245_id_22_0660edbb1c7b19a4cb4394e4d1dc352e045768b3_Motion_GTSPOON.csv,432,0.21073170731707316,2.346083091960571
