file,nrBest,proportionBest,entropyNrActions
nr_10_id_34_00fb1adfb383f3c24a9079aa7ece22542d875a68_ProblemGraph_GTSPOON.csv,1329,0.6482926829268293,1.583813469320086
