file,nrBest,proportionBest,entropyNrActions
nr_117_id_4_00670166e06d0dd2a9cc0ad41888fbb0a8b65c5c_MenuFragment_GTSPOON.csv,1725,0.8414634146341463,0.8402455878846851
