file,nrBest,proportionBest,entropyNrActions
nr_69_id_20_014c47d47cd59d759d159b1ab22084de5c513812_PyFloat_GTSPOON.csv,210,0.1024390243902439,2.324241734408495
