file,nrBest,proportionBest,entropyNrActions
nr_142_id_23_0445ecf6e7a7294562bcd8ff789e51c735bd19c1_FAQUtils_GTSPOON.csv,1757,0.8570731707317073,0.7385330323617462
