file,nrBest,proportionBest,entropyNrActions
nr_74_id_17_015a99558f0344e06556e69214353183755ad122_ProrPropertyCellEditorProvider_GTSPOON.csv,1109,0.5409756097560976,1.8017556163200046
