file,nrBest,proportionBest,entropyNrActions
nr_116_id_19_02cd9ad28d087d699142511d105dd7c0599c4772_ScoreCapReachedJob_GTSPOON.csv,1754,0.855609756097561,0.6104664623028956
