file,nrBest,proportionBest,entropyNrActions
nr_376_id_26_0cc5a7e51493ba83bcbc7841588fcca8a9384c3f_Menue_GTSPOON.csv,157,0.07658536585365854,3.1217952097597963
