file,nrBest,proportionBest,entropyNrActions
nr_448_id_1_05067229fba38449d580ac7959f4a00a2ec8b645_Ship_GTSPOON.csv,1834,0.8946341463414634,0.6027866072537785
