file,nrBest,proportionBest,entropyNrActions
nr_174_id_15_035e9c27f41790866076c07e1b0afd18176db95f_HazelcastClient_GTSPOON.csv,1028,0.5014634146341463,1.8619898250328117
