file,nrBest,proportionBest,entropyNrActions
nr_420_id_2_00de9f8969ddf4b05a841d08d8749bba0d6ee526_XMLList_GTSPOON.csv,203,0.09902439024390244,2.5620817121467785
