file,nrBest,proportionBest,entropyNrActions
nr_435_id_10_04308df7513dcbe916c77f91f9930da942aa5cce_MainActivity_GTSPOON.csv,1451,0.7078048780487805,1.3318384591390422
