file,nrBest,proportionBest,entropyNrActions
nr_501_id_35_5fa2cdd04da0fd928cfb7086085971dd7239bed7_PeerGroup_GTSPOON.csv,1404,0.6848780487804879,1.5617249051934308
