file,nrBest,proportionBest,entropyNrActions
nr_143_id_13_01f9a93a99959e8614f8ac3e0f41e17ce84184a7_SubversionRepository_GTSPOON.csv,452,0.22048780487804878,2.606092198047151
