file,nrBest,proportionBest,entropyNrActions
nr_282_id_16_0523d9d7abd36c9d0389e40d8131999cd18f303c_Faction_GTSPOON.csv,28,0.013658536585365854,1.8061503697298642
