file,nrBest,proportionBest,entropyNrActions
nr_474_id_17_09997a5005a53577084dd70da30e46bdf608d0a1_Maps_GTSPOON.csv,152,0.07414634146341463,2.893298526705385
