file,nrBest,proportionBest,entropyNrActions
nr_40_id_36_0aa3322a709bf1b82ea4176f949d00b8ba3875e9_PyJavaClass_GTSPOON.csv,177,0.08634146341463414,2.996204193338516
