file,nrBest,proportionBest,entropyNrActions
nr_246_id_33_1ec98e786004c8ba6ac20ec7b4004471db6cef5d_PdeEmitter_GTSPOON.csv,104,0.050731707317073174,2.598948712726019
