file,nrBest,proportionBest,entropyNrActions
nr_113_id_16_023da0152f119822478fd89d6c47c42266fa20fd_DrupalDAO_GTSPOON.csv,1076,0.5248780487804878,1.9233999783897326
