file,nrBest,proportionBest,entropyNrActions
nr_285_id_25_09a26ac0748656daa3a11a9027a10d875d102289_BaseMoSKitoControlAction_GTSPOON.csv,1930,0.9414634146341463,0.3670234660333032
