file,nrBest,proportionBest,entropyNrActions
nr_308_id_19_07565fc444a74a6766675c9b482157db9a28c122_SimilarUser_GTSPOON.csv,40,0.01951219512195122,0.8251095939989442
