file,nrBest,proportionBest,entropyNrActions
nr_470_id_13_06eeb7ac5d28e178d5e7279fe169822462002fa6_InventoryModuleActivator_GTSPOON.csv,1817,0.8863414634146342,0.42144063250256314
