file,nrBest,proportionBest,entropyNrActions
nr_359_id_10_0372ab2ba07bfc674d9758dfdeb0e397702fe282_ProjectElement_GTSPOON.csv,1918,0.935609756097561,0.4157066424109239
