file,nrBest,proportionBest,entropyNrActions
nr_647_id_6_0402856650b8b20e31464f83002e0c4705ac01f3_IDESessionSettings_GTSPOON.csv,2000,0.975609756097561,0.14271136677152546
