file,nrBest,proportionBest,entropyNrActions
nr_353_id_9_0430513b43526c36d88df7e1cdb8eed7161975af_ThreadContext_GTSPOON.csv,132,0.06439024390243903,2.489582114799976
