file,nrBest,proportionBest,entropyNrActions
nr_79_id_11_00e8ca1bf6460388301e862507a6429ce66fae48_StrestRouter_GTSPOON.csv,1275,0.6219512195121951,1.6792161927891316
