file,nrBest,proportionBest,entropyNrActions
nr_168_id_22_041465c606b83d46719d1d21504abf83dd7a9ce4_TestCorrectness_GTSPOON.csv,958,0.46731707317073173,2.099847421017726
