file,nrBest,proportionBest,entropyNrActions
nr_67_id_11_00cad42618adb98f1eeaa36077d0b1982cf20107_ContextDAOTest_GTSPOON.csv,1831,0.8931707317073171,0.591811559497087
