file,nrBest,proportionBest,entropyNrActions
nr_122_id_31_08dd67e4013e9d85f914682b4d6d013c1de2d9d9_CameraSwitcher_GTSPOON.csv,14,0.006829268292682927,3.286467833038497
