file,nrBest,proportionBest,entropyNrActions
nr_454_id_33_377c6b61968ae3425c91283a54fa4aca8a30d6f0_WebSocketClient_GTSPOON.csv,1016,0.49560975609756097,1.9697005041783613
