file,nrBest,proportionBest,entropyNrActions
nr_436_id_28_13419a70be24a370da8a38b4f88151e40b410fa5_WsdlImportTest_GTSPOON.csv,1614,0.7873170731707317,0.7339474720796686
