file,nrBest,proportionBest,entropyNrActions
nr_409_id_25_0e240eb722fb668138521886779302d9d96cc75a_Main_GTSPOON.csv,45,0.02195121951219512,1.2820990626434865
