file,nrBest,proportionBest,entropyNrActions
nr_181_id_26_06d0198035f5c1b0188dfabc6d578f4bac694e5e_Preferences_GTSPOON.csv,301,0.14682926829268292,2.0209893939191197
