file,nrBest,proportionBest,entropyNrActions
nr_438_id_5_039d197b7e577dade0e6e355c07551fb4b82d3f3_LegendGraphic_GTSPOON.csv,596,0.29073170731707315,2.55079730212657
