file,nrBest,proportionBest,entropyNrActions
nr_515_id_5_0432a83e034e70b985368d9e822eaa968d8d1748_IssuesTest_GTSPOON.csv,1014,0.4946341463414634,1.6132954394585808
