file,nrBest,proportionBest,entropyNrActions
nr_113_id_17_02353ea472ba833ff1c0b847d901affeb9a438f3_ReasonerTest_GTSPOON.csv,210,0.1024390243902439,2.3321589612411087
