file,nrBest,proportionBest,entropyNrActions
nr_627_id_4_0267693da6e390de64de91252669e652ee99bdf8_DataBlockSender_GTSPOON.csv,1330,0.6487804878048781,1.5807663025746255
