file,nrBest,proportionBest,entropyNrActions
nr_340_id_27_0e9fb7f09a0bfbd1cf02864f69e3f1b7c739a121_Play_GTSPOON.csv,918,0.4478048780487805,2.4148416163729403
