file,nrBest,proportionBest,entropyNrActions
nr_426_id_26_0e7bfece61c0a275f6ab98084a401551fba538d7_Pass1Parser_GTSPOON.csv,1366,0.6663414634146342,1.5780827857438373
