file,nrBest,proportionBest,entropyNrActions
nr_98_id_25_037b3da5d250e09f5c4a5751c18edac340ef1f84_pictures_GTSPOON.csv,196,0.09560975609756098,2.905139773255881
