file,nrBest,proportionBest,entropyNrActions
nr_186_id_16_0373b71f86aa5a3838047d979d4ed21b25b9adf5_MediaService_GTSPOON.csv,2015,0.9829268292682927,0.11667252410023475
