file,nrBest,proportionBest,entropyNrActions
nr_271_id_13_03da2afc5b46426219653e025ce72882f1f55c79_NavigatorPane_GTSPOON.csv,1180,0.5756097560975609,1.887281823319115
