file,nrBest,proportionBest,entropyNrActions
nr_331_id_14_04ea597ea8360ef4b71520f3ae76c06025f35a60_FileSystemNode_GTSPOON.csv,1757,0.8570731707317073,0.7450784578560404
