file,nrBest,proportionBest,entropyNrActions
nr_455_id_35_584230451d999a8dfec25f44d9d0e7b4fa430efe_JukeLoopPlugin_GTSPOON.csv,7,0.0034146341463414634,2.486370772285359
