file,nrBest,proportionBest,entropyNrActions
nr_557_id_10_056e3d89cb117ac959db0b1072a7b4232c5cc156_TechManager_GTSPOON.csv,194,0.09463414634146342,2.087796289064753
