file,nrBest,proportionBest,entropyNrActions
nr_138_id_14_01e7dfa4a24e1f0a89971d4328ce11df88b2d24c_TableThemeAdapter_GTSPOON.csv,2025,0.9878048780487805,0.08539000553920782
