file,nrBest,proportionBest,entropyNrActions
nr_143_id_8_01403aec54460490f5093d6e7948e007264c791a_ItemNetFull_GTSPOON.csv,388,0.18926829268292683,2.5593652925661368
