file,nrBest,proportionBest,entropyNrActions
nr_100_id_21_02d8769917e43427fb97054b89c623d3908a577a_GenericSelectStationView_GTSPOON.csv,180,0.08780487804878048,2.99952058225415
