file,nrBest,proportionBest,entropyNrActions
nr_183_id_2_0058bf38e237b4787c515aca205d4b291dae2783_TrafficSignal_GTSPOON.csv,2015,0.9829268292682927,0.11839028328972906
