file,nrBest,proportionBest,entropyNrActions
nr_184_id_20_03949a1e421f93877b924c2cb4aad1822ae6cc6f_Redirects_GTSPOON.csv,1908,0.9307317073170732,0.4174457685097479
