file,nrBest,proportionBest,entropyNrActions
nr_635_id_6_03ea3f8c2a5d957019e61a32f5c7f10c642515b7_muteCommand_GTSPOON.csv,1480,0.7219512195121951,1.0619634129353384
