file,nrBest,proportionBest,entropyNrActions
nr_355_id_28_0ff323f5f1ff989c3351f9f97e99e20a5c1f42af_ArrayLiteral_GTSPOON.csv,2030,0.9902439024390244,0.07290604496482483
