file,nrBest,proportionBest,entropyNrActions
nr_403_id_6_027734a11a7d46f7bffc12bfa85735e48a89d139_DPrimeDisplay_GTSPOON.csv,70,0.03414634146341464,3.012668690428793
