file,nrBest,proportionBest,entropyNrActions
nr_126_id_29_0735dbb37face04b2680d9c4759af8e0a7ba3818_LinkActivity_GTSPOON.csv,1512,0.7375609756097561,1.3466785131692083
