file,nrBest,proportionBest,entropyNrActions
nr_201_id_9_0269b6c11cc55cf5020de47d9f34c51b2263b009_CommandJump_GTSPOON.csv,2007,0.9790243902439024,0.15026715771406934
