file,nrBest,proportionBest,entropyNrActions
nr_56_id_8_0081c620e8b0c5328f00dd29f5a87215ad18f656_FCPInterface_GTSPOON.csv,199,0.09707317073170732,2.558308208915536
