file,nrBest,proportionBest,entropyNrActions
nr_395_id_3_029322595a3b104a1865973eca7ca6543b89c9cf_StockSimDB_GTSPOON.csv,1478,0.7209756097560975,1.2912416157691746
