file,nrBest,proportionBest,entropyNrActions
nr_280_id_7_02f74fbf7866e3471804f315e7ad2d40c94b1c0f_Mailer_GTSPOON.csv,252,0.12292682926829268,1.2574554232973196
