file,nrBest,proportionBest,entropyNrActions
nr_321_id_33_29beadd5983931b230024018bd1dc24183a6a2b5_Utils_GTSPOON.csv,1393,0.6795121951219513,1.3488180091954072
