file,nrBest,proportionBest,entropyNrActions
nr_421_id_13_06210963081e82b3389333b063215251b748dca2_UIPortletLifecycle_GTSPOON.csv,1635,0.7975609756097561,1.057448074961623
