file,nrBest,proportionBest,entropyNrActions
nr_158_id_27_07298994056c333406f3adebce2cf39ed8ef8ac8_MoSyncThread_GTSPOON.csv,140,0.06829268292682927,2.5191739174112247
