file,nrBest,proportionBest,entropyNrActions
nr_229_id_25_076b0b43573fb1ca471db937adb330d984b3614c_Attribute_GTSPOON.csv,180,0.08780487804878048,1.9464879521825547
