file,nrBest,proportionBest,entropyNrActions
nr_112_id_9_015ed698879e106c97d6e78201c3b507027a548d_NEDGraphBuilderImpl_GTSPOON.csv,1054,0.5141463414634146,1.9965551449174175
