file,nrBest,proportionBest,entropyNrActions
nr_485_id_37_db7771f97c770c57849f4964f58e4145a70928b4_ClassCompiler_GTSPOON.csv,858,0.41853658536585364,1.943408552546588
