file,nrBest,proportionBest,entropyNrActions
nr_59_id_18_00ea7a51f0715531d8fc1efdc10420907213f54d_RegistrationActivity_GTSPOON.csv,1832,0.8936585365853659,0.576573044444666
