file,nrBest,proportionBest,entropyNrActions
nr_60_id_27_02c85cdea0be215dda429341d6fd1984ef39d622_GoActivity_GTSPOON.csv,75,0.036585365853658534,2.884836713719613
