file,nrBest,proportionBest,entropyNrActions
nr_500_id_10_04cd4ea933cad0c5b79c27571171fbb5f6639b82_ORCIProcessFactory_GTSPOON.csv,930,0.45365853658536587,0.5639074288078074
