file,nrBest,proportionBest,entropyNrActions
nr_257_id_29_0f0e23c9b28ddb2918752b9f1c402c220be484eb_TaskListView_GTSPOON.csv,15,0.007317073170731708,4.20669099395327
