file,nrBest,proportionBest,entropyNrActions
nr_101_id_33_0d145fc77f8e36c3990cfed787e9af7750763338_I2PSnarkServlet_GTSPOON.csv,20,0.00975609756097561,3.302333030416004
