file,nrBest,proportionBest,entropyNrActions
nr_339_id_10_034ddc0647bb8b1862b0a59b4feb6d543eabf2b7_Entry_GTSPOON.csv,1626,0.7931707317073171,1.0369444386047606
