file,nrBest,proportionBest,entropyNrActions
nr_394_id_18_0764808919d34e4103716420db489a51d4bd4a0d_TractPointGenerator_GTSPOON.csv,1472,0.7180487804878048,1.2989673785438185
