file,nrBest,proportionBest,entropyNrActions
nr_138_id_27_061c19e8352b55096e77baad22b3ffe44c2a6757_UIPaintView_GTSPOON.csv,322,0.15707317073170732,2.633249319264349
