file,nrBest,proportionBest,entropyNrActions
nr_293_id_4_011870399cb885b0afdfbcb5f8ba5671794a12e8_BingStepdefs_GTSPOON.csv,2012,0.9814634146341463,0.13175254353103485
