file,nrBest,proportionBest,entropyNrActions
nr_312_id_15_05e00ce404d1917aef8c3eaeac1db3a925b56f27_SQLBuilder_GTSPOON.csv,1939,0.9458536585365853,0.3411768191013485
