file,nrBest,proportionBest,entropyNrActions
nr_108_id_39_adb8bb2c8109c50d183a28e607165075fc137881_pchestPlayerListener_GTSPOON.csv,232,0.11317073170731708,2.428690221548314
