file,nrBest,proportionBest,entropyNrActions
nr_165_id_1_01f771aad2f0e393ed9f768a20af4891f2f1da64_ImageWriter_GTSPOON.csv,1756,0.8565853658536585,0.7613913741127311
