file,nrBest,proportionBest,entropyNrActions
nr_582_id_7_060bc5a3b50bc1df9ef763797d29f7333422a35f_SvnNgWcToWcCopy_GTSPOON.csv,160,0.07804878048780488,2.5199797715558105
