file,nrBest,proportionBest,entropyNrActions
nr_41_id_32_0334bad08526c68638406838bee63996b69dec04_PreferenceActivity_GTSPOON.csv,724,0.35317073170731705,2.1407029296674596
