file,nrBest,proportionBest,entropyNrActions
nr_372_id_9_0458843f83b7861d89157f6e9d927195072b5647_HistoricTaskInstanceManager_GTSPOON.csv,1741,0.8492682926829268,0.7571431189772543
