file,nrBest,proportionBest,entropyNrActions
nr_49_id_31_039aeef5f238b2072b47581e72973eab49dc3d17_BigRational_GTSPOON.csv,80,0.03902439024390244,2.7517572718301375
