file,nrBest,proportionBest,entropyNrActions
nr_31_id_6_003b89f90462d2d61f073af7ab96778e7be94aaa_Warzone_GTSPOON.csv,209,0.10195121951219512,2.4965199860070557
