file,nrBest,proportionBest,entropyNrActions
nr_60_id_13_00f25394719e9d66ef08f99c72f473c2945e6456_SendPort_GTSPOON.csv,372,0.18146341463414634,2.4964945962593603
