file,nrBest,proportionBest,entropyNrActions
nr_440_id_3_02e494398a36ed0bc664499490d4bf0e46d3e788_StaffImages_GTSPOON.csv,1826,0.8907317073170732,0.608500890319565
