file,nrBest,proportionBest,entropyNrActions
nr_18_id_22_006e9a0da62dad0f1a63b1410be2fb5ff117e2cd_DTd_GTSPOON.csv,100,0.04878048780487805,1.7274063063306322
