file,nrBest,proportionBest,entropyNrActions
nr_849_id_2_01d522522aa14dba2b6778c81f899f57dda60050_SyncMessageTest_GTSPOON.csv,1729,0.8434146341463414,0.7999209149160159
