file,nrBest,proportionBest,entropyNrActions
nr_126_id_20_02915e662047271fedbe50a5e53feee577716086_Story_GTSPOON.csv,1516,0.7395121951219512,1.2518554035039746
