file,nrBest,proportionBest,entropyNrActions
nr_391_id_27_1194fc882b81c0189ecfc87228bbb8a225ea0640_SimpleJsonParser_GTSPOON.csv,1369,0.6678048780487805,1.4927333167766785
