file,nrBest,proportionBest,entropyNrActions
nr_144_id_10_013cb02b7f07b6f484e3395a3134bebe0a82e98b_RouteSyntax_GTSPOON.csv,824,0.40195121951219515,2.1105358447831106
