file,nrBest,proportionBest,entropyNrActions
nr_100_id_13_016fe2069db0dfaf29426187d340487339a9e4c8_ConverterResource_GTSPOON.csv,2020,0.9853658536585366,0.09570723178214427
