file,nrBest,proportionBest,entropyNrActions
nr_488_id_18_0941b8c3dfdb5e4cfa8744e9dc2b9a3e30498085_Utils_GTSPOON.csv,315,0.15365853658536585,2.1470559821576267
