file,nrBest,proportionBest,entropyNrActions
nr_775_id_1_08e269f11b25b0fc259b837db2ed0106678e3f1f_JavaRuntime_GTSPOON.csv,1928,0.9404878048780487,0.38238987949900055
