file,nrBest,proportionBest,entropyNrActions
nr_169_id_8_01857f05068cfd6035af9164b79eed79b534ff52_Styliser_GTSPOON.csv,399,0.19463414634146342,2.414131631200404
