file,nrBest,proportionBest,entropyNrActions
nr_255_id_15_04b7f57bb1ebc1059f73f66e42d26838c6a0cde3_MapController_GTSPOON.csv,743,0.3624390243902439,1.2062836996349457
