file,nrBest,proportionBest,entropyNrActions
nr_581_id_1_06775e49c1c7de80d959a3707742cd761c208d50_RuleEditorPanel_GTSPOON.csv,1468,0.7160975609756097,1.2711350720567576
