file,nrBest,proportionBest,entropyNrActions
nr_17_id_17_00481b3ed322b4f36b669201d2287964febda65f_PagedView_GTSPOON.csv,101,0.04926829268292683,3.047480951492681
