file,nrBest,proportionBest,entropyNrActions
nr_367_id_37_a5e5ea62f484f7b6527b23dcce802bd7ed28f498_Analyzer_GTSPOON.csv,27,0.013170731707317073,1.167492555492937
