file,nrBest,proportionBest,entropyNrActions
nr_253_id_34_241dbe3ae06180a5737cdee6316f96987ef5fd5c_ObservableTests_GTSPOON.csv,1029,0.5019512195121951,1.6638532772051218
