file,nrBest,proportionBest,entropyNrActions
nr_228_id_33_1c2b2344f47079c02a4f2a4b40234bc400587ed9_TransactionalTestRunner_GTSPOON.csv,1120,0.5463414634146342,1.7108970261122596
