file,nrBest,proportionBest,entropyNrActions
nr_265_id_9_032f87a7ef30d6646a127592b397026a401257aa_Socket_GTSPOON.csv,396,0.19317073170731708,0.86512140469582
