file,nrBest,proportionBest,entropyNrActions
nr_588_id_12_067ab1e01c79c1c298e01fee281a7b165039cbfb_BootReceiver_GTSPOON.csv,1900,0.926829268292683,0.4437356207242873
