file,nrBest,proportionBest,entropyNrActions
nr_303_id_18_0608a0d17156b335b68d6dee5ebad3ff0f8863c4_SVNCommitUtil_GTSPOON.csv,418,0.20390243902439023,3.429591484231544
