file,nrBest,proportionBest,entropyNrActions
nr_142_id_14_01ec1b9e85b6161442f0f2238c61d67a79e5289f_diff_match_patch_GTSPOON.csv,178,0.08682926829268292,2.668261874974977
