file,nrBest,proportionBest,entropyNrActions
nr_386_id_8_032d66dd764834a057e65d925a9e95bf15fc517c_XMLValidator_GTSPOON.csv,165,0.08048780487804878,2.6992408807889956
