file,nrBest,proportionBest,entropyNrActions
nr_106_id_11_014f2e3ec6c55ebdabf8ee465460e7562d2061d4_NioSession_GTSPOON.csv,2010,0.9804878048780488,0.12256226270497653
