file,nrBest,proportionBest,entropyNrActions
nr_61_id_5_0096f67695a6fcc07c09a88aae47b0769023a510_DeeUILanguageToolkit_GTSPOON.csv,1915,0.9341463414634147,0.39635722182255173
