file,nrBest,proportionBest,entropyNrActions
nr_218_id_12_02689ee99ad5036d46159a8297eddc0386310a7f_Viewer_GTSPOON.csv,950,0.4634146341463415,2.1302461162129185
