file,nrBest,proportionBest,entropyNrActions
nr_163_id_19_03fabcee2a7c36964384f78af43991a8773ec72f_JadtoolTask_GTSPOON.csv,54,0.026341463414634145,2.303602127577716
