file,nrBest,proportionBest,entropyNrActions
nr_431_id_2_00e3364b5819e03bddc0c3cab5f35128a00f6b7a_Elector_GTSPOON.csv,192,0.09365853658536585,2.5769523969117847
