file,nrBest,proportionBest,entropyNrActions
nr_301_id_2_009a89b5484c5f928305ac25f027198bd2711d00_DefaultModuleManager_GTSPOON.csv,1663,0.811219512195122,0.9557547331779276
