file,nrBest,proportionBest,entropyNrActions
nr_198_id_3_015f37221a4b782f885d64c8989b4d8df0d96cf6_BPConfig_GTSPOON.csv,1756,0.8565853658536585,0.7709470498702755
