file,nrBest,proportionBest,entropyNrActions
nr_268_id_33_21ff0e1219e98c9763d4c357367c208138e43f3f_ClusterMapImpl_GTSPOON.csv,2,0.000975609756097561,3.274422898686919
