file,nrBest,proportionBest,entropyNrActions
nr_80_id_26_030158b4874303ef64913ad14780b10fe3894771_Apg_GTSPOON.csv,90,0.04390243902439024,2.744439652052239
