file,nrBest,proportionBest,entropyNrActions
nr_432_id_1_04e78282c392ce3fa8683b46721d2f5058d4e6e6_XMLHandler_GTSPOON.csv,649,0.31658536585365854,2.202012872026942
