file,nrBest,proportionBest,entropyNrActions
nr_186_id_22_0486ab77c7f0450cc00cd1e5a805142daa575f73_DatabaseSnapshot_GTSPOON.csv,641,0.3126829268292683,2.516454668843044
