file,nrBest,proportionBest,entropyNrActions
nr_390_id_34_3692db7e3800c4ba1d672fa652873032447ce267_CellomicsReader_GTSPOON.csv,5,0.0024390243902439024,2.372873061612845
