file,nrBest,proportionBest,entropyNrActions
nr_538_id_5_047285193f96d0db6e2c1862e7d8eaccef8a774d_User_GTSPOON.csv,1290,0.6292682926829268,1.622223499750921
