file,nrBest,proportionBest,entropyNrActions
nr_295_id_32_191b84a1cd4a4288085da806f2d97bb7cf8e94b2_LauncherConsole_GTSPOON.csv,852,0.41560975609756096,2.3396343339372074
