file,nrBest,proportionBest,entropyNrActions
nr_126_id_5_011f8ff393112d2c13b7cc9940e7453428a3ad78_Connection_GTSPOON.csv,535,0.26097560975609757,2.344974240089748
