file,nrBest,proportionBest,entropyNrActions
nr_472_id_3_031a77e75b0ebdda91109087c02f63563fa2edc3_Datastore_GTSPOON.csv,209,0.10195121951219512,2.5458367470905823
