file,nrBest,proportionBest,entropyNrActions
nr_313_id_26_0ae27d12e8178e05d5a57daa66757c9ee1bdd742_Main3DPanel_GTSPOON.csv,126,0.06146341463414634,2.972834085401451
