file,nrBest,proportionBest,entropyNrActions
nr_7_id_3_0007472e20e02589a6305e1aeaa70770963ebec7_Launcher_GTSPOON.csv,185,0.09024390243902439,2.864106560936877
