file,nrBest,proportionBest,entropyNrActions
nr_542_id_1_060f4be79d3f65bea46bbfd6c878f9aafe17323d_Tsp_GTSPOON.csv,1575,0.7682926829268293,1.002599884710285
