file,nrBest,proportionBest,entropyNrActions
nr_157_id_15_03164ef04e848473280a726017a4f8327734f3d0_ImagePanel_GTSPOON.csv,1052,0.5131707317073171,1.8712807143889114
