file,nrBest,proportionBest,entropyNrActions
nr_481_id_9_05820677438bf8fb9a1a23e7a8076ff9ec4f1602_TablaControl_GTSPOON.csv,1827,0.891219512195122,0.6243365972301472
