file,nrBest,proportionBest,entropyNrActions
nr_408_id_32_2328690fa67862f76eef4b144fea1461a7552548_Axis2HttpRequest_GTSPOON.csv,1373,0.6697560975609756,1.518922218203438
