file,nrBest,proportionBest,entropyNrActions
nr_176_id_13_0293d5f3cde774d955bf2054bb242f7cfa98094c_Proxy_GTSPOON.csv,1915,0.9341463414634147,0.42992027010108586
