file,nrBest,proportionBest,entropyNrActions
nr_275_id_20_053776137ba227a1e4a1b5154817ffc86173b645_SpeciesAdvancedSearch_GTSPOON.csv,25,0.012195121951219513,2.5208078206367492
