file,nrBest,proportionBest,entropyNrActions
nr_273_id_4_01048652952bd67437b7556cf56427b4f9d43b44_SQLSourceDefinition_GTSPOON.csv,1348,0.6575609756097561,1.592810510574405
