file,nrBest,proportionBest,entropyNrActions
nr_441_id_7_04af5f855bddc7269cee3b26efe044071111060e_StringMetaClass_GTSPOON.csv,1074,0.5239024390243903,1.8404222482242019
