file,nrBest,proportionBest,entropyNrActions
nr_480_id_25_111c0d7701bb3bd8919df6479f70da25e6313385_ServerImage_GTSPOON.csv,65,0.03170731707317073,4.051466723074876
