file,nrBest,proportionBest,entropyNrActions
nr_41_id_31_03107c35860af4297334ad6ae4e58a094e840565_WebTest_GTSPOON.csv,209,0.10195121951219512,1.6242929232361605
