file,nrBest,proportionBest,entropyNrActions
nr_167_id_24_04f863bfc9aca4da5c7c189ecb5965c043c41d08_QueryResource_GTSPOON.csv,1665,0.8121951219512196,0.9749836698382556
