file,nrBest,proportionBest,entropyNrActions
nr_146_id_18_02dce3e7762748b11dd80a6a3c9b8c2ace9652eb_ILink_GTSPOON.csv,320,0.15609756097560976,2.020880284642155
