file,nrBest,proportionBest,entropyNrActions
nr_51_id_17_00ea6b5a86eb1373dba17222fba86bf278eb438f_SipParser_GTSPOON.csv,209,0.10195121951219512,2.8865060827658775
