file,nrBest,proportionBest,entropyNrActions
nr_477_id_11_06812bd39fa261b9a7de95c53273a58c4443d8a1_FindAndDeployMojo_GTSPOON.csv,2005,0.9780487804878049,0.1552580440148103
