file,nrBest,proportionBest,entropyNrActions
nr_424_id_3_02cdedc457b17ebf7dd825994478130f78672a76_DrawSurface_GTSPOON.csv,178,0.08682926829268292,2.7907769194661656
