file,nrBest,proportionBest,entropyNrActions
nr_77_id_11_00e792e3b4fe5ca971369b57404be7b16f756006_CssBundlerPluginTest_GTSPOON.csv,1666,0.8126829268292682,0.7826908455058794
