file,nrBest,proportionBest,entropyNrActions
nr_22_id_9_004db7cbc805c59d135a39baf4c5680c118795b6_RubyString_GTSPOON.csv,210,0.1024390243902439,2.336924124399457
