file,nrBest,proportionBest,entropyNrActions
nr_116_id_14_0177f5946c002492832f12a2dcd91cc29831f6a2_LinkController_GTSPOON.csv,1153,0.562439024390244,1.691864479916136
