file,nrBest,proportionBest,entropyNrActions
nr_341_id_19_081e1d554be98dac6d52be5e0df1a383c7a018d9_BasePanel_GTSPOON.csv,39,0.01902439024390244,3.2164694233744053
