file,nrBest,proportionBest,entropyNrActions
nr_77_id_21_025495b72b7fa536ccb55ae6efbb3391fd421dc3_MainThread_GTSPOON.csv,1839,0.8970731707317073,0.6301055767073311
