file,nrBest,proportionBest,entropyNrActions
nr_142_id_13_01f961bf0a542b78db3a558c35e70f10cc632f98_MainServiceStrategy_GTSPOON.csv,1746,0.8517073170731707,0.6749725335862069
