file,nrBest,proportionBest,entropyNrActions
nr_150_id_7_01a3e693e95c0f303017d2ae0d8c6d85c850dc5b_Render_GTSPOON.csv,150,0.07317073170731707,2.7252041747890727
