file,nrBest,proportionBest,entropyNrActions
nr_497_id_30_1e068e20067f45222c662b93d045aea0e06919c6_SocketChannelUDT_GTSPOON.csv,720,0.35121951219512193,2.3192196852321065
