file,nrBest,proportionBest,entropyNrActions
nr_65_id_2_001f9439d6a5f3865739c929d5ae1dedc7554229_Example_GTSPOON.csv,1749,0.853170731707317,0.7901838799769841
