file,nrBest,proportionBest,entropyNrActions
nr_423_id_1_04dee453b5d848d7a43e481c3ca918d2e44fbb6b_KeyLister_GTSPOON.csv,1729,0.8434146341463414,0.845062934357809
