file,nrBest,proportionBest,entropyNrActions
nr_304_id_24_0959c615840b49a2d21a14146c6e0f71f0cf8c91_RouteInfoActivity_GTSPOON.csv,1115,0.5439024390243903,1.8194292630242255
