file,nrBest,proportionBest,entropyNrActions
nr_212_id_23_06e0554384bc00c03a05c044b9489022280eff77_DemoInteractor_GTSPOON.csv,300,0.14634146341463414,2.3477962469024445
