file,nrBest,proportionBest,entropyNrActions
nr_263_id_31_1263eb3ab672052a6ba3281e7f9f2d097c704f91_DeadlockDetectionTest_GTSPOON.csv,190,0.09268292682926829,2.0952627322119164
