file,nrBest,proportionBest,entropyNrActions
nr_85_id_9_0108a2ff9901cd9876f4392b980dffc9d20157f1_DiagnosticFactory_GTSPOON.csv,1242,0.6058536585365853,1.5705330505146136
