file,nrBest,proportionBest,entropyNrActions
nr_560_id_12_0620e41d2d57c55b098c6aaeb21e83be0ec1f168_TaskDataManager_GTSPOON.csv,653,0.31853658536585366,2.3010282864317224
