file,nrBest,proportionBest,entropyNrActions
nr_293_id_33_25888988c4abcf72af82ad19788c265cfba782bc_EntityListener_GTSPOON.csv,193,0.09414634146341463,3.049056719501108
