file,nrBest,proportionBest,entropyNrActions
nr_393_id_33_31e5d0295c13d2ac0c465acac676d2c3f6928448_AsyncHttpClient_GTSPOON.csv,394,0.19219512195121952,2.456019614133335
