file,nrBest,proportionBest,entropyNrActions
nr_19_id_33_023e8ba02f67834622c7de94126e2680e1969774_ScriptEvalUtil_GTSPOON.csv,612,0.29853658536585365,2.5936083734454347
