file,nrBest,proportionBest,entropyNrActions
nr_50_id_32_039ce57aa1235dfdc5e3fa806c02663849547bef_VDCServiceBean_GTSPOON.csv,247,0.12048780487804878,2.1350856654354837
