file,nrBest,proportionBest,entropyNrActions
nr_65_id_22_015c6e178160200562321a36982d3da40019555c_RedirectFilter_GTSPOON.csv,1821,0.8882926829268293,0.6434417294817172
