file,nrBest,proportionBest,entropyNrActions
nr_364_id_10_0382504755a766685c6bc354111be02653d1b210_DataAnalysis_GTSPOON.csv,1343,0.6551219512195122,1.5797272452889406
