file,nrBest,proportionBest,entropyNrActions
nr_123_id_26_048453b00494d963f80ff8d5b10d1cd186e8a687_EpisodeListFragment_GTSPOON.csv,980,0.47804878048780486,2.0458256464769646
