file,nrBest,proportionBest,entropyNrActions
nr_117_id_29_06be2c38f892fa63a4b53a6700a09e19c6345c54_TRef_GTSPOON.csv,7,0.0034146341463414634,2.958690484714136
