file,nrBest,proportionBest,entropyNrActions
nr_483_id_25_113423f9ad79e93c796c344ed86e20d3ac7f1319_DynmapPlugin_GTSPOON.csv,160,0.07804878048780488,3.232642223437067
