file,nrBest,proportionBest,entropyNrActions
nr_166_id_17_034d4e67367610ce29b15c3343695da0e4f5abfc_TabletFakePlayer_GTSPOON.csv,1825,0.8902439024390244,0.5911109394079744
