file,nrBest,proportionBest,entropyNrActions
nr_19_id_30_018f90b96fcb3eea860d429b309dd102297f3b47_Processor_GTSPOON.csv,106,0.05170731707317073,1.3818233829409097
