file,nrBest,proportionBest,entropyNrActions
nr_80_id_17_016f20b72ecd6ca9b90ac84a4db2c7d418d66315_Spacer_GTSPOON.csv,2013,0.9819512195121951,0.1229184760230654
