file,nrBest,proportionBest,entropyNrActions
nr_117_id_10_00f82fde560306891823a1273baf50264dca3d05_TestGearsES2GLJPanelAWT_GTSPOON.csv,1078,0.5258536585365854,1.9660002479336152
