file,nrBest,proportionBest,entropyNrActions
nr_251_id_33_1f7827a6d92cf901ced552bb0879b86a0f652042_EBlockListener_GTSPOON.csv,1093,0.5331707317073171,2.1218541091059797
