file,nrBest,proportionBest,entropyNrActions
nr_12_id_9_003941a0ad2386671b6793446ef0b9b3efe9d3b3_AdviceController_GTSPOON.csv,1929,0.9409756097560975,0.37509746521877485
