file,nrBest,proportionBest,entropyNrActions
nr_198_id_29_0b48aadc5d57f86dd623805947f732cbae991121_SubwordsUtils_GTSPOON.csv,1918,0.935609756097561,0.39364827635386795
