file,nrBest,proportionBest,entropyNrActions
nr_102_id_9_0138bce7dd14d8a53de5232d881327f78c83ef50_NCX_GTSPOON.csv,5,0.0024390243902439024,1.0922852439173247
