file,nrBest,proportionBest,entropyNrActions
nr_322_id_27_0df1eb7b6a4a83c59b9b37c3c65555fc10b988c8_NumberAssert_GTSPOON.csv,2015,0.9829268292682927,0.10520570474832268
