file,nrBest,proportionBest,entropyNrActions
nr_167_id_36_290596e5bf96c416adff5d54df0a10d432bac521_SmsProvider_GTSPOON.csv,109,0.05317073170731707,3.0747734122498906
