file,nrBest,proportionBest,entropyNrActions
nr_336_id_3_022e9f4ef815f6c6b9c8973477afb10292ec1177_MainActivity_GTSPOON.csv,541,0.26390243902439026,2.4328785132479345
