file,nrBest,proportionBest,entropyNrActions
nr_302_id_20_05e958aabb5ed221f055cad779b61570ffe3467b_SchoolBlock_GTSPOON.csv,1175,0.573170731707317,1.9272510142504808
