file,nrBest,proportionBest,entropyNrActions
nr_86_id_9_0109e77d1b759d09f369ec48c76ca85fe8ba62a9_RobotsTxtHelper_GTSPOON.csv,1650,0.8048780487804879,0.9329402239729696
