file,nrBest,proportionBest,entropyNrActions
nr_150_id_14_020126361eda470f51375107e65a6a89cbbcad1e_SoldierCode_GTSPOON.csv,134,0.06536585365853659,3.151791225581537
