file,nrBest,proportionBest,entropyNrActions
nr_398_id_23_0c98b87cd33e55425f240096003f532db5141cae_Anonymous_GTSPOON.csv,1116,0.5443902439024391,1.7507459089210302
