file,nrBest,proportionBest,entropyNrActions
nr_336_id_23_0ac277815dd844950828ab5951748de57f7190a7_MarkerSubModuleControllerTest_GTSPOON.csv,379,0.1848780487804878,1.7774565953414532
