file,nrBest,proportionBest,entropyNrActions
nr_531_id_3_036d8ed2dd2c3586755ca9a23198ded8130cf25f_AvpAssistant_GTSPOON.csv,209,0.10195121951219512,2.5643616398898486
