file,nrBest,proportionBest,entropyNrActions
nr_650_id_6_040369069618e77197985cc98262e031796f4cad_Move_GTSPOON.csv,1540,0.751219512195122,1.1802066114814438
