file,nrBest,proportionBest,entropyNrActions
nr_30_id_7_00454f17f1825e8d05bcfcf80cfe6f9f9bc26811_MainActivity_GTSPOON.csv,276,0.13463414634146342,1.0436761551397444
