file,nrBest,proportionBest,entropyNrActions
nr_155_id_5_015db34e2d2638ce7f6436449175c3610374fe87_Payment_GTSPOON.csv,1545,0.7536585365853659,1.10410934464503
