file,nrBest,proportionBest,entropyNrActions
nr_376_id_18_071d265fe16996abd1d5baba25f32c9e434f48c5_CellTest_GTSPOON.csv,1354,0.6604878048780488,1.1048622357801796
