file,nrBest,proportionBest,entropyNrActions
nr_268_id_3_01c231b1b83bc6b5944710a090cf40f485b596ab_SectionNode_GTSPOON.csv,1933,0.9429268292682926,0.36143131715936117
