file,nrBest,proportionBest,entropyNrActions
nr_102_id_24_032d77a172ef2767279c10f3c8e88c3d1a3e7c3a_ThingAdapter_GTSPOON.csv,1169,0.5702439024390243,1.7720313221975441
