file,nrBest,proportionBest,entropyNrActions
nr_293_id_29_116bbdf6cf391f9478051ae5d63120854dda4c77_EncryptionMethodSpi_GTSPOON.csv,1848,0.9014634146341464,0.500414760299892
