file,nrBest,proportionBest,entropyNrActions
nr_43_id_16_00f385b62570672070f8e1da12875a49b6f37ac5_FileTrapper_GTSPOON.csv,176,0.08585365853658537,2.1874101427403225
