file,nrBest,proportionBest,entropyNrActions
nr_331_id_9_03f464ac7361b5655050cef15be5c0d38147966d_TypeAddHandler_GTSPOON.csv,1923,0.9380487804878048,0.3502386230417761
