file,nrBest,proportionBest,entropyNrActions
nr_41_id_12_007946be681c378c7ba6670d4001dae4ab968b3a_EtsyTest2_GTSPOON.csv,1454,0.7092682926829268,1.1672903078063406
