file,nrBest,proportionBest,entropyNrActions
nr_117_id_8_0108707a456d7ec34b350fec09fcaa6730cbb077_Unsafe_GTSPOON.csv,85,0.041463414634146344,2.5161867659112453
