file,nrBest,proportionBest,entropyNrActions
nr_327_id_22_083a6e27138d98b9d2e604d362f3859979cbff68_AccessMethod_GTSPOON.csv,2015,0.9829268292682927,0.1047847065935152
