file,nrBest,proportionBest,entropyNrActions
nr_498_id_34_44bc0d21562d017f83d3c4326062b2e3f141ff6b_ToNumber_GTSPOON.csv,1916,0.9346341463414635,0.3631973229055478
