file,nrBest,proportionBest,entropyNrActions
nr_542_id_36_8821289a0c8b491869b2b4042b0c2449d0f17046_ChatSendPanel_GTSPOON.csv,18,0.00878048780487805,1.0949962568636222
