file,nrBest,proportionBest,entropyNrActions
nr_45_id_31_035e646f51c8ca960fca1329806ccf0459b17de1_Main_GTSPOON.csv,1354,0.6604878048780488,1.5990964330817787
