file,nrBest,proportionBest,entropyNrActions
nr_366_id_17_073a03bbd1694138a41dc2c815f7b04ce4ab4c71_ProcessAnnotations_GTSPOON.csv,300,0.14634146341463414,2.7231976884071423
