file,nrBest,proportionBest,entropyNrActions
nr_291_id_18_05c200451ce7faa524af4e37f48f852ed911bf5f_Set_Emotions_GTSPOON.csv,2010,0.9804878048780488,0.12391474500850813
