file,nrBest,proportionBest,entropyNrActions
nr_26_id_22_00906239fcc9d53415bddd5e84e5f590d7db1973_RepositoryRoot_GTSPOON.csv,978,0.4770731707317073,2.05229571996714
