file,nrBest,proportionBest,entropyNrActions
nr_538_id_37_f028b920e7098dbb47864e766c3f191d2ac8e283_RubyTime_GTSPOON.csv,114,0.055609756097560976,2.855305380715337
