file,nrBest,proportionBest,entropyNrActions
nr_81_id_35_0f8580f7f9f770ce2258945002283e7dc919042a_QueryText_GTSPOON.csv,147,0.07170731707317073,1.7608474900653683
