file,nrBest,proportionBest,entropyNrActions
nr_531_id_8_0448684ef9c988cfc6c5660666c928f38e10bbb9_HelloWorldService_GTSPOON.csv,2025,0.9878048780487805,0.09227567146623936
