file,nrBest,proportionBest,entropyNrActions
nr_341_id_13_04ecd610534e5495d4d6439f9b618c6848666fa0_ExampleTest_GTSPOON.csv,1387,0.6765853658536586,1.2644080778620683
