file,nrBest,proportionBest,entropyNrActions
nr_356_id_5_02e5ebd93ec9ea07870951c19db71ee64088b0d4_Activator_GTSPOON.csv,1824,0.8897560975609756,0.6141979456302036
