file,nrBest,proportionBest,entropyNrActions
nr_128_id_8_012343765bc4b00afcb5f51962336d2ccfe3e198_Assets_GTSPOON.csv,1575,0.7682926829268293,0.8973084233126979
