file,nrBest,proportionBest,entropyNrActions
nr_155_id_17_0313a651b712db58d3e7a75a4d1a9c63836659cb_File_GTSPOON.csv,540,0.2634146341463415,2.7618396425152456
