file,nrBest,proportionBest,entropyNrActions
nr_365_id_11_04c48cab229fb1233d925afc2fbc10d79823851b_VPopupCalendar_GTSPOON.csv,1732,0.8448780487804878,0.8478313257021932
