file,nrBest,proportionBest,entropyNrActions
nr_58_id_14_00cd1428d4c1249ac96f7266967674347425bae3_CharFeature_GTSPOON.csv,1257,0.6131707317073171,1.5919626337588246
