file,nrBest,proportionBest,entropyNrActions
nr_228_id_14_035dffecc95c65c1b0edae34a02d4d0f3d9cb710_Test_GTSPOON.csv,2005,0.9780487804878049,0.13891373614126884
