file,nrBest,proportionBest,entropyNrActions
nr_309_id_31_1584583841b56525ae319af330592605c04e216a_GroovyClassLoader_GTSPOON.csv,98,0.04780487804878049,2.3979855410824125
