file,nrBest,proportionBest,entropyNrActions
nr_147_id_18_02dee391664e5a5bdb696a6eafde5bc57627c494_TestFragments_GTSPOON.csv,1265,0.6170731707317073,1.4397893153358352
