file,nrBest,proportionBest,entropyNrActions
nr_593_id_1_069e764f5680d787f46d4c79218754dab5430443_MythicTome_GTSPOON.csv,1938,0.9453658536585365,0.34503636048266406
