file,nrBest,proportionBest,entropyNrActions
nr_93_id_16_01c829863901f7fd9f41260182ff22a9632b0913_StateVarVisitor_GTSPOON.csv,1546,0.7541463414634146,1.1877286615168685
