file,nrBest,proportionBest,entropyNrActions
nr_422_id_6_028f2096a17413a3ee416b93bc5bb481682c857f_PreferenceDialogEmail_GTSPOON.csv,1931,0.9419512195121951,0.3796376586439633
