file,nrBest,proportionBest,entropyNrActions
nr_252_id_15_04b068b149b7645fb007d2bfb5302567819124f0_Image_GTSPOON.csv,1136,0.5541463414634147,2.043075786726562
