file,nrBest,proportionBest,entropyNrActions
nr_303_id_15_059bdf780236e2b10a3e612da28f69ae9beb134b_Launcher_GTSPOON.csv,1848,0.9014634146341464,0.47291678956678573
