file,nrBest,proportionBest,entropyNrActions
nr_379_id_37_ad6c74f009cc885b5da832b45a6b72188be45694_LttngEventContent_GTSPOON.csv,95,0.046341463414634146,1.9509062277743134
