file,nrBest,proportionBest,entropyNrActions
nr_244_id_12_02a285151f3009d52231c99435dddde67038356c_LayerDrawing_GTSPOON.csv,51,0.024878048780487806,3.705645657394471
