file,nrBest,proportionBest,entropyNrActions
nr_480_id_18_0902656c75c52cdfcc824b5c8d4c896d2d343e14_Lobby_GTSPOON.csv,1390,0.6780487804878049,1.4366146043095105
