file,nrBest,proportionBest,entropyNrActions
nr_2_id_4_0004f255b0bb197b1f2b97ab14961651489a867b_Perro_GTSPOON.csv,810,0.3951219512195122,2.2851412114095533
