file,nrBest,proportionBest,entropyNrActions
nr_352_id_14_052c865bf18c53d95731b90f373d1e4c653736e7_MainActivity_GTSPOON.csv,2028,0.9892682926829268,0.07644553738740792
