file,nrBest,proportionBest,entropyNrActions
nr_213_id_7_02534bd46d1584254c6f5c9d2d33d52c09c4af64_EndTokenVisitor_GTSPOON.csv,785,0.3829268292682927,2.0754830800685204
