file,nrBest,proportionBest,entropyNrActions
nr_229_id_30_0e1bdf8d44627f12b9b2b75f29d9c0058948ae4a_JavaRuntime_GTSPOON.csv,132,0.06439024390243903,2.560829341938833
