file,nrBest,proportionBest,entropyNrActions
nr_245_id_31_11650df09d7535a901288873843428d6346ae9ff_SimpleURLRegistryTest_GTSPOON.csv,1711,0.8346341463414634,0.7361078657380996
