file,nrBest,proportionBest,entropyNrActions
nr_333_id_27_0e60935050cdd8f87e869813fa64c7140302b37b_NewSessionAction_GTSPOON.csv,1000,0.4878048780487805,0.2973938509505844
