file,nrBest,proportionBest,entropyNrActions
nr_87_id_23_027f45e7e86f6c290dd0866df784a0833f356da5_Item_GTSPOON.csv,60,0.02926829268292683,2.4783332566052887
