file,nrBest,proportionBest,entropyNrActions
nr_366_id_14_05699e1baac0dbb53bbd78ab3a393463dc236633_ProcessLogin_GTSPOON.csv,1549,0.755609756097561,1.2193317649126196
