file,nrBest,proportionBest,entropyNrActions
nr_297_id_33_25d3e1a19d638a5199ab7b6687d99f07419e2ca3_DeleteDataversePage_GTSPOON.csv,180,0.08780487804878048,1.4496419832676777
