file,nrBest,proportionBest,entropyNrActions
nr_451_id_10_044f349be8b55f324141b5ea42ed424c0ba7af6c_Quiz_GTSPOON.csv,1120,0.5463414634146342,1.7039296703320161
