file,nrBest,proportionBest,entropyNrActions
nr_276_id_30_111527cd4652b9352c3971f6492d4062747a10f4_EngineeredTransgenePopulateAction_GTSPOON.csv,7,0.0034146341463414634,1.157196845744699
