file,nrBest,proportionBest,entropyNrActions
nr_207_id_24_0660d682823e944fc563bb6b9ff81c0989b9d8a3_CommandLineParser_GTSPOON.csv,1593,0.7770731707317073,1.1188668916752997
