file,nrBest,proportionBest,entropyNrActions
nr_367_id_5_0309579a969c3d22539062f402151d6ff8866c1b_Backend_GTSPOON.csv,153,0.07463414634146341,2.469784068349421
