file,nrBest,proportionBest,entropyNrActions
nr_174_id_30_0ae25d88c07b7a34054208281890703c37c0205d_ClearCaseRepository_GTSPOON.csv,1454,0.7092682926829268,1.3850004086997987
