file,nrBest,proportionBest,entropyNrActions
nr_267_id_14_04020e01f2ac3ff43fa39d2e20642ab1f4645e6b_LocalizableContent_GTSPOON.csv,1706,0.8321951219512195,0.8805838731120053
