file,nrBest,proportionBest,entropyNrActions
nr_234_id_19_05cc0ee0325a9f8488fba2d1f8a58af605a95647_ASCII85OutputStream_GTSPOON.csv,364,0.1775609756097561,1.2283777287222952
