file,nrBest,proportionBest,entropyNrActions
nr_133_id_25_045ada15485215d2a2903fe9fda3ab006186c3d7_RepositoryVocab_GTSPOON.csv,2015,0.9829268292682927,0.10520570474832268
