file,nrBest,proportionBest,entropyNrActions
nr_278_id_18_0595fc9f73e52bc93b598d620fa392b228a62f7c_CmdSpouse_GTSPOON.csv,1140,0.5560975609756098,1.075270872607982
