file,nrBest,proportionBest,entropyNrActions
nr_396_id_19_0982060265058f9e5400ec188bd8bb5415ce71d1_CeylonTransformer_GTSPOON.csv,200,0.0975609756097561,2.8740568299456886
