file,nrBest,proportionBest,entropyNrActions
nr_236_id_20_0487d484bda6e144f3945a565fc3b63f536c5840_NpmPackagesBuildWrapper_GTSPOON.csv,193,0.09414634146341463,1.789039703288858
