file,nrBest,proportionBest,entropyNrActions
nr_46_id_15_00be99cdae5cdd21e8535b6a3a34928093b70895_HellboundIsRunning_GTSPOON.csv,1916,0.9346341463414635,0.39734887454327456
