file,nrBest,proportionBest,entropyNrActions
nr_467_id_7_04e771209a34f3251870d1b9e48e01a54d85571a_PolynomCalculator_GTSPOON.csv,1474,0.7190243902439024,1.1417019940639725
