file,nrBest,proportionBest,entropyNrActions
nr_592_id_11_08683e06078f24b26981666b5adf0bbabc8c10e4_MoCMOS_GTSPOON.csv,147,0.07170731707317073,2.410762207649282
