file,nrBest,proportionBest,entropyNrActions
nr_342_id_3_023c71eb3b2bbe63272cb74baaf050c4188c89b0_DragLayer_GTSPOON.csv,200,0.0975609756097561,2.418282677674365
