file,nrBest,proportionBest,entropyNrActions
nr_339_id_38_e0fb561df742292cf527bb1473d3136f7201afb9_ObjectUtils_GTSPOON.csv,1422,0.6936585365853658,1.5908795180277189
