file,nrBest,proportionBest,entropyNrActions
nr_390_id_21_0a2e80a14bb7e8fe544c2eee8ccba7887f636785_S3NutDaoBuilder_GTSPOON.csv,2010,0.9804878048780488,0.12619871146076383
