file,nrBest,proportionBest,entropyNrActions
nr_335_id_30_149330fe05eafa8b616c56874aaa6c3046dfad78_Project_GTSPOON.csv,1617,0.7887804878048781,1.0995883700762337
