file,nrBest,proportionBest,entropyNrActions
nr_285_id_10_02a763d332a63592abb00a9ec97d25711e9eadc6_Model_GTSPOON.csv,166,0.08097560975609756,2.779240013220499
