file,nrBest,proportionBest,entropyNrActions
nr_240_id_1_02d303b15f7a620a69e89440285dd98597f1d668_ConfigureProjectAction_GTSPOON.csv,1823,0.8892682926829268,0.4197175445643596
