file,nrBest,proportionBest,entropyNrActions
nr_479_id_10_049751f05f67db4ec8d1e374f01b242ed65a9aa8_TextRenderLayer_GTSPOON.csv,117,0.05707317073170732,3.109055745127091
