file,nrBest,proportionBest,entropyNrActions
nr_440_id_8_03b8a897f1dcc881479a3c6c22191c808d530ecd_LockoutManager_GTSPOON.csv,191,0.09317073170731707,1.3115067510501675
