file,nrBest,proportionBest,entropyNrActions
nr_221_id_8_01da24151bc286aaee6fa461870e95787ccfcb7d_Plane_GTSPOON.csv,825,0.4024390243902439,0.9683095127677415
