file,nrBest,proportionBest,entropyNrActions
nr_458_id_3_03045ffc2184236dcbd8dcc08f05fb8f0786751e_Driver_GTSPOON.csv,949,0.4629268292682927,2.1681907020660462
