file,nrBest,proportionBest,entropyNrActions
nr_282_id_33_242733d723509fc8d3c38e516ab180263ef07710_MixtureComponent_GTSPOON.csv,1203,0.5868292682926829,1.7748410527867926
