file,nrBest,proportionBest,entropyNrActions
nr_627_id_6_03e31d541fc5800f93daf880643b2408fd6adae3_ServerPoolImpl_GTSPOON.csv,1544,0.7531707317073171,1.2382052220546527
