file,nrBest,proportionBest,entropyNrActions
nr_214_id_19_054005f6967f6baf7e32db5146b6d006ea5f4f1a_ComplexContentState_GTSPOON.csv,2030,0.9902439024390244,0.07116633107675012
