file,nrBest,proportionBest,entropyNrActions
nr_326_id_38_d635af44a221b066727663bea5c5cb42b2e120b9_VFlowTest_GTSPOON.csv,1754,0.855609756097561,0.7024405301882386
