file,nrBest,proportionBest,entropyNrActions
nr_233_id_4_00d5e7196507ddf9ce6dfb6e11c4819d2b0fa16d_IOUtils_GTSPOON.csv,1340,0.6536585365853659,1.4506254822899927
