file,nrBest,proportionBest,entropyNrActions
nr_375_id_31_19ea4d557fc36e97a8e9bbc0bd87afc251211e6e_TestLogger_GTSPOON.csv,1520,0.7414634146341463,1.0570589616506727
