file,nrBest,proportionBest,entropyNrActions
nr_74_id_3_008af2f640b3d0f26ad32f4d044c06ade9486733_Util_GTSPOON.csv,1370,0.6682926829268293,1.4486141672641346
