file,nrBest,proportionBest,entropyNrActions
nr_336_id_24_0a6a844dda325ef03b108cac47917d56352e1ea7_FormulaRecord_GTSPOON.csv,1137,0.5546341463414635,1.8820723653963856
