file,nrBest,proportionBest,entropyNrActions
nr_390_id_15_072ee71a8c7e9f8ca45c1a3031909971741025de_Messages_GTSPOON.csv,1560,0.7609756097560976,0.9256395076700841
