file,nrBest,proportionBest,entropyNrActions
nr_333_id_36_558fcd635abbaf0930c1692e586bc877f6c4b205_EntityTypeImpl_GTSPOON.csv,1293,0.6307317073170732,1.606041110599504
