file,nrBest,proportionBest,entropyNrActions
nr_418_id_14_060dc86f027d6087da31a8369d7c197a4307582c_IntegrationImpl_GTSPOON.csv,1527,0.7448780487804878,1.3511206286437423
