file,nrBest,proportionBest,entropyNrActions
nr_172_id_24_051bcbe01d341fa125f120969b7bb85d05de0ffb_JQMNavBar_GTSPOON.csv,1810,0.8829268292682927,0.4575366278716724
