file,nrBest,proportionBest,entropyNrActions
nr_340_id_14_050d323a3448cdecd5ca8e6b626c4098c759496d_InstallerBase_GTSPOON.csv,908,0.4429268292682927,1.8969007883292215
