file,nrBest,proportionBest,entropyNrActions
nr_290_id_11_03c531db258e7727709086c0b23ae0602f1c45b9_UrlParsingTest_GTSPOON.csv,1929,0.9409756097560975,0.3300913214916191
