file,nrBest,proportionBest,entropyNrActions
nr_168_id_18_033d9fa5ed8f55cdbfc3d8a2c4059389435d6327_LegacyApiSupport_GTSPOON.csv,19,0.009268292682926829,2.568224647556521
