file,nrBest,proportionBest,entropyNrActions
nr_29_id_5_0053c1ec689ec6d888e687f02e3ffd404f07d060_ErrorReporter_GTSPOON.csv,157,0.07658536585365854,2.6269858753627524
