file,nrBest,proportionBest,entropyNrActions
nr_328_id_25_0b1ce3eca318ef52caf2c39b0f2086067e5fe87a_DefaultView2d_GTSPOON.csv,76,0.037073170731707315,3.1442216605550257
