file,nrBest,proportionBest,entropyNrActions
nr_379_id_25_0d3f4f378367a482aaed534650a2336969a250d4_BuildConfiguration_GTSPOON.csv,1745,0.8512195121951219,0.6742421812877712
