file,nrBest,proportionBest,entropyNrActions
nr_170_id_7_01d89de138cac6bc5b78d841e3bd0641ea12e8d4_Facebook_GTSPOON.csv,168,0.08195121951219513,2.6130806499102697
