file,nrBest,proportionBest,entropyNrActions
nr_289_id_24_08e289c848b976746e0cbcd04031a6fb8faf4bf4_GameCTF_GTSPOON.csv,938,0.4575609756097561,1.7411927038248167
