file,nrBest,proportionBest,entropyNrActions
nr_231_id_10_0225f3605dd5a24a46ef954a105b4c92863d9c1f_Config_GTSPOON.csv,651,0.3175609756097561,2.5157518314271115
