file,nrBest,proportionBest,entropyNrActions
nr_251_id_37_6d201364c3c960158cd25fed978d3cd13695df0b_AWSDriver_GTSPOON.csv,712,0.3473170731707317,1.4118169711719826
