file,nrBest,proportionBest,entropyNrActions
nr_389_id_18_074ffb99557e298c73e9dc558ae63712a50d2d3d_BrowserAction_GTSPOON.csv,370,0.18048780487804877,0.8247450345870833
