file,nrBest,proportionBest,entropyNrActions
nr_553_id_12_060788430e9cd70de80b7d23864055654187970f_TCLTest_GTSPOON.csv,210,0.1024390243902439,2.195692384296035
