file,nrBest,proportionBest,entropyNrActions
nr_151_id_34_17d770213e2ffeecb99d4115e4ef5b8f70c45ef7_ApiDao_GTSPOON.csv,40,0.01951219512195122,2.270912504865146
