file,nrBest,proportionBest,entropyNrActions
nr_261_id_19_065bec306446f3fb68b5b95a4ce1cc6a518f65b4_XLIFFFilter_GTSPOON.csv,51,0.024878048780487806,2.7830280151098057
