file,nrBest,proportionBest,entropyNrActions
nr_231_id_32_14bbbb000a77399f89623fbd565b97e31fada214_RenderingIcons_GTSPOON.csv,60,0.02926829268292683,1.288711431411525
