file,nrBest,proportionBest,entropyNrActions
nr_33_id_33_050b9f2f089385f6841086a4c58a240b663e1a3e_JpaOperationsImpl_GTSPOON.csv,135,0.06585365853658537,2.9538701874871505
