file,nrBest,proportionBest,entropyNrActions
nr_135_id_4_007425b7b2d47ea4675cdfc8f45c1f25e388ef78_CDRInputStream_GTSPOON.csv,196,0.09560975609756098,2.552249240421682
