file,nrBest,proportionBest,entropyNrActions
nr_372_id_2_00c57cb3538da7ea501b6491476e632ddf3407eb_Race_GTSPOON.csv,169,0.0824390243902439,3.243638722336125
