file,nrBest,proportionBest,entropyNrActions
nr_241_id_12_02969835f7bef1e7f092b3c161aa347f6488f772_NavigationBarPhone_GTSPOON.csv,1575,0.7682926829268293,1.0665827463422648
