file,nrBest,proportionBest,entropyNrActions
nr_136_id_4_00754d305e8dfa37e52722694a470e7ded93d3d5_HL7PatientORUR01TemplateTest_GTSPOON.csv,1245,0.6073170731707317,1.0266339312064816
