file,nrBest,proportionBest,entropyNrActions
nr_215_id_26_08112fb3c4f3d1fb3c9688a1606da119088c2268_PreferencesUtil_GTSPOON.csv,5,0.0024390243902439024,1.27906145653012
