file,nrBest,proportionBest,entropyNrActions
nr_89_id_21_027d5e6b304546ea8a836c9a28a79684442090e4_FileUploadServlet_GTSPOON.csv,1378,0.6721951219512196,1.5861495994425916
