file,nrBest,proportionBest,entropyNrActions
nr_692_id_1_07c98784b559baf24bd86a8b589f6eef1e999acb_JSONServlet_GTSPOON.csv,1656,0.8078048780487805,0.9894728519767028
