file,nrBest,proportionBest,entropyNrActions
nr_58_id_14_00cd1428d4c1249ac96f7266967674347425bae3_BufParsers_GTSPOON.csv,862,0.42048780487804877,2.0836654027961456
