file,nrBest,proportionBest,entropyNrActions
nr_557_id_2_0132035122ff9959511456684c6f798397f06cde_IndexVectorMapCreator_GTSPOON.csv,209,0.10195121951219512,2.82486338105638
