file,nrBest,proportionBest,entropyNrActions
nr_451_id_34_3e8a9450a77a5180779e6e677aa83399b6f0cafb_FileController_GTSPOON.csv,132,0.06439024390243903,3.5483248434948815
