file,nrBest,proportionBest,entropyNrActions
nr_10_id_16_00429f2aa5a84b2a06161e7bb8717f5bce63d4d0_PacketManager_GTSPOON.csv,1505,0.7341463414634146,1.219398423281455
