file,nrBest,proportionBest,entropyNrActions
nr_66_id_19_01c84889a1d789b3788876145f1db7b48de93001_DonationsActivity_GTSPOON.csv,305,0.14878048780487804,2.331075180397538
