file,nrBest,proportionBest,entropyNrActions
nr_276_id_22_0708c60ad1ca6e35d7f048f9feda68420de44f0f_ActionType_GTSPOON.csv,1600,0.7804878048780488,0.7587723222979501
