file,nrBest,proportionBest,entropyNrActions
nr_193_id_10_01b02bce37e1141f85a9215b240569f75972d48f_DefaultUtilityOptimizer_GTSPOON.csv,1,0.0004878048780487805,2.5621186376020955
