file,nrBest,proportionBest,entropyNrActions
nr_124_id_31_090837e6a3eb082d7e1fda5c2a136293aa5080b9_AreaManagerImpl_GTSPOON.csv,1709,0.8336585365853658,0.8941294218584482
