file,nrBest,proportionBest,entropyNrActions
nr_346_id_2_00b54491817e5bf75a38595f8d9fd9edc65a5abd_Farion_GTSPOON.csv,1658,0.8087804878048781,0.8208443788438884
