file,nrBest,proportionBest,entropyNrActions
nr_470_id_25_10c3460ee80c731f64cbe92254ec531cc9786285_WebDriverTestCase_GTSPOON.csv,525,0.25609756097560976,2.4880163564509483
