file,nrBest,proportionBest,entropyNrActions
nr_75_id_3_008d005b94b4fadd99302f9244152a3391674b63_ResteasyConfiguration_GTSPOON.csv,1914,0.9336585365853659,0.4034733039048771
