file,nrBest,proportionBest,entropyNrActions
nr_443_id_14_066e258d18a3310ed213f08f9a781cfe8e2d5b88_Event_GTSPOON.csv,1645,0.802439024390244,0.9181823250503842
