file,nrBest,proportionBest,entropyNrActions
nr_164_id_21_04650df4a3c5dce31624d903330ca65f1b6c0f7b_HttpRequestHelper_GTSPOON.csv,2030,0.9902439024390244,0.061443711955070604
