file,nrBest,proportionBest,entropyNrActions
nr_468_id_16_085b11ca01fcf73c02a2063016f4dcfb2a31f358_BlockProcessor_GTSPOON.csv,753,0.3673170731707317,2.1900557050529974
