file,nrBest,proportionBest,entropyNrActions
nr_96_id_19_025f93f0aa12ea2d60a89700cc206a75242aa137_D2RQException_GTSPOON.csv,1469,0.7165853658536585,1.0371054489618978
