file,nrBest,proportionBest,entropyNrActions
nr_248_id_13_0389ccfe4ed3e071fa976e942553d544bb0a6621_Params_GTSPOON.csv,1919,0.9360975609756098,0.40339331053215377
