file,nrBest,proportionBest,entropyNrActions
nr_86_id_30_057bb2095933e52c86a8a69b5f0a73c1d68c4d75_PDLServiceController_GTSPOON.csv,990,0.48292682926829267,1.9914190938775689
