file,nrBest,proportionBest,entropyNrActions
nr_339_id_26_0ba4dbc99289191bf6db162b34ebd8f17e862239_Parser_GTSPOON.csv,1920,0.9365853658536586,0.39122405965600154
