file,nrBest,proportionBest,entropyNrActions
nr_56_id_7_008f9bb9a5009e14712cf7daacf8d546a4b8eb81_GridPanel_GTSPOON.csv,1282,0.6253658536585366,1.5995578332765883
