file,nrBest,proportionBest,entropyNrActions
nr_250_id_5_0208fbd6855decbe2cd865d87f9272132ffd2556_Objectives_GTSPOON.csv,1412,0.688780487804878,1.1548247111664738
