file,nrBest,proportionBest,entropyNrActions
nr_3_id_15_0008a3f9d5f4137bf5bd35cb8e421bc4434d1b58_SpoonMojo_GTSPOON.csv,1300,0.6341463414634146,1.6367449880998164
