file,nrBest,proportionBest,entropyNrActions
nr_276_id_36_453b1361ef4f7180e664694d18f412358b85e8c7_MutopiaMaps_GTSPOON.csv,1408,0.686829268292683,1.2102447117226673
