file,nrBest,proportionBest,entropyNrActions
nr_483_id_10_04a1ae380cb8856cb4ec499c67b9f0f968bf5d0a_SyncAdapter_GTSPOON.csv,671,0.3273170731707317,2.5076467284135435
