file,nrBest,proportionBest,entropyNrActions
nr_100_id_37_2d440f2763627448a76b0f931b75286ecb2d2c1d_EDACCExperimentMode_GTSPOON.csv,57,0.027804878048780488,2.8287148214809763
