file,nrBest,proportionBest,entropyNrActions
nr_125_id_7_015927361ce1da2e952d18941526e6716925fea6_SubmissionViewActivity_GTSPOON.csv,1930,0.9414634146341463,0.37545240181376865
