file,nrBest,proportionBest,entropyNrActions
nr_154_id_13_02224138aae0df91f759675985f7d8c011ad53f8_XSSimpleTypeDecl_GTSPOON.csv,29,0.014146341463414635,2.2912632169998712
