file,nrBest,proportionBest,entropyNrActions
nr_567_id_9_06910768d2094f10a9e3afe042319ee1758dd364_GWTGenomeCanvas_GTSPOON.csv,3,0.0014634146341463415,2.5241742108417977
