file,nrBest,proportionBest,entropyNrActions
nr_141_id_12_018e35baa4f15e64499e42e8312bab9b53dd7568_Guild_GTSPOON.csv,822,0.4009756097560976,2.2184148897305485
