file,nrBest,proportionBest,entropyNrActions
nr_261_id_2_00821910b3275f86d9eb1e27aefd9426a8390ead_TextSplitter_GTSPOON.csv,1647,0.8034146341463415,0.9866895909284337
