file,nrBest,proportionBest,entropyNrActions
nr_271_id_16_04f1bbb3f1f140c0de7ea63e03b57c1841a2d5a3_QueryEngine_GTSPOON.csv,2025,0.9878048780487805,0.08850723412286722
