file,nrBest,proportionBest,entropyNrActions
nr_491_id_9_0592345cc4c39615816ce7a3aca7bb114a5f88ff_JCRDataStorage_GTSPOON.csv,15,0.007317073170731708,2.7712849099967403
