file,nrBest,proportionBest,entropyNrActions
nr_443_id_20_088bd9155f894dff9416a4ce14e784cd385f7a54_XmlImportUtils_GTSPOON.csv,183,0.08926829268292683,2.5822272927423287
