file,nrBest,proportionBest,entropyNrActions
nr_44_id_37_14d50e3482fa0520e2f2ef21602ff20e569ffe6d_EnvironmentTests_GTSPOON.csv,1042,0.5082926829268293,1.9858519149584606
