file,nrBest,proportionBest,entropyNrActions
nr_534_id_6_034341ea35e334621ed43cace025415b56a50090_GrailsViewResolver_GTSPOON.csv,552,0.26926829268292685,2.3823939978407234
