file,nrBest,proportionBest,entropyNrActions
nr_456_id_5_03bef4a8163e2e5be85a18b8f03f57b475a8a7ed_PaneTabTag_GTSPOON.csv,1938,0.9453658536585365,0.35719706094791476
