file,nrBest,proportionBest,entropyNrActions
nr_410_id_8_035f77e8527783232e1b38617c4e9a8c1b5f1411_RedDezNotificationBean_GTSPOON.csv,514,0.25073170731707317,2.8717261433203176
