file,nrBest,proportionBest,entropyNrActions
nr_382_id_20_0767db897a468803b52a2f7b7e72b4856fe55c2a_DocumentFragment_GTSPOON.csv,1360,0.6634146341463415,1.4125940858230026
