file,nrBest,proportionBest,entropyNrActions
nr_183_id_8_0198d64d86ad05e72c2459ae1055f482d30b5305_CameraSettings_GTSPOON.csv,38,0.018536585365853658,2.7240932098230592
