file,nrBest,proportionBest,entropyNrActions
nr_142_id_26_0582c57287701501367f805ad4219b4d4147a3a1_Repos_GTSPOON.csv,1817,0.8863414634146342,0.600996873812195
