file,nrBest,proportionBest,entropyNrActions
nr_373_id_12_04005cf619bbcb4edc48ab53e5474f98522b578d_HikariDataSource_GTSPOON.csv,97,0.04731707317073171,0.8790423206143214
