file,nrBest,proportionBest,entropyNrActions
nr_140_id_6_00fab4f4f794528a2db5b65568d6efec6e2e119d_SparkTab_GTSPOON.csv,1839,0.8970731707317073,0.6128782156805429
