file,nrBest,proportionBest,entropyNrActions
nr_434_id_17_08c5148046f403cc50d1b82c59278d73c4f87f79_TweenGroup_GTSPOON.csv,1848,0.9014634146341464,0.5281642551658632
