file,nrBest,proportionBest,entropyNrActions
nr_579_id_6_038eb7476cef8f84abb11394c964ef3301325796_IndexStoreTest_GTSPOON.csv,1256,0.6126829268292683,1.6612140395563202
