file,nrBest,proportionBest,entropyNrActions
nr_163_id_16_0335795a3b29a9e9c074f44250373965a16d526e_CardSetTest_GTSPOON.csv,1547,0.7546341463414634,1.1548125269526661
