file,nrBest,proportionBest,entropyNrActions
nr_363_id_31_190faac27dd08a1ff38b1381fdd43830dee8a7e3_SwitchNode_GTSPOON.csv,1938,0.9453658536585365,0.3378360046466969
