file,nrBest,proportionBest,entropyNrActions
nr_143_id_17_02c2f077c5ff57d15ffcb91c8b0640a8958cd24f_BookCollection_GTSPOON.csv,100,0.04878048780487805,2.525373303180725
