file,nrBest,proportionBest,entropyNrActions
nr_467_id_33_38b8a35d2858471eb7c127532232d8ee0b63aabb_PipelineTest_GTSPOON.csv,1938,0.9453658536585365,0.3266837081125114
