file,nrBest,proportionBest,entropyNrActions
nr_122_id_18_02458880370697b49e91c33e09672a4a3c8b73b3_PlayerManager_GTSPOON.csv,1197,0.5839024390243902,1.7957290180582886
