file,nrBest,proportionBest,entropyNrActions
nr_404_id_37_bc386ebdb289717de7c948c8179bb51f2c27c56d_Demo_GTSPOON.csv,761,0.37121951219512195,2.3815080569986673
