file,nrBest,proportionBest,entropyNrActions
nr_321_id_10_031b22836efa16328af6f2cfdf4f517a02e3e8a2_WindowTest_GTSPOON.csv,194,0.09463414634146342,2.464069202110338
