file,nrBest,proportionBest,entropyNrActions
nr_197_id_11_027504196c0dd29dbc651398e268ccb228c33c19_MusicUtils_GTSPOON.csv,170,0.08292682926829269,2.7331054191678934
