file,nrBest,proportionBest,entropyNrActions
nr_331_id_1_03ecbfc4709f6c44e5b886eea867e1071feb45ca_Sphere_GTSPOON.csv,2019,0.9848780487804878,0.10798865426467293
