file,nrBest,proportionBest,entropyNrActions
nr_379_id_19_08fa69328bf8c28342093fe3dd3940bfe19b8fa1_CdtMacroSupplier_GTSPOON.csv,1342,0.6546341463414634,1.6458241297447695
