file,nrBest,proportionBest,entropyNrActions
nr_486_id_15_08fd86f4dca7978ecf4d98327d52ed0682552d23_SuomiNPPChooser_GTSPOON.csv,1548,0.7551219512195122,1.2625181308721323
