file,nrBest,proportionBest,entropyNrActions
nr_118_id_35_1962225c384b5d7bc5cd9e42c611312f572caf7d_MavenProjectUtils_GTSPOON.csv,517,0.2521951219512195,2.4029763397469273
