file,nrBest,proportionBest,entropyNrActions
nr_836_id_2_01ce6fc35e262d2e636ac509ab5417c3105194cc_Neo4jComplex_GTSPOON.csv,1809,0.8824390243902439,0.6858454900761497
