file,nrBest,proportionBest,entropyNrActions
nr_217_id_25_071799453ce36ecac3414d9a141659576af65adb_VariantEvalWalker_GTSPOON.csv,152,0.07414634146341463,3.2228639099918395
