file,nrBest,proportionBest,entropyNrActions
nr_493_id_15_0913212c8733b894d5c0b3eb1faa57c4ce3d7c16_TripFormFragment_GTSPOON.csv,1649,0.8043902439024391,1.0261599065559208
