file,nrBest,proportionBest,entropyNrActions
nr_248_id_1_02e88c24ac10b6baef029b65c29b8767b48b7449_OptimizeAll_GTSPOON.csv,1655,0.8073170731707318,0.9649591770085696
