file,nrBest,proportionBest,entropyNrActions
nr_187_id_15_0388aaff71320bd90af53a433e0b8ee0a377c963_DatabaseReader_GTSPOON.csv,10,0.004878048780487805,2.212015439954583
