file,nrBest,proportionBest,entropyNrActions
nr_318_id_6_01fa3c9e47231a2ff179aa69ce3d0175134231c9_CModelManager_GTSPOON.csv,196,0.09560975609756098,2.4801268463786097
