file,nrBest,proportionBest,entropyNrActions
nr_213_id_28_09606aa330aeb1c9e28aa63138e6229d12be7637_GroupType_GTSPOON.csv,1910,0.9317073170731708,0.4389900121697725
