file,nrBest,proportionBest,entropyNrActions
nr_582_id_10_059763b8726e5472c97b9457f0d7aa0266c440e2_XbaseIntegrationTest_GTSPOON.csv,2020,0.9853658536585366,0.09908843754097327
