file,nrBest,proportionBest,entropyNrActions
nr_360_id_15_06a0dbfaf21440f8bfa5616bb15dd6543ae99c79_Main_GTSPOON.csv,1493,0.7282926829268292,1.2512315176089792
