file,nrBest,proportionBest,entropyNrActions
nr_296_id_30_1263831e003ed8011927c88a3170a356196ea52f_UltimateArena_GTSPOON.csv,145,0.07073170731707316,2.493656013393954
