file,nrBest,proportionBest,entropyNrActions
nr_273_id_8_024a1bb3448b4dd2817b1a55e7fc7794dd31f9e9_ICoverageReport_GTSPOON.csv,2027,0.988780487804878,0.06587741203719133
