file,nrBest,proportionBest,entropyNrActions
nr_400_id_22_098834d9379f961e9e8d89aa67412f6e72aef755_BrowserHistoryPage_GTSPOON.csv,1029,0.5019512195121951,1.8160075363524266
