file,nrBest,proportionBest,entropyNrActions
nr_390_id_12_04406f037e39c722885d0b79bb0b4f0b9d3aa21e_PromotionCommands_GTSPOON.csv,782,0.38146341463414635,2.377424643175357
