file,nrBest,proportionBest,entropyNrActions
nr_588_id_4_024e6f5a3a9f41f6e696da4db9817195c20bb213_NodeTest_GTSPOON.csv,2025,0.9878048780487805,0.09256468103346203
