file,nrBest,proportionBest,entropyNrActions
nr_433_id_20_085cfb746ac56894147c5b85d8ee7b71e827436e_SplashScreen_GTSPOON.csv,1922,0.937560975609756,0.3831176481804386
