file,nrBest,proportionBest,entropyNrActions
nr_155_id_26_05f0ca1201a421f2e98153857884be0dc33e6c54_PartyInviteCommand_GTSPOON.csv,1919,0.9360975609756098,0.41392691332082826
