file,nrBest,proportionBest,entropyNrActions
nr_263_id_25_08b69769071838714282d665f1b5a5ffcc72b5f6_Menu_GTSPOON.csv,54,0.026341463414634145,1.7279617145546469
