file,nrBest,proportionBest,entropyNrActions
nr_580_id_35_702e0de3a60f7344283558aff5a8f660714f54c4_FloorTile_GTSPOON.csv,24,0.011707317073170732,0.9642433401975612
