file,nrBest,proportionBest,entropyNrActions
nr_148_id_31_0a905c4eb2e5e82d52cac38d1f14f5d7c04d3a71_Likeable_GTSPOON.csv,1610,0.7853658536585366,0.7477541416362656
