file,nrBest,proportionBest,entropyNrActions
nr_459_id_16_083ef1a625414eae055720fa0ef52d5b65c3b99d_OrientGraph_GTSPOON.csv,1843,0.8990243902439025,0.5532098805203143
