file,nrBest,proportionBest,entropyNrActions
nr_349_id_5_02d826389ea0f9bab6937a762f4b0142c30cad6f_Boss_GTSPOON.csv,1470,0.7170731707317073,1.3845238306834557
