file,nrBest,proportionBest,entropyNrActions
nr_4_id_27_0050bb9aafa632809b645f2392f4f5e8931deaca_MapTest_GTSPOON.csv,593,0.2892682926829268,2.383302403734262
