file,nrBest,proportionBest,entropyNrActions
nr_326_id_19_07d4f99e3f33788ed603b63abfc4417a572597bd_ScalaWriter_GTSPOON.csv,143,0.06975609756097562,2.429920935051792
