file,nrBest,proportionBest,entropyNrActions
nr_503_id_12_056c10e478ea14b03e87e792cbdb17b201f15025_ListaUsuariosTest_GTSPOON.csv,1832,0.8936585365853659,0.5590349637364903
