file,nrBest,proportionBest,entropyNrActions
nr_585_id_35_708db55fff8fec6188d6c6c3907162ef3d34467b_FileSourceDGS_GTSPOON.csv,30,0.014634146341463415,2.3868811785006194
