file,nrBest,proportionBest,entropyNrActions
nr_276_id_31_136e95a457f157c1273d2c629e7c1218610bc63c_VideoEditorActivity_GTSPOON.csv,10,0.004878048780487805,3.3026020761472568
