file,nrBest,proportionBest,entropyNrActions
nr_148_id_29_088a307181cf782677fa84382ad50c35646d28a7_UtilImport_GTSPOON.csv,88,0.042926829268292686,2.7032860820039137
