file,nrBest,proportionBest,entropyNrActions
nr_465_id_20_08f648e539323239e6f0678cea35f971e839c968_Sprite_GTSPOON.csv,1647,0.8034146341463415,0.9959859591819502
