file,nrBest,proportionBest,entropyNrActions
nr_506_id_27_1710d211e0d9f3bf12c42a91a7e3ce240b170a1e_CanaryCommand_GTSPOON.csv,177,0.08634146341463414,3.067718375889333
