file,nrBest,proportionBest,entropyNrActions
nr_317_id_23_0a2001d2855d214ab02a76733e47c26282de58dd_RenderUtil_GTSPOON.csv,774,0.3775609756097561,2.050907283820382
