file,nrBest,proportionBest,entropyNrActions
nr_48_id_2_001aa8c0f4410a9a6c1247208ece9fff18bef49a_UrlHandler_GTSPOON.csv,1392,0.6790243902439025,1.4150388794655337
