file,nrBest,proportionBest,entropyNrActions
nr_469_id_4_01debeb6bd104a48e12c8145a1390f59d2c26c53_MainFrame_GTSPOON.csv,1011,0.49317073170731707,1.9313011301677478
