file,nrBest,proportionBest,entropyNrActions
nr_481_id_19_0b4b64f30e4c316f5528684f33c462aa6b258cc0_Command_GTSPOON.csv,266,0.12975609756097561,3.203936131673983
