file,nrBest,proportionBest,entropyNrActions
nr_401_id_17_07e056767ae7a9627e7e54d3fcb29246d5384946_QueryReservation_GTSPOON.csv,625,0.3048780487804878,1.8627098673420557
