file,nrBest,proportionBest,entropyNrActions
nr_460_id_3_03092b2b309374757129de3b4f22608b232a07bb_OhmageApplication_GTSPOON.csv,1842,0.8985365853658537,0.5799615416642163
