file,nrBest,proportionBest,entropyNrActions
nr_541_id_28_183ebad88763f971d15bb6ff7b6e1e66b770a97f_Consumer_GTSPOON.csv,138,0.06731707317073171,2.644213696844417
