file,nrBest,proportionBest,entropyNrActions
nr_40_id_8_005bc93f86c9ee5d53fefc20556e5199c7284813_AdapterProperties_GTSPOON.csv,1,0.0004878048780487805,2.125260892384696
