file,nrBest,proportionBest,entropyNrActions
nr_321_id_23_0a5466834fcdcab0deaf3c0abc7258226adcba81_Album_GTSPOON.csv,1900,0.926829268292683,0.45031224375090395
