file,nrBest,proportionBest,entropyNrActions
nr_377_id_8_031c042d50f3c9d2799c279d4e8c296728938402_ConversationActivity_GTSPOON.csv,1376,0.671219512195122,1.4972173337858194
