file,nrBest,proportionBest,entropyNrActions
nr_25_id_14_006aaf7a5e9390f9e30292348739507315ffc812_XlsDocumentService_GTSPOON.csv,1929,0.9409756097560975,0.38729127301596256
