file,nrBest,proportionBest,entropyNrActions
nr_411_id_20_07d4f41154dc01bf5ae6bee732e9316492c7ef9f_PlayerAnimation_GTSPOON.csv,109,0.05317073170731707,3.3820470457814253
