file,nrBest,proportionBest,entropyNrActions
nr_282_id_35_343671a76162c4757871578175a231f1512bb647_EclipseTouchpointTest_GTSPOON.csv,1484,0.7239024390243902,1.2114413362506258
