file,nrBest,proportionBest,entropyNrActions
nr_310_id_7_032c79336eadada287a58f726d702116b1ef94d1_ClassGenerator_GTSPOON.csv,1356,0.6614634146341464,1.4727739374114615
