file,nrBest,proportionBest,entropyNrActions
nr_66_id_32_05c6029cb8e61b11e4c139ed333bf16ee0e6611f_Policy_mxJPO_GTSPOON.csv,162,0.07902439024390244,3.288264540903824
