file,nrBest,proportionBest,entropyNrActions
nr_154_id_11_01f7f991753cf4fa00000de126d7f31455ecfcc1_Constants_GTSPOON.csv,1289,0.628780487804878,1.3492419916288256
