file,nrBest,proportionBest,entropyNrActions
nr_569_id_4_023b992f822bfff7053dac651508b4b265d82548_ZKDB_GTSPOON.csv,2,0.000975609756097561,2.9046195225729416
