file,nrBest,proportionBest,entropyNrActions
nr_46_id_18_00a974a115a6c05617eaab5bf9ee1a630590c74e_DishListView_GTSPOON.csv,1509,0.7360975609756097,1.3455347365394488
