file,nrBest,proportionBest,entropyNrActions
nr_299_id_28_0d7475b06e369eae554e3a9eb5e4e18c78e0749a_SequentialTest_GTSPOON.csv,1666,0.8126829268292682,0.8482419798054558
