file,nrBest,proportionBest,entropyNrActions
nr_372_id_5_031416b059450602a85e7513b07d4a543205e164_HibernateUtil_GTSPOON.csv,2025,0.9878048780487805,0.08632148968793193
