file,nrBest,proportionBest,entropyNrActions
nr_530_id_13_0819879ee76e0056a533c74eb33b635b4b6003e4_Bot_GTSPOON.csv,2015,0.9829268292682927,0.11696153366745743
