file,nrBest,proportionBest,entropyNrActions
nr_210_id_28_09506e3dea3b21bd372bcd0e9eb7a8073ae9ffb2_Stage_GTSPOON.csv,150,0.07317073170731707,3.206428142883336
