file,nrBest,proportionBest,entropyNrActions
nr_398_id_17_07d6d78b6d6a3630c9ffd4768432212de8d600ba_XulDialogStub_GTSPOON.csv,1848,0.9014634146341464,0.49891820316206564
