file,nrBest,proportionBest,entropyNrActions
nr_168_id_29_09b07632bc1d8691b360f2145a06d9d55d5b9fb5_IDecorationContext_GTSPOON.csv,2015,0.9829268292682927,0.10520570474832268
