file,nrBest,proportionBest,entropyNrActions
nr_22_id_11_003404ae44b0d919d76e58d6759d2761476de9c4_ClientSettingsService_GTSPOON.csv,1411,0.6882926829268292,1.4054109542020732
