file,nrBest,proportionBest,entropyNrActions
nr_347_id_21_090bc92d0905478eeb7ab2ed8adf7caf83ed5b36_Account_GTSPOON.csv,140,0.06829268292682927,2.7348866032960553
