file,nrBest,proportionBest,entropyNrActions
nr_167_id_17_034d9db22fc93134ab6429036e88e7d07ed6c211_Robot_GTSPOON.csv,1221,0.595609756097561,1.7351621919227516
