file,nrBest,proportionBest,entropyNrActions
nr_84_id_23_02705bc51a14afa8a9dde654b61bf232d7111124_Program_GTSPOON.csv,170,0.08292682926829269,1.4045870497386042
