file,nrBest,proportionBest,entropyNrActions
nr_129_id_26_04ba85588ac6451df7fd4283b5f90ccedef1462c_BasicTest_GTSPOON.csv,30,0.014634146341463415,1.7930492988101745
