file,nrBest,proportionBest,entropyNrActions
nr_162_id_10_015be8655248d94a2efbc2bab170213c52e69655_LocalExecSslServer_GTSPOON.csv,1900,0.926829268292683,0.4358529095183968
