file,nrBest,proportionBest,entropyNrActions
nr_441_id_30_1ac10f90583f4179601ed0001cfb2f8170a988b5_MyPet_GTSPOON.csv,5,0.0024390243902439024,3.2529945142624106
