file,nrBest,proportionBest,entropyNrActions
nr_36_id_24_01257108f33bede6179282775f83320f56df42b9_JsFsApplet_GTSPOON.csv,1456,0.7102439024390244,1.3872025078037113
