file,nrBest,proportionBest,entropyNrActions
nr_268_id_32_176e438ce2c9c7aa50f63f5f6faf53e9ed512341_Player_GTSPOON.csv,351,0.17121951219512196,2.4681100408048877
