file,nrBest,proportionBest,entropyNrActions
nr_298_id_20_05b95168c559da33e83b365f4a7ff3803c5291c6_OpenLiveDialogHandler_GTSPOON.csv,38,0.018536585365853658,1.1363241996793672
