file,nrBest,proportionBest,entropyNrActions
nr_305_id_17_06376849cdac54b573be9204837b451ef8013cc6_CallFeaturesSetting_GTSPOON.csv,25,0.012195121951219513,2.3618920598786284
