file,nrBest,proportionBest,entropyNrActions
nr_641_id_5_056183deebeee9808033cc2f5b2519d101bc2653_TaskActivityManager_GTSPOON.csv,85,0.041463414634146344,2.4805188323667666
