file,nrBest,proportionBest,entropyNrActions
nr_461_id_33_382de778775485a8023fa5d24b3ddbd67da44178_TestSearcherManager_GTSPOON.csv,1229,0.5995121951219512,1.6224171293410319
