file,nrBest,proportionBest,entropyNrActions
nr_374_id_18_071b52a385d148a49847002fd4a70280ec865560_TestDatabase_GTSPOON.csv,1914,0.9336585365853659,0.40413408674592516
