file,nrBest,proportionBest,entropyNrActions
nr_171_id_19_043531777ddb4912af86497693cd66a2d679cfac_Student_GTSPOON.csv,1600,0.7804878048780488,1.0888617325787529
