file,nrBest,proportionBest,entropyNrActions
nr_460_id_35_58f7594a2f67bfa473d8f04601386dfb78d16682_AcceleoWorkspaceUtil_GTSPOON.csv,40,0.01951219512195122,2.142962293885817
