file,nrBest,proportionBest,entropyNrActions
nr_205_id_2_0063a57c24edfd1c9192234fada31b588c669710_XtapiProvider_GTSPOON.csv,364,0.1775609756097561,2.4439854117743014
