file,nrBest,proportionBest,entropyNrActions
nr_390_id_25_0d8cbe277b37c0629863751a63524eb7281f65eb_AnalyticalPN_GTSPOON.csv,112,0.054634146341463415,3.583067676967911
