file,nrBest,proportionBest,entropyNrActions
nr_76_id_40_f36d5017308279026771c1bf4d94f72968f1f1ae_ProductBMPBean_GTSPOON.csv,40,0.01951219512195122,2.623397600410802
