file,nrBest,proportionBest,entropyNrActions
nr_190_id_13_02ba24560df55c18a68654ceb928d3f91ea7e994_HibernateUserDAO_GTSPOON.csv,980,0.47804878048780486,2.047349677114957
