file,nrBest,proportionBest,entropyNrActions
nr_362_id_6_022f12d580802c46169f1a7ef02e77b04fd86d28_ExtendedSelenium_GTSPOON.csv,1200,0.5853658536585366,1.6485371621161806
