file,nrBest,proportionBest,entropyNrActions
nr_246_id_3_01a71b8291048b1a37c372da4177411c1baf452f_Image_GTSPOON.csv,1817,0.8863414634146342,0.6133190980243978
