file,nrBest,proportionBest,entropyNrActions
nr_149_id_23_0473a4c2cb01e466240e66679809cd8a82f8ceb1_ContactoBean_GTSPOON.csv,5,0.0024390243902439024,0.9212760389991315
