file,nrBest,proportionBest,entropyNrActions
nr_326_id_31_16a14f63ff87c342db957e12441182c1f245e05b_DatasetViewImpl_GTSPOON.csv,651,0.3175609756097561,3.1839506575541314
