file,nrBest,proportionBest,entropyNrActions
nr_497_id_27_1690a25f85d0197f075cf048c1bdad1700f5fe30_Feedback_GTSPOON.csv,132,0.06439024390243903,3.749449914300383
