file,nrBest,proportionBest,entropyNrActions
nr_487_id_1_055dacffc32944d595364ba9cd307a97513c81eb_PollWebservice_GTSPOON.csv,1371,0.6687804878048781,1.3176078235725208
