file,nrBest,proportionBest,entropyNrActions
nr_492_id_28_15e1b1dc1f6338ec91bd23309542dc3de5509d7b_UrlMappingTest_GTSPOON.csv,1666,0.8126829268292682,0.9114057977270553
