file,nrBest,proportionBest,entropyNrActions
nr_282_id_4_01105cc1fb6ad157d4e0a754728f5b446c239e52_MemStoreFlusher_GTSPOON.csv,925,0.45121951219512196,2.1225970013766045
