file,nrBest,proportionBest,entropyNrActions
nr_637_id_7_06982701d609796702923c88ef50fdee89e0cca5_TestFairScheduler_GTSPOON.csv,65,0.03170731707317073,2.4861742811783873
