file,nrBest,proportionBest,entropyNrActions
nr_845_id_2_01d254f84f1542bcd677b3136276f50f35b470e2_LuaSpacingProcessorBasic_GTSPOON.csv,1778,0.8673170731707317,0.782161889393724
