file,nrBest,proportionBest,entropyNrActions
nr_201_id_27_08fbcb39f6ca2051ac89c0ee902410912d411190_File_GTSPOON.csv,757,0.3692682926829268,2.6894551817299317
