file,nrBest,proportionBest,entropyNrActions
nr_509_id_36_8141d8ed0980acf1c76f1469f5512d75fe4c82cd_SchemaDocument_GTSPOON.csv,133,0.06487804878048781,2.6705262603979767
