file,nrBest,proportionBest,entropyNrActions
nr_55_id_6_0067687d89304a4a0be13c5e2bcf9b403ae04753_MediaProvider_GTSPOON.csv,144,0.0702439024390244,2.7632873583091935
