file,nrBest,proportionBest,entropyNrActions
nr_356_id_35_4402a8161ac8742913a8d600b9054835c05a216d_HtmlAnchorTest_GTSPOON.csv,1302,0.6351219512195122,1.3736463220391302
