file,nrBest,proportionBest,entropyNrActions
nr_529_id_11_0790b81707025a2f9ee8eb9018f08ca3563d56a2_ImageRenderer_GTSPOON.csv,91,0.04439024390243902,0.5516630199006665
