file,nrBest,proportionBest,entropyNrActions
nr_103_id_27_047884d8b9e62fa8a3f3605af677c638ef91dca6_WebSocketTransport_GTSPOON.csv,10,0.004878048780487805,2.1630291887186157
