file,nrBest,proportionBest,entropyNrActions
nr_596_id_2_014840125ca42c29076d504451a1471877e6a403_TestCoordinates_GTSPOON.csv,2022,0.9863414634146341,0.09430161679174276
