file,nrBest,proportionBest,entropyNrActions
nr_185_id_26_0702c7e05c3296110d23ec502b8ce988ecd44c01_FindReplaceDialog_GTSPOON.csv,175,0.08536585365853659,3.225758567398644
