file,nrBest,proportionBest,entropyNrActions
nr_58_id_37_196f4ac85000261778a23311763365ed22916b53_ArchiveDataSourceTest_GTSPOON.csv,1600,0.7804878048780488,0.7748131521953033
