file,nrBest,proportionBest,entropyNrActions
nr_135_id_10_0120cd90292bf68e26819e9b43510bbe80a11a7e_MainActivity_GTSPOON.csv,2007,0.9790243902439024,0.13661034609116854
