file,nrBest,proportionBest,entropyNrActions
nr_613_id_4_0260bf8f254812a51975de934699cb06a75b86e1_LocationImpl_GTSPOON.csv,2,0.000975609756097561,2.6532660204435956
