file,nrBest,proportionBest,entropyNrActions
nr_54_id_25_01c7284f269020f66c927132c05378162b33dca6_CalculationNode_GTSPOON.csv,1842,0.8985365853658537,0.5653677444002956
