file,nrBest,proportionBest,entropyNrActions
nr_379_id_22_093124796214ba0bb7ca03d887dff63fc1e15bd1_NumericMethods_GTSPOON.csv,548,0.2673170731707317,2.506157242349342
