file,nrBest,proportionBest,entropyNrActions
nr_621_id_7_06721a7c031436539f93ec1f75d86bfc0c6d718d_Collaborator_GTSPOON.csv,187,0.09121951219512195,2.604183088652607
