file,nrBest,proportionBest,entropyNrActions
nr_461_id_21_0bbc0fa57d3c6494460007e831d1e746d1cf957c_EditorActivity_GTSPOON.csv,1184,0.577560975609756,1.8753446018048063
