file,nrBest,proportionBest,entropyNrActions
nr_652_id_8_0517d4080219268090af497b1e44d78fb450e2ae_Constants_GTSPOON.csv,1323,0.6453658536585366,1.1946045897056863
