file,nrBest,proportionBest,entropyNrActions
nr_420_id_4_01aa073c3c3128ade44b22a333635c605d1b7051_PoolingDriver_GTSPOON.csv,1019,0.4970731707317073,1.9562825555355068
