file,nrBest,proportionBest,entropyNrActions
nr_196_id_26_077bdd88fe9662a38f842f92c662e46a58e03b66_TextAnalyzer_GTSPOON.csv,195,0.0951219512195122,1.7243564840308925
