file,nrBest,proportionBest,entropyNrActions
nr_164_id_20_032d17d1d863baf259284ebe5d2b8714f9a0f4a8_TableComponent_GTSPOON.csv,2013,0.9819512195121951,0.11292739338405844
