file,nrBest,proportionBest,entropyNrActions
nr_288_id_24_08e15362d09835a9aafcc145b69ce2d6d06c1f04_Restart_GTSPOON.csv,2027,0.988780487804878,0.08360796878452874
