file,nrBest,proportionBest,entropyNrActions
nr_511_id_14_0755388299b6d63de28b7835b48afed874f06f2e_DeviceInfoSettings_GTSPOON.csv,987,0.4814634146341463,2.2278304386076293
