file,nrBest,proportionBest,entropyNrActions
nr_281_id_25_09837db6224122a95842b7de5445be7e5fc544e5_EMFMetaModelResourceImpl_GTSPOON.csv,1766,0.8614634146341463,0.7952350853544834
