file,nrBest,proportionBest,entropyNrActions
nr_131_id_5_01301e6b90b575ba9700f144b4514d6dcb7751b7_Image_GTSPOON.csv,213,0.10390243902439024,2.686661998548029
