file,nrBest,proportionBest,entropyNrActions
nr_453_id_20_08b6416b57363d7488ee99162a605b3bef9d28c0_WebUtil_GTSPOON.csv,216,0.10536585365853658,1.9423923956272438
