file,nrBest,proportionBest,entropyNrActions
nr_295_id_6_01db686d9b7046ef2b525c438b1b7665c4c63182_StreetMatcher_GTSPOON.csv,1569,0.7653658536585366,1.127963065459542
