file,nrBest,proportionBest,entropyNrActions
nr_396_id_14_05c9fa4d9e9b4015e0cb4fa1b680c96c5d4b6411_ComposerTag_GTSPOON.csv,1641,0.8004878048780488,0.9299440106984728
