file,nrBest,proportionBest,entropyNrActions
nr_405_id_20_07c1e4f3f1b7571d8ba1e5c095236afcbef00c28_MainClass_GTSPOON.csv,1706,0.8321951219512195,0.6308640976092094
