file,nrBest,proportionBest,entropyNrActions
nr_396_id_31_1bdb405dc6bb462c44e6a5b820b51070841d4891_CEnumConstant_GTSPOON.csv,2000,0.975609756097561,0.17232666333210975
