file,nrBest,proportionBest,entropyNrActions
nr_657_id_6_040b322b4dc47f54f96675cccf6d8a9f0646b508_GetGoodFragment_GTSPOON.csv,429,0.20926829268292682,2.513473607935734
