file,nrBest,proportionBest,entropyNrActions
nr_679_id_8_0540ce6f2f47ba3f2893ddcdf1f3b1a41855267f_RemoveCheck_GTSPOON.csv,698,0.3404878048780488,2.8803224331857034
