file,nrBest,proportionBest,entropyNrActions
nr_597_id_8_04b8291cd90635741c1a93cd19024cf07fe0dca8_NfcService_GTSPOON.csv,180,0.08780487804878048,2.721215624613662
