file,nrBest,proportionBest,entropyNrActions
nr_65_id_22_015c6e178160200562321a36982d3da40019555c_ViewPageFilter_GTSPOON.csv,1087,0.5302439024390244,1.8674727392947843
