file,nrBest,proportionBest,entropyNrActions
nr_152_id_32_0dcbec215dfe5a868f434cd66640f2140f8f342d_cgeo_GTSPOON.csv,131,0.06390243902439025,2.473706063138934
