file,nrBest,proportionBest,entropyNrActions
nr_277_id_13_03f46a4967ed15e0a6184b83d3665a8c63ca782e_EditDialog_GTSPOON.csv,153,0.07463414634146341,2.62337148670541
