file,nrBest,proportionBest,entropyNrActions
nr_344_id_11_048192aa85bd5692ccd5735d2afcb7c5b51014a0_YaximApplication_GTSPOON.csv,2025,0.9878048780487805,0.08835021314322934
