file,nrBest,proportionBest,entropyNrActions
nr_307_id_26_0aa7f6dbea26d683907e4978558ab219e3735e2b_BillingProcessDAS_GTSPOON.csv,102,0.04975609756097561,1.931710381799705
