file,nrBest,proportionBest,entropyNrActions
nr_135_id_39_de97877dd51381fa67b54c5cee3023763ca6a631_StaticFileService_GTSPOON.csv,1406,0.6858536585365854,1.3774362201580612
