file,nrBest,proportionBest,entropyNrActions
nr_142_id_24_04364f96070678ed282d377b0d147295fae58fbd_Editor_GTSPOON.csv,57,0.027804878048780488,2.992445042396164
