file,nrBest,proportionBest,entropyNrActions
nr_438_id_1_04f46442c8a972fa4d959f3cd56053d0bd7bac5c_JCEECPublicKey_GTSPOON.csv,937,0.45707317073170733,2.0331170101379454
