file,nrBest,proportionBest,entropyNrActions
nr_3_id_23_0019fdef0870d5318ae1b597e0c474d404b1af57_DefaultMethod_GTSPOON.csv,1172,0.5717073170731707,1.7692807341083863
