file,nrBest,proportionBest,entropyNrActions
nr_173_id_14_025a1393aeaf4f5d864d9da41b07abe772c6e97a_Convert_GTSPOON.csv,1468,0.7160975609756097,1.372606347411659
