file,nrBest,proportionBest,entropyNrActions
nr_136_id_33_1130f826231a2456f92abfd1599ec44aa2d90604_Node_GTSPOON.csv,86,0.041951219512195125,1.6505773068029501
