file,nrBest,proportionBest,entropyNrActions
nr_2_id_29_0035fadb375ff0b549b84605eb9aea150d31677a_Controller_GTSPOON.csv,200,0.0975609756097561,2.55252349823199
