file,nrBest,proportionBest,entropyNrActions
nr_336_id_14_050139b219227dc64d2217340f965b86f35b49d2_ChangeLogModelProvider_GTSPOON.csv,630,0.3073170731707317,2.398898019911483
