file,nrBest,proportionBest,entropyNrActions
nr_324_id_15_0607dccb93a407440e861895db43e5fc5b062cf7_ReaperCommands_GTSPOON.csv,1008,0.4917073170731707,2.11536351932982
