file,nrBest,proportionBest,entropyNrActions
nr_349_id_16_0662f7e8628f684688f03ab7295b5fd22beb2bff_TestMapInfo_GTSPOON.csv,2025,0.9878048780487805,0.0894724848418557
