file,nrBest,proportionBest,entropyNrActions
nr_286_id_18_05b4cb00c43207acb577c485d5af1330f71a7333_Application_GTSPOON.csv,1915,0.9341463414634147,0.3875080330820563
