file,nrBest,proportionBest,entropyNrActions
nr_667_id_5_0592f4b86fd36c8e370e0773a12977373be80f70_GeneratorMessages_GTSPOON.csv,1651,0.8053658536585366,0.7191145580148021
