file,nrBest,proportionBest,entropyNrActions
nr_83_id_18_0196ed0f73687e4f814c9e531e063b3ed7aaddc6_UpdateTest_GTSPOON.csv,870,0.424390243902439,0.6678918310009031
