file,nrBest,proportionBest,entropyNrActions
nr_114_id_17_0237a56957312b3cf74daebdc955731ee4514f43_ChangeDataDirTest_GTSPOON.csv,1386,0.6760975609756098,1.4250109644007383
