file,nrBest,proportionBest,entropyNrActions
nr_116_id_19_02cd9ad28d087d699142511d105dd7c0599c4772_Warzone_GTSPOON.csv,200,0.0975609756097561,2.477965065118776
