file,nrBest,proportionBest,entropyNrActions
nr_434_id_18_0809d948e81a21accc80c647368d885e1c194e7e_PyType_GTSPOON.csv,230,0.11219512195121951,2.331704779429521
