file,nrBest,proportionBest,entropyNrActions
nr_93_id_30_05f0d0374ac0b56801f2b69632f8e9568b151f79_BattlesRunner_GTSPOON.csv,80,0.03902439024390244,2.47075902728114
