file,nrBest,proportionBest,entropyNrActions
nr_173_id_12_01ec9157ebd9e0f22732fa5cdb2e51adbb9b6965_HP33120aInterface_GTSPOON.csv,1833,0.8941463414634147,0.4680549329166938
