file,nrBest,proportionBest,entropyNrActions
nr_82_id_30_05570f27dba6091d6abee7181b5b2008e1dc37a1_Reviewer_GTSPOON.csv,16,0.007804878048780488,3.3662632216362507
