file,nrBest,proportionBest,entropyNrActions
nr_10_id_22_002fced0afc663518414af60e34b1ca99c616b60_JarURLConnection_GTSPOON.csv,1725,0.8414634146341463,0.8219074359314285
