file,nrBest,proportionBest,entropyNrActions
nr_406_id_20_07c5e1fa655f6d4e4c33dff71d3e8471111c8cf5_StartupActivity_GTSPOON.csv,1672,0.8156097560975609,0.8746503272986875
