file,nrBest,proportionBest,entropyNrActions
nr_117_id_11_016f55e3bd853b246d50f7ff5f85b59095b5e173_CameraModlet_GTSPOON.csv,1201,0.5858536585365853,1.6485448919642687
