file,nrBest,proportionBest,entropyNrActions
nr_321_id_20_06417ed677c729bac753f7e1c5dbf440d9619208_connect_GTSPOON.csv,1446,0.7053658536585365,1.4268048490014433
