file,nrBest,proportionBest,entropyNrActions
nr_267_id_37_719bcd0dfdbe2c015746dc9738390c59c53f8268_RatingBarTest_GTSPOON.csv,1484,0.7239024390243902,1.209690126380566
