file,nrBest,proportionBest,entropyNrActions
nr_269_id_20_051b4d8abf8ea198e801f08ca6cba0d88535393b_Helpers_GTSPOON.csv,743,0.3624390243902439,1.225820792936236
