file,nrBest,proportionBest,entropyNrActions
nr_155_id_13_02339182988a2b58fd7be8adc525cede08ede15c_JTidyBugsTest_GTSPOON.csv,1924,0.9385365853658536,0.3107872358466517
