file,nrBest,proportionBest,entropyNrActions
nr_534_id_10_052de051a3c9df4e7844aafba1878d517b84c50c_ScriptLoader_GTSPOON.csv,832,0.4058536585365854,2.1495655040767416
