file,nrBest,proportionBest,entropyNrActions
nr_552_id_35_692b41c0046cacf7ea387949845902e27c72bdf9_SDKUtil_GTSPOON.csv,1545,0.7536585365853659,1.0832082128932958
