file,nrBest,proportionBest,entropyNrActions
nr_185_id_33_165a1a5fb5176709ff9a7f4fee39f00690149d43_SwapImages_GTSPOON.csv,3,0.0014634146341463415,1.2261521134167594
