file,nrBest,proportionBest,entropyNrActions
nr_620_id_4_0263072359b4f86ae766d04f282a14e1c72bbf55_Database_GTSPOON.csv,1560,0.7609756097560976,1.1053042734596066
