file,nrBest,proportionBest,entropyNrActions
nr_62_id_28_02b155bbbe9bbe0104f633d047d8c4fc64e176c2_Group_GTSPOON.csv,1939,0.9458536585365853,0.34135481117266725
