file,nrBest,proportionBest,entropyNrActions
nr_655_id_8_051ac6524d3e0fed76778dfe75c563347c9d48fd_Settings_GTSPOON.csv,1082,0.5278048780487805,2.0627952859519705
