file,nrBest,proportionBest,entropyNrActions
nr_467_id_14_06b948d2d9ab8693a49fe6b556580a99176864d0_VehicleProtagonista_GTSPOON.csv,894,0.43609756097560975,2.2455281979767308
