file,nrBest,proportionBest,entropyNrActions
nr_419_id_23_0d08b11102247204d475b5292c39f80d079caf8e_SeamProjectWizard_GTSPOON.csv,780,0.3804878048780488,2.2914739264259167
