file,nrBest,proportionBest,entropyNrActions
nr_564_id_3_03b3dc858952b7e67eb2d97a6218e4f9731aacab_Launcher_GTSPOON.csv,167,0.08146341463414634,2.71028905311725
