file,nrBest,proportionBest,entropyNrActions
nr_27_id_35_05e6054b6679493e896197945f1c7bf143b54936_MetaSearchHelper_GTSPOON.csv,60,0.02926829268292683,0.986817954536096
