file,nrBest,proportionBest,entropyNrActions
nr_300_id_14_04761643ad509c791b72c31de2ff24f0ec1b66cf_DbxAccountInfo_GTSPOON.csv,484,0.23609756097560974,2.3069081130400138
