file,nrBest,proportionBest,entropyNrActions
nr_252_id_26_0917b359856a73d8e2fd43025f5ae9d6777175de_SurefireArchiver_GTSPOON.csv,185,0.09024390243902439,2.1681261708477524
