file,nrBest,proportionBest,entropyNrActions
nr_135_id_23_041296e0b8d137a91f8c03218454bdb7117b6eaa_RecipesOnWebViewOffline_GTSPOON.csv,1165,0.5682926829268292,2.1033451618225905
