file,nrBest,proportionBest,entropyNrActions
nr_67_id_6_0081473169c06a983f2f016abff31926b19dd38a_Dialog_GTSPOON.csv,160,0.07804878048780488,2.5077993099743043
