file,nrBest,proportionBest,entropyNrActions
nr_363_id_2_00c1c0935a447257260c8ce506b0ef9e8695d623_JavaClass_GTSPOON.csv,190,0.09268292682926829,2.4311126001061742
