file,nrBest,proportionBest,entropyNrActions
nr_447_id_16_081504f92c5faf6eb022c4c33e81b411dac128ac_Enemy_GTSPOON.csv,196,0.09560975609756098,1.3659480316739674
