file,nrBest,proportionBest,entropyNrActions
nr_362_id_4_016d600477a534fb5704fa16ff055a71ab812845_ControlConnection_GTSPOON.csv,810,0.3951219512195122,2.3638610739761576
