file,nrBest,proportionBest,entropyNrActions
nr_247_id_12_02ac5b92c590a580d59606ab7cc462d6a7e14154_PermissionsSelection_GTSPOON.csv,1934,0.9434146341463414,0.3712061630437127
