file,nrBest,proportionBest,entropyNrActions
nr_136_id_39_dfd212743862b9d1f7a12255723f8358bbb1bf78_SCMSource_GTSPOON.csv,880,0.4292682926829268,0.7689592496581283
