file,nrBest,proportionBest,entropyNrActions
nr_98_id_32_08d2c192749ef5e462a14c032a126816d61a43aa_View_GTSPOON.csv,63,0.03073170731707317,1.985639154660126
