file,nrBest,proportionBest,entropyNrActions
nr_276_id_4_0106c539625f495197b3cadc3705e8a5b7c9bfaa_CellBackup_GTSPOON.csv,235,0.11463414634146342,2.981012018866104
