file,nrBest,proportionBest,entropyNrActions
nr_235_id_7_028699a1a89bc60aba1cb21fb707148fe051ff46_Record_GTSPOON.csv,1936,0.944390243902439,0.35026394795699817
