file,nrBest,proportionBest,entropyNrActions
nr_436_id_11_06100ef5e5a889c632bf182b3e603c0494541d17_AlignmentTableIndex_GTSPOON.csv,1833,0.8941463414634147,0.6735231931533565
