file,nrBest,proportionBest,entropyNrActions
nr_324_id_19_07c2189bdb6d133886056ea1c02a302975f1e724_AjProblemReporter_GTSPOON.csv,571,0.2785365853658537,2.406581281540645
