file,nrBest,proportionBest,entropyNrActions
nr_500_id_36_80233b31a16636cf6db1f95d472f4d87ed3331ba_InvocationDirector_GTSPOON.csv,264,0.12878048780487805,2.3190880167184083
