file,nrBest,proportionBest,entropyNrActions
nr_432_id_13_06657ba777e4147678f19e0f4e22422ccdcaf95d_ResultsView_GTSPOON.csv,1461,0.7126829268292683,1.3472816906679557
