file,nrBest,proportionBest,entropyNrActions
nr_287_id_19_06eef689ea064e06224c233c4a37fed8e70dd7ce_TextBreak_GTSPOON.csv,1538,0.7502439024390244,1.2647725512401156
