file,nrBest,proportionBest,entropyNrActions
nr_481_id_10_049c5a877cf68352adf1155f1ea51471b5904215_RemoteGCCSpecsRunSIProvider_GTSPOON.csv,1924,0.9385365853658536,0.38296459960972257
