file,nrBest,proportionBest,entropyNrActions
nr_168_id_38_7291f03c64b0425f5a14052c7122ac06401f0440_IDMLFilterTest_GTSPOON.csv,1938,0.9453658536585365,0.3275095219967695
