file,nrBest,proportionBest,entropyNrActions
nr_186_id_21_04e65a0421fbe9805b23c3221be1b5c5988d2290_LaunchModeTests_GTSPOON.csv,188,0.09170731707317073,1.7763283946867832
