file,nrBest,proportionBest,entropyNrActions
nr_186_id_22_0486ab77c7f0450cc00cd1e5a805142daa575f73_AbstractDatabase_GTSPOON.csv,183,0.08926829268292683,2.550494059745483
