file,nrBest,proportionBest,entropyNrActions
nr_350_id_32_1f0c781a41b7cfdb1982292d493fd91ad633679d_MultipleExtractor_GTSPOON.csv,179,0.0873170731707317,3.0200488920652258
