file,nrBest,proportionBest,entropyNrActions
nr_58_id_8_00851bff4ef25e75ae06876306aa90074da57a04_XMLBasedAjcTestCase_GTSPOON.csv,1468,0.7160975609756097,1.2860457642016838
