file,nrBest,proportionBest,entropyNrActions
nr_486_id_30_1d55a47f3bfb32a2240fdee81e72736ec60124aa_TokenSorter_GTSPOON.csv,1504,0.7336585365853658,1.2614020073592842
