file,nrBest,proportionBest,entropyNrActions
nr_25_id_13_006b0bcffd1fde4142360c8fc9d8abf87136f54a_NarUtil_GTSPOON.csv,711,0.3468292682926829,2.6285559135436296
