file,nrBest,proportionBest,entropyNrActions
nr_492_id_26_10a387ab33bfed3a1573daa2f06f2bee0f92e7f6_HtmlPage_GTSPOON.csv,133,0.06487804878048781,2.7348062374140127
