file,nrBest,proportionBest,entropyNrActions
nr_265_id_22_06d7c6492cf960f404f08f45875a9af31eb42373_WeechatActivity_GTSPOON.csv,72,0.0351219512195122,2.943167426048899
