file,nrBest,proportionBest,entropyNrActions
nr_22_id_21_00c99f7d9a2c43ca4a3a2923ac836d2c955510c1_EventManager_GTSPOON.csv,146,0.07121951219512195,1.5935807784999878
