file,nrBest,proportionBest,entropyNrActions
nr_455_id_9_0538d7c5d8f4cfaa47a0fb07b79b3d52577a8d77_BPMNtoPN_GTSPOON.csv,180,0.08780487804878048,2.6241951846823097
