file,nrBest,proportionBest,entropyNrActions
nr_420_id_13_0620496de1d420c0aef46d2d15e8164b5574bc0d_Hero_GTSPOON.csv,1046,0.5102439024390244,2.2213754267996175
