file,nrBest,proportionBest,entropyNrActions
nr_340_id_14_050d323a3448cdecd5ca8e6b626c4098c759496d_Uninstaller_GTSPOON.csv,1816,0.8858536585365854,0.5384992840305606
