file,nrBest,proportionBest,entropyNrActions
nr_279_id_6_01c5b51009c1a4ccb888960d036b3913360a123e_RedmineTaskDataHandler_GTSPOON.csv,798,0.38926829268292684,2.17348406161258
