file,nrBest,proportionBest,entropyNrActions
nr_520_id_37_e7914be81d6fb4184daa0d1810776cc33850ff2b_DIDLCrosswalk_GTSPOON.csv,1,0.0004878048780487805,3.182521431062888
