file,nrBest,proportionBest,entropyNrActions
nr_222_id_17_0481cf97da528dfe801b4b101181463fa6468118_ElectricObject_GTSPOON.csv,145,0.07073170731707316,3.0246348664535203
