file,nrBest,proportionBest,entropyNrActions
nr_213_id_14_031444c5e186ac5fb2925d876c1f18694c1729a5_ItemFinder_GTSPOON.csv,1059,0.5165853658536586,2.0191946698271517
