file,nrBest,proportionBest,entropyNrActions
nr_56_id_19_0149936b5f1fa270c33891281df1153623d0565c_CashierAgent_GTSPOON.csv,1622,0.791219512195122,1.0217084057044854
