file,nrBest,proportionBest,entropyNrActions
nr_220_id_34_20529b022b9e3619eab0a0452791198dd281396c_ServerSetupPageFragment_GTSPOON.csv,1200,0.5853658536585366,1.9469137032181911
