file,nrBest,proportionBest,entropyNrActions
nr_395_id_36_6524219f81f9c548af698301cbb8a819fe494a2f_RecipeLoader_GTSPOON.csv,200,0.0975609756097561,2.4306314806528175
