file,nrBest,proportionBest,entropyNrActions
nr_109_id_31_0825284b338c95028dfc0e69ec269f7c55cae9a9_Converter_GTSPOON.csv,1929,0.9409756097560975,0.3685967013665014
