file,nrBest,proportionBest,entropyNrActions
nr_180_id_19_0461c66ba78bd58258f86852ac322b62c27d1655_GUIForm_GTSPOON.csv,60,0.02926829268292683,2.7954389729672355
