file,nrBest,proportionBest,entropyNrActions
nr_324_id_9_03cf1b8d2684aa7044d5229d5707d081c753f8e7_Chat_GTSPOON.csv,1646,0.8029268292682927,0.9759561852856798
