file,nrBest,proportionBest,entropyNrActions
nr_465_id_3_031180f3b47dd9baa74325230d1e2b2d336d6ffb_TicTacToe_GTSPOON.csv,87,0.042439024390243905,2.609581130273007
