file,nrBest,proportionBest,entropyNrActions
nr_6_id_8_000f0c3e2ce9d51856854a8c3f8287fb52c9d68c_TestHarness_GTSPOON.csv,1522,0.7424390243902439,1.2633154422613786
