file,nrBest,proportionBest,entropyNrActions
nr_109_id_39_afe78644547697b886a0d047970f409b2acfbae7_XMLX509SubjectName_GTSPOON.csv,1938,0.9453658536585365,0.3402763666125223
