file,nrBest,proportionBest,entropyNrActions
nr_299_id_20_05d5cf5e10b27839cfebb66f7a5e3b85a7b80c55_GBM_GTSPOON.csv,259,0.12634146341463415,2.447373415757074
