file,nrBest,proportionBest,entropyNrActions
nr_38_id_39_3d2e6057d90181f309ab04b27bf453e22021d078_DynamicEventAction_GTSPOON.csv,1211,0.5907317073170731,1.1060047856111226
