file,nrBest,proportionBest,entropyNrActions
nr_257_id_23_08670143adefa011192b25dca2b02803458211d8_BoobsListFragment_GTSPOON.csv,1166,0.568780487804878,1.6667693654071738
