file,nrBest,proportionBest,entropyNrActions
nr_178_id_12_02002c4d51f4318292cb7ae27ddc67deee727432_RubyBigDecimal_GTSPOON.csv,210,0.1024390243902439,2.3244057222939696
