file,nrBest,proportionBest,entropyNrActions
nr_360_id_28_10435ecdd58c81546399b5912a7a77e656d2a71f_InputOptionTag_GTSPOON.csv,273,0.13317073170731708,2.1687509065648904
