file,nrBest,proportionBest,entropyNrActions
nr_400_id_11_0587b98a5343dbea302a1a73a53d46bddeb09945_FVMessageUtil_GTSPOON.csv,1647,0.8034146341463415,0.9893313520047221
