file,nrBest,proportionBest,entropyNrActions
nr_227_id_29_0d16a6b678059a16c580b29fd61a462460555bb3_ImageLoaderIdleListener_GTSPOON.csv,1700,0.8292682926829268,0.7925671463635101
