file,nrBest,proportionBest,entropyNrActions
nr_148_id_6_010808d7b7f1de9d64b600d6e39defa9188068ae_TripUploader_GTSPOON.csv,220,0.1073170731707317,1.6918771633030774
