file,nrBest,proportionBest,entropyNrActions
nr_426_id_2_00e1e2234cc800f54b291d79fa05bc1b9118a225_NISTValidator01_5Test_GTSPOON.csv,1179,0.5751219512195122,1.2565077889301597
