file,nrBest,proportionBest,entropyNrActions
nr_117_id_13_01a24454c93667f233df84888788288be3c54c9d_AddCSRFTokenAction_GTSPOON.csv,1900,0.926829268292683,0.4466116883620778
