file,nrBest,proportionBest,entropyNrActions
nr_464_id_9_055a613246588e53076441f23175b565a5f0a80b_AuthorizationDAOImpl_GTSPOON.csv,180,0.08780487804878048,2.9576375342927936
