file,nrBest,proportionBest,entropyNrActions
nr_305_id_31_154b2639d7a72aa2f7ea80f2c8e7d3b3e5573d11_BatchRoute_GTSPOON.csv,2005,0.9780487804878049,0.141466166110852
