file,nrBest,proportionBest,entropyNrActions
nr_72_id_7_00c1d3c29506e6ea520c89b79baa8a1793fe3552_ImportsWalker_GTSPOON.csv,10,0.004878048780487805,1.8250783993561308
