file,nrBest,proportionBest,entropyNrActions
nr_402_id_29_176186e9b8ef80cb55faa386beae940c67891733_WebUtils_GTSPOON.csv,1666,0.8126829268292682,0.9048222077555925
