file,nrBest,proportionBest,entropyNrActions
nr_102_id_31_0786647bf23fe63df6de6b37cb13932aa75b4f8b_UnionSet_GTSPOON.csv,153,0.07463414634146341,2.8869046608542717
