file,nrBest,proportionBest,entropyNrActions
nr_48_id_4_002981343879349bdbc2668d8dc41ac1c5751892_TrainManager_GTSPOON.csv,176,0.08585365853658537,2.755806182220586
