file,nrBest,proportionBest,entropyNrActions
nr_104_id_22_0235dd57e05e94b6fd993d8b7f80f6a3bb2126e8_Node_GTSPOON.csv,120,0.05853658536585366,2.554949265470589
