file,nrBest,proportionBest,entropyNrActions
nr_188_id_11_02601b08a2f02efacc995fb44bcfa82ad40f7934_XmlExporter_GTSPOON.csv,100,0.04878048780487805,2.4592716733989226
