file,nrBest,proportionBest,entropyNrActions
nr_344_id_33_2c35048d4188ae2acc41c8d37c020f8f972d7256_XMLValidator_GTSPOON.csv,194,0.09463414634146342,2.563013917249247
