file,nrBest,proportionBest,entropyNrActions
nr_363_id_19_088a94beb80f0d726a8de58a701872fe41cd0c12_TextBuddy_GTSPOON.csv,1295,0.6317073170731707,1.696333863489723
