file,nrBest,proportionBest,entropyNrActions
nr_83_id_28_03c35e114b57fc772065aa6f49568bc22012ce17_UrlBindingFactory_GTSPOON.csv,5,0.0024390243902439024,2.124229577144648
