file,nrBest,proportionBest,entropyNrActions
nr_122_id_1_014af81101851b42c4c8b6216225c55d9d0b7ff3_PathFinder_GTSPOON.csv,1573,0.7673170731707317,1.1246105351284832
