file,nrBest,proportionBest,entropyNrActions
nr_398_id_12_045d9d8a1fd63eca2279361abcc93ce98b6bb3be_Dude_GTSPOON.csv,319,0.15560975609756098,2.637722599228587
