file,nrBest,proportionBest,entropyNrActions
nr_270_id_13_03d5fe8d93bbc1f83e01356975552d4924d05c25_DocumentParser_GTSPOON.csv,1349,0.6580487804878049,1.526283390844753
