file,nrBest,proportionBest,entropyNrActions
nr_297_id_38_c56e5eff6180d837d03bf18fcde249a8a9d95701_MapView_GTSPOON.csv,1020,0.4975609756097561,2.0382216529327235
