file,nrBest,proportionBest,entropyNrActions
nr_580_id_7_0606cf4b5cc8e07f50ee3ccd762d766b12a8f970_TestInterval_GTSPOON.csv,801,0.3907317073170732,2.1172220601817564
