file,nrBest,proportionBest,entropyNrActions
nr_503_id_12_056c10e478ea14b03e87e792cbdb17b201f15025_ListaUsuarios_GTSPOON.csv,1824,0.8897560975609756,0.6252181753357805
