file,nrBest,proportionBest,entropyNrActions
nr_279_id_3_01ccfb38e09dfe7b700817f93c2b0bd9c45e76c0_SetCard_GTSPOON.csv,1293,0.6307317073170732,1.2261326919851132
