file,nrBest,proportionBest,entropyNrActions
nr_230_id_14_03641a287a84197546ea8aad8ef8fae68d966615_HandleTransformer_GTSPOON.csv,1300,0.6341463414634146,1.7047932891199615
