file,nrBest,proportionBest,entropyNrActions
nr_40_id_40_77925c56701cd71129ce86d8e87ffd640f89b4ab_Connection_GTSPOON.csv,1925,0.9390243902439024,0.3406886268263258
