file,nrBest,proportionBest,entropyNrActions
nr_540_id_28_18374461e00a3b411f9682771d1570b37a53c8d6_Keywords_GTSPOON.csv,229,0.11170731707317073,2.3268555794401156
