file,nrBest,proportionBest,entropyNrActions
nr_363_id_9_04470b76043f066c12679a777ac69d6251f01ffa_TypeUtils_GTSPOON.csv,631,0.3078048780487805,2.2857905273913177
