file,nrBest,proportionBest,entropyNrActions
nr_270_id_21_0715874c548a07bac7eaf67449941bf3c5bd2dfd_Position_GTSPOON.csv,320,0.15609756097560976,2.776772640937435
