file,nrBest,proportionBest,entropyNrActions
nr_293_id_25_09cd790af5038e01bae4d9a9f0f5ad3e71effb21_DBTests_GTSPOON.csv,725,0.35365853658536583,1.1920006879854608
