file,nrBest,proportionBest,entropyNrActions
nr_390_id_36_6451c7990b0f461446d79c84459882fcf3335390_Servlet30CometSupportWithWebSocket_GTSPOON.csv,1054,0.5141463414634146,1.4972580257971706
