file,nrBest,proportionBest,entropyNrActions
nr_221_id_17_0480a65e78ae575a25311df7a400f621aab48aa4_BenchmarkMethodTest_GTSPOON.csv,823,0.40146341463414636,2.339927779137204
