file,nrBest,proportionBest,entropyNrActions
nr_508_id_34_45c7607960e19b1007315ede2cc11ca81e70edf8_Linker_GTSPOON.csv,514,0.25073170731707317,2.7707650089618774
