file,nrBest,proportionBest,entropyNrActions
nr_401_id_10_03d57be101c4ec9928443dbce3639af39c50be77_MapSizeEstimator_GTSPOON.csv,1959,0.9556097560975609,0.2685390162288547
