file,nrBest,proportionBest,entropyNrActions
nr_176_id_21_04ab77b76db44859a9204c63d656d751323b3326_PacketHandler_GTSPOON.csv,1633,0.7965853658536586,1.2084438762202852
