file,nrBest,proportionBest,entropyNrActions
nr_351_id_4_0160d7c889e31003280bc30ae2395a9303f79036_TinkerToolEvents_GTSPOON.csv,734,0.35804878048780486,2.0495850878523023
