file,nrBest,proportionBest,entropyNrActions
nr_136_id_36_21c93199c7be9f033cff2f502a0629c7439f9a8b_AbstractFileGrabber_GTSPOON.csv,594,0.2897560975609756,1.7038833073929516
