file,nrBest,proportionBest,entropyNrActions
nr_516_id_26_11a32eb0c043ed65a91b73483694e1c1b1f64579_EntityResource_GTSPOON.csv,1939,0.9458536585365853,0.33728759367680167
