file,nrBest,proportionBest,entropyNrActions
nr_110_id_25_03b8997e3aa07e884b127d48e72906544fb793fb_LegendImageGenerator_GTSPOON.csv,121,0.059024390243902436,3.4709049891221464
