file,nrBest,proportionBest,entropyNrActions
nr_249_id_13_038be0fc4d5fe36a4691a1227f9af484f0933d98_AbstractSyncParser_GTSPOON.csv,167,0.08146341463414634,2.1549801235589716
