file,nrBest,proportionBest,entropyNrActions
nr_492_id_34_44084dd63a874486e84e7aba68df97268ef0a6ab_UsbAppender_GTSPOON.csv,1712,0.8351219512195122,0.8894142445720263
