file,nrBest,proportionBest,entropyNrActions
nr_4_id_18_00040c6e081d367567fd579f881e58d448154622_EditEventView_GTSPOON.csv,111,0.054146341463414634,2.47017018316153
