file,nrBest,proportionBest,entropyNrActions
nr_215_id_34_1f666b5adb58edb99170377645ce58e6ac3e0a7e_CallManager_GTSPOON.csv,138,0.06731707317073171,2.843566272191211
