file,nrBest,proportionBest,entropyNrActions
nr_586_id_6_039e35775086c01b7c19d26acc9383a0027871be_JsSerializer_GTSPOON.csv,1157,0.564390243902439,1.8519628803888004
