file,nrBest,proportionBest,entropyNrActions
nr_455_id_31_1fbfc804b82575c8fd1c529ccf6f80e1639527b9_JukeLoopPlugin_GTSPOON.csv,85,0.041463414634146344,1.554500998563293
