file,nrBest,proportionBest,entropyNrActions
nr_1_id_8_0006bfaef63181a4c960d5b0c91dc7fde9fa7854_Shape_GTSPOON.csv,325,0.15853658536585366,2.600237000095469
