file,nrBest,proportionBest,entropyNrActions
nr_549_id_37_f50b3531c1ee5d79293f99479635ef29d5e9e42b_GameMap_GTSPOON.csv,910,0.44390243902439025,2.4237898579652355
