file,nrBest,proportionBest,entropyNrActions
nr_109_id_5_00f9db1b1e155951529e292f9125adf6f20a2a49_BasicJideTabbedPaneUI_GTSPOON.csv,155,0.07560975609756097,3.2978470291272735
