file,nrBest,proportionBest,entropyNrActions
nr_158_id_31_0b4d5c5a5834d0113068959c57e0e10bf919a081_ActionModeHandler_GTSPOON.csv,325,0.15853658536585366,1.8953297050930324
