file,nrBest,proportionBest,entropyNrActions
nr_389_id_30_180209aa4192de1bd6b4229b6477caf06116713c_JCEECPublicKey_GTSPOON.csv,216,0.10536585365853658,3.195349988543637
