file,nrBest,proportionBest,entropyNrActions
nr_37_id_11_005f104654015cee5ef4cee1715374459f5b4778_TARDISAnvilListener_GTSPOON.csv,1572,0.7668292682926829,0.8863085326478003
