file,nrBest,proportionBest,entropyNrActions
nr_516_id_12_0598b02d25cfe671871db167c6b5b58801c9f29c_ImportBuilderTest_GTSPOON.csv,1391,0.6785365853658537,1.417827149110605
