file,nrBest,proportionBest,entropyNrActions
nr_83_id_27_03a7b0f19cff218f7debec1c7b507709a4492f79_R_GTSPOON.csv,2005,0.9780487804878049,0.1267208493595892
