file,nrBest,proportionBest,entropyNrActions
nr_253_id_1_02f890e0f6b7afdc4d16e1e63e3013bf0a6f40dd_UserForm_GTSPOON.csv,1574,0.7678048780487805,1.1051683363483429
