file,nrBest,proportionBest,entropyNrActions
nr_75_id_36_11cc090f12f3763eb16bf945a3b899ad8d398e79_TaskModelImpl_GTSPOON.csv,333,0.1624390243902439,1.8192269424517216
