file,nrBest,proportionBest,entropyNrActions
nr_457_id_30_1bf3b917e7e9603d27f4cc9d41629310e3019e27_MythMote_GTSPOON.csv,1162,0.5668292682926829,1.7251773454869828
