file,nrBest,proportionBest,entropyNrActions
nr_60_id_10_0085de7999bea8140c82c72efc0e56b9af0529a1_AccessPoint_GTSPOON.csv,270,0.13170731707317074,3.630846286597948
