file,nrBest,proportionBest,entropyNrActions
nr_10_id_9_003294481192be7d1de626c14254005db67bca7a_DefaultFXMLModel_GTSPOON.csv,1926,0.9395121951219512,0.3892243963642476
