file,nrBest,proportionBest,entropyNrActions
nr_376_id_10_038c7d9f77869def3cf7d11417fc52769ac99419_Player_GTSPOON.csv,60,0.02926829268292683,2.363019157404965
