file,nrBest,proportionBest,entropyNrActions
nr_210_id_4_00bb30eff93a3bda98c89c79841e24f830943a32_OpenIMAJGrabber_GTSPOON.csv,1740,0.848780487804878,0.6532919964963505
