file,nrBest,proportionBest,entropyNrActions
nr_74_id_8_009d16f2d609de78d7c8880b40655b52d2510762_ClosingBracketHintVisitor_GTSPOON.csv,1445,0.7048780487804878,1.3789355124035088
