file,nrBest,proportionBest,entropyNrActions
nr_658_id_5_0582bb6e0476d355631a6077eac82a777c71d6c9_HystrixCollapser_GTSPOON.csv,15,0.007317073170731708,2.8997528435750475
