file,nrBest,proportionBest,entropyNrActions
nr_276_id_14_0420eb0398e60dd90be2ab421063cbd82a1dfaa5_Activator_GTSPOON.csv,1717,0.8375609756097561,0.7434109383094345
