file,nrBest,proportionBest,entropyNrActions
nr_575_id_11_08301e3404927038a9fe82e219712fa9142ad018_DHTManager_GTSPOON.csv,1205,0.5878048780487805,1.027647098551389
