file,nrBest,proportionBest,entropyNrActions
nr_142_id_38_6310b86b45ea07547f2248873f75a78c6c7acd0d_URLUtils_GTSPOON.csv,213,0.10390243902439024,2.5983483955440354
