file,nrBest,proportionBest,entropyNrActions
nr_226_id_17_04985ed614239701dbb718c90fac75878aec8b31__hashlib_GTSPOON.csv,20,0.00975609756097561,2.1619646978491516
