file,nrBest,proportionBest,entropyNrActions
nr_19_id_13_004f9518c62592e13c7818e56990db73dac2410a_OrderState_GTSPOON.csv,432,0.21073170731707316,2.4601103618929097
