file,nrBest,proportionBest,entropyNrActions
nr_137_id_26_0525d315a1397e83629dbe281baa5bee4fae95f0_ServiceLocator_GTSPOON.csv,40,0.01951219512195122,1.1483865002588816
