file,nrBest,proportionBest,entropyNrActions
nr_38_id_4_0022112c6d33396c70a20de4453065c917ac4dd4_PluginXMLGenerator_GTSPOON.csv,447,0.21804878048780488,2.07927983206286
