file,nrBest,proportionBest,entropyNrActions
nr_60_id_2_001e4604994c1c571451276e4771455c3fb1020d_LockOutManager_GTSPOON.csv,1741,0.8492682926829268,0.8266441980513148
