file,nrBest,proportionBest,entropyNrActions
nr_709_id_4_02c1d059792bff7fa13f8b5e962d090b2583388b_SiriClient_GTSPOON.csv,1574,0.7678048780487805,1.143956834038097
