file,nrBest,proportionBest,entropyNrActions
nr_318_id_3_020b17588c85e9a55539ccbb20081754272c724b_NfcDispatcher_GTSPOON.csv,896,0.4370731707317073,2.3371459851762193
