file,nrBest,proportionBest,entropyNrActions
nr_508_id_14_07441a7bc90e01d00650db7d5959bce07854768c_BugFreeTimeout_GTSPOON.csv,2030,0.9902439024390244,0.061443711955070604
