file,nrBest,proportionBest,entropyNrActions
nr_179_id_16_0357ad88985700d937d1a65a65597b022b8d3cac_ConsoleFrame_GTSPOON.csv,475,0.23170731707317074,3.3291456024063297
