file,nrBest,proportionBest,entropyNrActions
nr_630_id_7_06853c5569b8f0ef9fba8da2fac8e72f585c8e29_Xtend2UiModule_GTSPOON.csv,1867,0.9107317073170732,0.46094455284335367
