file,nrBest,proportionBest,entropyNrActions
nr_208_id_13_02f2d5cd2025c23799fd42ac6e911068994ea903_DependencyImpl_GTSPOON.csv,187,0.09121951219512195,1.9187175087407977
