file,nrBest,proportionBest,entropyNrActions
nr_345_id_1_04118e861c5b63003accbaba76d1019952e8c6ed_EntityCaps_GTSPOON.csv,896,0.4370731707317073,0.8033183922103433
