file,nrBest,proportionBest,entropyNrActions
nr_526_id_28_178e54f7f0b6cd899b67867154a8f514f8985333_ES_Aggregate_GTSPOON.csv,335,0.16341463414634147,1.5095001506124393
