file,nrBest,proportionBest,entropyNrActions
nr_209_id_32_12eb579ec675a828be2297024f1675df37ab124a_PredicateParser_GTSPOON.csv,100,0.04878048780487805,3.1011343173503927
