file,nrBest,proportionBest,entropyNrActions
nr_595_id_5_0501a6314e3eb2f4529b1aa9d21ac1186e249332_TranslateFileProvider_GTSPOON.csv,654,0.31902439024390244,2.974120416850825
