file,nrBest,proportionBest,entropyNrActions
nr_85_id_18_019debd7409dc3a77aed7f8a316905794e99c46d_PjSipService_GTSPOON.csv,199,0.09707317073170732,2.4943467330134466
