file,nrBest,proportionBest,entropyNrActions
nr_266_id_38_b121e539dbbb6d303ea7da8e8dd793308b416411_MainActivity_GTSPOON.csv,1263,0.6160975609756097,1.7408039901614782
