file,nrBest,proportionBest,entropyNrActions
nr_207_id_28_09292f426db8e0cac80375923a0fd5c26d563b28_PApplet_GTSPOON.csv,2,0.000975609756097561,3.0237532509465312
