file,nrBest,proportionBest,entropyNrActions
nr_328_id_16_060933b45f9a4694671fcf586bd1361f1c3e2675_SearchFragment_GTSPOON.csv,1414,0.6897560975609756,1.3634914169681036
