file,nrBest,proportionBest,entropyNrActions
nr_312_id_23_0a05172254d230ef2666b394ddd7c512ac1423ae_SectionCursorActivity_GTSPOON.csv,1918,0.935609756097561,0.40495245814482483
