file,nrBest,proportionBest,entropyNrActions
nr_407_id_20_07c91aa80c6fe9d33c1fff443635e276c0181cbc_JsonProxy_GTSPOON.csv,198,0.09658536585365854,2.1773384601629298
