file,nrBest,proportionBest,entropyNrActions
nr_64_id_5_009ca0688fd4a8038e27725cb94eaddb5c5f5f23_BookView_GTSPOON.csv,188,0.09170731707317073,2.614339391049362
