file,nrBest,proportionBest,entropyNrActions
nr_119_id_31_08b60a0e8d9a54f948a3c9db048a729f953d19d9_SecurityChecksPanel_GTSPOON.csv,686,0.33463414634146343,2.4792288727467815
