file,nrBest,proportionBest,entropyNrActions
nr_384_id_38_fb4b919c40c08cef9cf40dd424514150474f0605_SimpleDateFormatTest_GTSPOON.csv,1754,0.855609756097561,0.6336348315479869
