file,nrBest,proportionBest,entropyNrActions
nr_359_id_16_068de099d08f24524f31dddc8573af00b52253f7_StagingService_GTSPOON.csv,1819,0.8873170731707317,0.4442742415602942
