file,nrBest,proportionBest,entropyNrActions
nr_399_id_26_0d8ea21cb3858a52021d114ddf6a6842c9088b44_CFPath_GTSPOON.csv,808,0.39414634146341465,2.405711640357755
