file,nrBest,proportionBest,entropyNrActions
nr_130_id_7_016acd2d076df70924f7fef3672c505dd18a801e_ClassDocImpl_GTSPOON.csv,60,0.02926829268292683,2.4583500349020593
