file,nrBest,proportionBest,entropyNrActions
nr_391_id_10_03b98a7de6862e2c10e6e4e7b699b3e4675c15fe_Query_GTSPOON.csv,1387,0.6765853658536586,1.4145062737172482
