file,nrBest,proportionBest,entropyNrActions
nr_152_id_25_04f9d6b889555f5dddef05a9b325d09ea0e4a583_ItemManager_GTSPOON.csv,145,0.07073170731707316,2.157909746342933
