file,nrBest,proportionBest,entropyNrActions
nr_70_id_36_10ee62e9a2b59f903f93c776e037c4df48f3619a_ThreadActivity_GTSPOON.csv,1242,0.6058536585365853,1.7306399453048786
