file,nrBest,proportionBest,entropyNrActions
nr_430_id_5_038e5ea4e719d005871a46aa98689472b0f43f07_DataSetViewerTablePanel_GTSPOON.csv,653,0.31853658536585366,2.768682277415867
