file,nrBest,proportionBest,entropyNrActions
nr_354_id_9_04321bf323422b68e0d61e95fc1494cac21d9b8d_ManageApplications_GTSPOON.csv,145,0.07073170731707316,3.4494018457914186
