file,nrBest,proportionBest,entropyNrActions
nr_475_id_6_02e18c1abb03e832e34c2973e90cab3cce33394a_XLocalizeTest_GTSPOON.csv,1205,0.5878048780487805,1.7085194082953665
