file,nrBest,proportionBest,entropyNrActions
nr_30_id_18_0072cf48347b4ec774d8ffff88325943779ace36_MidiOutputDevice_GTSPOON.csv,844,0.4117073170731707,2.2438264833283186
