file,nrBest,proportionBest,entropyNrActions
nr_302_id_27_0d3374b4d472d79fb7cbfe73f4c3152ef8974941_Player_GTSPOON.csv,101,0.04926829268292683,1.9449400100042828
