file,nrBest,proportionBest,entropyNrActions
nr_631_id_6_03e96dfb415944fbd688dca2c9b0eb64a22d4236_CalFacadeUtil_GTSPOON.csv,829,0.40439024390243905,2.0927198784111494
