file,nrBest,proportionBest,entropyNrActions
nr_427_id_25_0ef19931d5088484a80b8094f43b3d58d181c23e_JobDefMapper_GTSPOON.csv,1723,0.8404878048780487,0.7687583091163612
