file,nrBest,proportionBest,entropyNrActions
nr_397_id_9_049f748f6e39248f2715a1f0a237c2ce1720463c_FileResourceTest_GTSPOON.csv,1105,0.5390243902439025,1.7913390432868679
