file,nrBest,proportionBest,entropyNrActions
nr_502_id_10_04d0b94640e9c6609d70ad7ae919a62e2eaeefd8_FloraTrees_GTSPOON.csv,1625,0.7926829268292683,0.9433001653150788
