file,nrBest,proportionBest,entropyNrActions
nr_359_id_5_02ef57e0d788c4a258877e07d820173806f3f943_Frame_GTSPOON.csv,149,0.07268292682926829,3.1446603027822375
