file,nrBest,proportionBest,entropyNrActions
nr_313_id_17_065cdf29ca0a899ef638df32700bc2863ea11884_Save_GTSPOON.csv,1738,0.8478048780487805,0.9449337656701534
