file,nrBest,proportionBest,entropyNrActions
nr_437_id_5_039961774405d35f8ba1ea6613f3525c3630d0a4_DefaultRingtonePreference_GTSPOON.csv,2007,0.9790243902439024,0.14251754077884243
