file,nrBest,proportionBest,entropyNrActions
nr_538_id_9_06256481b1bfafeeac7ac9f34d7b149136c0502e_HttpServer_GTSPOON.csv,122,0.05951219512195122,2.462725013661431
