file,nrBest,proportionBest,entropyNrActions
nr_267_id_3_01c1ac8fa2c9c34d40289aa733be2d914ed40acf_CoreWidget_GTSPOON.csv,2007,0.9790243902439024,0.14415903264959673
