file,nrBest,proportionBest,entropyNrActions
nr_340_id_13_04e216e06362334716c28e2e1d361d67df0c9979_PGraphicsOpenGL2_GTSPOON.csv,80,0.03902439024390244,2.9193950160852724
