file,nrBest,proportionBest,entropyNrActions
nr_351_id_22_08b47da47173868e26343b595703f5685baba83f_TapestryModule_GTSPOON.csv,176,0.08585365853658537,3.3338661493308104
