file,nrBest,proportionBest,entropyNrActions
nr_151_id_27_06c367449f189bc532e9ed5437bb33905bae5ef3_ProgrammeActivity_GTSPOON.csv,2012,0.9814634146341463,0.1227486663095968
