file,nrBest,proportionBest,entropyNrActions
nr_43_id_30_034e766db293d56b1b831485e411c8265f116e53_EditShowDialog_GTSPOON.csv,963,0.4697560975609756,2.3393773189060836
