file,nrBest,proportionBest,entropyNrActions
nr_342_id_20_06b0902e2f5ed49d749788b279318988ebfd5c78_GUI_3D_GTSPOON.csv,860,0.4195121951219512,2.1200221334457203
