file,nrBest,proportionBest,entropyNrActions
nr_214_id_12_025b933c86c8605cdf109498bc0721bf5dc5258f_ProfileCommand_GTSPOON.csv,1602,0.7814634146341464,1.0245431136924652
