file,nrBest,proportionBest,entropyNrActions
nr_404_id_14_05e0d1744d7325621170aff167cb65b7dfdf18f2_ActivityBase_GTSPOON.csv,1028,0.5014634146341463,2.0506391086189235
