file,nrBest,proportionBest,entropyNrActions
nr_233_id_16_0450c8f66de3ad2910c3ff6f7c99f44457affc6a_Main_GTSPOON.csv,909,0.44341463414634147,0.7661051393973576
