file,nrBest,proportionBest,entropyNrActions
nr_262_id_30_1070d22fb40ac530f3950729318337de0eaad97e_ProjectFrame_GTSPOON.csv,100,0.04878048780487805,1.4048565895722316
