file,nrBest,proportionBest,entropyNrActions
nr_228_id_16_0437d6b6d01d493662fc2810969fae8cdec2437d_ExcelXmlWriter_GTSPOON.csv,167,0.08146341463414634,2.4445058218961826
