file,nrBest,proportionBest,entropyNrActions
nr_329_id_13_04bd79b53954af284593c2b94c2cf5c57739877b_ForceFieldManager_GTSPOON.csv,173,0.08439024390243903,2.925351107756252
