file,nrBest,proportionBest,entropyNrActions
nr_150_id_5_01588b60bb4f3f08e3c07d012f7c38922f7bee10_CodeCompiler_GTSPOON.csv,185,0.09024390243902439,2.6238765338008747
