file,nrBest,proportionBest,entropyNrActions
nr_455_id_27_14e945932112b531b584cb13cee08a3f9f9f9563_UploaderDialog_GTSPOON.csv,1645,0.802439024390244,0.9372613782975583
