file,nrBest,proportionBest,entropyNrActions
nr_466_id_5_03d2056cc3374bccf020637293110261139a8c34_Primitives_GTSPOON.csv,1643,0.8014634146341464,0.887074065141065
