file,nrBest,proportionBest,entropyNrActions
nr_394_id_19_097e097d7f46a4a41d01555f55f169788ddcc8d2_Charts_GTSPOON.csv,1790,0.8731707317073171,0.7426027000217955
