file,nrBest,proportionBest,entropyNrActions
nr_542_id_12_05eab8b19aa38b44deb11e74789816a34007949e_DeepDeclVisitor_GTSPOON.csv,195,0.0951219512195122,2.329250084315002
