file,nrBest,proportionBest,entropyNrActions
nr_274_id_5_023fc9c538c311e70f0d352a3f6b0d7471331d45_MenuListener_GTSPOON.csv,1550,0.7560975609756098,1.14501621952094
