file,nrBest,proportionBest,entropyNrActions
nr_165_id_24_04ee714486f0035f02bb3c16e324d274754efe0f_CommandBed_GTSPOON.csv,1659,0.8092682926829269,0.9032884003551642
