file,nrBest,proportionBest,entropyNrActions
nr_321_id_19_07acdf62f06bc32cd9a0862186af56bb9195fee6_TrackManager_GTSPOON.csv,1237,0.6034146341463414,1.8302604384545704
