file,nrBest,proportionBest,entropyNrActions
nr_166_id_10_01715ca6acb446a362ceee97678661fadf1611d4_BuildConfiguration_GTSPOON.csv,1745,0.8512195121951219,0.6742421812877712
