file,nrBest,proportionBest,entropyNrActions
nr_221_id_24_06dcfc4a16137077d0ebfe589fe588a6348ac186_ExchangeSession_GTSPOON.csv,114,0.055609756097560976,2.7825214067174184
