file,nrBest,proportionBest,entropyNrActions
nr_12_id_33_0176d68fcb5680fa3ea33c7837d00e0db172b3c3_VideoCapture_GTSPOON.csv,140,0.06829268292682927,2.6537595706952954
