file,nrBest,proportionBest,entropyNrActions
nr_342_id_26_0bb6ccba911b835e670164c90edf84508398f485_JDBCDiskCache_GTSPOON.csv,229,0.11170731707317073,3.105024651057383
