file,nrBest,proportionBest,entropyNrActions
nr_605_id_11_08c08f492023d49ceb3a7ea510945583b1d670f3_CSVDatasetReader_GTSPOON.csv,1808,0.8819512195121951,0.6454527460097436
