file,nrBest,proportionBest,entropyNrActions
nr_31_id_19_00dfe10acb9717af2167d3bcdc220bdebaa63927_VTree_GTSPOON.csv,119,0.05804878048780488,3.5370709506208984
