file,nrBest,proportionBest,entropyNrActions
nr_16_id_38_08ed52f007d8b86e1d8df965b679b4d0dc15a93c_CCSystem_GTSPOON.csv,18,0.00878048780487805,3.4934512562582762
