file,nrBest,proportionBest,entropyNrActions
nr_469_id_19_0b16a5657a11bf6115fc7ee4ab3086c58d5dbfb7_ParsedType_GTSPOON.csv,1575,0.7682926829268293,1.0704796420122182
