file,nrBest,proportionBest,entropyNrActions
nr_454_id_18_08969eee7afff29cbe48a05051d52ad77c4bc44b_Mob_GTSPOON.csv,1630,0.7951219512195122,1.083238553986936
