file,nrBest,proportionBest,entropyNrActions
nr_442_id_32_262985df7c1eba041437b21a84dd6024cb8b086b_CycleServiceImpl_GTSPOON.csv,550,0.2682926829268293,1.644122110846241
