file,nrBest,proportionBest,entropyNrActions
nr_192_id_25_065d106623444d41dc22fa3936cf00762e43e3d0_AllNotWorkingTests_GTSPOON.csv,1614,0.7873170731707317,0.8099979326975723
