file,nrBest,proportionBest,entropyNrActions
nr_540_id_35_6706194f49090b0d47addfa58e37ef118bd69c17_SImage_GTSPOON.csv,140,0.06829268292682927,1.973583373984737
