file,nrBest,proportionBest,entropyNrActions
nr_207_id_21_055595b9c4db8787f5d026eebf077edc6e3436cc_JRenderedLabel_GTSPOON.csv,1735,0.8463414634146341,0.6914970959742246
