file,nrBest,proportionBest,entropyNrActions
nr_209_id_15_03f097a09297ac400d340b3c4ffff4a9312da4f0_PreviewFrameLayout_GTSPOON.csv,1809,0.8824390243902439,0.6853930288737337
