file,nrBest,proportionBest,entropyNrActions
nr_566_id_2_0136a67f44a03e36b5d98547ea53add5afc5a3b1_BotManager_GTSPOON.csv,2020,0.9853658536585366,0.10221440030284396
