file,nrBest,proportionBest,entropyNrActions
nr_9_id_12_00177719a12421eba6524c61601424eb28ad6acd_MainActivity_GTSPOON.csv,753,0.3673170731707317,2.422366285537083
