file,nrBest,proportionBest,entropyNrActions
nr_468_id_14_06bb62289f541adf7c2a3f4c17da57ebd97ea76c_PlayGround_GTSPOON.csv,1496,0.7297560975609756,1.3169413279555422
