file,nrBest,proportionBest,entropyNrActions
nr_252_id_23_083ec2241761f86c7b68d8fc3101efa9ff646de7_DialogSaveFile_GTSPOON.csv,1816,0.8858536585365854,0.6051475225257711
