file,nrBest,proportionBest,entropyNrActions
nr_35_id_39_3663ec18a9a17bf5b26629e9629e5038a9fb8650_ImageLibrary_GTSPOON.csv,60,0.02926829268292683,2.769711555426449
