file,nrBest,proportionBest,entropyNrActions
nr_329_id_21_088a74d49e688c580c7906e988acb18bd15b062c_CassandraAccountDao_GTSPOON.csv,1818,0.8868292682926829,0.6423350888736674
