file,nrBest,proportionBest,entropyNrActions
nr_18_id_11_00285f7b23d2ca550f85a347e46152afde2622f8_ListTimeReports_GTSPOON.csv,1938,0.9453658536585365,0.32957931212778874
