file,nrBest,proportionBest,entropyNrActions
nr_209_id_5_01b0af879fca6df91d307c9a66e81370cbb46c83_TestApk_GTSPOON.csv,2015,0.9829268292682927,0.1047847065935152
