file,nrBest,proportionBest,entropyNrActions
nr_406_id_35_4df4b0d88d32675fbfe6e41a240408f8a076958a_FileStore_GTSPOON.csv,1302,0.6351219512195122,1.3624936201898703
