file,nrBest,proportionBest,entropyNrActions
nr_580_id_3_03ca53c6451a778dcb0f737b52993431c65922e4_XFileUtil_GTSPOON.csv,1378,0.6721951219512196,1.4251223199594534
