file,nrBest,proportionBest,entropyNrActions
nr_172_id_7_01d9a0e2c02967c8215252efed9540b3918e81f1_IProject_GTSPOON.csv,1913,0.9331707317073171,0.3475455414863644
