file,nrBest,proportionBest,entropyNrActions
nr_456_id_31_1ff6ac27238611b203278cc76c8250248b6c6b52_CIMToolPerspective_GTSPOON.csv,2025,0.9878048780487805,0.07976733407659876
