file,nrBest,proportionBest,entropyNrActions
nr_268_id_38_b2787a10336711d6fd27eadcd1d41a951990f7f3_Select2ActionBeanBean_GTSPOON.csv,1666,0.8126829268292682,0.8564216963146624
