file,nrBest,proportionBest,entropyNrActions
nr_63_id_17_0119ca39efa7077fdbb914473ee8377d8ef2a413_ForumController_GTSPOON.csv,2012,0.9814634146341463,0.1238591261365392
