file,nrBest,proportionBest,entropyNrActions
nr_474_id_3_031b10ee216a7df57d46da5baa4e1564f6ce4644_DataCell_GTSPOON.csv,821,0.4004878048780488,2.0078864141517534
