file,nrBest,proportionBest,entropyNrActions
nr_628_id_8_04f12d6fb3148af71afe27167942ff75c6f8e8b0_Series_GTSPOON.csv,1067,0.5204878048780488,1.8350387151678873
