file,nrBest,proportionBest,entropyNrActions
nr_213_id_23_06f535f4696a83a304b1079bf95c7f4b3b55c01e_CommentLoaderTask_GTSPOON.csv,1643,0.8014634146341464,1.0853559956432282
