file,nrBest,proportionBest,entropyNrActions
nr_112_id_10_00f49fc393b934508e1a6b77508792cb33257aa9_NodePairProb_GTSPOON.csv,2000,0.975609756097561,0.15274187246553542
