file,nrBest,proportionBest,entropyNrActions
nr_294_id_15_05714396d4972f7bf4943629a761fa52407b20ff_ICubeResultSet_GTSPOON.csv,2015,0.9829268292682927,0.10520570474832268
