file,nrBest,proportionBest,entropyNrActions
nr_152_id_12_01a8c54b95ef14e631a1502740cd18c09f918679_Debug_GTSPOON.csv,895,0.43658536585365854,2.099707381852771
