file,nrBest,proportionBest,entropyNrActions
nr_691_id_5_05c3b0d391a26425ed5b7f98fa86be997599aee9_Storage_GTSPOON.csv,162,0.07902439024390244,2.682470791875419
