file,nrBest,proportionBest,entropyNrActions
nr_154_id_6_011149a7631b8fafcb340f530a3352bed1e9ca98_MasterTest_GTSPOON.csv,565,0.275609756097561,1.9693721776092674
