file,nrBest,proportionBest,entropyNrActions
nr_436_id_18_0821498f32c3e1dc5c391361781a0fbe613f5698_JavadocTypeCheck_GTSPOON.csv,1650,0.8048780487804879,0.9949042909982906
