file,nrBest,proportionBest,entropyNrActions
nr_218_id_14_032632080f7f9b0572bd30710346f70ce33507a3_DefaultTypeTransformation_GTSPOON.csv,7,0.0034146341463414634,2.66424106230956
