file,nrBest,proportionBest,entropyNrActions
nr_113_id_14_016c0f0de9e4cb328c15b09927515175dbc7f240_LlamaJsonServlet_GTSPOON.csv,1553,0.7575609756097561,1.1580706468733502
