file,nrBest,proportionBest,entropyNrActions
nr_198_id_18_03dec99d1bc5fc418e58235c5e6dd0543b41413e_SignedJarBuilder_GTSPOON.csv,1325,0.6463414634146342,1.629325082894033
