file,nrBest,proportionBest,entropyNrActions
nr_426_id_37_c4576e75c4279b8a45884b413ccc0b1f8b5a7be2_LuaAppState_GTSPOON.csv,1846,0.9004878048780488,0.5567264999852747
