file,nrBest,proportionBest,entropyNrActions
nr_457_id_12_04e2a70159c32c2a449320b5353b4a9249eba803_Builder_GTSPOON.csv,1382,0.6741463414634147,1.394517790715159
