file,nrBest,proportionBest,entropyNrActions
nr_463_id_2_00f61b3116b0bf0a7c4f90bf0f7f593d0ec8af57_Application_GTSPOON.csv,1752,0.8546341463414634,0.7750232404621168
