file,nrBest,proportionBest,entropyNrActions
nr_112_id_13_0199c38b67ad91b5dc5b930e083b57da596e72f0_Amidst_GTSPOON.csv,409,0.19951219512195123,0.8563423464485295
