file,nrBest,proportionBest,entropyNrActions
nr_484_id_25_11393b3b612925f7acf0dfa34764420c72aedd7e_BlogDisplayPanel_GTSPOON.csv,1345,0.6560975609756098,1.387059284340754
