file,nrBest,proportionBest,entropyNrActions
nr_231_id_26_0875e42331c39e33688184aa20f85b2192c5759f_ViewPageAction_GTSPOON.csv,122,0.05951219512195122,2.9850110304100683
