file,nrBest,proportionBest,entropyNrActions
nr_99_id_18_01c71520638adc33453bc6753f4cd009eade319f_JobController_GTSPOON.csv,1474,0.7190243902439024,1.3378565825098394
