file,nrBest,proportionBest,entropyNrActions
nr_396_id_12_0452a40fce3ce1ba6a70312ac3c0aff97175cef5_ActionMethod_GTSPOON.csv,2015,0.9829268292682927,0.10520570474832268
