file,nrBest,proportionBest,entropyNrActions
nr_293_id_38_c4459fe267600cf692e6a92a4f74e971678304bd_Num4_GTSPOON.csv,1800,0.8780487804878049,0.47544098834261994
