file,nrBest,proportionBest,entropyNrActions
nr_230_id_30_0e4e6333fd44fb2bd4d07738575682b71d6a5b03_TrackerServlet_GTSPOON.csv,792,0.38634146341463416,2.2514661772938993
