file,nrBest,proportionBest,entropyNrActions
nr_394_id_18_0764808919d34e4103716420db489a51d4bd4a0d_RebusScheduleTask_GTSPOON.csv,106,0.05170731707317073,2.3234575537066506
