file,nrBest,proportionBest,entropyNrActions
nr_140_id_31_0a0a61fdc76d78b22636cac333292d7ee7e5db70_Resposta_GTSPOON.csv,1161,0.5663414634146341,1.8575623476291696
