file,nrBest,proportionBest,entropyNrActions
nr_94_id_6_00ac58f5aa87abb48b500f50d2e69fa1423f7cd9_NodeInfo_GTSPOON.csv,1525,0.7439024390243902,1.1936241353716168
