file,nrBest,proportionBest,entropyNrActions
nr_213_id_24_067b8eecec33a64b3a24e5d3632f0fc432cd70c9_MapEditor_GTSPOON.csv,1185,0.5780487804878048,1.6789599735761327
