file,nrBest,proportionBest,entropyNrActions
nr_326_id_15_060936f2cf616df292762d04a94a6eb257c5bd36_NewPlayer_GTSPOON.csv,1540,0.751219512195122,1.1167173642420833
