file,nrBest,proportionBest,entropyNrActions
nr_482_id_12_05370d0dd9bf9fbd4a1839c16680aa7c6e5fe63f_TcpConnection_GTSPOON.csv,167,0.08146341463414634,2.7536173202117666
