file,nrBest,proportionBest,entropyNrActions
nr_217_id_20_042039f7174b7f711bf7358ec0debd59065195c9_RoadAgent_GTSPOON.csv,110,0.05365853658536585,3.9705200305025534
