file,nrBest,proportionBest,entropyNrActions
nr_223_id_25_073efa0769f7685f58ed968ea1be5ffc9bd1e171_BaseApplet_GTSPOON.csv,191,0.09317073170731707,2.5583615331651144
