file,nrBest,proportionBest,entropyNrActions
nr_536_id_13_0831034e076c1c0262031a6471609706a8c08598_yacyDHTAction_GTSPOON.csv,274,0.13365853658536586,2.09021820437865
