file,nrBest,proportionBest,entropyNrActions
nr_185_id_28_0830cdd83e8d0131744a4fa32e636b84c0be749e_CabalFormSection_GTSPOON.csv,87,0.042439024390243905,1.6504830619400064
