file,nrBest,proportionBest,entropyNrActions
nr_238_id_5_01ee75ec428511bbfdc0ce7fd3612e3695691183_GlyphWidget_GTSPOON.csv,1939,0.9458536585365853,0.3213525662210136
