file,nrBest,proportionBest,entropyNrActions
nr_433_id_28_1313de49003951dd90e990b670ffcaaadf8d5af2_Compatibility_GTSPOON.csv,137,0.06682926829268293,3.1605046601849938
