file,nrBest,proportionBest,entropyNrActions
nr_326_id_28_0ea7b2c45f005d23024599af650ede4fd2fd2296_JmxTransformer_GTSPOON.csv,649,0.31658536585365854,2.623809708583569
