file,nrBest,proportionBest,entropyNrActions
nr_430_id_13_0652e21a1647d38cdefc465d14d7ef517ab2cc32_ERCWellCheck_GTSPOON.csv,252,0.12292682926829268,3.2460722947528415
