file,nrBest,proportionBest,entropyNrActions
nr_214_id_3_017b292c92990e229ab74735f61f4df126fa6ade_DriveControl_GTSPOON.csv,281,0.13707317073170733,1.991093078974856
