file,nrBest,proportionBest,entropyNrActions
nr_263_id_35_31e6709f6b0c848dd3e19cb255e4e8bbbdcf8e00_CSVWriter_GTSPOON.csv,1198,0.584390243902439,1.7320545411348058
