file,nrBest,proportionBest,entropyNrActions
nr_119_id_16_025984915df9ed2ec2f35bf4955891aba908c630_Engine_GTSPOON.csv,70,0.03414634146341464,2.4854061833471226
