file,nrBest,proportionBest,entropyNrActions
nr_295_id_3_01e220403780c3ae1d220b9da6bf4ca0e7c1807e_Solicitor_GTSPOON.csv,1837,0.8960975609756098,0.6035923611052546
