file,nrBest,proportionBest,entropyNrActions
nr_46_id_18_00a974a115a6c05617eaab5bf9ee1a630590c74e_GourmetDatabase_GTSPOON.csv,120,0.05853658536585366,2.581013736486584
