file,nrBest,proportionBest,entropyNrActions
nr_8_id_24_002b561c195af0ec57c8a87d7ca5d0f95453b668_Canvas_GTSPOON.csv,60,0.02926829268292683,2.4967949933472626
