file,nrBest,proportionBest,entropyNrActions
nr_868_id_2_01e049fe8f3164f24a68ff4f2cc7329d4603b9ef_ActorThreadPool_GTSPOON.csv,1660,0.8097560975609757,0.9973933159500314
