file,nrBest,proportionBest,entropyNrActions
nr_354_id_23_0b5f2306d113724bb866a3a774ed657434018299_ImpactMatrix_GTSPOON.csv,198,0.09658536585365854,2.3543570940721144
