file,nrBest,proportionBest,entropyNrActions
nr_17_id_19_007cc8b53839340dfa857f6fe2210fd651d53316_DataSet_GTSPOON.csv,1752,0.8546341463414634,0.7872714609287508
