file,nrBest,proportionBest,entropyNrActions
nr_65_id_22_015c6e178160200562321a36982d3da40019555c_CacheEvictionFilter_GTSPOON.csv,1914,0.9336585365853659,0.4270787242036491
