file,nrBest,proportionBest,entropyNrActions
nr_230_id_20_047bc826eeb48c3c61c0788b308b86836b9dfa53_CDIQuickFixTest_GTSPOON.csv,2025,0.9878048780487805,0.07318389823715905
