file,nrBest,proportionBest,entropyNrActions
nr_485_id_27_161ca2e6417263d7fc1725876b93fbabe83076b2_MainActivity_GTSPOON.csv,373,0.18195121951219512,3.5291419901038705
