file,nrBest,proportionBest,entropyNrActions
nr_260_id_30_1060746e738d130c7e127980d9970640a560ab75_ActionEditorDialog_GTSPOON.csv,1393,0.6795121951219513,1.3404094327380325
