file,nrBest,proportionBest,entropyNrActions
nr_283_id_16_0524d32b27059d16abd72c9e882d2e0d3351ca59_BaseItemValue_GTSPOON.csv,1713,0.8356097560975609,0.8625070537762746
