file,nrBest,proportionBest,entropyNrActions
nr_187_id_11_025e5e68dd08c45899b5826450cd29c746c77e45_MethodBuilder_GTSPOON.csv,928,0.4526829268292683,2.072077609563911
