file,nrBest,proportionBest,entropyNrActions
nr_125_id_31_090dcd2707e5c1a2dd2566b12da2ba07364395b8_CameraSwitcher_GTSPOON.csv,14,0.006829268292682927,3.3004934832199266
