file,nrBest,proportionBest,entropyNrActions
nr_520_id_34_471ea53c77c4dd5e20a4b4955903979fc22d761a_SharedDriveConnector_GTSPOON.csv,115,0.05609756097560976,2.8273013717332325
