file,nrBest,proportionBest,entropyNrActions
nr_54_id_24_019093d636d91501ab972a4a9622799ad4ac685d_LoginActivity_GTSPOON.csv,1565,0.7634146341463415,1.083927959459597
