file,nrBest,proportionBest,entropyNrActions
nr_28_id_9_0056fc9250f70a415a1911fa48284859948c7d1d_ChannelEventHandler_GTSPOON.csv,1552,0.7570731707317073,1.1518588761619797
