file,nrBest,proportionBest,entropyNrActions
nr_412_id_17_08467e5465fc48853213f6d921272a6cc1a359d7_DataBinding_GTSPOON.csv,569,0.2775609756097561,2.4554366154051013
