file,nrBest,proportionBest,entropyNrActions
nr_154_id_14_020ff2d25166bf013a1ee8a9066511fe90435891_ApplistActivity_GTSPOON.csv,1736,0.8468292682926829,0.8240018587929707
