file,nrBest,proportionBest,entropyNrActions
nr_505_id_35_60f33df0e04ee6a7ed1ca280c775095696963fe2_jOOQAbstractTest_GTSPOON.csv,25,0.012195121951219513,2.2783729973322635
