file,nrBest,proportionBest,entropyNrActions
nr_420_id_29_1872960485aaf69308cdd5a51f29cc592e1d41f8_SessionResult_GTSPOON.csv,1575,0.7682926829268293,1.0652584688803712
