file,nrBest,proportionBest,entropyNrActions
nr_526_id_36_84810c344942627f001a081110acd8ce3827d30a_PyFloat_GTSPOON.csv,210,0.1024390243902439,2.3157005131509125
