file,nrBest,proportionBest,entropyNrActions
nr_206_id_32_1284346a3ff7988d342f4eba14ac7fe0b1085153_S3FileSystem_GTSPOON.csv,1934,0.9434146341463414,0.3708118971695207
