file,nrBest,proportionBest,entropyNrActions
nr_49_id_14_00b1a89c18aa7aa5bc0f6b0391a4c92bdd91d435_AbstractI18n_GTSPOON.csv,147,0.07170731707317073,2.3232030262477203
