file,nrBest,proportionBest,entropyNrActions
nr_185_id_31_0cec8b0c43ad9644673dc216597b0283d0b59597_BattleActivity_GTSPOON.csv,2017,0.9839024390243902,0.10923887668441021
