file,nrBest,proportionBest,entropyNrActions
nr_245_id_30_0f3b37acba16de0fa8479cd777d1f0b753a61de8_Appartment_GTSPOON.csv,925,0.45121951219512196,0.5258158035758387
