file,nrBest,proportionBest,entropyNrActions
nr_364_id_8_030234623e5b2edb61fb09103e4824a8a93921d4_Ellipse_GTSPOON.csv,1216,0.593170731707317,1.5727621840794213
