file,nrBest,proportionBest,entropyNrActions
nr_288_id_19_06f1235ca77e95202c6e114d0b66bd6111a91b9e_MapView_GTSPOON.csv,178,0.08682926829268292,2.444207710014445
