file,nrBest,proportionBest,entropyNrActions
nr_611_id_36_9d1115a73fdde33fda5ab0e2659d80be8b951512_Conversation_GTSPOON.csv,1865,0.9097560975609756,0.4937630049772881
