file,nrBest,proportionBest,entropyNrActions
nr_323_id_38_d4696179be9275f15f8cbc2c2981a5a79f3d214c_Reviewer_GTSPOON.csv,168,0.08195121951219513,2.602962879777426
