file,nrBest,proportionBest,entropyNrActions
nr_592_id_11_08683e06078f24b26981666b5adf0bbabc8c10e4_MOSRules_GTSPOON.csv,268,0.13073170731707318,2.4999029774059185
