file,nrBest,proportionBest,entropyNrActions
nr_105_id_5_00f57ad07576d188a9ff45026f6146c9827cc854_JstExpressionTypeLinker_GTSPOON.csv,349,0.1702439024390244,2.4815167524713164
