file,nrBest,proportionBest,entropyNrActions
nr_474_id_14_06c5da8c1fedf5b61e3db3a9800c1b68c5c9376b_Extractor_GTSPOON.csv,1436,0.7004878048780487,1.6219089925375634
