file,nrBest,proportionBest,entropyNrActions
nr_162_id_9_01faa96a79373520ba6077f81769e62284e305fa_Pool_GTSPOON.csv,1579,0.7702439024390244,1.098916479060076
