file,nrBest,proportionBest,entropyNrActions
nr_400_id_32_228784911c521bf2df72068a5888a0cbca431b4b_PixelExtractionDialog_GTSPOON.csv,192,0.09365853658536585,2.3830914574627324
