file,nrBest,proportionBest,entropyNrActions
nr_186_id_27_083fb19f1dc409f5d1cd3d43ec6fa38b817a7924_CsResource_GTSPOON.csv,662,0.3229268292682927,2.252451774763304
