file,nrBest,proportionBest,entropyNrActions
nr_196_id_29_0b3e53a8ad527f33d53058c042bcb792ae31e1d0_SecurityUtils_GTSPOON.csv,312,0.1521951219512195,2.080781858348388
