file,nrBest,proportionBest,entropyNrActions
nr_347_id_11_0485acc5a8633bdd431b5a42c182d288b6c0170b_Interpreter_GTSPOON.csv,144,0.0702439024390244,2.8990594311562417
