file,nrBest,proportionBest,entropyNrActions
nr_290_id_10_02b0d59ab22c1498e6e7b54f127229cc062f63ef_UnresolvedType_GTSPOON.csv,1757,0.8570731707317073,0.7131343941613203
