file,nrBest,proportionBest,entropyNrActions
nr_244_id_26_08d5ac0102e48c5741c4748e8ef08f7d253d7d97_SdnNetworkRepository_GTSPOON.csv,2030,0.9902439024390244,0.07454753683557912
