file,nrBest,proportionBest,entropyNrActions
nr_452_id_35_57be7f2ce10985d9da414e46d4929f5223f4805a_RobotAwtImpl_GTSPOON.csv,296,0.144390243902439,2.7074966905561197
