file,nrBest,proportionBest,entropyNrActions
nr_392_id_15_073d8547ceffad61c899e2f93cd7ff26e5f1f4e8_CalcDeps_GTSPOON.csv,1653,0.8063414634146342,0.9912747505392081
