file,nrBest,proportionBest,entropyNrActions
nr_444_id_12_04c7864a7f979c78ac3908761ef027100c627338_Loader_GTSPOON.csv,162,0.07902439024390244,2.9204519239801137
