file,nrBest,proportionBest,entropyNrActions
nr_544_id_5_0483bb842532a4b034da30c6c8f4fc2d6e427f9a_ConsistencyLevel_GTSPOON.csv,1733,0.8453658536585366,0.6934390040378242
