file,nrBest,proportionBest,entropyNrActions
nr_362_id_20_0721c450c2b30c6fb4363cc044121c4fe9a0724d_RemapAlignments_GTSPOON.csv,187,0.09121951219512195,1.9298700033499072
