file,nrBest,proportionBest,entropyNrActions
nr_155_id_20_030803e32522be52a1ddeb436edbd024942d7c4f_DayView_GTSPOON.csv,165,0.08048780487804878,3.1022520443908363
