file,nrBest,proportionBest,entropyNrActions
nr_381_id_8_03215988d1c665b4734376f63e45215bf4378752_AudioBuild_GTSPOON.csv,1710,0.8341463414634146,0.6893689594065658
