file,nrBest,proportionBest,entropyNrActions
nr_667_id_3_04835e999199c4e6f72858ed2fc0e5ca67ae1519_JaxRsProviders_GTSPOON.csv,1110,0.5414634146341464,1.8556751795934434
