file,nrBest,proportionBest,entropyNrActions
nr_61_id_32_050c434b29fb2851e751ed6265a79f017296e4e2_P2toIvyAction_GTSPOON.csv,1285,0.6268292682926829,1.5472878672290253
