file,nrBest,proportionBest,entropyNrActions
nr_340_id_32_1e6f2b9dff54b98f0641a089df027d0899948176_QueryServlet_GTSPOON.csv,528,0.2575609756097561,1.5967894853917863
