file,nrBest,proportionBest,entropyNrActions
nr_387_id_16_070965f402f477e5a4e92228c247048d16f985e9_DeliveryWorker_GTSPOON.csv,1040,0.5073170731707317,2.0389374867530505
