file,nrBest,proportionBest,entropyNrActions
nr_587_id_12_06795ad83a7f6f95a06c2578803221ffc6a323f2_SQLBuilder_GTSPOON.csv,640,0.3121951219512195,2.706175681091916
