file,nrBest,proportionBest,entropyNrActions
nr_3_id_36_0229a6a9e46062d0795e1086468b1d6e2d48c257_EmailNotificationChannel_GTSPOON.csv,532,0.25951219512195123,2.069757940925827
