file,nrBest,proportionBest,entropyNrActions
nr_144_id_23_045004f45cb416ef2f55d3d76c3ab52857822236_GraphicInterface_GTSPOON.csv,152,0.07414634146341463,2.783024900987071
