file,nrBest,proportionBest,entropyNrActions
nr_124_id_8_0115fee1e396a3053481105b2ae5c57cd9bdc39e_CTCView_GTSPOON.csv,198,0.09658536585365854,2.8297162442385932
