file,nrBest,proportionBest,entropyNrActions
nr_285_id_30_11885b067f57c15d8aa82885c3b0919b37a99856_SimpleServiceFinder_GTSPOON.csv,76,0.037073170731707315,1.6767118672571841
