file,nrBest,proportionBest,entropyNrActions
nr_210_id_6_0160b394fd479e9a5a26c8e651f1fd24f9d5af9c_RemoteIO_GTSPOON.csv,2013,0.9819512195121951,0.1229184760230654
