file,nrBest,proportionBest,entropyNrActions
nr_486_id_19_0b6661d97690cc9b47896ee6c252121e02058d5e_ProductSearchBar_GTSPOON.csv,1332,0.6497560975609756,1.1987537931676495
