file,nrBest,proportionBest,entropyNrActions
nr_25_id_23_00c7e53f94567648a16624a2e2c0ab42e7c3b691_Camera_GTSPOON.csv,1714,0.8360975609756097,0.7489232054185566
