file,nrBest,proportionBest,entropyNrActions
nr_504_id_5_041ff9de49f5312500653a66697883818664751a_EasEmailSyncAdapterTests_GTSPOON.csv,1733,0.8453658536585366,0.6912690546868812
