file,nrBest,proportionBest,entropyNrActions
nr_378_id_26_0cea188e1703b678712843b73b361f934b96f9ad_ServletContextImpl_GTSPOON.csv,302,0.1473170731707317,2.759361753050401
