file,nrBest,proportionBest,entropyNrActions
nr_56_id_28_0275a0bf8865928814d67df5eedbe830e96a2c3c_Portal_GTSPOON.csv,95,0.046341463414634146,2.848219589956432
