file,nrBest,proportionBest,entropyNrActions
nr_519_id_6_032efde651a14f8175861d96a10a26b8948f5a54_LifecycleServiceImpl_GTSPOON.csv,1487,0.7253658536585366,1.13349288936078
