file,nrBest,proportionBest,entropyNrActions
nr_362_id_28_1058d2272529176043c90edf282129d4ba79fb2f_StatisticController_GTSPOON.csv,5,0.0024390243902439024,0.16894545757328075
