file,nrBest,proportionBest,entropyNrActions
nr_196_id_10_01bfd6889710c5add6e26e5b1a3c6f5664a24313_XPPPacketReader_GTSPOON.csv,350,0.17073170731707318,1.763643802176967
