file,nrBest,proportionBest,entropyNrActions
nr_97_id_23_02d419ec6017b8d997d6a1c973838259e5032fbe_DAnalyser_GTSPOON.csv,1644,0.8019512195121952,0.9370596174602238
