file,nrBest,proportionBest,entropyNrActions
nr_81_id_25_02aedd78653054711ce511352c4215bd27e2d155_Teleporter_GTSPOON.csv,1926,0.9395121951219512,0.3632049132490625
