file,nrBest,proportionBest,entropyNrActions
nr_285_id_37_78f8c56e2f9dd501127a293573d5b906f9e88d03_SaveablePlayer_GTSPOON.csv,10,0.004878048780487805,2.597203684882648
