file,nrBest,proportionBest,entropyNrActions
nr_477_id_4_01e93d7042e93f9901cb1a4b8f21d229e05731e7_imp_GTSPOON.csv,579,0.2824390243902439,1.273055903819321
