file,nrBest,proportionBest,entropyNrActions
nr_52_id_16_012a66056f8bf32d38369724f285b89ef43674a8_UnmarshallingContext_GTSPOON.csv,40,0.01951219512195122,2.4915171867283674
