file,nrBest,proportionBest,entropyNrActions
nr_378_id_17_076f049f179077e6df669e9bc3687ce39b887c47_TCKConfigurationTest_GTSPOON.csv,1721,0.8395121951219512,0.8332378860884355
