file,nrBest,proportionBest,entropyNrActions
nr_450_id_37_ce20f471d66e2301b9f66d572e13540dc2697d43_VScrollTable_GTSPOON.csv,168,0.08195121951219513,2.4208775148188977
