file,nrBest,proportionBest,entropyNrActions
nr_294_id_24_09144b0a60dce632ae50f14856489a7d23c32380_Exercise7Test_GTSPOON.csv,974,0.4751219512195122,1.6774911263391012
