file,nrBest,proportionBest,entropyNrActions
nr_266_id_36_428cfcc0d224c45a71211bd458be60a23694dcdb_TrapdoorModel_GTSPOON.csv,293,0.14292682926829267,1.8092890212444135
