file,nrBest,proportionBest,entropyNrActions
nr_329_id_11_044907e0e55456b18a75010e9fe6f34f1cc47fdb_Pdf_GTSPOON.csv,1939,0.9458536585365853,0.33748157789254835
