file,nrBest,proportionBest,entropyNrActions
nr_65_id_24_01f6a6a88333209aead28df685ef7f7918c91e51_NetworkTreeView_GTSPOON.csv,133,0.06487804878048781,3.2060563105859377
