file,nrBest,proportionBest,entropyNrActions
nr_33_id_30_02bd336b44413a43b0fa2e5a33bd85d9906c1539_AbstractTokenScanner_GTSPOON.csv,129,0.06292682926829268,0.8521331465775768
