file,nrBest,proportionBest,entropyNrActions
nr_162_id_17_032a31bcb07732a4da60514e7ba4a1fe399464ed_Rename_GTSPOON.csv,235,0.11463414634146342,0.9582251871594298
