file,nrBest,proportionBest,entropyNrActions
nr_204_id_23_06a06a48c153f40ab0871e8705c8595239affcbe_BHTextField_GTSPOON.csv,340,0.16585365853658537,1.6716748821354983
