file,nrBest,proportionBest,entropyNrActions
nr_194_id_21_050b2ad337b08fe1b4f688bb5f296b2326043bb1_MD5Extractor_GTSPOON.csv,2030,0.9902439024390244,0.07032433476713515
