file,nrBest,proportionBest,entropyNrActions
nr_27_id_36_06c50a53ba1bf3e9e499d6682574f8e9431fcea6_LoginWebAction_GTSPOON.csv,1814,0.8848780487804878,0.6739661024197691
