file,nrBest,proportionBest,entropyNrActions
nr_210_id_17_043fde7ace94279a6455bcf9ec9d3bf3187873bf_Mensa_GTSPOON.csv,1843,0.8990243902439025,0.5490321410557415
