file,nrBest,proportionBest,entropyNrActions
nr_248_id_9_02efb8da1a75522971349ace28b32458e8d20fa7_ModelFactory_GTSPOON.csv,1720,0.8390243902439024,0.8093240516396514
