file,nrBest,proportionBest,entropyNrActions
nr_204_id_17_041456230571667f517a20a6cd39b35947843bc2_ParserImpl_GTSPOON.csv,32,0.015609756097560976,3.483891003376029
