file,nrBest,proportionBest,entropyNrActions
nr_469_id_34_40026768e8129782faf4628e9caa8b343c43905f_DijkstraDistance_GTSPOON.csv,60,0.02926829268292683,2.851872902303195
