file,nrBest,proportionBest,entropyNrActions
nr_313_id_2_00a18b508468448f059c7ac9cd0d3882cbf0ddc8_GadgetDeployer_GTSPOON.csv,1834,0.8946341463414634,0.6332390099969559
