file,nrBest,proportionBest,entropyNrActions
nr_83_id_19_02277c6b787e8e29ee22b1df745eb8549d3ff023_SlideEditorActivity_GTSPOON.csv,189,0.09219512195121951,2.4656819480454346
