file,nrBest,proportionBest,entropyNrActions
nr_72_id_1_00ca91004e9ffcf307f9112c25c8b2804908c349_FileListObject_GTSPOON.csv,1847,0.9009756097560976,0.5691885408033756
