file,nrBest,proportionBest,entropyNrActions
nr_475_id_13_06f9a3e67a3097a75615238f220684476a0d18ba_Sender_GTSPOON.csv,1636,0.7980487804878049,0.9824691417544502
