file,nrBest,proportionBest,entropyNrActions
nr_129_id_21_038acc1769324534af9e0258aabac03a13f2c143_DoseEvent_GTSPOON.csv,1731,0.844390243902439,0.8391272791183357
