file,nrBest,proportionBest,entropyNrActions
nr_316_id_11_04179d551098d00644be60f17ad12603c3ee39c2_LoadingActivity_GTSPOON.csv,1738,0.8478048780487805,0.8193025849391105
