file,nrBest,proportionBest,entropyNrActions
nr_34_id_33_051286dfce04e20180e32bd1f0c11298870fd1dc_TmfStatisticsView_GTSPOON.csv,748,0.3648780487804878,2.4257193687562677
