file,nrBest,proportionBest,entropyNrActions
nr_618_id_6_03d51780ffc938383e18b023c3425dcdb2ac51c3_PlayerDeath_GTSPOON.csv,1661,0.8102439024390244,0.8884462792570531
