file,nrBest,proportionBest,entropyNrActions
nr_348_id_28_0fc1c60fbdb6e0e4717e23749afc903e6066b659_Launcher_GTSPOON.csv,193,0.09414634146341463,1.2951353765829867
