file,nrBest,proportionBest,entropyNrActions
nr_237_id_12_0292698a845ca9b9ace7fee142e29d94c8479738_FAQServiceImpl_GTSPOON.csv,204,0.09951219512195122,2.3843208995535425
