file,nrBest,proportionBest,entropyNrActions
nr_301_id_23_0994ae6c07e5a0f7bd417ff2c17dd928d1670212_ViewLabel_GTSPOON.csv,38,0.018536585365853658,1.996621598429717
