file,nrBest,proportionBest,entropyNrActions
nr_309_id_16_059782dfbc3127e8a354e7561623b051e7e22563_PhysEngine_GTSPOON.csv,144,0.0702439024390244,2.4454896552264835
