file,nrBest,proportionBest,entropyNrActions
nr_536_id_10_05312c67f50b6d083a054895ae9dbba5bbd77455_CriteriaQuery_GTSPOON.csv,2014,0.9824390243902439,0.10776329887481921
