file,nrBest,proportionBest,entropyNrActions
nr_4_id_23_00217b4a957e4beb779f0b98c3f18af3d5c67d02_TestCase_GTSPOON.csv,1561,0.7614634146341464,1.1857447959834158
