file,nrBest,proportionBest,entropyNrActions
nr_37_id_34_0561bf925380dc5e9678c47400766cf5ad11320d_DefaultCrawler_GTSPOON.csv,1636,0.7980487804878049,1.0536153511002997
