file,nrBest,proportionBest,entropyNrActions
nr_185_id_15_0380d8312ac8203bca6a3c2d5f63cdc4cf00e5a4_BuildHelper_GTSPOON.csv,1600,0.7804878048780488,0.8516962152521123
