file,nrBest,proportionBest,entropyNrActions
nr_27_id_32_0212502b71dd15970819a3fb32451c3b0a9510f0_HashTable_GTSPOON.csv,1050,0.5121951219512195,2.0804131312650895
