file,nrBest,proportionBest,entropyNrActions
nr_531_id_36_84fd97d3c6d2e3b1400c540365ff2c84cb8f6255_ModelEditor_GTSPOON.csv,54,0.026341463414634145,2.9047882117939325
