file,nrBest,proportionBest,entropyNrActions
nr_192_id_25_065d106623444d41dc22fa3936cf00762e43e3d0_Lexer_GTSPOON.csv,178,0.08682926829268292,3.1669205059926306
