file,nrBest,proportionBest,entropyNrActions
nr_475_id_4_01e7a558f4c951394151d288c383dcdc649859ff_Compass_GTSPOON.csv,1745,0.8512195121951219,0.812303728179811
