file,nrBest,proportionBest,entropyNrActions
nr_488_id_19_0b700fcb456c9235663ca1c03abef666bc66c2b5_GardenActivity_GTSPOON.csv,1220,0.5951219512195122,1.7936443658114276
