file,nrBest,proportionBest,entropyNrActions
nr_201_id_30_0c59d1cea0205ab605baa51d26bb385084720a7c_PluginManagerTest_GTSPOON.csv,168,0.08195121951219513,2.6196088846301775
