file,nrBest,proportionBest,entropyNrActions
nr_162_id_13_02534d1be39a13ec4a02afa73e08b21278e869c9_AtlasDAO_GTSPOON.csv,40,0.01951219512195122,2.1538989768804018
