file,nrBest,proportionBest,entropyNrActions
nr_78_id_23_0251b8a21daa0ef05e8a8dc3e646903c86978b49_ProxyServiceImpl_GTSPOON.csv,165,0.08048780487804878,2.5871195566258436
