file,nrBest,proportionBest,entropyNrActions
nr_557_id_33_42aa3eff9a98d0b373e70336cdceb07525c39203_ExchangeService_GTSPOON.csv,186,0.09073170731707317,2.8153353008036563
