file,nrBest,proportionBest,entropyNrActions
nr_153_id_23_049caa7f4369579f98123a324a5fa874ffc47a52_TimerClockService_GTSPOON.csv,101,0.04926829268292683,3.937408677464301
