file,nrBest,proportionBest,entropyNrActions
nr_211_id_38_8b4b074c96199cac34447ecad2048d7dbf65bb82_Handler_GTSPOON.csv,1426,0.6956097560975609,1.514056632579761
