file,nrBest,proportionBest,entropyNrActions
nr_427_id_18_07ef5ba986412324838ee471db32731c175cebf1_Console5_GTSPOON.csv,1808,0.8819512195121951,0.7040319792249987
