file,nrBest,proportionBest,entropyNrActions
nr_109_id_2_0033249ec551ddb80441c010c568737272a6a34c_SchoolChoiceApplication_GTSPOON.csv,191,0.09317073170731707,2.5844561756392483
