file,nrBest,proportionBest,entropyNrActions
nr_121_id_27_053f6225c7875c97a43cc0d4c260be5399601613_FMRadioService_GTSPOON.csv,191,0.09317073170731707,3.1451196290510914
