file,nrBest,proportionBest,entropyNrActions
nr_90_id_19_024dea808b028feb3879288f7ca060518eabbb17_Location_GTSPOON.csv,1201,0.5858536585365853,1.6532647101698819
