file,nrBest,proportionBest,entropyNrActions
nr_511_id_10_04eb7b057912cfa608e4843d00128044715228b4_UVCommentAdapter_GTSPOON.csv,1939,0.9458536585365853,0.34171503206706916
