file,nrBest,proportionBest,entropyNrActions
nr_72_id_5_00a690f200a8bb0267520d57e0db729334ecdf80_FlexMetricsMojo_GTSPOON.csv,1848,0.9014634146341464,0.5551055219393619
