file,nrBest,proportionBest,entropyNrActions
nr_19_id_35_041bb692747e270a820c142ee9ddd34d045ebe71_ResourcesAction_GTSPOON.csv,90,0.04390243902439024,3.305108275082382
