file,nrBest,proportionBest,entropyNrActions
nr_684_id_8_054506c595521d55c1f5ecd8f21087a92be14eb5_PrairieReader_GTSPOON.csv,825,0.4024390243902439,2.6856056920390947
