file,nrBest,proportionBest,entropyNrActions
nr_138_id_22_0358f7f2a1bb89ca6a1d370d396a89818044747e_ExpenseRegisterUI_GTSPOON.csv,1816,0.8858536585365854,0.6594654944160988
