file,nrBest,proportionBest,entropyNrActions
nr_96_id_9_0122104b972db65f0f828de9a48e35c656816180_ExperimentViewController_GTSPOON.csv,1415,0.6902439024390243,1.4200776851427321
