file,nrBest,proportionBest,entropyNrActions
nr_505_id_35_60f33df0e04ee6a7ed1ca280c775095696963fe2_OrderByTests_GTSPOON.csv,825,0.4024390243902439,1.6879737039624556
