file,nrBest,proportionBest,entropyNrActions
nr_215_id_14_0320585a0d5abb4fef19fe16221ae5f29ce022e0_JSNumber_GTSPOON.csv,1102,0.5375609756097561,1.6185773290712722
