file,nrBest,proportionBest,entropyNrActions
nr_492_id_32_2ba86077ad156303991b35ce107123c493862295_TraverseSchema_GTSPOON.csv,1,0.0004878048780487805,3.1945934413106567
