file,nrBest,proportionBest,entropyNrActions
nr_371_id_23_0baed46d51181fbc973b2e53b6d4363441fe6bd0_JsonTest_GTSPOON.csv,1464,0.7141463414634146,1.197669767679412
