file,nrBest,proportionBest,entropyNrActions
nr_689_id_8_05540bed0ef97ed93949c262a5f524017091667a_StreamEncoder_GTSPOON.csv,1453,0.708780487804878,1.4327287290961686
