file,nrBest,proportionBest,entropyNrActions
nr_539_id_7_05992c4156da8c25aa44187d7cb3188e5f26fc02_ErrorManager_GTSPOON.csv,981,0.47853658536585364,2.0736697239719923
