file,nrBest,proportionBest,entropyNrActions
nr_500_id_8_0417e05e9a8a2a7580864819a6ccff22206af9cd_MyPetList_GTSPOON.csv,1167,0.5692682926829268,1.8343218980486804
