file,nrBest,proportionBest,entropyNrActions
nr_291_id_23_0953624f96c2567fa6c73870f3b9fbec05a087df_KawaWrap_GTSPOON.csv,481,0.2346341463414634,2.600191527801817
