file,nrBest,proportionBest,entropyNrActions
nr_186_id_1_023dd201290e0356ae1490714529986d7412b019_Display_GTSPOON.csv,157,0.07658536585365854,2.7793473534024304
