file,nrBest,proportionBest,entropyNrActions
nr_29_id_13_0089b051f831476b520f25f4bb974b7351dec7ae_RTMPProtocolDecoder_GTSPOON.csv,165,0.08048780487804878,2.7076458378125943
