file,nrBest,proportionBest,entropyNrActions
nr_400_id_7_0427ac59475ab73306954efd8aa5e4fb5bf41dbf_ClassPaths_GTSPOON.csv,1772,0.864390243902439,0.6470379915623167
