file,nrBest,proportionBest,entropyNrActions
nr_347_id_5_02cfedc466e79f1a75974797b6d27ae885142fdc_ScoreBoard_GTSPOON.csv,1909,0.931219512195122,0.4353586395431681
