file,nrBest,proportionBest,entropyNrActions
nr_615_id_8_04da718f4af1010403699e983eac3c01ba41bbcb_RunAction_GTSPOON.csv,81,0.03951219512195122,3.2958949304477203
