file,nrBest,proportionBest,entropyNrActions
nr_212_id_21_056bf2906c62f40aa6ddae2115b932c487e1965a_AggregatedResource_GTSPOON.csv,1564,0.7629268292682927,1.1232037550773049
