file,nrBest,proportionBest,entropyNrActions
nr_428_id_2_00e288c343b72895cfc0947e0f151b824fae343e_LinkerTab_GTSPOON.csv,850,0.4146341463414634,0.8457193115534641
