file,nrBest,proportionBest,entropyNrActions
nr_150_id_21_040c71203d0834c890b55d5f5bf79c6dea749048_Inliner_GTSPOON.csv,191,0.09317073170731707,2.4964958104581836
