file,nrBest,proportionBest,entropyNrActions
nr_330_id_18_06884d5f9ed394df422276032b33b876f5020846_ScriptEvalUtil_GTSPOON.csv,114,0.055609756097560976,3.063703267245597
