file,nrBest,proportionBest,entropyNrActions
nr_138_id_7_017e272a9796e5f238776a976a0087ebc0d33e33_Level_GTSPOON.csv,845,0.4121951219512195,2.2148290107897006
