file,nrBest,proportionBest,entropyNrActions
nr_581_id_6_038f36ac3325914e4eff869898c831383996382d_HexViewer_GTSPOON.csv,1289,0.628780487804878,1.665788060466575
