file,nrBest,proportionBest,entropyNrActions
nr_321_id_17_066e5931784518cce61d80acc18ab61d3c5e48d0_CDecodedTermination_GTSPOON.csv,1933,0.9429268292682926,0.36739884555247704
