file,nrBest,proportionBest,entropyNrActions
nr_492_id_5_0405f17dab3fea211ebaded24556b78c98c10970_Settings_GTSPOON.csv,1375,0.6707317073170732,1.5177898139064299
