file,nrBest,proportionBest,entropyNrActions
nr_584_id_8_04aa6d407d5d823320b8bcb43b636095740472b0_Question_GTSPOON.csv,2025,0.9878048780487805,0.08957070685917613
