file,nrBest,proportionBest,entropyNrActions
nr_259_id_23_087100e1cf194e26ae60a8b00a4d410a4766908e_BugzillaClient_GTSPOON.csv,10,0.004878048780487805,3.690588499277435
