file,nrBest,proportionBest,entropyNrActions
nr_257_id_10_025e13297e6567992d170ed756a55257774e4961_NewDesktopProjectWizard_GTSPOON.csv,1480,0.7219512195121951,1.3058500810499316
