file,nrBest,proportionBest,entropyNrActions
nr_280_id_1_035ab3195eccfad72f3f12be55472ea613f40668_Stint_GTSPOON.csv,737,0.3595121951219512,2.2569158649752676
