file,nrBest,proportionBest,entropyNrActions
nr_384_id_3_027f4c5cdd2eada351155aa00190bdfa30348399_Assignment2Bean_GTSPOON.csv,1283,0.6258536585365854,1.6611019066717208
