file,nrBest,proportionBest,entropyNrActions
nr_312_id_7_032d2cd4d3a865c7e3d9ea1b2740d17a90440aa4_QueryProcessorTest_GTSPOON.csv,1888,0.9209756097560976,0.36243383763538134
