file,nrBest,proportionBest,entropyNrActions
nr_145_id_37_410214becad4090af134f7c6c21e3cc7f6d33c02_CalculateFrame_GTSPOON.csv,188,0.09170731707317073,2.291520575127328
