file,nrBest,proportionBest,entropyNrActions
nr_540_id_11_07c5a74761d7656c08b908eb25c34eff1e824b17_MySql_GTSPOON.csv,145,0.07073170731707316,1.4984319186846156
