file,nrBest,proportionBest,entropyNrActions
nr_338_id_20_069a513f0b4444db447ccb5ec6c18a6f6c2ad348_WizardDialog_GTSPOON.csv,66,0.03219512195121951,2.580655828782624
