file,nrBest,proportionBest,entropyNrActions
nr_248_id_14_03a1de05d94207da52c661dec00d913002427676_WCanvasPaintDevice_GTSPOON.csv,140,0.06829268292682927,2.9782771947917253
