file,nrBest,proportionBest,entropyNrActions
nr_287_id_33_24f5815e74a41c1d58877fd5d479e4d3a1f83443_AbstractDataSetResource_GTSPOON.csv,1844,0.8995121951219512,0.5551812244125984
