file,nrBest,proportionBest,entropyNrActions
nr_159_id_7_01b41ca1cd8d36d431f083f40d351bb61ca9ef8a_ModChecker_GTSPOON.csv,1187,0.5790243902439024,1.743443007618745
