file,nrBest,proportionBest,entropyNrActions
nr_5_id_40_0fe9713605e2adfe7e0b586dc74c7548367b5bae_LogX_GTSPOON.csv,1575,0.7682926829268293,0.9995906333413616
