file,nrBest,proportionBest,entropyNrActions
nr_225_id_8_01e3b081a8842d50214af770b3578438247da282_InputLeftCurlyOther_GTSPOON.csv,2029,0.9897560975609756,0.07452703951160486
