file,nrBest,proportionBest,entropyNrActions
nr_240_id_38_a40fe94132fae73d46cb7c4653ca80427e352c7f_MessageCompose_GTSPOON.csv,168,0.08195121951219513,2.7109749505804484
