file,nrBest,proportionBest,entropyNrActions
nr_227_id_19_058fa2faf2242b7405dc07633888f1a3ba8f4ef4_FillupFragment_GTSPOON.csv,1717,0.8375609756097561,0.7525674728859721
