file,nrBest,proportionBest,entropyNrActions
nr_283_id_22_07330b8c17815f0b096d5eba360dbd687cb9444d_LocationWeatherPanel_GTSPOON.csv,203,0.09902439024390244,1.3922363351033546
