file,nrBest,proportionBest,entropyNrActions
nr_88_id_33_0ad9ca0a7252e42815d7e280c1db1f7d1528d218_UAC_GTSPOON.csv,3,0.0014634146341463415,1.2559578290767233
