file,nrBest,proportionBest,entropyNrActions
nr_143_id_16_02d5068026b937d93ee3d592a0b17df981b0da33_ErrorHandler_GTSPOON.csv,95,0.046341463414634146,1.248826137495286
