file,nrBest,proportionBest,entropyNrActions
nr_22_id_31_0198b877e452322d6755cb708efa3df883006854_CDTSweepLine_GTSPOON.csv,1483,0.7234146341463414,1.3292448634885081
