file,nrBest,proportionBest,entropyNrActions
nr_185_id_26_0702c7e05c3296110d23ec502b8ce988ecd44c01_ProjectionViewer_GTSPOON.csv,200,0.0975609756097561,2.7595209547837847
