file,nrBest,proportionBest,entropyNrActions
nr_505_id_30_1e3f45541c0393edb8196526687afe5dc09397c9_StopVmCommandBase_GTSPOON.csv,221,0.10780487804878049,2.0750352807887094
