file,nrBest,proportionBest,entropyNrActions
nr_232_id_19_05c3243d75c115970e3df98832db671f30f20794_CubeCursorImpl_GTSPOON.csv,610,0.2975609756097561,2.796093317166311
