file,nrBest,proportionBest,entropyNrActions
nr_657_id_4_028827fb8376a823a75815cb4c06eb30323d6560_VisualSceneMouseListener_GTSPOON.csv,1629,0.7946341463414635,0.562194344827498
