file,nrBest,proportionBest,entropyNrActions
nr_106_id_22_024bd16b20b0acfd2b076bff870d0deb160442c7_Engine_GTSPOON.csv,18,0.00878048780487805,2.6158747991624685
