file,nrBest,proportionBest,entropyNrActions
nr_524_id_7_0564e68c7f3cfa23dc0bd78b443132c86da325ae_RTMPConnection_GTSPOON.csv,1296,0.6321951219512195,1.5396233580966419
