file,nrBest,proportionBest,entropyNrActions
nr_352_id_33_2d9172ff2917b71c220b0f310bf824c14e5fedf0_SessionView_GTSPOON.csv,70,0.03414634146341464,2.3960880181524846
