file,nrBest,proportionBest,entropyNrActions
nr_131_id_23_03fb2f747be98164c467d21a3ebe686963929353_InputHandlerImpl_GTSPOON.csv,1546,0.7541463414634146,1.344153312663975
