file,nrBest,proportionBest,entropyNrActions
nr_504_id_21_0ca66780f92b56b497051ccc81d38bfc997f84fa_ConfigManager_GTSPOON.csv,1551,0.7565853658536585,1.1261338276285553
