file,nrBest,proportionBest,entropyNrActions
nr_417_id_24_0c8ca86398dceb7e23e7d1adcdc0749590b984a7_PyJavaClass_GTSPOON.csv,152,0.07414634146341463,2.460098770371123
