file,nrBest,proportionBest,entropyNrActions
nr_360_id_22_08e42a6c0b035ff8030ed253d9f1f56d5f908f91_TableLoader_GTSPOON.csv,1482,0.7229268292682927,1.3396888872127424
