file,nrBest,proportionBest,entropyNrActions
nr_634_id_3_0443486141ceb6ce4aa78a218c61aebd00465443_DomodroidDB_GTSPOON.csv,651,0.3175609756097561,2.1255432041606777
