file,nrBest,proportionBest,entropyNrActions
nr_187_id_18_03998cfb79727d24def862933e8968546ab2b940_XMLDTDLoader_GTSPOON.csv,1457,0.7107317073170731,1.451255555749586
