file,nrBest,proportionBest,entropyNrActions
nr_231_id_25_0780f6e18b6d061632890630ac2fa1da6fdf9322_JXTreeIssues_GTSPOON.csv,1127,0.5497560975609757,1.498943575738282
