file,nrBest,proportionBest,entropyNrActions
nr_109_id_23_0326df0972b6622359c912ba4542c0b51cb4da1c_UserControlImporter_GTSPOON.csv,1838,0.8965853658536586,0.6186411851355159
