file,nrBest,proportionBest,entropyNrActions
nr_44_id_26_01be69ad83348da512fb9a132ceb0d4215923d70_TradeInProgress_GTSPOON.csv,1120,0.5463414634146342,1.7249133767081393
