file,nrBest,proportionBest,entropyNrActions
nr_443_id_2_00e97e9d19108dffeb8c250dccc07536c4352ce2_Zoomer_GTSPOON.csv,209,0.10195121951219512,2.5533889669915233
