file,nrBest,proportionBest,entropyNrActions
nr_342_id_11_04803ae879ce8762c2b59656a0b5c1614c18712f_AuthenticatorActivity_GTSPOON.csv,40,0.01951219512195122,2.4044152820791753
