file,nrBest,proportionBest,entropyNrActions
nr_266_id_25_08d2c81491c13f31a741fa40e35769812c79b9e0_ConnectionV2_GTSPOON.csv,1215,0.5926829268292683,1.6613863833266331
