file,nrBest,proportionBest,entropyNrActions
nr_388_id_18_074a777dbc565518a3efdff3f8a16d7cb629876a_VarTerm_GTSPOON.csv,434,0.21170731707317073,2.4916502441880772
