file,nrBest,proportionBest,entropyNrActions
nr_683_id_3_04a79c9e650a7c606741456cb685eec8118fc715_QuestResultset_GTSPOON.csv,1171,0.5712195121951219,1.9281358522890328
