file,nrBest,proportionBest,entropyNrActions
nr_460_id_20_08cd080c56979c22092ee611a416adb86618f868_PhoneUtils_GTSPOON.csv,168,0.08195121951219513,3.3218052406336733
