file,nrBest,proportionBest,entropyNrActions
nr_434_id_29_191bee8780cc087529e8de49364d91c5cb6c4360_SAMLMessage_GTSPOON.csv,331,0.16146341463414635,2.6140729691244315
