file,nrBest,proportionBest,entropyNrActions
nr_92_id_22_01ef93861b56b8242de9f24c0fb5062a1362200b_SchemaEntityFactory_GTSPOON.csv,723,0.3526829268292683,2.3233703733777045
