file,nrBest,proportionBest,entropyNrActions
nr_465_id_32_28a8c55578051ff05f64c90b164454fc1b29894d_PearsonCorrelation_GTSPOON.csv,1520,0.7414634146341463,1.0333624384821247
