file,nrBest,proportionBest,entropyNrActions
nr_365_id_11_04c48cab229fb1233d925afc2fbc10d79823851b_VTextualDate_GTSPOON.csv,1265,0.6170731707317073,1.5176668988762685
