file,nrBest,proportionBest,entropyNrActions
nr_171_id_5_017a4ad08664d7832c11be17dd68e3a93f38effe_MapConfigKey_GTSPOON.csv,1600,0.7804878048780488,1.1135035710125967
