file,nrBest,proportionBest,entropyNrActions
nr_499_id_5_04186b1e191cc9a6cbdb85df95eb4f392d7c4262_BeanInfo_GTSPOON.csv,1550,0.7560975609756098,1.2185111056522704
