file,nrBest,proportionBest,entropyNrActions
nr_198_id_12_02319d29329ba5e257e55dfe214a58effb1200c6_DecoratedPopupPanel_GTSPOON.csv,1916,0.9346341463414635,0.40921148231217946
