file,nrBest,proportionBest,entropyNrActions
nr_461_id_28_147a9b4466ae624074bd3800f0f801f2e19e4d57_RaceScheduler_GTSPOON.csv,588,0.2868292682926829,3.1091333632615084
