file,nrBest,proportionBest,entropyNrActions
nr_109_id_32_09b8b0296fd7f777fc292ebb0fb534130f7e9ff5_GalleryAdapter_GTSPOON.csv,186,0.09073170731707317,1.7458709191004824
