file,nrBest,proportionBest,entropyNrActions
nr_192_id_23_062728218f1b1faf33332aa2b8f083d707f07e27_Prefs_GTSPOON.csv,748,0.3648780487804878,1.471451317933684
