file,nrBest,proportionBest,entropyNrActions
nr_340_id_1_04008994d50d373dfe2c8753cb6f567630997d02_TripleDemoJava_GTSPOON.csv,2029,0.9897560975609756,0.07345815264290376
