file,nrBest,proportionBest,entropyNrActions
nr_218_id_8_01d6765ebb1021d811ff83dd11cdf8bb6e740175_SPFSession_GTSPOON.csv,1568,0.7648780487804878,1.175725296326159
