file,nrBest,proportionBest,entropyNrActions
nr_271_id_31_12cbf16d58e2d15ba52db1f09806ad5fce0751df_MarcReader_GTSPOON.csv,900,0.43902439024390244,2.3571640588311427
