file,nrBest,proportionBest,entropyNrActions
nr_364_id_16_069e2422b9f819a91fc6436d5a2044c3c8699653_EuchreGameController_GTSPOON.csv,365,0.17804878048780487,2.906327403035929
