file,nrBest,proportionBest,entropyNrActions
nr_375_id_23_0be87f241c0f0b2f5881d9a602ce12378b8e453d_NewtCanvasAWT_GTSPOON.csv,68,0.033170731707317075,4.174403453305882
