file,nrBest,proportionBest,entropyNrActions
nr_265_id_37_713545cbef3f26e1a9f5fc60d3733d668b531e1c_Player_GTSPOON.csv,1741,0.8492682926829268,0.8185339743192563
