file,nrBest,proportionBest,entropyNrActions
nr_394_id_34_370479f1458c1f564e8403cab4dfb98a13c159f6_GameFields_GTSPOON.csv,525,0.25609756097560976,1.8293892429283873
