file,nrBest,proportionBest,entropyNrActions
nr_284_id_21_077345c8b46c727753d35049f9aa7f8392cb468d_DownloadTransfer_GTSPOON.csv,10,0.004878048780487805,2.382885356796102
