file,nrBest,proportionBest,entropyNrActions
nr_408_id_22_09c04955b570647a66b97024d9e61e6e11bfc0d4_AddClinicalFileActionTest_GTSPOON.csv,1497,0.7302439024390244,1.1666268560512851
