file,nrBest,proportionBest,entropyNrActions
nr_508_id_37_e208f74f4a85fb93e0d2601186eb8208ea424a08_ExportLgXML_GTSPOON.csv,1737,0.8473170731707317,0.8216559196244688
