file,nrBest,proportionBest,entropyNrActions
nr_32_id_11_00538706fac7160c9d4d97b830553639ea1c26bd_BNFParserImpl_GTSPOON.csv,1218,0.5941463414634146,1.8389298889678316
