file,nrBest,proportionBest,entropyNrActions
nr_317_id_18_064ec473813e4d7fd590b6a6ad6b0661ff25e2d2_Storage_GTSPOON.csv,1808,0.8819512195121951,0.6735820069220487
