file,nrBest,proportionBest,entropyNrActions
nr_459_id_11_06554d866a0d6e97115c36f86048341cc8891853_MyPetEntityListener_GTSPOON.csv,179,0.0873170731707317,2.9089295096880243
