file,nrBest,proportionBest,entropyNrActions
nr_327_id_35_3d04acdea60288bfb880d4e70835a66c5aa1039a_Kernel_GTSPOON.csv,193,0.09414634146341463,2.614777483513604
