file,nrBest,proportionBest,entropyNrActions
nr_523_id_36_8412784e2718a7e419d6fc4c7884722410d142ed_ReceiveCommits_GTSPOON.csv,124,0.06048780487804878,3.1311459126596186
