file,nrBest,proportionBest,entropyNrActions
nr_380_id_9_046a5cf618bcbcde9c94d786f77d24f75aab6328_MovingObjects_GTSPOON.csv,2029,0.9897560975609756,0.07579003397602731
