file,nrBest,proportionBest,entropyNrActions
nr_25_id_20_005c26feaab08239c1f162d8f093cab42a96e330_Interpreter_GTSPOON.csv,22,0.010731707317073172,2.747169066122669
