file,nrBest,proportionBest,entropyNrActions
nr_669_id_8_05314336883cc582f297cc3cc60e19530de68b78_MediaInfoWorker_GTSPOON.csv,1925,0.9390243902439024,0.36007366085658854
