file,nrBest,proportionBest,entropyNrActions
nr_401_id_10_03d57be101c4ec9928443dbce3639af39c50be77_NearCache_GTSPOON.csv,255,0.12439024390243902,2.467130257780227
