file,nrBest,proportionBest,entropyNrActions
nr_123_id_12_016e5d6b7009cd6a71d28cf891ba890ea9e86c9f_JavafxToJava_GTSPOON.csv,38,0.018536585365853658,3.7406450901780466
