file,nrBest,proportionBest,entropyNrActions
nr_390_id_27_1183fd68c370af37e7c0e3e9e2a1e6241d2b2266_PortView_GTSPOON.csv,1265,0.6170731707317073,1.7967657952149838
