file,nrBest,proportionBest,entropyNrActions
nr_491_id_13_0735184975c9ded20f760683b66384fe49405c03_StorageVolumePreferenceCategory_GTSPOON.csv,180,0.08780487804878048,2.883498828663957
