file,nrBest,proportionBest,entropyNrActions
nr_578_id_2_01407e8e37280cd5982430419dcc00a6729f361d_GwtMotionChart_GTSPOON.csv,1843,0.8990243902439025,0.4952651775967446
