file,nrBest,proportionBest,entropyNrActions
nr_364_id_26_0c7044bd87462c35528fde7c685aea53d34276d1_HTMLScriptElementTest_GTSPOON.csv,1555,0.7585365853658537,1.0776848936499155
