file,nrBest,proportionBest,entropyNrActions
nr_346_id_36_58bd7485631dc18b135a78ddd03e5349a0d127ac_CoreConfidenceTests_GTSPOON.csv,210,0.1024390243902439,2.2598215190883466
