file,nrBest,proportionBest,entropyNrActions
nr_110_id_14_0169254b57d9981ceffa925c9209dea8d05a8a7a_JavafxCheck_GTSPOON.csv,196,0.09560975609756098,2.7787034988023316
