file,nrBest,proportionBest,entropyNrActions
nr_720_id_1_0826b5c661d571b6bd059c17113612c9a0a4ec83_RepositoryTest_GTSPOON.csv,194,0.09463414634146342,2.422386405189666
