file,nrBest,proportionBest,entropyNrActions
nr_546_id_10_054a462b78bfd7ea84e29874bc9682ece7b858ef_UICategories_GTSPOON.csv,125,0.06097560975609756,2.5300465719668646
