file,nrBest,proportionBest,entropyNrActions
nr_182_id_3_0146262cc4c0c7ef04514cf8e446abb1ac4bb616_HTMLParser_GTSPOON.csv,1463,0.7136585365853658,1.333734459067269
