file,nrBest,proportionBest,entropyNrActions
nr_487_id_36_7cec32cdaff1507172835f59ed7dec915335c204_Field_GTSPOON.csv,1440,0.7024390243902439,1.3064059475707674
