file,nrBest,proportionBest,entropyNrActions
nr_25_id_24_00bdab32dd89eb397fe77766818199b88d5b1f25_XServer_GTSPOON.csv,1625,0.7926829268292683,0.9842291316567374
