file,nrBest,proportionBest,entropyNrActions
nr_669_id_5_059675cc51d1f210df327a85c4a0e8f1b0ebab6f_Main_GTSPOON.csv,1542,0.7521951219512195,1.2345555457054282
