file,nrBest,proportionBest,entropyNrActions
nr_372_id_13_055cd5194aaad6bb798094c487e0b4a2129964dc_ChecksumHistoryDAO_GTSPOON.csv,1449,0.7068292682926829,1.3302294586927985
