file,nrBest,proportionBest,entropyNrActions
nr_329_id_14_04e6b557e45cc645c4fca1578358b63945452975_GroupEditorFragment_GTSPOON.csv,209,0.10195121951219512,2.4839968959412664
