file,nrBest,proportionBest,entropyNrActions
nr_600_id_36_9aa711e7908621cc87d563d585554100f208474d_XMLSerializer_GTSPOON.csv,154,0.07512195121951219,2.8366785430140506
