file,nrBest,proportionBest,entropyNrActions
nr_504_id_15_09346cde11c4f18cef24f9df72042ae2c7e1fd32_Zed_GTSPOON.csv,1912,0.9326829268292683,0.40218847976009414
