file,nrBest,proportionBest,entropyNrActions
nr_504_id_34_458e00152e1de0b9f44e1003c148360d2ac96e4d_LocalStorage_GTSPOON.csv,289,0.14097560975609755,2.3065266795977486
