file,nrBest,proportionBest,entropyNrActions
nr_222_id_22_05a651640b98e13596d482d02da772618e1c2784_IsoDateUtil_GTSPOON.csv,1241,0.6053658536585366,1.7641040067104983
