file,nrBest,proportionBest,entropyNrActions
nr_489_id_27_1646fe7738a11c94552924ce328ea1bdf204f3d1_UI_GTSPOON.csv,18,0.00878048780487805,3.2418627389605
