file,nrBest,proportionBest,entropyNrActions
nr_317_id_11_041ae329f8552e11dd80b68fdf70623a9ad93c95_Notifications_GTSPOON.csv,200,0.0975609756097561,2.51253597015374
