file,nrBest,proportionBest,entropyNrActions
nr_199_id_6_0155ce128b7847efd3c519d0279abfbaf6ab903c_TextView_GTSPOON.csv,1725,0.8414634146341463,0.8303223920597124
