file,nrBest,proportionBest,entropyNrActions
nr_469_id_12_0515c9ef036c44b772340ac15b644dcac9dcf88c_RootFolder_GTSPOON.csv,159,0.0775609756097561,2.7895221761286164
