file,nrBest,proportionBest,entropyNrActions
nr_494_id_31_228cc46b4e5902790133097d16f54cbe43a43dc3_AgricolaScoreTabFactory_GTSPOON.csv,1814,0.8848780487804878,0.6670253676874938
