file,nrBest,proportionBest,entropyNrActions
nr_266_id_5_022f4a712886307692f2796e3595166b6ede15cf_MimeType_GTSPOON.csv,1967,0.9595121951219512,0.20945228493425405
