file,nrBest,proportionBest,entropyNrActions
nr_484_id_14_06e7cff8d02b91c36662be351bf4489eecd600b2_Dir_GTSPOON.csv,162,0.07902439024390244,2.8505404908463032
