file,nrBest,proportionBest,entropyNrActions
nr_231_id_11_030e036aa756b1586420c639292d6faa77e10b06_SoapServer_GTSPOON.csv,1477,0.7204878048780488,1.347551585608683
