file,nrBest,proportionBest,entropyNrActions
nr_261_id_31_123cafbd181886485ab74fb519f5f4f2e9cc6daf_Mirror_GTSPOON.csv,20,0.00975609756097561,3.228342913385762
