file,nrBest,proportionBest,entropyNrActions
nr_119_id_5_010bca929402e1c335bc6be528a92f0781de72f4_EntityMetadataTest_GTSPOON.csv,1264,0.6165853658536585,1.5072582167384763
