file,nrBest,proportionBest,entropyNrActions
nr_257_id_23_08670143adefa011192b25dca2b02803458211d8_DbUtils_GTSPOON.csv,1814,0.8848780487804878,0.6312532299551961
