file,nrBest,proportionBest,entropyNrActions
nr_227_id_23_07737e93679f71468e6d50fb1d1d57ad5b584638_MWind_GTSPOON.csv,313,0.1526829268292683,1.9755160608033635
