file,nrBest,proportionBest,entropyNrActions
nr_465_id_16_0856d4db62461449227bd4510a0c4b5b9d582911_ProjectLoader_GTSPOON.csv,495,0.24146341463414633,2.542855579408505
