file,nrBest,proportionBest,entropyNrActions
nr_647_id_7_06bf644457672166a0d7951049778de1b58f8167_TickerTimerTask_GTSPOON.csv,1745,0.8512195121951219,0.8205059645906464
