file,nrBest,proportionBest,entropyNrActions
nr_82_id_6_00991b7a9d3e6712a32e0347f39f493738a95d74_ProcessEngineClient_GTSPOON.csv,1080,0.526829268292683,1.9461427709912194
