file,nrBest,proportionBest,entropyNrActions
nr_60_id_8_0088e6c444a3a4bd4ba2883432c672e95d34b864_Misc2Test_GTSPOON.csv,152,0.07414634146341463,2.9566863806277928
