file,nrBest,proportionBest,entropyNrActions
nr_125_id_37_39c7f05f04ea9684bd015c5c8da6d51075f705d8_DatabaseManager_GTSPOON.csv,1223,0.5965853658536585,1.9405933807318538
