file,nrBest,proportionBest,entropyNrActions
nr_37_id_27_01ba304aa5bf902929f57d8b2f1c0a8fe3516980_Application_GTSPOON.csv,120,0.05853658536585366,2.439317023759813
