file,nrBest,proportionBest,entropyNrActions
nr_97_id_32_08cd71a07a67c43be3453eb8e3267d0c052f0c12_ImageAdapter_GTSPOON.csv,1050,0.5121951219512195,2.1845726691731446
