file,nrBest,proportionBest,entropyNrActions
nr_222_id_12_0272bb9d8bf92513e75722b17f362c7925c306d8_Spark_GTSPOON.csv,661,0.3224390243902439,1.5140402389718388
