file,nrBest,proportionBest,entropyNrActions
nr_15_id_28_00bbf1af59fcfd3bd2af201b694495e05cd75724_GraphHelper_GTSPOON.csv,1908,0.9307317073170732,0.40126485763841113
