file,nrBest,proportionBest,entropyNrActions
nr_100_id_32_0910c7994453282358d97ed420d2ac98be9e100f_IpAddressList_GTSPOON.csv,1928,0.9404878048780487,0.3765793842039265
