file,nrBest,proportionBest,entropyNrActions
nr_398_id_26_0d89bc66485938870df78f47d924a3406f1634ed_YamlManager_GTSPOON.csv,560,0.2731707317073171,2.9779016113035506
