file,nrBest,proportionBest,entropyNrActions
nr_229_id_15_0441957292082f4d93f2784bec7b3eaa14dfdf12_Main_GTSPOON.csv,1216,0.593170731707317,1.7876746276208229
