file,nrBest,proportionBest,entropyNrActions
nr_192_id_25_065d106623444d41dc22fa3936cf00762e43e3d0_AllWorkingTests_GTSPOON.csv,1814,0.8848780487804878,0.5234464541681481
