file,nrBest,proportionBest,entropyNrActions
nr_52_id_23_01c015c2e96a44083d4bd3cb05024587ca039923_PiEstimatorHybridBSP_GTSPOON.csv,20,0.00975609756097561,2.8523054006351862
