file,nrBest,proportionBest,entropyNrActions
nr_107_id_16_0215e1dc03df29e0915be920408400673d0aaf68_XMLEntityManager_GTSPOON.csv,2,0.000975609756097561,2.8823473103683734
