file,nrBest,proportionBest,entropyNrActions
nr_88_id_11_011f27663480ec1170809fd56dd310bb33da4a0c_PersistedEntry_GTSPOON.csv,1805,0.8804878048780488,0.6719305566217758
