file,nrBest,proportionBest,entropyNrActions
nr_196_id_22_04e385810161429c0d949fdcbe20c8f5bec50300_Person_GTSPOON.csv,1191,0.5809756097560975,1.828410094636071
