file,nrBest,proportionBest,entropyNrActions
nr_254_id_27_0b195b640d195663b6ede6d06b19f03ea49e92b9_Salt_GTSPOON.csv,1622,0.791219512195122,1.0134528244764083
