file,nrBest,proportionBest,entropyNrActions
nr_540_id_30_2090a85528a66cdfed3c5116825de96e521749f6_Quadtree_GTSPOON.csv,1484,0.7239024390243902,1.2205011590381514
