file,nrBest,proportionBest,entropyNrActions
nr_527_id_12_05c21e129c34f5c1e33fbfa55d94b8f88e038c32_XmlWriter_GTSPOON.csv,1835,0.8951219512195122,0.5602046546470779
