file,nrBest,proportionBest,entropyNrActions
nr_371_id_8_0310c3f13d3e452a4cc56f3df2a8d4e0001d25ef_LatinIME_GTSPOON.csv,167,0.08146341463414634,3.0165062202664275
