file,nrBest,proportionBest,entropyNrActions
nr_115_id_33_0f227a3e34fb7ecb0434f6aa6ce49d694f771203_ObjectIntMap_GTSPOON.csv,29,0.014146341463414635,2.0994096068354455
