file,nrBest,proportionBest,entropyNrActions
nr_283_id_27_0c6c1841c08965fff889cb5dfdf3df5bbe96fe21_Solver_GTSPOON.csv,191,0.09317073170731707,1.4315432232706555
