file,nrBest,proportionBest,entropyNrActions
nr_34_id_10_00549a7ddb3679329a01979131cadd032e9c9dbb_CommcareGatewayIT_GTSPOON.csv,1520,0.7414634146341463,1.1738681656026553
