file,nrBest,proportionBest,entropyNrActions
nr_410_id_25_0e30596a6b5fbe0cdd3b7193842ab801976951e6_MailUtil_GTSPOON.csv,1727,0.8424390243902439,0.8033376596990333
