file,nrBest,proportionBest,entropyNrActions
nr_311_id_14_04b386ad3e69caddd048a2a725711b772c4e4989_HistoricVariableUpdate_GTSPOON.csv,2028,0.9892682926829268,0.06973436079643686
