file,nrBest,proportionBest,entropyNrActions
nr_124_id_25_042803e1055e5355771a06dbac770827dd752ce9_NavServlet_GTSPOON.csv,1636,0.7980487804878049,0.9439329433560223
