file,nrBest,proportionBest,entropyNrActions
nr_196_id_4_00afca3547c5ddc0716a015c02c536535ec6b5e3_VDMOV_GTSPOON.csv,1838,0.8965853658536586,0.580305726108037
