file,nrBest,proportionBest,entropyNrActions
nr_87_id_11_011bb6324fd17f3a7fafac983b3c7f319b8572b2_LuaCompat_GTSPOON.csv,286,0.13951219512195123,2.6441661473634093
