file,nrBest,proportionBest,entropyNrActions
nr_374_id_38_f84643e014da889989e2aa91e648e7abfb3192e7_NexsonReader_GTSPOON.csv,542,0.26439024390243904,2.4099933187838714
