file,nrBest,proportionBest,entropyNrActions
nr_20_id_10_002995ead8bd3813399aada3f01877cab55f1661_FrameContainer_GTSPOON.csv,11,0.005365853658536586,1.6248303232289747
