file,nrBest,proportionBest,entropyNrActions
nr_26_id_14_0073760d3de569a117367e075642fc05b809470c_DebuggerPatternMatchListener_GTSPOON.csv,1737,0.8473170731707317,0.793273746620869
