file,nrBest,proportionBest,entropyNrActions
nr_35_id_2_0013a01567ff665dfc284ad8e34951ac14222486_LocalAuthorityResource_GTSPOON.csv,1653,0.8063414634146342,0.9419138607665958
