file,nrBest,proportionBest,entropyNrActions
nr_28_id_26_0100c74f97fb10994c2d2529e9cd27d7185ab5b6_ExperienceActivity_GTSPOON.csv,51,0.024878048780487806,1.3476886721646375
