file,nrBest,proportionBest,entropyNrActions
nr_246_id_21_065c47975291072586395f72904be0d3101334a8_KeyUtil_GTSPOON.csv,829,0.40439024390243905,1.9131084493686101
