file,nrBest,proportionBest,entropyNrActions
nr_454_id_11_063d6b2400fe3b2807a403448ee69527f02c9aa0_Player_GTSPOON.csv,362,0.17658536585365853,2.4872590155706167
