file,nrBest,proportionBest,entropyNrActions
nr_406_id_26_0dd89192eb3bc2e7936679f6c7f980c6f46a45a4_Elector_GTSPOON.csv,168,0.08195121951219513,2.6552294236299545
