file,nrBest,proportionBest,entropyNrActions
nr_168_id_25_05b43a2f419485c2a2d0184d7a55f9844595162a_OpenRocketSaver_GTSPOON.csv,617,0.30097560975609755,2.257863428800396
