file,nrBest,proportionBest,entropyNrActions
nr_394_id_26_0d6b9d867e20258f556c2699002ce0e42d827927_VMLibraryBlock_GTSPOON.csv,319,0.15560975609756098,2.59278747097214
