file,nrBest,proportionBest,entropyNrActions
nr_204_id_18_040392dec0e2c4bea9809113c4411da7ed5537ad_Watchdog_GTSPOON.csv,1093,0.5331707317073171,2.120797909835693
