file,nrBest,proportionBest,entropyNrActions
nr_409_id_4_019e972b63b31a3922edb3d9274426e8a6e8612d_ReplicationHLog_GTSPOON.csv,1908,0.9307317073170732,0.43279205640479684
