file,nrBest,proportionBest,entropyNrActions
nr_228_id_25_07619dbf0390d518b79648ac40ce80c72803c80d_NewEvent_GTSPOON.csv,83,0.04048780487804878,3.252443574209831
