file,nrBest,proportionBest,entropyNrActions
nr_622_id_2_01557022d844e5e5fcbcd8417c1fbbe3d70fee73_Requirement_GTSPOON.csv,1181,0.5760975609756097,1.6929189036340426
