file,nrBest,proportionBest,entropyNrActions
nr_282_id_18_059dc2ec394b0b8b1253900b0d1165077f54f962_ValidationErrorView_GTSPOON.csv,1397,0.6814634146341464,1.2727796866792846
