file,nrBest,proportionBest,entropyNrActions
nr_325_id_20_065a9ea4d998ef79f98f4431a6283c3f0e609172_LwjglDisplay_GTSPOON.csv,340,0.16585365853658537,1.5756370064479155
