file,nrBest,proportionBest,entropyNrActions
nr_308_id_14_04a0ed54e7b17fd95ce9836d93c483289e9ded57_HowToUseGeocell_GTSPOON.csv,252,0.12292682926829268,1.2008218997639744
