file,nrBest,proportionBest,entropyNrActions
nr_408_id_4_019c9315ff7dc463c2db28074f08021e030ffdcb_Widget_GTSPOON.csv,916,0.44682926829268294,1.871107659049753
