file,nrBest,proportionBest,entropyNrActions
nr_289_id_14_0450b2b17c7d462e28d8ecb72bcbdb39a5378f63_NoiseMaker_GTSPOON.csv,1272,0.6204878048780488,1.7528231441147555
