file,nrBest,proportionBest,entropyNrActions
nr_73_id_3_008963b6990ab3cdf4b9c45283c710689df4b901_Turn_GTSPOON.csv,200,0.0975609756097561,2.4862107551896604
