file,nrBest,proportionBest,entropyNrActions
nr_8_id_7_000b9dbf2eaf1793855cfe61fc77259ba21605a5_Filler_GTSPOON.csv,279,0.13609756097560977,2.4620671002299845
