file,nrBest,proportionBest,entropyNrActions
nr_229_id_22_05d24a5c187c269e7798b0627796616fd695eb1d_Loop_GTSPOON.csv,1931,0.9419512195121951,0.3646940183191779
