file,nrBest,proportionBest,entropyNrActions
nr_395_id_7_041d1dd1d3b9e63350835dd6d333fdca45802475_Navigator_GTSPOON.csv,5,0.0024390243902439024,1.8279413159545306
