file,nrBest,proportionBest,entropyNrActions
nr_472_id_36_79131275de12b54e0c25365e18e65d4160bea93d_ModisSensorConfigTest_GTSPOON.csv,1307,0.6375609756097561,1.548763119076579
