file,nrBest,proportionBest,entropyNrActions
nr_207_id_3_017276efe3de33e7ac60246892bd80722fa31ab2_ExecPNFactoryImpl_GTSPOON.csv,2023,0.9868292682926829,0.09607673393265669
