file,nrBest,proportionBest,entropyNrActions
nr_465_id_37_d498c3014f32661444c9b56be1ab3ffb2d1063c5_IssueHelper_GTSPOON.csv,975,0.47560975609756095,0.37118179820604136
