file,nrBest,proportionBest,entropyNrActions
nr_210_id_35_2873a53600fe38ae90a86a2bf035ebd364716fce_Styliser_GTSPOON.csv,336,0.16390243902439025,2.965876940989517
