file,nrBest,proportionBest,entropyNrActions
nr_60_id_22_014b73f6b8566966f12cc03b78bd2306d33e3520_Client_GTSPOON.csv,2005,0.9780487804878049,0.13891373614126884
