file,nrBest,proportionBest,entropyNrActions
nr_321_id_22_081caaa34ab5af0694087c3203e39be25797455a_GoogleAccountLogin_GTSPOON.csv,1475,0.7195121951219512,1.3497210587916126
