file,nrBest,proportionBest,entropyNrActions
nr_356_id_23_0b6dc5c407e785653cebb65d698f3a8d6004bf67_ResourceProxy_GTSPOON.csv,1848,0.9014634146341464,0.5488360327296624
