file,nrBest,proportionBest,entropyNrActions
nr_197_id_6_014f8078e6869beacc661d51988af39dc8b85450_KeyExplorer_GTSPOON.csv,176,0.08585365853658537,2.7486680090977007
