file,nrBest,proportionBest,entropyNrActions
nr_396_id_4_0194d505fa37fae0423e5bf5e14227dd5f5785f3_XMIWriter2_GTSPOON.csv,174,0.08487804878048781,3.0163789282671
