file,nrBest,proportionBest,entropyNrActions
nr_112_id_29_06759783f51a6f745d367c80dd3bfff59cfcd6a4_Group_GTSPOON.csv,1938,0.9453658536585365,0.3506375527614658
