file,nrBest,proportionBest,entropyNrActions
nr_130_id_11_019df24ac7b91230136efed3aa6bd92769545827_ErrorController_GTSPOON.csv,1615,0.7878048780487805,1.124134737520777
