file,nrBest,proportionBest,entropyNrActions
nr_307_id_12_0354047d18275c78079689f6a4c321b6b8482f83_JsonParser_GTSPOON.csv,1342,0.6546341463414634,1.5982263014051457
