file,nrBest,proportionBest,entropyNrActions
nr_60_id_39_6242f88a54215d5386fd65003d37495efd41c2b9_JavaDebugOptionsManager_GTSPOON.csv,32,0.015609756097560976,3.399157797257495
