file,nrBest,proportionBest,entropyNrActions
nr_510_id_8_042cef074f7eb0e60c222507c0c7734c5fc0bc4b_BackendPage_GTSPOON.csv,2030,0.9902439024390244,0.06566691402351457
