file,nrBest,proportionBest,entropyNrActions
nr_146_id_3_00f7286376c94213b220e9f0fb3e4e27faa71a5d_EHCache_GTSPOON.csv,217,0.10585365853658536,1.8399188217756004
