file,nrBest,proportionBest,entropyNrActions
nr_466_id_5_03d2056cc3374bccf020637293110261139a8c34_CommandArgs_GTSPOON.csv,161,0.07853658536585366,1.4698819012889768
