file,nrBest,proportionBest,entropyNrActions
nr_298_id_24_094486676a63eee1b0e27fdacd81928b6c1a762e_FPlayer_GTSPOON.csv,367,0.17902439024390243,2.8158597307167774
