file,nrBest,proportionBest,entropyNrActions
nr_484_id_25_11393b3b612925f7acf0dfa34764420c72aedd7e_BlogEntryPanel_GTSPOON.csv,1330,0.6487804878048781,1.5032542313440915
