file,nrBest,proportionBest,entropyNrActions
nr_221_id_30_0d72b38792eb1af395ef20de1309a1f8a21b93f2_FarragoQueryTest_GTSPOON.csv,1757,0.8570731707317073,0.7292400543047222
