file,nrBest,proportionBest,entropyNrActions
nr_35_id_8_004918061a2bcafbfe4a8155e68bb369330abeb4_Splash_GTSPOON.csv,2024,0.9873170731707317,0.09676618250922113
