file,nrBest,proportionBest,entropyNrActions
nr_378_id_27_1126213fa684730be246c372566a95486e2f3ba9_Project_GTSPOON.csv,120,0.05853658536585366,3.4753358291203
