file,nrBest,proportionBest,entropyNrActions
nr_457_id_11_06506fed3ad33981810ac780bb8c1779e759dcfa_SlidingPaneLayout_GTSPOON.csv,14,0.006829268292682927,3.0172270116375084
