file,nrBest,proportionBest,entropyNrActions
nr_63_id_37_1ab68abf768b96ce60c64a0d611f66aae675bf08_Music_GTSPOON.csv,400,0.1951219512195122,2.452253814416414
