file,nrBest,proportionBest,entropyNrActions
nr_270_id_18_05751c8ed2104c66cce5b7045e9e68886b60a590_GDataWrapper_GTSPOON.csv,1243,0.6063414634146341,1.778791180809876
