file,nrBest,proportionBest,entropyNrActions
nr_522_id_36_837fd661a653c0143ab681a2da826cf497329cc3_VirusScanFilter_GTSPOON.csv,1593,0.7770731707317073,1.0613239439153583
