file,nrBest,proportionBest,entropyNrActions
nr_459_id_2_00f3d440a724d485bd5ac2c26b98b220c9709f12_LargeRowTest_GTSPOON.csv,1746,0.8517073170731707,0.7912973217677188
