file,nrBest,proportionBest,entropyNrActions
nr_586_id_4_024d7b2317e6480ada9549e5f5c3ce30b39efb12_View2DEntity_GTSPOON.csv,26,0.012682926829268294,3.317841313973725
