file,nrBest,proportionBest,entropyNrActions
nr_2_id_18_0002254ff2fbbacba3d24564293be8e285aea540_KDSegTester_GTSPOON.csv,1800,0.8780487804878049,0.6716246849619605
