file,nrBest,proportionBest,entropyNrActions
nr_333_id_17_0698316fd713fe89c5ba25c05c3608d55cc8895e_For_GTSPOON.csv,540,0.2634146341463415,1.312450683660877
