file,nrBest,proportionBest,entropyNrActions
nr_559_id_33_42e6c885f605299470b14574876d2acfca5e0a74_MavenProjectRepository_GTSPOON.csv,277,0.1351219512195122,2.330092711245223
