file,nrBest,proportionBest,entropyNrActions
nr_28_id_11_004562244932dd30ac94f0dcd1687623c021abd0_InGameController_GTSPOON.csv,140,0.06829268292682927,2.6422381946007922
