file,nrBest,proportionBest,entropyNrActions
nr_226_id_15_042c9d6a1282583f50b55efe91e6fda7bcee6498_PartEditPart_GTSPOON.csv,1224,0.5970731707317073,1.6476570191790938
