file,nrBest,proportionBest,entropyNrActions
nr_581_id_7_06084b9e3464ede436153d90374ce4c03ba01673_InstallerBase_GTSPOON.csv,1147,0.5595121951219513,1.8197806076930316
