file,nrBest,proportionBest,entropyNrActions
nr_437_id_11_06120f320cf47d0abf71cc98465ec23efb5c92b0_PlateManager_GTSPOON.csv,1448,0.7063414634146341,1.322702450556951
