file,nrBest,proportionBest,entropyNrActions
nr_414_id_13_05ff98fabc776556960a77258379145fb6fc5eee_ServerTrader_GTSPOON.csv,5,0.0024390243902439024,3.2272292589915983
