file,nrBest,proportionBest,entropyNrActions
nr_291_id_37_80b79e627b16a0587f4eb01274bc440cec995c6e_About_GTSPOON.csv,1900,0.926829268292683,0.42434623220800377
