file,nrBest,proportionBest,entropyNrActions
nr_309_id_36_5086b13012fc7bd36c852534934311ec644409e0_JSPRootHyperlinkPartitioner_GTSPOON.csv,12,0.005853658536585366,2.104602965159503
