file,nrBest,proportionBest,entropyNrActions
nr_465_id_12_0502c0eea33371b2c1510e90c0681aa89068631f_InventoryItemStack_GTSPOON.csv,1566,0.7639024390243903,1.1396167448689636
