file,nrBest,proportionBest,entropyNrActions
nr_264_id_9_032d3b48ea16bb868f17cf70b33eefd456ed260e_Handtrack_GTSPOON.csv,26,0.012682926829268294,2.6418485105325313
