file,nrBest,proportionBest,entropyNrActions
nr_338_id_32_1de6026bd2f5b63a760e741c6ffcac68a0f34603_HomeActivity_GTSPOON.csv,894,0.43609756097560975,2.2037035322136345
