file,nrBest,proportionBest,entropyNrActions
nr_248_id_30_0f75007d8ee17c509b962b5384c2d3799686c3bb_NetworkCommand_GTSPOON.csv,939,0.4580487804878049,2.439196153672585
