file,nrBest,proportionBest,entropyNrActions
nr_541_id_7_059ea62f462af8913b614a35ad301e25fc98b51d_TestOutputPlugin_GTSPOON.csv,17,0.008292682926829269,1.2252418544308608
