file,nrBest,proportionBest,entropyNrActions
nr_551_id_11_07db328415b992b8de85b1cd4268252ba04b390f_MavenModuleSetBuild_GTSPOON.csv,7,0.0034146341463414634,3.434380567562246
