file,nrBest,proportionBest,entropyNrActions
nr_336_id_1_03fe5c2dc04e8185436a2bff0051f1d54b465dc0_RPNStack_GTSPOON.csv,415,0.20243902439024392,2.589731425698396
