file,nrBest,proportionBest,entropyNrActions
nr_88_id_26_03405c5d2e98667d1ada34509119579cb4e65e2b_LocalEventListener_GTSPOON.csv,1870,0.9121951219512195,0.5601770001494365
