file,nrBest,proportionBest,entropyNrActions
nr_8_id_16_003e7e2251c6f4c8693380f7356d6a39113b8cd3_JReaderTest_GTSPOON.csv,1600,0.7804878048780488,0.7769163131644645
