file,nrBest,proportionBest,entropyNrActions
nr_4_id_10_0004a4548acb551c2be1611080df30f6856c4c72_ASTwhile_statement_GTSPOON.csv,1818,0.8868292682926829,0.42623990201769585
