file,nrBest,proportionBest,entropyNrActions
nr_479_id_14_06dd7e509e5c51a77b5de41b9184613527efa779_InstructionsPage_GTSPOON.csv,1744,0.8507317073170731,0.6589589645217907
