file,nrBest,proportionBest,entropyNrActions
nr_346_id_19_08398b40e07ce842639543ce56d4740d5f652ff9_Segment_GTSPOON.csv,66,0.03219512195121951,2.1096343062976404
