file,nrBest,proportionBest,entropyNrActions
nr_275_id_32_17b791ac4dc7867f52cbbaab34d4abb545d413d0_WeakRef_GTSPOON.csv,1905,0.9292682926829269,0.46403116475819367
