file,nrBest,proportionBest,entropyNrActions
nr_344_id_9_041bef66104124498a0d593ce22880b2d526a0c4_SqsQueueSpout_GTSPOON.csv,1848,0.9014634146341464,0.5530968143910446
