file,nrBest,proportionBest,entropyNrActions
nr_107_id_29_061b74e92b0fbe31262a51bd86b42f26bdfc820c_DerbyDatabase_GTSPOON.csv,80,0.03902439024390244,0.9445577374621547
