file,nrBest,proportionBest,entropyNrActions
nr_339_id_18_06a415083fd85dc6aa41eaadc11f11eff79746d9_Undeploy_GTSPOON.csv,994,0.4848780487804878,1.8371647299282161
