file,nrBest,proportionBest,entropyNrActions
nr_494_id_5_040b084f04778c2a1550fe865e5348f421307c02_Protocol_GTSPOON.csv,385,0.1878048780487805,0.914096089226527
