file,nrBest,proportionBest,entropyNrActions
nr_491_id_21_0c573cab0790e848ce39d615030b7c538f0bc08a_Jsdoc_GTSPOON.csv,1641,0.8004878048780488,1.0579825068163433
