file,nrBest,proportionBest,entropyNrActions
nr_56_id_13_00e53ce70a2c5815d9478f64c0ea68405b5e64d0_TestConfigUtil_GTSPOON.csv,1749,0.853170731707317,0.7726749606117903
