file,nrBest,proportionBest,entropyNrActions
nr_224_id_23_0759532259d546fdd4b44e61d2e09319ea854e1e_MetadataDictionary_GTSPOON.csv,1167,0.5692682926829268,1.9244181176987916
