file,nrBest,proportionBest,entropyNrActions
nr_155_id_37_47d13b82b884116974c21edd064ebe2f55b0dfb9_SimpleFrontEnd_GTSPOON.csv,1249,0.6092682926829268,1.7503256218624954
