file,nrBest,proportionBest,entropyNrActions
nr_211_id_15_03f7fd388b51062b92099f0bef03c4f2d158d867_FIXMessageUtilTest_GTSPOON.csv,1283,0.6258536585365854,1.6244682452802726
