file,nrBest,proportionBest,entropyNrActions
nr_534_id_14_07a1064d5219e28769a1e362f4e70153b6308cc0_Chatty_GTSPOON.csv,2000,0.975609756097561,0.16132782922563865
