file,nrBest,proportionBest,entropyNrActions
nr_195_id_38_824b6963bd54b0b11def75e5fa65086281cf462e_FieldInfo_GTSPOON.csv,129,0.06292682926829268,2.0471014556790927
