file,nrBest,proportionBest,entropyNrActions
nr_284_id_12_03199267b9877cc3f898dacb0160bf63e78c0da5_ArgumentParser_GTSPOON.csv,1724,0.8409756097560975,0.8819098379249685
