file,nrBest,proportionBest,entropyNrActions
nr_472_id_18_08d09819fc9238e3562c7a46dd9fff237b190573_ItemFragmentView_GTSPOON.csv,2020,0.9853658536585366,0.10542985090382379
