file,nrBest,proportionBest,entropyNrActions
nr_649_id_6_04032d4b63ffd7b93421536035ca45aa90a09d6c_PhoneWindowManager_GTSPOON.csv,162,0.07902439024390244,3.1161016492430855
