file,nrBest,proportionBest,entropyNrActions
nr_352_id_3_0254680cf0c02aa681dc15e24990d8e5f13a3566_AssetManager_GTSPOON.csv,1470,0.7170731707317073,1.3493252887665717
