file,nrBest,proportionBest,entropyNrActions
nr_23_id_3_00391417790ce9d169ed720d55045ba4da5427ec_TableDef_GTSPOON.csv,149,0.07268292682926829,2.6771728617798347
