file,nrBest,proportionBest,entropyNrActions
nr_242_id_8_020769b650ed14b89dc6710f7bca7f837dd3cf13_UnitDimension_GTSPOON.csv,1920,0.9365853658536586,0.41579212509715624
