file,nrBest,proportionBest,entropyNrActions
nr_208_id_36_34b1a85a575362b14f9eb10e1d1071f0cac3cffe_StatsWindow_GTSPOON.csv,43,0.020975609756097562,3.897764993539414
