file,nrBest,proportionBest,entropyNrActions
nr_411_id_32_2372cc514f25942dfe4ca763c415f5f54dc7e4c1_Main_GTSPOON.csv,193,0.09414634146341463,3.4165364260594
