file,nrBest,proportionBest,entropyNrActions
nr_261_id_7_02c8f348933077d53ccd82e4923adab2fbb23a5d_OpenSSLDigest_GTSPOON.csv,1800,0.8780487804878049,0.7056474142102293
