file,nrBest,proportionBest,entropyNrActions
nr_48_id_11_00856011e2523af3ea93e92fd98867c8e4b8f6a6_BridgeEndPoint_GTSPOON.csv,1939,0.9458536585365853,0.337787072209294
