file,nrBest,proportionBest,entropyNrActions
nr_373_id_13_0561b342f5b2903fd3c8f69df75845818ecd45db_EluateController_GTSPOON.csv,1513,0.7380487804878049,1.281002635324847
