file,nrBest,proportionBest,entropyNrActions
nr_315_id_5_0293f53e9e87101a69cb94e5111f5f0920ed97b4_StackMachine_GTSPOON.csv,12,0.005853658536585366,1.6207330410744745
