file,nrBest,proportionBest,entropyNrActions
nr_320_id_32_1bd163f7426c25db8bd6bb4e65a6a018c99664e5_OpenflowUtils_GTSPOON.csv,1754,0.855609756097561,0.7302802338158622
