file,nrBest,proportionBest,entropyNrActions
nr_452_id_32_27946ede337bd071aec83c96e4a7242ccc62d5a5_MongoDBRiver_GTSPOON.csv,57,0.027804878048780488,3.2613983227488283
