file,nrBest,proportionBest,entropyNrActions
nr_401_id_3_02a492dcc62bad92385ba2d473f55661ba1396a3_Gui_GTSPOON.csv,444,0.21658536585365853,2.520973379362827
