file,nrBest,proportionBest,entropyNrActions
nr_405_id_28_11d3963792cd30799723350d87b10262c907d077_MergeWizardPage_GTSPOON.csv,1206,0.5882926829268292,1.7614237775528765
