file,nrBest,proportionBest,entropyNrActions
nr_337_id_32_1da4a6458ffcdf1df03532c31828e252bd5b5b55_Player_GTSPOON.csv,1200,0.5853658536585366,1.4028328673883468
