file,nrBest,proportionBest,entropyNrActions
nr_189_id_18_03a0fe1612a2019b60d21f930801aa87dc03f1eb_LShape_GTSPOON.csv,170,0.08292682926829269,3.1612548467855675
