file,nrBest,proportionBest,entropyNrActions
nr_98_id_26_0395073f77cff48224dad623f52652be4c9d27de_ConstDecl_GTSPOON.csv,180,0.08780487804878048,2.098027647931276
