file,nrBest,proportionBest,entropyNrActions
nr_223_id_29_0cce594111c848e6a909d7fe9ee672ac8d40570a_DOMTestCase_GTSPOON.csv,1479,0.7214634146341463,1.1839871105504418
