file,nrBest,proportionBest,entropyNrActions
nr_382_id_6_02522ed607cc4faa95595799af97cfce0c1e5afd_Blog_GTSPOON.csv,291,0.1419512195121951,2.6707372644183653
