file,nrBest,proportionBest,entropyNrActions
nr_466_id_14_06b6e35484dd6c3da46615f05567a097f5c9dce6_yacySearch_GTSPOON.csv,1018,0.49658536585365853,1.9157479489151654
