file,nrBest,proportionBest,entropyNrActions
nr_604_id_11_08beda23657b7e9ee66a0768462920d641317e92_S3Client_GTSPOON.csv,1345,0.6560975609756098,1.6021477183325445
