file,nrBest,proportionBest,entropyNrActions
nr_67_id_22_015f8c9d0949c6a7318f93e41fe5eb23ba72ded2_AbstractAgent_GTSPOON.csv,114,0.055609756097560976,2.9405145518790077
