file,nrBest,proportionBest,entropyNrActions
nr_73_id_13_01135a678442f349222dd99e8ef8d206b213869e_EventScanner_GTSPOON.csv,998,0.4868292682926829,2.5508464537810687
