file,nrBest,proportionBest,entropyNrActions
nr_442_id_35_574354d577c8e20e94a7ef82c996500cd364914c_StyleTest_GTSPOON.csv,1938,0.9453658536585365,0.31129534020120975
