file,nrBest,proportionBest,entropyNrActions
nr_425_id_18_07e7b370464074d9ab563df5ad63f1fa3b2dd3c1_Messages_GTSPOON.csv,1948,0.9502439024390243,0.28773669649875505
