file,nrBest,proportionBest,entropyNrActions
nr_253_id_21_0681d01922fe3bdb1602e16ea6f9168396538c3f_CreateActivityTest_GTSPOON.csv,2000,0.975609756097561,0.15655839629492557
