file,nrBest,proportionBest,entropyNrActions
nr_452_id_16_081d4360d77999bad3685e222d116278781fc31e_NativeCryptoTest_GTSPOON.csv,152,0.07414634146341463,2.667709475156328
