file,nrBest,proportionBest,entropyNrActions
nr_225_id_28_09bc86e85dd10ba3b8825016719d706fabad7663_Explosion_GTSPOON.csv,1622,0.791219512195122,0.9956076188887234
