file,nrBest,proportionBest,entropyNrActions
nr_111_id_34_11c7f67f10a3193335e9951963c5031479e6bc4a_IntegerDefinition_GTSPOON.csv,1630,0.7951219512195122,0.9734012877846909
