file,nrBest,proportionBest,entropyNrActions
nr_284_id_19_06d58775be825e1eb968c5041d2f36675036e02d_RPChatCommandExecutor_GTSPOON.csv,1313,0.6404878048780488,1.5678725849007518
