file,nrBest,proportionBest,entropyNrActions
nr_533_id_35_65fd28fb3692f14254e69729f69aa0aa0b915274_PrivacyBean_GTSPOON.csv,54,0.026341463414634145,2.0850068165497833
