file,nrBest,proportionBest,entropyNrActions
nr_185_id_22_0474096c55de6667d4a03fa9b623a04bc793e321_AutoShoot_GTSPOON.csv,2014,0.9824390243902439,0.1094047907455735
