file,nrBest,proportionBest,entropyNrActions
nr_452_id_30_1ba057f7edd8a81d4691543ed6b461664a9c9601_ModFileHandler_GTSPOON.csv,270,0.13170731707317074,2.535091858973888
