file,nrBest,proportionBest,entropyNrActions
nr_447_id_34_3dcc5a9cdfbebe03f15ecf7516084064e6648939_ClientIssueTest_GTSPOON.csv,1051,0.5126829268292683,1.9153258931434123
