file,nrBest,proportionBest,entropyNrActions
nr_47_id_24_0173ab77f41dd02eb3b800bf2976ce95910e5cc4_RallyRestApi_GTSPOON.csv,1561,0.7614634146341464,1.1063430432029278
