file,nrBest,proportionBest,entropyNrActions
nr_371_id_15_06d5275cd25f9ccd196c8a95ad47d55a46d20030_Player_GTSPOON.csv,144,0.0702439024390244,3.157181092639889
