file,nrBest,proportionBest,entropyNrActions
nr_458_id_31_200eb5d1a105c13a1ebd434b7dedcf24a5e390a5_User_GTSPOON.csv,1424,0.6946341463414634,1.2839702810936304
