file,nrBest,proportionBest,entropyNrActions
nr_127_id_14_019ef8f819255f88c498b9832524576edaaef41a_Auction_GTSPOON.csv,1315,0.6414634146341464,1.4867925117312366
