file,nrBest,proportionBest,entropyNrActions
nr_570_id_10_057e224c074c5185b9610ecf2b8b050a8d726a58_Items_GTSPOON.csv,2005,0.9780487804878049,0.12836234123034349
