file,nrBest,proportionBest,entropyNrActions
nr_344_id_16_064bfe832d8cfe85ab1b863931daba4c18937020_QuotingTest_GTSPOON.csv,1923,0.9380487804878048,0.31270293277155803
