file,nrBest,proportionBest,entropyNrActions
nr_463_id_27_152e901a5b8f713cc0280cc86f23cef13403462d_MessageTest_GTSPOON.csv,2020,0.9853658536585366,0.09570723178214427
