file,nrBest,proportionBest,entropyNrActions
nr_315_id_24_099e5470ff23c2a62e392c4eb09a59d8f164f7d5_JSTypeSet_GTSPOON.csv,1110,0.5414634146341464,1.9210106813912011
