file,nrBest,proportionBest,entropyNrActions
nr_262_id_7_02c9184892f4cbdd6022e33e0fc92d59c834a606_EvilMemcacheBugTests_GTSPOON.csv,160,0.07804878048780488,1.5628084515412564
