file,nrBest,proportionBest,entropyNrActions
nr_239_id_7_028e18a4840cca4ff68964013728defe336969c3_DownloadAction_GTSPOON.csv,1929,0.9409756097560975,0.38302790089735117
