file,nrBest,proportionBest,entropyNrActions
nr_430_id_21_0ad7c1b97f472e336e8e755a290111a9f7b187fe_ChangesPanel_GTSPOON.csv,364,0.1775609756097561,1.2930494239132795
