file,nrBest,proportionBest,entropyNrActions
nr_488_id_26_106f11163991693a75cd4879365ed60876df729e_NutDao_GTSPOON.csv,80,0.03902439024390244,2.860309304670756
