file,nrBest,proportionBest,entropyNrActions
nr_95_id_22_02113eeb09331197f09125e9614d6b494bf1fb9e_Constants_GTSPOON.csv,1600,0.7804878048780488,0.7518996357966984
