file,nrBest,proportionBest,entropyNrActions
nr_160_id_36_267d4f9614c626c81ca1f9692c79cf51bb64317a_BrowserPanel_GTSPOON.csv,20,0.00975609756097561,3.3087458970478414
