file,nrBest,proportionBest,entropyNrActions
nr_738_id_1_08649a09c2fc6137e04316f2730240b340837ded_ValueString_GTSPOON.csv,1826,0.8907317073170732,0.6217721247907101
