file,nrBest,proportionBest,entropyNrActions
nr_139_id_35_1c72cc1d4a3d239d055e0759a17ed631e53745f1_ChestProtect_GTSPOON.csv,210,0.1024390243902439,1.8719020885639717
