file,nrBest,proportionBest,entropyNrActions
nr_135_id_33_110d61d516dc24b9588498ea6090f5fb12e85d2d_PacketReader_GTSPOON.csv,60,0.02926829268292683,2.7146745261013647
