file,nrBest,proportionBest,entropyNrActions
nr_601_id_2_014b9d3890d2e7d7d0422dbb5e60bdfc69a9e1c2_PointerTool_GTSPOON.csv,177,0.08634146341463414,2.5670342064151774
