file,nrBest,proportionBest,entropyNrActions
nr_299_id_21_07dfcaceb864e4f8bb345fc0c735825156d3a74f_LogFields_GTSPOON.csv,730,0.35609756097560974,1.1818725018482097
