file,nrBest,proportionBest,entropyNrActions
nr_416_id_34_3a7cf58e48ee6d7cd63c030002777d9ee1ca4446_AnnotatedClass_GTSPOON.csv,92,0.0448780487804878,3.2283625969316603
