file,nrBest,proportionBest,entropyNrActions
nr_420_id_26_0e4c7a25ad5585a3253ee017573b24b642f63f08_CarBase_GTSPOON.csv,1576,0.7687804878048781,1.0450650312260512
