file,nrBest,proportionBest,entropyNrActions
nr_292_id_9_03793e2ff91ccfc7d704841783574a695c69f91e_RemotePackagesPage_GTSPOON.csv,1159,0.5653658536585365,1.860727737555399
