file,nrBest,proportionBest,entropyNrActions
nr_442_id_33_36a64c6880e3fbf10e0999495496ce81967643bb_ExtendedSelenium_GTSPOON.csv,1743,0.8502439024390244,0.6579353452279975
