file,nrBest,proportionBest,entropyNrActions
nr_27_id_22_009bd2c26a5a8b5935670e84b2f36244815979dc_CFMetaData_GTSPOON.csv,159,0.0775609756097561,2.737242846610708
