file,nrBest,proportionBest,entropyNrActions
nr_446_id_5_03ad822e8ad2d12c0d21f5751675c562305b3531_CalendarAdapter_GTSPOON.csv,1636,0.7980487804878049,0.9192775563449798
