file,nrBest,proportionBest,entropyNrActions
nr_90_id_9_010f0210c93263d1fa922b5989b128529b81147e_ArchiveBuilder_GTSPOON.csv,137,0.06682926829268293,2.5087526996571556
