file,nrBest,proportionBest,entropyNrActions
nr_514_id_30_1f4a37da16750f1def44344dfdb9748736f79e2d_AssignmentBean_GTSPOON.csv,84,0.04097560975609756,2.534230603976286
