file,nrBest,proportionBest,entropyNrActions
nr_126_id_34_1468ba5735c7b102e760f97d36cd977f72a915a3_SimpleTypeHolderUnitTests_GTSPOON.csv,1938,0.9453658536585365,0.32540848781890824
