file,nrBest,proportionBest,entropyNrActions
nr_22_id_6_002f3970725cc241309f880a15589d16eda9f133_KieSpringOnKarafTest_GTSPOON.csv,1831,0.8931707317073171,0.6495314541934966
