file,nrBest,proportionBest,entropyNrActions
nr_108_id_32_099382e7e717cf94b259aaa19b09188ec290613b_AppointmentController_GTSPOON.csv,5,0.0024390243902439024,0.9666990852835765
