file,nrBest,proportionBest,entropyNrActions
nr_449_id_28_13f1322591c043362a3806fcc6c9cf68792d0b71_AwesomeConstants_GTSPOON.csv,962,0.4692682926829268,2.3099328953468925
