file,nrBest,proportionBest,entropyNrActions
nr_78_id_9_00e2dd1f5dbe4c0344af11e57e3b466e17068a71_InTradeListener_GTSPOON.csv,1661,0.8102439024390244,0.8748864268284696
