file,nrBest,proportionBest,entropyNrActions
nr_722_id_5_06094da6e91871d295a4085d81808f5d4d4f11cd_TopicServlet_GTSPOON.csv,1908,0.9307317073170732,0.4197541415065877
