file,nrBest,proportionBest,entropyNrActions
nr_34_id_19_00ed3086718ed0fec9a5565406a2772f130379d4_FoldingBuilder_GTSPOON.csv,1552,0.7570731707317073,1.1693307758072131
