file,nrBest,proportionBest,entropyNrActions
nr_15_id_21_0092a958500d1a9f851734b891befea87539aafb_FlatFileXMLReader_GTSPOON.csv,1925,0.9390243902439024,0.3796890851802228
