file,nrBest,proportionBest,entropyNrActions
nr_295_id_25_09dbec77dc3956d046812225aa4a3a22147c0f2b_RPCCopy_GTSPOON.csv,1848,0.9014634146341464,0.5556191251332391
