file,nrBest,proportionBest,entropyNrActions
nr_175_id_14_025fc6dee273013418ecb4a61278048b02660f2c_TestParser_GTSPOON.csv,1729,0.8434146341463414,0.8341155043531817
