file,nrBest,proportionBest,entropyNrActions
nr_126_id_8_011fd824e2baf00c5f2b2419e34903015f7d5e90_GameConnection_GTSPOON.csv,1532,0.7473170731707317,1.2326116501260034
