file,nrBest,proportionBest,entropyNrActions
nr_224_id_19_05702270a7a152bc7e299d80e16e78ba75c099a8_AccountNetworkClient_GTSPOON.csv,1085,0.5292682926829269,1.9967690642040106
