file,nrBest,proportionBest,entropyNrActions
nr_104_id_32_096d678b905da40b08310f61887122a88ee95d03_BasePartial_GTSPOON.csv,907,0.4424390243902439,0.6910359491842789
