file,nrBest,proportionBest,entropyNrActions
nr_419_id_11_05b976a5e256258c07ab333e430109c70474a88a_SignInteractListener_GTSPOON.csv,1829,0.8921951219512195,0.6226205771295742
