file,nrBest,proportionBest,entropyNrActions
nr_128_id_14_01a082cb97526072a1a53f58373c45cee9fbce71_QueryIOManager_GTSPOON.csv,1545,0.7536585365853659,1.2393542962207185
