file,nrBest,proportionBest,entropyNrActions
nr_284_id_20_056949fff238b3938146d827645d55c706cc2327_SimpleResource_GTSPOON.csv,2025,0.9878048780487805,0.08999170501398362
