file,nrBest,proportionBest,entropyNrActions
nr_233_id_9_02c8c8131bacff22f85a3f36020931e0dd3b30f4_FCPInterface_GTSPOON.csv,417,0.20341463414634145,2.498229960304066
