file,nrBest,proportionBest,entropyNrActions
nr_459_id_35_58ed60b8d32b548cb56d1978d83bc1467e441168_TestBlobExtractor_GTSPOON.csv,1575,0.7682926829268293,1.0263655246951569
