file,nrBest,proportionBest,entropyNrActions
nr_473_id_14_06c47a95a0d3e07e0598ce1b282b7192029b882a_HasPermission_GTSPOON.csv,1638,0.7990243902439025,0.9326809558455744
