file,nrBest,proportionBest,entropyNrActions
nr_100_id_23_02dff955ece68dab77b34b41690fc491399bd488_QueryContext_GTSPOON.csv,1200,0.5853658536585366,1.7078219996923476
