file,nrBest,proportionBest,entropyNrActions
nr_410_id_17_0830de982c11706dd7c11a2b3de41d8450564ac9_GreenTeaScript_GTSPOON.csv,144,0.0702439024390244,3.2604575482524125
