file,nrBest,proportionBest,entropyNrActions
nr_348_id_3_024c3406891f591fd86660ed6e96a86d2ce296b6_Client_GTSPOON.csv,1393,0.6795121951219513,1.3301218420980254
