file,nrBest,proportionBest,entropyNrActions
nr_155_id_31_0b30cac29514b3978896731ba1df6a54fc94e9e4_ContactsProvider2_GTSPOON.csv,177,0.08634146341463414,2.850329676150211
