file,nrBest,proportionBest,entropyNrActions
nr_239_id_32_15514e9d5233bdecf0c3ddf65100e10e5c9da29d_WorldTest_GTSPOON.csv,1909,0.931219512195122,0.4350422417005009
