file,nrBest,proportionBest,entropyNrActions
nr_91_id_23_02a3d69f087ba5ca520846f2ecd4388202ffd5b7_Gate_GTSPOON.csv,209,0.10195121951219512,2.5434705829398756
