file,nrBest,proportionBest,entropyNrActions
nr_464_id_17_094ed3850ee4c6278d9d6d05dc70a6e908a32e86_ClientController_GTSPOON.csv,1815,0.8853658536585366,0.6488360163491681
