file,nrBest,proportionBest,entropyNrActions
nr_340_id_2_00b348644a95a4c6cc6cc958c6daad2010c90790_IRCConnection_GTSPOON.csv,1301,0.6346341463414634,1.5636594124366767
