file,nrBest,proportionBest,entropyNrActions
nr_198_id_13_02d2a9d226c367672181fc7d53ce022f08a8e2cf_ChangeSetPageFactory_GTSPOON.csv,2000,0.975609756097561,0.15894256306258986
