file,nrBest,proportionBest,entropyNrActions
nr_443_id_21_0b5063f253547a3e6994103ddb58644aa6a4107f_SystemInputQueue_GTSPOON.csv,1820,0.8878048780487805,0.6032663878570724
