file,nrBest,proportionBest,entropyNrActions
nr_361_id_32_203c354dee44b3cf4ba367b8c460a5539605e572_ChimeraCleaner_GTSPOON.csv,2,0.000975609756097561,3.3115094094681705
