file,nrBest,proportionBest,entropyNrActions
nr_316_id_10_03033a971b4dd814d9c84b695a30206a8936e7e4_DexInstructionAnalyzer_GTSPOON.csv,630,0.3073170731707317,2.359321456703854
