file,nrBest,proportionBest,entropyNrActions
nr_311_id_17_065a74a344ffb3ea9c7a150b4a616df671ff4261_AdView_GTSPOON.csv,353,0.1721951219512195,2.547579248498118
