file,nrBest,proportionBest,entropyNrActions
nr_419_id_14_0613355c48943abef0f0294f3221f9c29de5c6d0_KNNTests_GTSPOON.csv,5,0.0024390243902439024,0.7919708955183229
