file,nrBest,proportionBest,entropyNrActions
nr_386_id_14_05a5f857d187b9f2253246131465cfc068a9ceb1_Backpack_GTSPOON.csv,108,0.05268292682926829,1.6746310681199794
