file,nrBest,proportionBest,entropyNrActions
nr_350_id_20_06db8e2ed3ea15f63784b19fcd3297ddcc8ef758_Trivia_GTSPOON.csv,1817,0.8863414634146342,0.6371350154350924
