file,nrBest,proportionBest,entropyNrActions
nr_10_id_36_03422a6e680432d6722993bbc97fa1ea39517aac_CmdFlags_GTSPOON.csv,1632,0.7960975609756098,0.9793970347899502
