file,nrBest,proportionBest,entropyNrActions
nr_398_id_29_17157a63ca62abea07b959d03ef9c1bc822e0a6f_Window_GTSPOON.csv,1657,0.8082926829268293,0.9534244876937168
