file,nrBest,proportionBest,entropyNrActions
nr_460_id_15_088728569e235d22a877d74a561f04d3ce5c4860_ProcessData_GTSPOON.csv,1574,0.7678048780487805,1.1377024488354475
