file,nrBest,proportionBest,entropyNrActions
nr_430_id_27_1393a0cf74d6d219d4615cdea1cc1cef59a2dacd_GUI_GTSPOON.csv,216,0.10536585365853658,3.8872096424134748
