file,nrBest,proportionBest,entropyNrActions
nr_130_id_16_027b081e163260d659bd0d0b76333d58547255ca_Applicatie_GTSPOON.csv,1147,0.5595121951219513,2.06389918622755
