file,nrBest,proportionBest,entropyNrActions
nr_229_id_24_07288e6a35fd45db17047f77e1c3115cf63aebea_VectorType_GTSPOON.csv,182,0.08878048780487804,1.8019237941252875
