file,nrBest,proportionBest,entropyNrActions
nr_226_id_25_0756b9b87160d083c905c13dbbabedb1610759c8_TerasologyEngine_GTSPOON.csv,1120,0.5463414634146342,1.7061658537036084
