file,nrBest,proportionBest,entropyNrActions
nr_81_id_10_00a8944610594ee774fb0bc8cfa44920b8c7f9b2_XML2EQ_GTSPOON.csv,556,0.27121951219512197,2.335618719089312
