file,nrBest,proportionBest,entropyNrActions
nr_431_id_7_048b73b8876002af652c930c27a823e05722015e_Tokenizer_GTSPOON.csv,25,0.012195121951219513,3.0748976554921845
