file,nrBest,proportionBest,entropyNrActions
nr_13_id_34_0125582f1b3e26d1065fe5ff94366a84cc063abf_TakeQuizServlet_GTSPOON.csv,1531,0.7468292682926829,1.2387345516091555
