file,nrBest,proportionBest,entropyNrActions
nr_115_id_28_053e500a0e25cabf53139f57dc474a0b28751b91_ViewPager_GTSPOON.csv,165,0.08048780487804878,2.651636047827326
