file,nrBest,proportionBest,entropyNrActions
nr_263_id_12_02d0e581f56214b797ee44a362e07d48e5bc3d79_EncryptedDataEType_GTSPOON.csv,1929,0.9409756097560975,0.33469251824827867
