file,nrBest,proportionBest,entropyNrActions
nr_571_id_11_08233b880bf4eed13d04cd91e189db93a8c5bf70_FilterFactory_GTSPOON.csv,1455,0.7097560975609756,1.2971297510724549
