file,nrBest,proportionBest,entropyNrActions
nr_241_id_24_079c913ae0d35f0cea146c283dfa9a2438032d39_StatementTest_GTSPOON.csv,805,0.3926829268292683,2.099586737274955
