file,nrBest,proportionBest,entropyNrActions
nr_366_id_19_089fd707063380339b1b008c968d539906963a89_CallLogFragment_GTSPOON.csv,108,0.05268292682926829,2.637742660632325
