file,nrBest,proportionBest,entropyNrActions
nr_298_id_31_14e3617ce3e8d26b4b31fb4af294569be118c1eb_NoteEditor_GTSPOON.csv,120,0.05853658536585366,2.728977946663959
