file,nrBest,proportionBest,entropyNrActions
nr_414_id_12_0483ae0a97d5dc2295093302f8779e20912199ac_ClusterEntityManager_GTSPOON.csv,995,0.4853658536585366,2.110143571830694
