file,nrBest,proportionBest,entropyNrActions
nr_162_id_14_022e2c590df102bca92245163fd293d004baf149_Thump_GTSPOON.csv,180,0.08780487804878048,2.6347611489835323
