file,nrBest,proportionBest,entropyNrActions
nr_419_id_7_046ec44fe6b79a145597c5fe342ceaf15987637c_ReferenceDoc_GTSPOON.csv,628,0.30634146341463414,1.6898683840989694
