file,nrBest,proportionBest,entropyNrActions
nr_278_id_16_050798c18a8b43f73903de539c3fabddbd94e30d_PyString_GTSPOON.csv,28,0.013658536585365854,2.74617663315587
