file,nrBest,proportionBest,entropyNrActions
nr_415_id_37_c0dc145914773e8d237f2f920d0155a49e0bfbf1_EmployeeService_GTSPOON.csv,809,0.39463414634146343,2.1981955155844406
