file,nrBest,proportionBest,entropyNrActions
nr_331_id_38_d84264c678808fe5d57d64908189551b86107208_TARDISLightningListener_GTSPOON.csv,114,0.055609756097560976,1.9617085048365412
