file,nrBest,proportionBest,entropyNrActions
nr_526_id_10_0515f8ea4594e84d8ab8334bbec38a9f18826e09_CandidateImpl_GTSPOON.csv,1757,0.8570731707317073,0.7018560981077296
