file,nrBest,proportionBest,entropyNrActions
nr_154_id_28_06ef2f0e30794f35da40467d5753c8256fc5c18e_NetSchem_GTSPOON.csv,28,0.013658536585365854,1.8077942672867313
