file,nrBest,proportionBest,entropyNrActions
nr_245_id_1_02e035b014e9e03c30ad04f64fdf24220586c68b_JFXReformatTask_GTSPOON.csv,200,0.0975609756097561,2.8574800323653156
