file,nrBest,proportionBest,entropyNrActions
nr_331_id_2_00ad2f153b7efe46804d0f18ad643d319ef47ab5_Communication_GTSPOON.csv,1937,0.9448780487804878,0.3147996313083306
