file,nrBest,proportionBest,entropyNrActions
nr_506_id_35_61443bb864b613e408fd803507ef5bdcb4d62a21_FormTest_GTSPOON.csv,1484,0.7239024390243902,1.1258156811748294
