file,nrBest,proportionBest,entropyNrActions
nr_262_id_19_066142833506a7fb0b5f038407215e25b39b7533_AbstractReflectedChoice_GTSPOON.csv,1200,0.5853658536585366,1.7986672045747931
