file,nrBest,proportionBest,entropyNrActions
nr_22_id_21_00c99f7d9a2c43ca4a3a2923ac836d2c955510c1_PushEvent_GTSPOON.csv,20,0.00975609756097561,1.3843235200027018
