file,nrBest,proportionBest,entropyNrActions
nr_454_id_13_06b9747a0c61067f5e30539364658ff34bbaf728_CourseInfoView_GTSPOON.csv,1274,0.6214634146341463,1.674205235524537
