file,nrBest,proportionBest,entropyNrActions
nr_124_id_37_3903503ebf966bd9467f9df89eeba8fb7df63589_ST_LocateAlong_GTSPOON.csv,1821,0.8882926829268293,0.6217698268586755
