file,nrBest,proportionBest,entropyNrActions
nr_258_id_24_082443978595bee3b7907563dc7665f908872e20_MessageListFragment_GTSPOON.csv,166,0.08097560975609756,2.5470144359999356
