file,nrBest,proportionBest,entropyNrActions
nr_595_id_36_9759e9637dc6abb601d31c39912ad482c54928c8_TmfTraceElement_GTSPOON.csv,993,0.484390243902439,1.8508711488838618
