file,nrBest,proportionBest,entropyNrActions
nr_340_id_36_566004632bde968365af464b8414aefc29d13749_DataNamespacesSelectAction_GTSPOON.csv,1530,0.7463414634146341,1.031512940218044
