file,nrBest,proportionBest,entropyNrActions
nr_565_id_12_062c973c67865eabf7be3629e144a5684e3c4bdb_LoggerFactory_GTSPOON.csv,1379,0.6726829268292683,1.4371957870846788
