file,nrBest,proportionBest,entropyNrActions
nr_442_id_21_0b4f312417a80d9fc2dabff833c726feb079afa1_BWFacade_GTSPOON.csv,178,0.08682926829268292,2.505885589531749
