file,nrBest,proportionBest,entropyNrActions
nr_487_id_14_06ed113178c96639250f77dc6952d498bc150636_Installer_GTSPOON.csv,1167,0.5692682926829268,1.8213953049297362
