file,nrBest,proportionBest,entropyNrActions
nr_289_id_15_05607a326e6d048421b087eadba81830f5c5413e_AppointmentsFragment_GTSPOON.csv,898,0.4380487804878049,2.2228889991310266
