file,nrBest,proportionBest,entropyNrActions
nr_107_id_14_01636c2eeeb89cdd05653363f4dadaa13d02ad17_MetaClass_GTSPOON.csv,2025,0.9878048780487805,0.08957070685917613
