file,nrBest,proportionBest,entropyNrActions
nr_71_id_13_010a60e9f8644cdba1f0679ccf7b5bf7875ef681_SignupMeeting_GTSPOON.csv,120,0.05853658536585366,1.9192123315521261
