file,nrBest,proportionBest,entropyNrActions
nr_200_id_1_026e124d0e2a5f15a78a82ef9fbe7c82817c9b33_BodyImpl_GTSPOON.csv,1654,0.806829268292683,1.0398196925275889
