file,nrBest,proportionBest,entropyNrActions
nr_417_id_16_078d6e57e39f3623e6806d1d3ccf87c55bcc335f_PasvAddressTest_GTSPOON.csv,405,0.1975609756097561,0.6249341281038588
