file,nrBest,proportionBest,entropyNrActions
nr_726_id_5_0616264e6b16abb521df57df30c0b8c88fcc241c_WSRPConstants_GTSPOON.csv,1653,0.8063414634146342,0.8953507510296722
