file,nrBest,proportionBest,entropyNrActions
nr_621_id_4_0263090d591a9a65230dd9c858d197e0fb33e19d_ScriptRequirement_GTSPOON.csv,1834,0.8946341463414634,0.5947610378582386
