file,nrBest,proportionBest,entropyNrActions
nr_299_id_8_02839989469e74e08a0370492412683b921a7898_DataLineTest_GTSPOON.csv,1600,0.7804878048780488,0.6483160641106926
