file,nrBest,proportionBest,entropyNrActions
nr_167_id_32_0edd67bbcf79167190a5087de059e72c8f0332a5_AlignmentRenderer_GTSPOON.csv,90,0.04390243902439024,3.5714444862471226
