file,nrBest,proportionBest,entropyNrActions
nr_449_id_7_04bfd0c0495772c8f1d5847e6316bb53e31b19ce_ComponentMenuTab_GTSPOON.csv,1650,0.8048780487804879,0.9845405524048959
