file,nrBest,proportionBest,entropyNrActions
nr_748_id_2_0198abcb64ae23403bc929852485755ff4fbdb32_Logic_GTSPOON.csv,1651,0.8053658536585366,0.9326315773538841
