file,nrBest,proportionBest,entropyNrActions
nr_308_id_11_040835f3e060731dbe3a779fec70ac52c7f67c5a_HawkTest_GTSPOON.csv,1757,0.8570731707317073,0.6991425611504576
