file,nrBest,proportionBest,entropyNrActions
nr_52_id_25_01a9e4081de205b956ca57395a8fa43f2c15f80e_TransferEngine_GTSPOON.csv,138,0.06731707317073171,2.9057473822531
