file,nrBest,proportionBest,entropyNrActions
nr_257_id_36_4063c52124fcd08a63ca854e989682856c465f61_WebServicesConfiguration_GTSPOON.csv,313,0.1526829268292683,2.7236317647048223
