file,nrBest,proportionBest,entropyNrActions
nr_269_id_4_01026e836b88f05eaaf83f8e84f138a254f10b30_AddFilesPage_GTSPOON.csv,625,0.3048780487804878,2.364041302424006
