file,nrBest,proportionBest,entropyNrActions
nr_56_id_21_01b8416ea495d6063003522ae04fd0e34df5aa71_Activator_GTSPOON.csv,1842,0.8985365853658537,0.6099673749795742
