file,nrBest,proportionBest,entropyNrActions
nr_341_id_19_081e1d554be98dac6d52be5e0df1a383c7a018d9_LabelMaker_GTSPOON.csv,2000,0.975609756097561,0.15534154992185434
