file,nrBest,proportionBest,entropyNrActions
nr_240_id_11_03263337ec0a5d72817b212b24c57bd54830fe73_MediaProvider_GTSPOON.csv,153,0.07463414634146341,3.2286648080019393
