file,nrBest,proportionBest,entropyNrActions
nr_542_id_14_07b6377390ea20e81332f63cf5bd0244b7409cd4_ASMDeserializerFactory_GTSPOON.csv,151,0.07365853658536585,2.796596015810033
