file,nrBest,proportionBest,entropyNrActions
nr_494_id_31_228cc46b4e5902790133097d16f54cbe43a43dc3_BaseScoreTabFactory_GTSPOON.csv,2024,0.9873170731707317,0.0925854811892528
