file,nrBest,proportionBest,entropyNrActions
nr_599_id_3_04086fb7a6450289d593144ce84938f25e595fc6_Stic_GTSPOON.csv,1905,0.9292682926829269,0.4250409023104973
