file,nrBest,proportionBest,entropyNrActions
nr_575_id_11_08301e3404927038a9fe82e219712fa9142ad018_StorageManagerTest_GTSPOON.csv,1557,0.7595121951219512,1.0867696971860652
