file,nrBest,proportionBest,entropyNrActions
nr_251_id_23_083dad72b5ef5a37791f3ce83619a6ac400c527b_BasicPipesTest_GTSPOON.csv,586,0.28585365853658534,2.5567020955697544
