file,nrBest,proportionBest,entropyNrActions
nr_147_id_14_01fb1e0378e2b2e5cee74c594f528f30ed0adc43_MainPanel_GTSPOON.csv,1818,0.8868292682926829,0.623946584228212
