file,nrBest,proportionBest,entropyNrActions
nr_254_id_6_019826a15e3ee3c9a87a9b1953371f020dae07df_Configuration_GTSPOON.csv,1819,0.8873170731707317,0.6783567191361323
