file,nrBest,proportionBest,entropyNrActions
nr_175_id_18_035f785e9b4ec6a421b512ac600624bd313ebce0_WodenFormGenerator_GTSPOON.csv,793,0.38682926829268294,2.6288778312606818
