file,nrBest,proportionBest,entropyNrActions
nr_112_id_23_0330c1cf3122eb078c67a05cda79859261d80524_DatePatternTag_GTSPOON.csv,111,0.054146341463414634,1.0731178339854048
