file,nrBest,proportionBest,entropyNrActions
nr_271_id_9_033a85dd05a72c2017c00eedf94c97169de58c06_AdtPlugin_GTSPOON.csv,140,0.06829268292682927,2.5820659019922756
