file,nrBest,proportionBest,entropyNrActions
nr_212_id_3_0177e29955429b5e1f677b7f934b50745bc06b1c_TestPlayer_GTSPOON.csv,937,0.45707317073170733,2.088059480179308
