file,nrBest,proportionBest,entropyNrActions
nr_100_id_27_045ee573a11c0eacb5358538e129cbe9ac8b6f1d_TokenCache_GTSPOON.csv,51,0.024878048780487806,0.9955462327663258
