file,nrBest,proportionBest,entropyNrActions
nr_204_id_26_07c1d2503a2d1438d6a6b8058902b1c9bc0d11a8_ExtraPackage_GTSPOON.csv,364,0.1775609756097561,1.10814852407607
