file,nrBest,proportionBest,entropyNrActions
nr_281_id_25_09837db6224122a95842b7de5445be7e5fc544e5_EditionPatternInstance_GTSPOON.csv,920,0.44878048780487806,2.1402662097587557
