file,nrBest,proportionBest,entropyNrActions
nr_457_id_13_06c10728bcd04e95167a79b50569d64eaeb9a8a6_Pull_GTSPOON.csv,1641,0.8004878048780488,0.982687846342873
