file,nrBest,proportionBest,entropyNrActions
nr_165_id_11_021ceeb59155f2eb7b11153d18d44295c9697fdc_StackPanelBase_GTSPOON.csv,210,0.1024390243902439,2.073578573803547
