file,nrBest,proportionBest,entropyNrActions
nr_377_id_3_0271bf9b5a4046975d8bf81d573b97f9874a7a06_TransformSketchWizard_GTSPOON.csv,1557,0.7595121951219512,1.182457670052433
