file,nrBest,proportionBest,entropyNrActions
nr_51_id_36_0d277c40c2992375e304c7210d015330460980de_PlayerConverter_GTSPOON.csv,25,0.012195121951219513,2.743780672691608
