file,nrBest,proportionBest,entropyNrActions
nr_268_id_35_32da92989d3cf3bd75937dada48b1fab366c5657_ClientManager_GTSPOON.csv,1,0.0004878048780487805,3.161221925530005
