file,nrBest,proportionBest,entropyNrActions
nr_507_id_36_8112a9d809348cca9b366d174ba003ff63f257b8_TestUITopicDetail_GTSPOON.csv,190,0.09268292682926829,0.7089683150567376
