file,nrBest,proportionBest,entropyNrActions
nr_324_id_31_16714cf7ed341f4f74f33e306edc8bf9f5d4c33b_PlotView_GTSPOON.csv,72,0.0351219512195122,3.273189703921381
