file,nrBest,proportionBest,entropyNrActions
nr_226_id_38_96dcde448371b9c4b32977300be87ad5896e08d6_Manual_GTSPOON.csv,396,0.19317073170731708,0.8518434361047449
