file,nrBest,proportionBest,entropyNrActions
nr_31_id_33_04a81b09a380369f63f9fbe71557e7954dd570aa_FluidHelper_GTSPOON.csv,1741,0.8492682926829268,0.728201929082367
