file,nrBest,proportionBest,entropyNrActions
nr_508_id_27_1729e70a6481becb083fea46d68c1689093b159b_Predict_GTSPOON.csv,966,0.4712195121951219,1.3150565398182208
