file,nrBest,proportionBest,entropyNrActions
nr_383_id_29_163000dc83312054f3bf9ea3a090c53a13c16fd7_AdmobFragment_GTSPOON.csv,188,0.09170731707317073,3.1030971295436585
