file,nrBest,proportionBest,entropyNrActions
nr_28_id_3_003db0174ba21e867e308e530c95de27df90a912_ShareFragment_GTSPOON.csv,1747,0.8521951219512195,0.6967907024526271
