file,nrBest,proportionBest,entropyNrActions
nr_272_id_19_06a6d6d5fdf8da9218832c38fc9390eb635c2031_OT_GTSPOON.csv,960,0.4682926829268293,1.9968328796599737
