file,nrBest,proportionBest,entropyNrActions
nr_258_id_25_089c3a43ec0c6358b7a4a8133ee583fcc39ea503_METSManifest_GTSPOON.csv,160,0.07804878048780488,2.532147438606927
