file,nrBest,proportionBest,entropyNrActions
nr_365_id_34_321ff1a6961b7d52cab808be2a89be3a7b7c8610_PropertyUtils_GTSPOON.csv,177,0.08634146341463414,2.894743823098054
