file,nrBest,proportionBest,entropyNrActions
nr_139_id_23_0432d7db07f16409d05ba4095a0c3a442a9c77b9_PackageTest_GTSPOON.csv,2025,0.9878048780487805,0.07536090849388305
