file,nrBest,proportionBest,entropyNrActions
nr_372_id_26_0ca8cf99e479169b0cd717a477026577b781be75_CommonUtil_GTSPOON.csv,1450,0.7073170731707317,1.405667056157085
