file,nrBest,proportionBest,entropyNrActions
nr_135_id_16_02a0e6702669f5bb24c3576fa43d58b5c5d34790_Main_GTSPOON.csv,1180,0.5756097560975609,1.5363281851160413
