file,nrBest,proportionBest,entropyNrActions
nr_345_id_18_06c15f9d6dd000b65d99d1d367e1438d37eb0efc_OCRModule_GTSPOON.csv,1720,0.8390243902439024,0.7267497496668619
