file,nrBest,proportionBest,entropyNrActions
nr_541_id_11_07c81992384e332e6584093fbba1956c21713a38_Constants_GTSPOON.csv,1924,0.9385365853658536,0.33946114393771976
