file,nrBest,proportionBest,entropyNrActions
nr_398_id_15_0758fde2855a6d614011ca0dd3d869623e92db14_CapabilityControl_GTSPOON.csv,1464,0.7141463414634146,1.324058799269206
