file,nrBest,proportionBest,entropyNrActions
nr_217_id_24_06a572d81c17a5f4c85216fadea171b35479ffff_KeyMoveEFC5_GTSPOON.csv,1712,0.8351219512195122,0.7283558656286635
