file,nrBest,proportionBest,entropyNrActions
nr_102_id_13_017532f4ef11b927e9dd1621539fb36c026a1c20_MetsPeriodicalConvertor_GTSPOON.csv,134,0.06536585365853659,2.5102494588052937
