file,nrBest,proportionBest,entropyNrActions
nr_177_id_17_03774cc24e5dc5c0474c4b9cdea10da361590503_GameControllerImpl_GTSPOON.csv,1287,0.6278048780487805,1.5734743320409466
