file,nrBest,proportionBest,entropyNrActions
nr_503_id_21_0c9fcc48041f57fbb74679f27380a8947e2d8610_VanishPlugin_GTSPOON.csv,1296,0.6321951219512195,1.63491860591252
