file,nrBest,proportionBest,entropyNrActions
nr_390_id_8_032fdf9acf9723dd2ae08873e1e95fb0094d783e_MindyData_GTSPOON.csv,340,0.16585365853658537,2.0643509742012247
