file,nrBest,proportionBest,entropyNrActions
nr_227_id_25_0756cfc166d4d7efbf247bb7817ef78e3b809cbd_Player_GTSPOON.csv,26,0.012682926829268294,3.3685874649139365
