file,nrBest,proportionBest,entropyNrActions
nr_398_id_36_677876b45c3d86e963eec11cea7f6d99634cfcbb_Sed_GTSPOON.csv,543,0.2648780487804878,1.335067149021194
