file,nrBest,proportionBest,entropyNrActions
nr_138_id_22_0358f7f2a1bb89ca6a1d370d396a89818044747e_ExpenseRegisterController_GTSPOON.csv,2000,0.975609756097561,0.15025272780042756
