file,nrBest,proportionBest,entropyNrActions
nr_329_id_11_044907e0e55456b18a75010e9fe6f34f1cc47fdb_HibernateGraphDB_GTSPOON.csv,1716,0.8370731707317073,0.9084593178862693
