file,nrBest,proportionBest,entropyNrActions
nr_209_id_1_028b26ff49a0853733b20b659e432b410d50aabc_MainActivity_GTSPOON.csv,355,0.17317073170731706,2.9260533889448146
