file,nrBest,proportionBest,entropyNrActions
nr_78_id_35_0f245783733ec83a81d00eb894c94326c6b632d7_UniversalSpringCell_GTSPOON.csv,212,0.10341463414634146,2.8409014980150835
