file,nrBest,proportionBest,entropyNrActions
nr_337_id_20_069292fe97592a41d539b790b32c936c8e256466_DeviceRecognition_GTSPOON.csv,1512,0.7375609756097561,1.368926221254603
