file,nrBest,proportionBest,entropyNrActions
nr_459_id_20_08c99eb3029d083b347ed3a5b1f7fb1a9b3172eb_Config_GTSPOON.csv,1402,0.6839024390243903,1.212352590280401
