file,nrBest,proportionBest,entropyNrActions
nr_491_id_28_15e102f33bbbc00f87ae6a8830a1173a6da28f33_JstlLocalization_GTSPOON.csv,255,0.12439024390243902,1.933733809159867
