file,nrBest,proportionBest,entropyNrActions
nr_181_id_11_02524e91c892b39455f2fcd3fd1089a00489e536_AlarmDetailsFragment_GTSPOON.csv,512,0.2497560975609756,2.8507169843055182
