file,nrBest,proportionBest,entropyNrActions
nr_246_id_8_0219ae021c2a042a79534e8063b7a15914a46163_ContentCentricCachePopulator_GTSPOON.csv,1458,0.7112195121951219,1.2554775732221097
