file,nrBest,proportionBest,entropyNrActions
nr_399_id_5_035143a8e6c5939c1673120c6cb366eea682c2b4_MinaFtpResponseOutput_GTSPOON.csv,3,0.0014634146341463415,0.13400712735830816
