file,nrBest,proportionBest,entropyNrActions
nr_114_id_6_00caa6165839e28a0e9b506273c209a21a3a83e1_HtmlSchema_GTSPOON.csv,1540,0.751219512195122,1.183324345471576
