file,nrBest,proportionBest,entropyNrActions
nr_245_id_23_07e899566e34108bb037e1f453fd2d6ca91fc363_Remote_GTSPOON.csv,1484,0.7239024390243902,1.2134792510493118
