file,nrBest,proportionBest,entropyNrActions
nr_577_id_36_9187e5114194eeab41a9d8560136ac0ce4ca34cf_R_GTSPOON.csv,680,0.33170731707317075,1.3514167617424517
