file,nrBest,proportionBest,entropyNrActions
nr_484_id_35_5d1e8e0615675baa8c48309159265349883306db_FlexUnitTest_GTSPOON.csv,2000,0.975609756097561,0.14377624815651957
