file,nrBest,proportionBest,entropyNrActions
nr_71_id_3_00870a6147c740a8fe6476310cb20e901fcd576a_GitSyncInfoTest_GTSPOON.csv,333,0.1624390243902439,2.598723999877222
