file,nrBest,proportionBest,entropyNrActions
nr_163_id_28_076b5a86af8c1a5286ccfec2683c4533328dea64_DirectorServlet_GTSPOON.csv,133,0.06487804878048781,2.9609436032550014
