file,nrBest,proportionBest,entropyNrActions
nr_178_id_20_0365e5856619827b863e2a0d3f6a8e77e90201f1_TaskHandler_GTSPOON.csv,1544,0.7531707317073171,1.2746639678636278
