file,nrBest,proportionBest,entropyNrActions
nr_329_id_14_04e6b557e45cc645c4fca1578358b63945452975_GroupDetailFragment_GTSPOON.csv,1040,0.5073170731707317,2.0341486982903065
