file,nrBest,proportionBest,entropyNrActions
nr_667_id_5_0592f4b86fd36c8e370e0773a12977373be80f70_CruxProxyCreator_GTSPOON.csv,830,0.40487804878048783,2.260953121867328
