file,nrBest,proportionBest,entropyNrActions
nr_483_id_9_058930869c91752d3572932e965a9e2f11162a8a_ProjectList_GTSPOON.csv,1714,0.8360975609756097,0.9928666737664997
