file,nrBest,proportionBest,entropyNrActions
nr_429_id_4_01b58edd87d47b027766a43b2705e4aba0bf7f03_ActivatorTest_GTSPOON.csv,2022,0.9863414634146341,0.09892527096509897
