file,nrBest,proportionBest,entropyNrActions
nr_491_id_30_1d97569ff82ecc0f7a86560804b8932f40c421f5_VariableScopeVisitor_GTSPOON.csv,40,0.01951219512195122,2.503737836272818
