file,nrBest,proportionBest,entropyNrActions
nr_656_id_2_01685b0e982ef2692fd4ef1a96d399877d745063_ORBSingleton_GTSPOON.csv,1108,0.5404878048780488,1.848806659730785
