file,nrBest,proportionBest,entropyNrActions
nr_758_id_2_019d8d18cb8984645b6424ad81d5e74d1c2302d2_DatabaseToArffService_GTSPOON.csv,1574,0.7678048780487805,1.098685830994576
