file,nrBest,proportionBest,entropyNrActions
nr_130_id_2_003d3e103378bdf80aaf02abb4985ebb77cd7902_EngineTask_GTSPOON.csv,171,0.08341463414634147,2.9979742393747024
