file,nrBest,proportionBest,entropyNrActions
nr_29_id_10_004a3f30ad3e36187cea7adb6c3360348c9df1c1_Util_GTSPOON.csv,199,0.09707317073170732,2.4465787552942486
