file,nrBest,proportionBest,entropyNrActions
nr_168_id_33_1517eb286e3cebf0be1bfc909ade658d22901478_Handshakes_GTSPOON.csv,1510,0.7365853658536585,1.2286192733897416
