file,nrBest,proportionBest,entropyNrActions
nr_502_id_7_053cebc16246c37b83fb88d167b1f61ee1bb8683_TaskExecutor_GTSPOON.csv,76,0.037073170731707315,2.8142104251035667
