file,nrBest,proportionBest,entropyNrActions
nr_149_id_27_06af2a9a1203da353f5d608ac75ae2466c9c3996_JSFUtils_GTSPOON.csv,40,0.01951219512195122,2.0783789449857557
