file,nrBest,proportionBest,entropyNrActions
nr_780_id_2_01aa462959ef98e64f8019856d5009813fcb09d8_MultipartBodyTest_GTSPOON.csv,1900,0.926829268292683,0.4573788123515176
