file,nrBest,proportionBest,entropyNrActions
nr_203_id_15_03db3a17ce8281b23f18ee74f60b23b3800f8dcc_AIPlayer_GTSPOON.csv,1550,0.7560975609756098,1.174044962923746
