file,nrBest,proportionBest,entropyNrActions
nr_157_id_25_05128d694fc4beed5e268b6249a3db73f30f05d2_SardineTest_GTSPOON.csv,2020,0.9853658536585366,0.09570723178214427
