file,nrBest,proportionBest,entropyNrActions
nr_436_id_6_02a5e88055a148317a55d104296ee17888ca8745_SurfaceViewBase_GTSPOON.csv,480,0.23414634146341465,1.6502233855138002
