file,nrBest,proportionBest,entropyNrActions
nr_260_id_7_02c8e64cdb401b1d2149353e963e0d0205c096e0_IASTNode_GTSPOON.csv,1923,0.9380487804878048,0.3452234519595954
