file,nrBest,proportionBest,entropyNrActions
nr_426_id_23_0d4757bb0b65bb9e56d7168d9e04d784c5917873_Recorrection_GTSPOON.csv,1088,0.5307317073170732,2.114381742573398
