file,nrBest,proportionBest,entropyNrActions
nr_377_id_18_071d43d28862f65728a495280bcacab7c2b7e1f3_StringUtils_GTSPOON.csv,1915,0.9341463414634147,0.4143980379533323
