file,nrBest,proportionBest,entropyNrActions
nr_3_id_18_0003fb1f8096635d262d6a66a6e05252e164d027_HtmlWrapperMojo_GTSPOON.csv,1383,0.6746341463414635,1.5392851325949568
