file,nrBest,proportionBest,entropyNrActions
nr_563_id_11_080eca528549931b8185580d7e88107db2387f17_PositionBean_GTSPOON.csv,1185,0.5780487804878048,1.7335681121528048
