file,nrBest,proportionBest,entropyNrActions
nr_346_id_20_06c39f018971ace91e6770d95d03dd0a0cb6551f_AbstractToken_GTSPOON.csv,1934,0.9434146341463414,0.34718891115099804
