file,nrBest,proportionBest,entropyNrActions
nr_175_id_31_0c18e5dd912585371518bc7e409d3bbb67988b7f_GetMethod_GTSPOON.csv,167,0.08146341463414634,2.500896419895416
