file,nrBest,proportionBest,entropyNrActions
nr_67_id_19_01d02986927c7641290268018ab0c05c57a37139_MagnitudeGraphView_GTSPOON.csv,32,0.015609756097560976,2.105315753962649
