file,nrBest,proportionBest,entropyNrActions
nr_207_id_24_0660d682823e944fc563bb6b9ff81c0989b9d8a3_CommandLineParserTests_GTSPOON.csv,1302,0.6351219512195122,1.3710921172107078
