file,nrBest,proportionBest,entropyNrActions
nr_402_id_8_034cb73085f6679c8667ec60fa96a1a68f675508_ExceptionManager_GTSPOON.csv,958,0.46731707317073173,1.5030975547101453
