file,nrBest,proportionBest,entropyNrActions
nr_535_id_15_09a465799da1f2a696191b7b8d3c2b342f1c189f_InternalAntRunner_GTSPOON.csv,159,0.0775609756097561,2.600603805831581
