file,nrBest,proportionBest,entropyNrActions
nr_46_id_32_0380dca0ce434126797859c8bd15c91aa7448894_RestS3Service_GTSPOON.csv,25,0.012195121951219513,2.4274334151966404
