file,nrBest,proportionBest,entropyNrActions
nr_587_id_6_039e7e855234dddf495b92bf116c77c2926658aa_ELCompiler_GTSPOON.csv,1171,0.5712195121951219,1.4420767586669294
