file,nrBest,proportionBest,entropyNrActions
nr_536_id_9_06216877a0e1c1d23211c62296747ebd85e9c74e_TestUtil_GTSPOON.csv,1245,0.6073170731707317,1.7172662600920954
