file,nrBest,proportionBest,entropyNrActions
nr_363_id_6_0230de6df9bad6304069718aec83c025d01268b4_ACL_GTSPOON.csv,818,0.39902439024390246,2.2907315752822255
