file,nrBest,proportionBest,entropyNrActions
nr_524_id_3_036687750c2154e6ced64d08c78af015d9743d3e_ESLocalProjectImpl_GTSPOON.csv,6,0.002926829268292683,2.1785372518854134
