file,nrBest,proportionBest,entropyNrActions
nr_227_id_5_01dd14cf1da0962d75135bc337b3ff54fe5079eb_SyncManager_GTSPOON.csv,178,0.08682926829268292,2.5229763735525808
