file,nrBest,proportionBest,entropyNrActions
nr_172_id_2_00526433ea063ace3d521c4dfe2f36732736e1e0_CDIProject_GTSPOON.csv,172,0.08390243902439025,2.6188019321169724
