file,nrBest,proportionBest,entropyNrActions
nr_203_id_15_03db3a17ce8281b23f18ee74f60b23b3800f8dcc_NewAIPlayer_GTSPOON.csv,1178,0.5746341463414634,1.8435098055087817
