file,nrBest,proportionBest,entropyNrActions
nr_266_id_6_01abf13c1c040422a85e0e3edb0a501083445476_TestUpdateStrategiesImpl_GTSPOON.csv,1928,0.9404878048780487,0.34098327629142516
