file,nrBest,proportionBest,entropyNrActions
nr_19_id_33_023e8ba02f67834622c7de94126e2680e1969774_ResultSet_GTSPOON.csv,542,0.26439024390243904,2.7763832504739208
