file,nrBest,proportionBest,entropyNrActions
nr_385_id_3_0281f2820c3d9548eccd7a979da3b3c52d800188_TabbyChat_GTSPOON.csv,209,0.10195121951219512,2.561935631653121
