file,nrBest,proportionBest,entropyNrActions
nr_2_id_25_002e745c4faae945067706ff831894f8f3c8e8d3_ResinQuercusServlet_GTSPOON.csv,1213,0.5917073170731707,1.6378270255286291
