file,nrBest,proportionBest,entropyNrActions
nr_43_id_9_0090d0e6f8c200a54d1060abd08b19e94181ce20_BlockTermsReader_GTSPOON.csv,85,0.041463414634146344,2.4356245759444377
