file,nrBest,proportionBest,entropyNrActions
nr_600_id_11_0888ab0f1f7a4f16cc8133c1caa366b5fa00164e_PortableHorses_GTSPOON.csv,580,0.28292682926829266,2.6145356885535005
