file,nrBest,proportionBest,entropyNrActions
nr_49_id_32_03903f5a710608657af278368aa317292ef7153b_DMRDecode_GTSPOON.csv,200,0.0975609756097561,2.8569874911152686
