file,nrBest,proportionBest,entropyNrActions
nr_310_id_2_00a066e1d8df723db3c475abd373d5f1e85531c8_ProcessData_GTSPOON.csv,1556,0.7590243902439024,1.1168185223625295
