file,nrBest,proportionBest,entropyNrActions
nr_517_id_11_074cc5869def8b91f1799af862b075579593cb60_MessageViewFragmentBase_GTSPOON.csv,60,0.02926829268292683,2.4778517410383634
