file,nrBest,proportionBest,entropyNrActions
nr_430_id_33_355e5e4d7e7962a3393292b642592f085676ffcd_Main_GTSPOON.csv,24,0.011707317073170732,3.068199363973754
