file,nrBest,proportionBest,entropyNrActions
nr_359_id_22_08d6ebe57f62308d5a30094fa27a6367b84756c6_FarragoRuntimeContext_GTSPOON.csv,291,0.1419512195121951,2.5037860629104656
