file,nrBest,proportionBest,entropyNrActions
nr_533_id_11_07993104f1cdde03f720cb01befef3e244b15a66_Tribonacci_GTSPOON.csv,160,0.07804878048780488,0.7537321855930212
