file,nrBest,proportionBest,entropyNrActions
nr_426_id_32_2488995d83f5d9db60c36d70b95857a2c25d26e9_Hudson_GTSPOON.csv,29,0.014146341463414635,2.3616877122024436
