file,nrBest,proportionBest,entropyNrActions
nr_438_id_12_04bb36c5eb19d8aad327ca34c90d76170da4d602_ContextTags_GTSPOON.csv,1744,0.8507317073170731,0.7592172480262817
