file,nrBest,proportionBest,entropyNrActions
nr_277_id_1_034f67a4f03c30869e4143a92ac43a5bd551f97d_DefaultContinuum_GTSPOON.csv,200,0.0975609756097561,2.560411785608245
