file,nrBest,proportionBest,entropyNrActions
nr_504_id_28_16af6545b956b0a121b34007f8be230f62b6d638_BiomesOPlenty_GTSPOON.csv,1916,0.9346341463414635,0.38504962671556325
