file,nrBest,proportionBest,entropyNrActions
nr_405_id_20_07c1e4f3f1b7571d8ba1e5c095236afcbef00c28_Application_GTSPOON.csv,2010,0.9804878048780488,0.12349374685370065
