file,nrBest,proportionBest,entropyNrActions
nr_411_id_30_19289fd23d99e1faa7695528dcae3e8e29d094d0_Player_GTSPOON.csv,25,0.012195121951219513,2.3743167381504193
