file,nrBest,proportionBest,entropyNrActions
nr_412_id_7_0455d9a0a66749f5ab6067c610f6510e3295655c_Register_GTSPOON.csv,390,0.1902439024390244,1.8107091346675865
