file,nrBest,proportionBest,entropyNrActions
nr_90_id_4_004cb2ba5573ae375b549a8a57127692dbe1627f_TestApp_GTSPOON.csv,2025,0.9878048780487805,0.08539000553920782
