file,nrBest,proportionBest,entropyNrActions
nr_3_id_13_000a8e892196c4f9a70760e675eb0f9932368edf_NetworkThread_GTSPOON.csv,1639,0.7995121951219513,1.0317413525685315
