file,nrBest,proportionBest,entropyNrActions
nr_11_id_18_00237aaf57dbc047de9b7ab77706df38833fb4b9_RDSaveUtil_GTSPOON.csv,1509,0.7360975609756097,1.202442037739516
