file,nrBest,proportionBest,entropyNrActions
nr_162_id_38_6e192ab320365f75b1ca1195a740e5bf9d0bf7f6_Ops_GTSPOON.csv,155,0.07560975609756097,2.6996034109263425
