file,nrBest,proportionBest,entropyNrActions
nr_217_id_38_8f8c619bd19ea937f4c7d53a15d1a20d23ae4c55_JsonOutput_GTSPOON.csv,1183,0.5770731707317073,1.7683566787710445
