file,nrBest,proportionBest,entropyNrActions
nr_23_id_31_01a654a536c1c1aedce212bff6d262518db29d89_App_GTSPOON.csv,821,0.4004878048780488,1.8852798026408282
