file,nrBest,proportionBest,entropyNrActions
nr_108_id_8_00ef92e17903cd076c9c0a045910a0e637a513dc_Segment_GTSPOON.csv,762,0.37170731707317073,2.333176730422167
