file,nrBest,proportionBest,entropyNrActions
nr_169_id_11_022bbed0d89acdee3725c9a2e4860efc509a2ac9_MyAdapter_GTSPOON.csv,2024,0.9873170731707317,0.09039100257610623
