file,nrBest,proportionBest,entropyNrActions
nr_318_id_36_52f9bea6e75de8e2746694e52e0ee231d0485f6e_THGraph_GTSPOON.csv,1110,0.5414634146341464,1.8596188176839754
