file,nrBest,proportionBest,entropyNrActions
nr_209_id_7_024c11120b538ea90ef003cc026245bcbcd1b215_PartyActivity_GTSPOON.csv,986,0.48097560975609754,2.247074707270639
