file,nrBest,proportionBest,entropyNrActions
nr_484_id_10_04a5971b6727c8c22f1e8fb87bfcadaa02f7e384_Cipher_GTSPOON.csv,334,0.1629268292682927,2.7117388166956387
