file,nrBest,proportionBest,entropyNrActions
nr_270_id_20_05230f2d14f5e80e24248ed5e56f391ed0948b5d_FallDamageListener_GTSPOON.csv,2027,0.988780487804878,0.0783637947282515
