file,nrBest,proportionBest,entropyNrActions
nr_106_id_38_4622ce3430575611a72b4d4a98aca0fbe67d829c_GetMapResponse_GTSPOON.csv,1254,0.6117073170731707,2.0213616636876157
