file,nrBest,proportionBest,entropyNrActions
nr_63_id_2_001f6ed1791765543bc2ccecd32cb91c26386fd7_cmd_cprivate_GTSPOON.csv,2025,0.9878048780487805,0.08876247711982554
