file,nrBest,proportionBest,entropyNrActions
nr_594_id_4_025578123838a6ff941488961f4f760380765097_TolerantSaxDocumentBuilder_GTSPOON.csv,1535,0.748780487804878,1.2178399345413484
