file,nrBest,proportionBest,entropyNrActions
nr_70_id_21_022163f0262d8e0fe327261ab7e63d374edf0495_GameSettings_GTSPOON.csv,1075,0.524390243902439,1.7959680158386848
