file,nrBest,proportionBest,entropyNrActions
nr_201_id_21_05336df09199322de68bab8226f20573cf868ac5_DTNAPIBinder_GTSPOON.csv,14,0.006829268292682927,3.8841753431692103
