file,nrBest,proportionBest,entropyNrActions
nr_213_id_15_03fa3a970386b8a8a1ba43b182f11569c776cdcd_DartRunAction_GTSPOON.csv,1666,0.8126829268292682,0.8613332950295107
