file,nrBest,proportionBest,entropyNrActions
nr_37_id_11_005f104654015cee5ef4cee1715374459f5b4778_TARDISStorageListener_GTSPOON.csv,1351,0.6590243902439025,1.3912371787039854
