file,nrBest,proportionBest,entropyNrActions
nr_73_id_33_09b5872e976486fbcd32c575b5b288424ed287d5_ProxyDroid_GTSPOON.csv,173,0.08439024390243903,2.689055450929951
