file,nrBest,proportionBest,entropyNrActions
nr_327_id_38_d66feefe85e87acf849c0d5d5010692ba211b41f_RoomEditor_GTSPOON.csv,1184,0.577560975609756,1.8140800439148437
