file,nrBest,proportionBest,entropyNrActions
nr_522_id_5_044699fa99f21c229ee41437de08f0f86250a5f1_EllipsizingTextView_GTSPOON.csv,1577,0.7692682926829268,1.1009047956382838
