file,nrBest,proportionBest,entropyNrActions
nr_216_id_37_5fe026129b29244761c86a140b226771c2dd6887_SecretlyInstallReceiver_GTSPOON.csv,72,0.0351219512195122,1.0355965334696942
