file,nrBest,proportionBest,entropyNrActions
nr_243_id_11_03312a605c5eeea32fa5a79ec72fb0f164780fe8_BarometerClient_GTSPOON.csv,1652,0.8058536585365854,0.9206141293592126
