file,nrBest,proportionBest,entropyNrActions
nr_440_id_6_02b03757bf428c9b2d779df8323d89fa0dd4285b_UserTest_GTSPOON.csv,1717,0.8375609756097561,0.6924072293065499
