file,nrBest,proportionBest,entropyNrActions
nr_365_id_5_0304560397fb41750b8bd23d61d0fe4434e2eadb_Text_GTSPOON.csv,1742,0.8497560975609756,0.6018629833836141
