file,nrBest,proportionBest,entropyNrActions
nr_130_id_17_029516fcd68e6521adbc4070c5fe1aa9158beec1_Site_GTSPOON.csv,2028,0.9892682926829268,0.07683276897195104
