file,nrBest,proportionBest,entropyNrActions
nr_55_id_21_01b834798183c86859d47a7e83e6b0e67a6048e9_ScriptManager_GTSPOON.csv,60,0.02926829268292683,2.7519023824107647
