file,nrBest,proportionBest,entropyNrActions
nr_260_id_17_053ba57b3dd664631013bf659faee64f5df7227e_CopyOptions_GTSPOON.csv,10,0.004878048780487805,1.048066894559256
