file,nrBest,proportionBest,entropyNrActions
nr_492_id_30_1d9c91e2907c4613923533af2619a0b8c36c3eeb_SignedMailValidatorTest_GTSPOON.csv,1473,0.7185365853658536,1.2418457039427815
