file,nrBest,proportionBest,entropyNrActions
nr_267_id_12_02ea9907ef8715ca6fd7505ca8c508a056af4613_Main_GTSPOON.csv,2000,0.975609756097561,0.1557301901550827
