file,nrBest,proportionBest,entropyNrActions
nr_37_id_14_008e8a74088c7508b49d8ea2323deef40c5076a7_NativeCrypto_GTSPOON.csv,301,0.14682926829268292,2.106784942562796
