file,nrBest,proportionBest,entropyNrActions
nr_449_id_25_10044ea8380b2599e5a47991a1076189106fa3a0_Debug_GTSPOON.csv,116,0.05658536585365854,1.0878918822440897
