file,nrBest,proportionBest,entropyNrActions
nr_18_id_10_0020dfe51faad1e80e30816c4288687a3f01a7fd_CouchMRSPerson_GTSPOON.csv,15,0.007317073170731708,1.3115430862842006
