file,nrBest,proportionBest,entropyNrActions
nr_194_id_16_0389096dfd3c363ca26e366c84dbaa7b32223569_Translator_GTSPOON.csv,1934,0.9434146341463414,0.3660802906783956
