file,nrBest,proportionBest,entropyNrActions
nr_419_id_15_07b12b06ff470868cf260c5644e06ae3919b8923_DisplaySchedule_GTSPOON.csv,1839,0.8970731707317073,0.5493533205398523
