file,nrBest,proportionBest,entropyNrActions
nr_94_id_33_0bad4d788860cba27dc957373d876818ebc2a575_Border_GTSPOON.csv,32,0.015609756097560976,1.778135085021452
