file,nrBest,proportionBest,entropyNrActions
nr_25_id_8_0033d93f68df99a71dfbd13f1c8151ec87f081c6_AgentInfo_GTSPOON.csv,1620,0.7902439024390244,1.0419200944913631
