file,nrBest,proportionBest,entropyNrActions
nr_388_id_15_0727f842243f1563e57cb6a90d2372417ba43abd_Level_GTSPOON.csv,190,0.09268292682926829,1.5778427242768323
