file,nrBest,proportionBest,entropyNrActions
nr_152_id_21_0418314ba5007424ec44e65b4b34f041aacb2d44_BrowserEditorPage_GTSPOON.csv,1019,0.4970731707317073,1.9432172527124816
