file,nrBest,proportionBest,entropyNrActions
nr_520_id_3_035d4170aa8236d8d560fc830ea0fe693d1872dd_ClipReadsWalker_GTSPOON.csv,372,0.18146341463414634,2.427164311208175
