file,nrBest,proportionBest,entropyNrActions
nr_426_id_33_34fb31a877e70c606cb69a14ae52d353127e8194_ActionIndex_GTSPOON.csv,1846,0.9004878048780488,0.5486011056721618
