file,nrBest,proportionBest,entropyNrActions
nr_461_id_28_147a9b4466ae624074bd3800f0f801f2e19e4d57_RaceQue_GTSPOON.csv,180,0.08780487804878048,1.5745685344367646
