file,nrBest,proportionBest,entropyNrActions
nr_243_id_10_024422182c29166b1bd34722c93a2f4763f485fb_Plot2Task_GTSPOON.csv,725,0.35365853658536583,2.2392733495025077
