file,nrBest,proportionBest,entropyNrActions
nr_315_id_25_0a9cfda0f0b996e7b0ba6439657584db0011eb8f_StifTripLoader_GTSPOON.csv,479,0.23365853658536587,1.6652168916271686
