file,nrBest,proportionBest,entropyNrActions
nr_304_id_18_060ccbde64d544fefcc5ab9e348492f32c99d632_SignData_GTSPOON.csv,1646,0.8029268292682927,1.0563936645843661
