file,nrBest,proportionBest,entropyNrActions
nr_286_id_5_025c2564f11d98e0778c016c5f5a5e189a3e0db6_TimeMetaClass_GTSPOON.csv,887,0.4326829268292683,2.2838414206897117
