file,nrBest,proportionBest,entropyNrActions
nr_246_id_36_3e30d58e58e8a27436c439904ce5421a4ba4dd5a_FormatterNodeBuilder_GTSPOON.csv,10,0.004878048780487805,2.8655307610530976
