file,nrBest,proportionBest,entropyNrActions
nr_470_id_14_06bfd282e76873dc19c58412f40263509ff8efd3_CommitSetDialog_GTSPOON.csv,1311,0.6395121951219512,1.5519216852387483
