file,nrBest,proportionBest,entropyNrActions
nr_78_id_11_00e7ad9263f12977fb73a84a46b033464b312856_QuestionView_GTSPOON.csv,319,0.15560975609756098,3.0724332716569496
