file,nrBest,proportionBest,entropyNrActions
nr_244_id_14_03929773a45a21c1ff0d4e0ae152bbad1b8585a4_CustomizePagedView_GTSPOON.csv,165,0.08048780487804878,2.6772042195428982
