file,nrBest,proportionBest,entropyNrActions
nr_231_id_31_1078c11773159951430f462e457f503997984779_PCIReader_GTSPOON.csv,120,0.05853658536585366,3.7064502668965846
