file,nrBest,proportionBest,entropyNrActions
nr_49_id_31_039aeef5f238b2072b47581e72973eab49dc3d17_BigComplex_GTSPOON.csv,60,0.02926829268292683,2.8816491027177706
