file,nrBest,proportionBest,entropyNrActions
nr_704_id_5_05e71c00c03f03c0f80a79fd3a96cf26b70dd7c7_MassifViewPart_GTSPOON.csv,43,0.020975609756097562,2.7237606261395357
