file,nrBest,proportionBest,entropyNrActions
nr_438_id_16_07df7001193263ec807d7ffa37fc3b7e3f0885ce_ProductDetailsPane_GTSPOON.csv,2020,0.9853658536585366,0.09744694567021898
