file,nrBest,proportionBest,entropyNrActions
nr_84_id_16_019f4f779b0c7ab7b89c98ffdf72727e61087855_CastExpression_GTSPOON.csv,189,0.09219512195121951,1.1805065372592232
