file,nrBest,proportionBest,entropyNrActions
nr_149_id_13_020e1dcc9d439ad9e669074880b25cdc41c7d3e7_GlobalTimeline_GTSPOON.csv,2015,0.9829268292682927,0.1047847065935152
