file,nrBest,proportionBest,entropyNrActions
nr_260_id_21_06e46d959448cdef9011fe87f76a90504b89735d_RgbScreenClient_GTSPOON.csv,1934,0.9434146341463414,0.3649232148139222
