file,nrBest,proportionBest,entropyNrActions
nr_414_id_15_079d4b99171bc6716f4613504b83102b2b72115c_ProjectListActivity_GTSPOON.csv,725,0.35365853658536583,1.9789087481894023
