file,nrBest,proportionBest,entropyNrActions
nr_507_id_3_03461956accc1d1c332628cafff6ce7a054c9b40_AxisProvider_GTSPOON.csv,193,0.09414634146341463,1.4672809897827452
