file,nrBest,proportionBest,entropyNrActions
nr_703_id_2_018231a8ed8f004394d5bad5178dd81ad29d9dec_Constants_GTSPOON.csv,2027,0.988780487804878,0.07300510044081204
