file,nrBest,proportionBest,entropyNrActions
nr_185_id_10_019b9e75fd6d23b44e34a1d4963625a72300bf33_ContentTestBase_GTSPOON.csv,60,0.02926829268292683,0.7371817785310322
