file,nrBest,proportionBest,entropyNrActions
nr_109_id_29_0632f4bf3e85088a90634d224c6a53ac6fd1a970_Localizator_GTSPOON.csv,1184,0.577560975609756,1.7734298996846505
