file,nrBest,proportionBest,entropyNrActions
nr_461_id_19_0b02e656afd97c3a38afb3a6a5610965b6327f45_JavaAPILister_GTSPOON.csv,182,0.08878048780487804,2.608978625129404
