file,nrBest,proportionBest,entropyNrActions
nr_276_id_13_03f0c0ac86e71911e5e911854352c2362315b9dd_ResourceLookup_GTSPOON.csv,1838,0.8965853658536586,0.5764622087721922
