file,nrBest,proportionBest,entropyNrActions
nr_88_id_30_059949a0d11634fe45464672165af210d894aedb_plasmaSearchEvent_GTSPOON.csv,15,0.007317073170731708,3.5653651130899107
