file,nrBest,proportionBest,entropyNrActions
nr_105_id_15_01b4dea80fea644073b6611357c56694af425558_AllClasses_GTSPOON.csv,1810,0.8829268292682927,0.4364454114154013
