file,nrBest,proportionBest,entropyNrActions
nr_97_id_27_042dc01c0ee4f1af1749b5f03588b486cedbab39_GameBase_GTSPOON.csv,1742,0.8497560975609756,0.7858159668586562
