file,nrBest,proportionBest,entropyNrActions
nr_543_id_1_060fc8cc83f75d47364e3b45892e4a926d5dbd26_ProjectListActivity_GTSPOON.csv,1907,0.9302439024390244,0.42843740352552634
