file,nrBest,proportionBest,entropyNrActions
nr_221_id_15_0424caa08643cc2a9e8b1a3e4519b1bd1c54810e_ImportPage_GTSPOON.csv,235,0.11463414634146342,2.5948517049944844
