file,nrBest,proportionBest,entropyNrActions
nr_173_id_27_07ce1391e70e078d586f07fc7b11b2e5bd362758_NewtonGoalSeek_GTSPOON.csv,2025,0.9878048780487805,0.08686574225211292
