file,nrBest,proportionBest,entropyNrActions
nr_288_id_18_05b73f530e93fa237402643e5dbd9441c9c314f5_Block_GTSPOON.csv,1258,0.6136585365853658,1.7095198530356697
