file,nrBest,proportionBest,entropyNrActions
nr_201_id_24_0644eb191164ae0339a06e190010aab17139945f_HistoricalActivity_GTSPOON.csv,1913,0.9327157484154072,0.38758268971233195
