file,nrBest,proportionBest,entropyNrActions
nr_289_id_35_3749741d475bf5e425ef94243090bab1f1aef503_Descriptor_GTSPOON.csv,259,0.12634146341463415,2.6606276578958257
