file,nrBest,proportionBest,entropyNrActions
nr_478_id_37_d7e6966d3ef8d84024ec30a632fc603b3f27ec11_VizMapperMediator_GTSPOON.csv,112,0.054634146341463415,2.7255415736452493
