file,nrBest,proportionBest,entropyNrActions
nr_212_id_17_0447f1550ef278c7a2ccf31b029c72e5e7a871a0_FileDownloadServlet_GTSPOON.csv,25,0.012195121951219513,3.5456148919794495
