file,nrBest,proportionBest,entropyNrActions
nr_48_id_24_01756e7245d13468ba99e92a472079b3ff86b613_HatRun_GTSPOON.csv,1454,0.7092682926829268,1.3299385080250092
