file,nrBest,proportionBest,entropyNrActions
nr_191_id_21_04fbe377707641cc8172c8872388fc34a8421229_AutomaticUpdatePlugin_GTSPOON.csv,1829,0.8921951219512195,0.5929221881019074
