file,nrBest,proportionBest,entropyNrActions
nr_412_id_17_08467e5465fc48853213f6d921272a6cc1a359d7_BindingValue_GTSPOON.csv,349,0.1702439024390244,2.606087212224107
