file,nrBest,proportionBest,entropyNrActions
nr_389_id_13_05a9441488da1d417e3854dfb7fdd989ad6ba760_Satin_GTSPOON.csv,108,0.05268292682926829,2.9620563545719154
