file,nrBest,proportionBest,entropyNrActions
nr_688_id_4_02b088d921e9226e24bf9c48994c1439a02b04b6_AxisGuesser_GTSPOON.csv,1031,0.5029268292682927,1.819045855392776
