file,nrBest,proportionBest,entropyNrActions
nr_345_id_25_0be2eb803011b1ef8c2c8277c330fe5ad975316b_WebCorpus_GTSPOON.csv,48,0.023414634146341463,1.4751153288100798
