file,nrBest,proportionBest,entropyNrActions
nr_234_id_29_0d959b2578f2711399d79e297e7ddbfc216521b6_LocalePortlet_GTSPOON.csv,1902,0.9278048780487805,0.40617807651539495
