file,nrBest,proportionBest,entropyNrActions
nr_150_id_30_0979c08d62a9f6d95eb02fb4b6448fae2df324ea_J1850_GTSPOON.csv,198,0.09658536585365854,2.2930721756829677
