file,nrBest,proportionBest,entropyNrActions
nr_480_id_13_0702f85f0298165a53e165a760c92a3cd321d74c_MWMResponse_GTSPOON.csv,1805,0.8804878048780488,0.4717592736554148
