file,nrBest,proportionBest,entropyNrActions
nr_470_id_17_0971dee536469e3e3f4e8b1e75bf7dbdc57cdb5c_Computer_GTSPOON.csv,1666,0.8126829268292682,0.9081313985838231
