file,nrBest,proportionBest,entropyNrActions
nr_209_id_16_03dbdb29ef9ba69e01cfc3509105b4dd3161cd47_SNet_GTSPOON.csv,1661,0.8102439024390244,0.9008954106500784
