file,nrBest,proportionBest,entropyNrActions
nr_400_id_22_098834d9379f961e9e8d89aa67412f6e72aef755_MostVisitedActivity_GTSPOON.csv,1328,0.6478048780487805,1.4000687901672564
