file,nrBest,proportionBest,entropyNrActions
nr_201_id_38_84f23c15ca6f5cd9ef4ed778962b6b319332f2d2_ContactsProvider2_GTSPOON.csv,181,0.08829268292682926,3.1848540848415983
