file,nrBest,proportionBest,entropyNrActions
nr_145_id_19_03a4bc1ea2b69a166431b8305d64f2a23a4352be_GraphIndex_GTSPOON.csv,1662,0.8107317073170732,0.8862806830665498
