file,nrBest,proportionBest,entropyNrActions
nr_84_id_16_019f4f779b0c7ab7b89c98ffdf72727e61087855_LogicExp_GTSPOON.csv,1938,0.9453658536585365,0.34175453888233975
