file,nrBest,proportionBest,entropyNrActions
nr_276_id_26_09bddaaf76be0035074163c0f4cab93fc3e033cc_IG_GTSPOON.csv,125,0.06097560975609756,2.2361968764983184
