file,nrBest,proportionBest,entropyNrActions
nr_51_id_24_01890f5860bfe24a8f0bd118bd1846db88d470a7_FormHandler_GTSPOON.csv,174,0.08487804878048781,2.9594895339177194
