file,nrBest,proportionBest,entropyNrActions
nr_372_id_9_0458843f83b7861d89157f6e9d927195072b5647_TaskServiceTest_GTSPOON.csv,80,0.03902439024390244,2.5204067030284234
