file,nrBest,proportionBest,entropyNrActions
nr_99_id_17_01e434b59ce9819e91a396a32960def66ce8f013_GeneratorRegistry_GTSPOON.csv,2000,0.975609756097561,0.1572484276164634
