file,nrBest,proportionBest,entropyNrActions
nr_148_id_14_01fbc7b264e67432914334c2d4a1f6a1ed2d2978_LinearTime_GTSPOON.csv,2010,0.9804878048780488,0.1293497066146876
