file,nrBest,proportionBest,entropyNrActions
nr_160_id_34_18b2255535764c4e920b47655406e3f09942d7b9_RemoveJSFNatureContribution_GTSPOON.csv,1914,0.9336585365853659,0.42523729664728477
