file,nrBest,proportionBest,entropyNrActions
nr_224_id_22_05acfd587006c0b18564f91c04f7e67c5558464d_NICEApp_GTSPOON.csv,114,0.055609756097560976,2.3569434619918805
