file,nrBest,proportionBest,entropyNrActions
nr_390_id_23_0c68a7815aa19418125700d8109f2b2b31349d0f_HierarchyTest_GTSPOON.csv,768,0.3746341463414634,2.2314895165727506
