file,nrBest,proportionBest,entropyNrActions
nr_350_id_29_14554236ef3b1173e97132c81a604ef618d9513b_TestReplicationSink_GTSPOON.csv,1442,0.7034146341463414,1.3394399962005006
