file,nrBest,proportionBest,entropyNrActions
nr_281_id_33_241af6af9c952bc491bd4416d5f5305b764e62cf_Level_GTSPOON.csv,191,0.09317073170731707,3.0385832362011262
