file,nrBest,proportionBest,entropyNrActions
nr_548_id_4_02275346da75b8df7a024a55e17ea7a880b040a6_FileResourceManager_GTSPOON.csv,1582,0.7717073170731708,1.0079652398519205
