file,nrBest,proportionBest,entropyNrActions
nr_207_id_15_03e6519f7ae3be66ff525116ae015d27bf3e52d8_ClassLookup_GTSPOON.csv,1915,0.9341463414634147,0.41099199085207244
