file,nrBest,proportionBest,entropyNrActions
nr_339_id_32_1e5458ea876f008d32df5f783fb28cd7eeff9d51_Mailer_GTSPOON.csv,1242,0.6058536585365853,1.7760304333532988
