file,nrBest,proportionBest,entropyNrActions
nr_184_id_25_061b2992d3e11bdc2e09617461f085ef544cd82b_Movable_GTSPOON.csv,160,0.07804878048780488,2.9680206327322622
