file,nrBest,proportionBest,entropyNrActions
nr_274_id_23_08c5d0b80f0109d657315248ee0306e234d49acf_MobRepellentEntityListener_GTSPOON.csv,2025,0.9878048780487805,0.09005923815451235
