file,nrBest,proportionBest,entropyNrActions
nr_222_id_9_02ad4d5200fd9347a9746d842ce93c565d57f984_WebAppConfiguration_GTSPOON.csv,170,0.08292682926829269,1.7830845792866803
