file,nrBest,proportionBest,entropyNrActions
nr_33_id_19_00ed2b4278b41bef8ba0204a296dd51442aea930_HtmlUtils_GTSPOON.csv,378,0.18439024390243902,2.4463039479031585
