file,nrBest,proportionBest,entropyNrActions
nr_469_id_32_293e1f6cf4284f2c5465175460e765826637d1c8_RepositoryConfiguration_GTSPOON.csv,171,0.08341463414634147,2.5630207223781536
