file,nrBest,proportionBest,entropyNrActions
nr_184_id_8_0199248ca1e240a82dcbfb60b9150e95ce01ab94_AtomIterator_GTSPOON.csv,1914,0.9336585365853659,0.44590758681197934
