file,nrBest,proportionBest,entropyNrActions
nr_96_id_38_406c793ab363c0cfd3019d80f6b0c11a81fdbe0f_PyBytecode_GTSPOON.csv,1,0.0004878048780487805,1.8373575212863047
