file,nrBest,proportionBest,entropyNrActions
nr_229_id_11_0300a26f92ca4838a8209313e711871b9d942f1f_EventAdminServlet_GTSPOON.csv,1825,0.8902439024390244,0.613563055988736
