file,nrBest,proportionBest,entropyNrActions
nr_463_id_18_08b33e7964e20da25548ed2a9558f82150a3c1e9_TouchMap_GTSPOON.csv,473,0.23073170731707318,2.4790103301408046
