file,nrBest,proportionBest,entropyNrActions
nr_351_id_14_0529d383361fcd5b8b254978f0752d45d4519c28_MessageChannel_GTSPOON.csv,1091,0.5321951219512195,2.105012326117845
