file,nrBest,proportionBest,entropyNrActions
nr_154_id_24_049e68df3f3bb3f6061b7c27576b53235bea7936_FCSAgent_GTSPOON.csv,1216,0.593170731707317,1.6940539370419783
