file,nrBest,proportionBest,entropyNrActions
nr_14_id_6_001c38bb783045e72695f7d3d111f1afa308bf9f_KeyStoreTest_GTSPOON.csv,15,0.007317073170731708,2.5254809296852265
