file,nrBest,proportionBest,entropyNrActions
nr_43_id_11_006b17fb781d1327ec9b590ecf28c3162823c163_Settings_GTSPOON.csv,1570,0.7658536585365854,1.1243156027843377
