file,nrBest,proportionBest,entropyNrActions
nr_445_id_17_08f929483bcc31890ccb2bd334128c281eaea3d6_AtlPluginCreator_GTSPOON.csv,1311,0.6395121951219512,1.5872387064569788
