file,nrBest,proportionBest,entropyNrActions
nr_122_id_30_079776d45b1a73d61152aa1bd991610ab8264c7c_QuizWidget_GTSPOON.csv,15,0.007317073170731708,2.5113656659439743
