file,nrBest,proportionBest,entropyNrActions
nr_158_id_15_031c7262ad5393f7d8c977efe1a89e5def440068_AppActivity_GTSPOON.csv,956,0.46634146341463417,0.47125809044588995
