file,nrBest,proportionBest,entropyNrActions
nr_65_id_9_00ca4ed8269bbd88c3d9d9810a8543f2742e2bd9_SpringScaffold_GTSPOON.csv,362,0.17658536585365853,2.5852171215839377
