file,nrBest,proportionBest,entropyNrActions
nr_162_id_17_032a31bcb07732a4da60514e7ba4a1fe399464ed_ACreate_GTSPOON.csv,1741,0.8492682926829268,0.8468911814269373
