file,nrBest,proportionBest,entropyNrActions
nr_58_id_3_006f505b70e8c68b76bacf3d464246e29e157839_TopicBar_GTSPOON.csv,1019,0.4970731707317073,1.9469689457251986
