file,nrBest,proportionBest,entropyNrActions
nr_379_id_25_0d3f4f378367a482aaed534650a2336969a250d4_SchemaDocument_GTSPOON.csv,120,0.05853658536585366,3.3685057867413004
