file,nrBest,proportionBest,entropyNrActions
nr_440_id_14_0657739897a0c4a67b9bdfd68e780c498348fb85_A_GTSPOON.csv,2000,0.975609756097561,0.1542294210501245
