file,nrBest,proportionBest,entropyNrActions
nr_392_id_18_0762927731aba79faea029eb7b338c3880df769e_PrintOutput_GTSPOON.csv,1567,0.764390243902439,1.0859354254457074
