file,nrBest,proportionBest,entropyNrActions
nr_286_id_35_356b83e01b1d20e0382d38bb1f5f45572fd56254_AgentsRepo_GTSPOON.csv,25,0.012195121951219513,2.7270227599280825
