file,nrBest,proportionBest,entropyNrActions
nr_153_id_20_0303fa4ab3fb28086b183c4930508b44595dc97e_StringCache_GTSPOON.csv,165,0.08048780487804878,2.9578705819553006
