file,nrBest,proportionBest,entropyNrActions
nr_549_id_12_0602e65f74bd27b5b5cf0408e55db6866364f797_SpoutScheduler_GTSPOON.csv,191,0.09317073170731707,2.8629765783368564
