file,nrBest,proportionBest,entropyNrActions
nr_146_id_9_01c28d01cf4b2950a53e3beb30c10617c5708b8d_ListEditScreen_GTSPOON.csv,1302,0.6351219512195122,1.7670196027534457
