file,nrBest,proportionBest,entropyNrActions
nr_526_id_8_043d7c8914df916593c96fcf66e6cadfde4f1c72_FileUtils_GTSPOON.csv,363,0.1770731707317073,2.5954901567493365
