file,nrBest,proportionBest,entropyNrActions
nr_392_id_30_1850e37b2329524fb1cee479cd0f81a91d96d047_DepositServlet_GTSPOON.csv,1136,0.5541463414634147,1.8845123770571592
