file,nrBest,proportionBest,entropyNrActions
nr_189_id_37_57c7553487164f15a347249066f62f562e94b04d_AndroidNdk_GTSPOON.csv,1800,0.8780487804878049,0.4892593072873165
