file,nrBest,proportionBest,entropyNrActions
nr_241_id_7_0294a1c365a21d4b73341a125c91bd6d4ea29850_ResourceFileTools_GTSPOON.csv,180,0.08780487804878048,1.2205708774340636
