file,nrBest,proportionBest,entropyNrActions
nr_140_id_24_04208ebecb77be3ee59f62cc17f4ea80f1770495_ExtDirectMethod_GTSPOON.csv,2010,0.9804878048780488,0.1311670964701875
