file,nrBest,proportionBest,entropyNrActions
nr_801_id_2_01b628d3d94bd74612f81d1795384f1e3697a23c_AntiHungarianCheck_GTSPOON.csv,2028,0.9892682926829268,0.07533507756046552
