file,nrBest,proportionBest,entropyNrActions
nr_155_id_19_03db271eee7d811b4c62ea51c0cc27a28eea5f60_Halo_GTSPOON.csv,66,0.03219512195121951,3.5910751357883712
