file,nrBest,proportionBest,entropyNrActions
nr_256_id_20_04e867a311675c125c38fd1037fe9c34b1fc70fc_Channel_GTSPOON.csv,568,0.27707317073170734,2.3322740891808
