file,nrBest,proportionBest,entropyNrActions
nr_53_id_7_0089d68438a8801ad6882ec4f472a62f1cd43da2_AbstractPageSlider_GTSPOON.csv,1844,0.8995121951219512,0.5541301051853663
