file,nrBest,proportionBest,entropyNrActions
nr_259_id_4_00f3912b6158bbb11d4cd14157d83d438f0b9290_ImgHeader_GTSPOON.csv,1302,0.6351219512195122,1.5011529228790346
