file,nrBest,proportionBest,entropyNrActions
nr_374_id_7_03df8fc8f22233fc4f3f55726d6088339e6f9531_Dlu_pdgssv_GTSPOON.csv,1600,0.7804878048780488,1.071902340913051
