file,nrBest,proportionBest,entropyNrActions
nr_275_id_7_02e9b35c2b2e8665397b9a6061a28122795841b8_ServerData_GTSPOON.csv,1743,0.8502439024390244,0.7726621747035631
