file,nrBest,proportionBest,entropyNrActions
nr_334_id_37_93ec3a7f56da084e9c639164be01283989a12f93_NavigationTable_GTSPOON.csv,1000,0.4878048780487805,2.0687061738256083
