file,nrBest,proportionBest,entropyNrActions
nr_432_id_10_0428437b448b85ba0321e211dd1a4a653c78dd95_AuctionSniper_GTSPOON.csv,260,0.12682926829268293,1.0337529432120338
