file,nrBest,proportionBest,entropyNrActions
nr_244_id_24_07b26c954636f471cd6476a0a14d671e3ff68ab5_EvolutionMatrixChart_GTSPOON.csv,1265,0.6170731707317073,1.7023619287319331
