file,nrBest,proportionBest,entropyNrActions
nr_134_id_10_01196fb48f6899d1336cf7338e57baebcb156185_SWTOpenExt_GTSPOON.csv,1474,0.7190243902439024,1.3092001388549188
