file,nrBest,proportionBest,entropyNrActions
nr_239_id_23_07b63e2ed7b18f2e76121ecf75d21afee3f57244_ViewElement_GTSPOON.csv,1510,0.7365853658536585,1.223402029555608
