file,nrBest,proportionBest,entropyNrActions
nr_365_id_38_f20059a3f7d2f58cdc2243cb68549f102c8db80d_TickFactory_GTSPOON.csv,68,0.033170731707317075,3.511122258617558
