file,nrBest,proportionBest,entropyNrActions
nr_17_id_15_004181c7096d5a315d678059d93bc2ed9d641da4_UiFacade_GTSPOON.csv,994,0.4848780487804878,1.935764222006382
