file,nrBest,proportionBest,entropyNrActions
nr_581_id_5_04da21d928b525ec626f6543744d12cfe699a65c_ProjectUICommands_GTSPOON.csv,1483,0.7234146341463414,1.1228709041468994
