file,nrBest,proportionBest,entropyNrActions
nr_360_id_30_16b6f6be476e30de24c721e7cba793531fa439ad_ModelCom_GTSPOON.csv,60,0.02926829268292683,2.350507845367288
