file,nrBest,proportionBest,entropyNrActions
nr_504_id_1_05a10fb31f991a9993d2ebdf1106701406fd800f_EmailValidator_GTSPOON.csv,1938,0.9453658536585365,0.3498405944449296
