file,nrBest,proportionBest,entropyNrActions
nr_351_id_36_5a08b1b8524810e65c67edccebffb1e3e2031b7d_AdMob_GTSPOON.csv,161,0.07853658536585366,2.0451891034884255
