file,nrBest,proportionBest,entropyNrActions
nr_371_id_28_10915b6a83223077b5ccde3c11e1d157179d79a8_Join_GTSPOON.csv,153,0.07463414634146341,2.4267554828568088
