file,nrBest,proportionBest,entropyNrActions
nr_512_id_9_05d802cb1495290a8de2f143b933e662acc0fa57_RoleTest_GTSPOON.csv,1939,0.9458536585365853,0.34276399835194327
