file,nrBest,proportionBest,entropyNrActions
nr_204_id_12_023ed1e3ba9de2f9f914d02d7e6ef8395750df5a_ZenEditor_GTSPOON.csv,1569,0.7653658536585366,1.1208152589190286
