file,nrBest,proportionBest,entropyNrActions
nr_447_id_11_06237dbf9a58c805c7acc85bc0e52b57123a36c5_WeekSheet_GTSPOON.csv,1752,0.8546341463414634,0.7808882966232676
