file,nrBest,proportionBest,entropyNrActions
nr_345_id_16_0653838df07bdcca5c952eb769983ca82740c882_BasicSSCell_GTSPOON.csv,18,0.00878048780487805,3.172804872569376
