file,nrBest,proportionBest,entropyNrActions
nr_266_id_37_7184efe7a00b13ca4b10938932a2092009818103_Capture_GTSPOON.csv,71,0.03463414634146342,3.3454829335092646
