file,nrBest,proportionBest,entropyNrActions
nr_166_id_17_034d4e67367610ce29b15c3343695da0e4f5abfc_LibMisc_GTSPOON.csv,2027,0.988780487804878,0.07300510044081204
