file,nrBest,proportionBest,entropyNrActions
nr_462_id_26_0f68676828d1f66c7997a0457f1c6536e661658f_CalendarUtilities_GTSPOON.csv,144,0.0702439024390244,3.8063175422284328
