file,nrBest,proportionBest,entropyNrActions
nr_410_id_19_09ea2333e261e00f4ea3abe792afd7602c247324_MapTest_GTSPOON.csv,1302,0.6351219512195122,1.4791818198880726
