file,nrBest,proportionBest,entropyNrActions
nr_506_id_12_05757033049bd84e44f695ca781889d44577c589_ImageCurves_GTSPOON.csv,1085,0.5292682926829269,1.994011384373278
