file,nrBest,proportionBest,entropyNrActions
nr_258_id_2_007e2c3386ba829dead40c1558cf0e29f8c7d27a_Search_GTSPOON.csv,1288,0.6282926829268293,1.52474689829769
