file,nrBest,proportionBest,entropyNrActions
nr_198_id_24_062bf17ec29a1f04fb94a6ce07179400d8d08e96_LoreListener_GTSPOON.csv,20,0.00975609756097561,2.4201243278894875
