file,nrBest,proportionBest,entropyNrActions
nr_106_id_19_028d454693bc827b1149ee0280293043a58918a2_LoginActivity_GTSPOON.csv,1666,0.8126829268292682,0.8000446948682669
