file,nrBest,proportionBest,entropyNrActions
nr_416_id_22_09e0337b992e46e2d2db125e7d29e8919e156987_CCLPullService_GTSPOON.csv,402,0.19609756097560976,2.8901609914266078
