file,nrBest,proportionBest,entropyNrActions
nr_95_id_37_2b81274dcf2a47eeade103c62caba73376faf07a_popup_GTSPOON.csv,125,0.06097560975609756,2.1181662058326522
