file,nrBest,proportionBest,entropyNrActions
nr_519_id_11_0755eee3a43fdf4ee97f90732d37c45a3ab168ca_AppTest_GTSPOON.csv,2025,0.9878048780487805,0.0870314974099621
