file,nrBest,proportionBest,entropyNrActions
nr_52_id_19_01327df2feb3609363780575f9a095980feec397_CxxRatsSensor_GTSPOON.csv,1914,0.9336585365853659,0.42209381807250934
