file,nrBest,proportionBest,entropyNrActions
nr_563_id_2_0135c53feb1f72ccf9c18dbf38efc6356b235781_ConsoleClient_GTSPOON.csv,1188,0.5795121951219512,1.6873689543288526
