file,nrBest,proportionBest,entropyNrActions
nr_378_id_12_0411fcf8b8e1c33f01321ee811c44653f7a69552_SQL_GTSPOON.csv,1016,0.49560975609756097,1.7508233811647118
