file,nrBest,proportionBest,entropyNrActions
nr_107_id_3_00c033ab06ff0c9c9a9af0bd16b6fe530f1bd916_RedisUser_GTSPOON.csv,1925,0.9390243902439024,0.3762264204812026
