file,nrBest,proportionBest,entropyNrActions
nr_433_id_23_0d6987470d22470a76908be5361f9736426c66de_DatabaseHandler_GTSPOON.csv,1916,0.9346341463414635,0.3987702928954088
