file,nrBest,proportionBest,entropyNrActions
nr_18_id_16_0083f05bfd92fd4e68eb129dcd80923b52f66b60_JDBCDataStore_GTSPOON.csv,175,0.08536585365853659,3.100040238651043
