file,nrBest,proportionBest,entropyNrActions
nr_301_id_17_06163f7f308dde71a5077eff67c29cc7600a7f12_QuestLogManager_GTSPOON.csv,1829,0.8921951219512195,0.630265239845245
