file,nrBest,proportionBest,entropyNrActions
nr_144_id_7_019452d5863a4ad994970081cd7e49a1b44732d6_TalendJobLauncher_GTSPOON.csv,1553,0.7575609756097561,1.1574093778268617
