file,nrBest,proportionBest,entropyNrActions
nr_340_id_16_063fbfe2ee3d9c6db2a5679a70b45f8d20f8fd38_AdminUtils_GTSPOON.csv,1757,0.8570731707317073,0.7458117729725066
