file,nrBest,proportionBest,entropyNrActions
nr_93_id_18_01b5105931b925109cc6e756b9bb2d1394a7ce2a_NPCAnimator_GTSPOON.csv,1657,0.8082926829268293,0.8430146063983467
