file,nrBest,proportionBest,entropyNrActions
nr_430_id_11_05e8bdb1f6b459bd8541f4fac09513f020874a32_LoadThumbnailTask_GTSPOON.csv,1798,0.8770731707317073,0.7245641429172559
