file,nrBest,proportionBest,entropyNrActions
nr_264_id_8_023aa2533a70affe651db101569787db25a451ad_DumpClass4_GTSPOON.csv,2026,0.9882926829268293,0.07446835240295879
