file,nrBest,proportionBest,entropyNrActions
nr_503_id_25_11e658c075acd82aadcb692eba82ead73b339d50_BaseObject3D_GTSPOON.csv,154,0.07512195121951219,2.9978754572061925
