file,nrBest,proportionBest,entropyNrActions
nr_198_id_19_04b91919b939f223be05943d5b239b5c34bf952f_SettingsProperty_GTSPOON.csv,1837,0.8960975609756098,0.6203730323104626
