file,nrBest,proportionBest,entropyNrActions
nr_81_id_32_078e4afeaefab6651c6fae4698bc892220eb28d8_Curl_GTSPOON.csv,1197,0.5839024390243902,1.6194814249816785
