file,nrBest,proportionBest,entropyNrActions
nr_61_id_31_04efba5f97bbe1848af280edf4a449164f036c08_ASTSelection_GTSPOON.csv,11,0.005365853658536586,0.7224756502924125
