file,nrBest,proportionBest,entropyNrActions
nr_199_id_31_0dd2a10735bc3f334868413a3f662565727d3de0_ToolXMLGenerator_GTSPOON.csv,90,0.04390243902439024,1.8417944196842677
