file,nrBest,proportionBest,entropyNrActions
nr_336_id_5_02c3a5c663f2bcbe02c19a35ef95db8922977321_AssignmentTests_GTSPOON.csv,525,0.25609756097560976,1.7448369862356476
