file,nrBest,proportionBest,entropyNrActions
nr_665_id_5_058fe592592a09442907a42676917099198b883b_TestConnectionHook_GTSPOON.csv,1378,0.6721951219512196,1.4552153509724248
