file,nrBest,proportionBest,entropyNrActions
nr_122_id_19_03142303db9b37d90a610b078972fa24c4451e38_ArtemisPlayer_GTSPOON.csv,1618,0.7892682926829269,1.1846808419001422
