file,nrBest,proportionBest,entropyNrActions
nr_310_id_8_02a10cc301d98fb940612d2e75f120425583c066_PrivateMessage_GTSPOON.csv,200,0.0975609756097561,0.7837100732212099
