file,nrBest,proportionBest,entropyNrActions
nr_38_id_18_008f5067920960921421be2899b0bc7b5a62c4be_MasterSubjectAction_GTSPOON.csv,1939,0.9458536585365853,0.3408598152370851
