file,nrBest,proportionBest,entropyNrActions
nr_242_id_21_0657c77034fb28af9bae32dad733c8a2f74c07fc_XmlUtils_GTSPOON.csv,1539,0.7507317073170732,1.1173095189282565
