file,nrBest,proportionBest,entropyNrActions
nr_187_id_5_0197e537593b0b526bf1e9dd613ae480dbbd9c5d_MoreFoodMod_GTSPOON.csv,48,0.023414634146341463,2.6912952928068803
