file,nrBest,proportionBest,entropyNrActions
nr_37_id_21_01548a259b5c60b50b6862f9dba09a8a279b6f7a_HelperMethods_GTSPOON.csv,1800,0.8780487804878049,0.48150473763367624
