file,nrBest,proportionBest,entropyNrActions
nr_444_id_24_0d4999406aed21e6f5388cc96a2ac827b4cbc0fb_MongoDatabase_GTSPOON.csv,5,0.0024390243902439024,1.8800341018044873
