file,nrBest,proportionBest,entropyNrActions
nr_248_id_17_0503129262bc0cc8c2bb5260f2310866a629a74c_QueueProcessing_GTSPOON.csv,211,0.10292682926829268,1.0212266740345277
