file,nrBest,proportionBest,entropyNrActions
nr_290_id_9_03746477655cdf4d5e7c92205974de4274584494_RedmineManagerTest_GTSPOON.csv,160,0.07804878048780488,2.7184431984277233
