file,nrBest,proportionBest,entropyNrActions
nr_708_id_4_02c10d6dd59db8652e41b67f4bc98ca6101ff9bd_Collection_GTSPOON.csv,165,0.08048780487804878,2.5072292388095176
