file,nrBest,proportionBest,entropyNrActions
nr_71_id_29_045cbdcd54e019803eaa32366b081584d700c2ed_VideoEngine_GTSPOON.csv,147,0.07170731707317073,2.8260131238470096
