file,nrBest,proportionBest,entropyNrActions
nr_176_id_24_053f9957b06d59bce686ce4ccf74fa78ec7b5874_grade_GTSPOON.csv,1132,0.5521951219512196,1.204263291656819
