file,nrBest,proportionBest,entropyNrActions
nr_470_id_2_00f7f34043e996639ee55a81ed529c7aea8ca626_JValue_GTSPOON.csv,127,0.06195121951219512,2.61027846733571
