file,nrBest,proportionBest,entropyNrActions
nr_162_id_7_01c129162c450fff69d34783f4cb59c657899aff_SwingFirstRunWizard_GTSPOON.csv,1737,0.8473170731707317,0.8251346540692232
