file,nrBest,proportionBest,entropyNrActions
nr_148_id_11_01e7115b96ec9a21da02927ed04989be2aa45bc1_DragLayer_GTSPOON.csv,177,0.08634146341463414,2.610243557742348
