file,nrBest,proportionBest,entropyNrActions
nr_682_id_4_02a81bd084f68d4d0ca628ba1160a4503a12945f_OperationManager_GTSPOON.csv,192,0.09365853658536585,1.3869796699939638
