file,nrBest,proportionBest,entropyNrActions
nr_41_id_24_01340e0209386798ddceb765b9f951cf6a601c08_BridgeService_GTSPOON.csv,90,0.04390243902439024,2.321968195945253
