file,nrBest,proportionBest,entropyNrActions
nr_116_id_38_4e62bdac1f3b36de8e377937b70b1e11a9bce726_HtmlForm2Test_GTSPOON.csv,976,0.47609756097560973,1.9729947904245146
