file,nrBest,proportionBest,entropyNrActions
nr_193_id_20_03b780103443428e533994990f658f9b67c725e2_HTTPClient_GTSPOON.csv,40,0.01951219512195122,2.569233774601074
