file,nrBest,proportionBest,entropyNrActions
nr_70_id_12_00d7dd8d045b41b1f2513d8589c00e03960e7db0_ShareDialogHelper_GTSPOON.csv,659,0.32146341463414635,1.8885433104385383
