file,nrBest,proportionBest,entropyNrActions
nr_161_id_24_04bec7d23d6e9649ad2ec450f7a4c8da0cc4f66b_Trace_GTSPOON.csv,173,0.08439024390243903,2.571591489619167
