file,nrBest,proportionBest,entropyNrActions
nr_107_id_26_03f1984b350dd04aa4807e800015dd351ebbcab5_ZeissLSMReader_GTSPOON.csv,37,0.018048780487804877,3.338412170497183
