file,nrBest,proportionBest,entropyNrActions
nr_85_id_39_8d2f1fa8aa33f75751d45046e39af240514538fd_DebugProtocol_GTSPOON.csv,58,0.02829268292682927,2.815196670717122
