file,nrBest,proportionBest,entropyNrActions
nr_367_id_10_038475425aa4ad44d2a173fa5d14bfc8f0fbfe65_Exception_GTSPOON.csv,1925,0.9390243902439024,0.3791751576113909
