file,nrBest,proportionBest,entropyNrActions
nr_409_id_34_39bc4db789418e9a97c042c18538b822cb033eed_MixxitListener_GTSPOON.csv,156,0.07609756097560975,2.951771703429506
