file,nrBest,proportionBest,entropyNrActions
nr_112_id_34_121d0b33ccab3ca7785c7bfebe237b1b56f68be8_TreePeer_GTSPOON.csv,85,0.041463414634146344,3.3380453137137067
