file,nrBest,proportionBest,entropyNrActions
nr_484_id_4_01f29979e787e6c86ae4e2aa758ddd28517eed85_CocktailSort_GTSPOON.csv,1815,0.8853658536585366,0.4348835518670061
