file,nrBest,proportionBest,entropyNrActions
nr_260_id_12_02cf0e50778ad361be63ea578f76da9d07cd5162_TrackedConfig_GTSPOON.csv,1709,0.8336585365853658,0.8691215365816922
