file,nrBest,proportionBest,entropyNrActions
nr_417_id_1_04c7999f9114baa5e4eca93969f0cdee067d26da_EditWindow_GTSPOON.csv,173,0.08439024390243903,2.425533529304065
