file,nrBest,proportionBest,entropyNrActions
nr_45_id_30_03664d599c69a83d289f395a006b25b23bf26eb6_JdbcConversationDAOTest_GTSPOON.csv,1314,0.6409756097560976,1.5676389794799044
