file,nrBest,proportionBest,entropyNrActions
nr_330_id_11_045297e26c767925fb95258501e96dfa30dcdee1_View3DWindow_GTSPOON.csv,171,0.08341463414634147,2.5229922079790112
