file,nrBest,proportionBest,entropyNrActions
nr_154_id_26_05e4ad9a46340edb98c70628c895d8337ca36b1e_BPELReader_GTSPOON.csv,136,0.06634146341463415,2.9214536859500875
