file,nrBest,proportionBest,entropyNrActions
nr_590_id_1_0692ec483627f036fa9354ad836a50baeb61ee90_SyncManager_GTSPOON.csv,200,0.0975609756097561,2.5541239005341856
