file,nrBest,proportionBest,entropyNrActions
nr_370_id_15_06c97a3bbf7bd69332c7c0b8ff3f625ae017f527_ConfigSystem_GTSPOON.csv,655,0.3195121951219512,2.0262839568677853
