file,nrBest,proportionBest,entropyNrActions
nr_210_id_3_01766e6b6a4fc1687937ac1d84508189873f1953_NovaServer_GTSPOON.csv,187,0.09121951219512195,2.5894386103301654
