file,nrBest,proportionBest,entropyNrActions
nr_276_id_22_0708c60ad1ca6e35d7f048f9feda68420de44f0f_InfoButtons_GTSPOON.csv,1530,0.7463414634146341,1.3221329989739345
