file,nrBest,proportionBest,entropyNrActions
nr_210_id_38_8b1ecb0e2855ff220747c45d526529b253355208_TouchController_GTSPOON.csv,156,0.07609756097560975,2.720322869523661
