file,nrBest,proportionBest,entropyNrActions
nr_394_id_12_0450c25a54418f94ffc22f5901d390534a57c9e1_PowerupDrill_GTSPOON.csv,1175,0.573170731707317,1.7094176301254882
