file,nrBest,proportionBest,entropyNrActions
nr_308_id_28_0dba42450519553d38b3a5b45b6ab29e1f895524_SIPCommFrame_GTSPOON.csv,1090,0.5317073170731708,2.0791661441528504
