file,nrBest,proportionBest,entropyNrActions
nr_201_id_8_01c0214f727a25088ec4d62e64579155001cef9b_Workspace_GTSPOON.csv,5,0.0024390243902439024,2.728541808546301
