file,nrBest,proportionBest,entropyNrActions
nr_505_id_32_2c857ae1d5597eb331ae12674dc8d9ba2b2ea6c0_FriendQuery_GTSPOON.csv,48,0.023414634146341463,3.7527856888054516
