file,nrBest,proportionBest,entropyNrActions
nr_388_id_2_00ceb2b45353230630b2e9310bc2af032a24b2af_VectorHelper_GTSPOON.csv,1931,0.9419512195121951,0.3000540532195057
