file,nrBest,proportionBest,entropyNrActions
nr_487_id_3_032b3801aa80bff181235ddd05244d07cc5f43f8_Checker_GTSPOON.csv,1467,0.715609756097561,1.3224190868054524
