file,nrBest,proportionBest,entropyNrActions
nr_420_id_21_0abf09a69ecbf808011d0b463cb0fa6953cb14f5_MapRenderer_GTSPOON.csv,97,0.04731707317073171,3.2002022726369788
