file,nrBest,proportionBest,entropyNrActions
nr_31_id_8_00400b38473b2d2a78e8032baadf58fa47b8bf67_DynamicMarket_GTSPOON.csv,176,0.08585365853658537,3.0646197765112793
