file,nrBest,proportionBest,entropyNrActions
nr_57_id_9_00b1625fdb5bb38eeb47a8d99343dc740f8739c7_IngestSoapTest_GTSPOON.csv,2025,0.9878048780487805,0.07976733407659876
