file,nrBest,proportionBest,entropyNrActions
nr_350_id_3_025256672dd297360d7638076c44b50cd9f4ae58_CSSStylesDocument_GTSPOON.csv,598,0.2917073170731707,2.6637278630696275
