file,nrBest,proportionBest,entropyNrActions
nr_9_id_8_0017804e2f6c25bab7f46f3999e0c2686f550c33_JsonParser_GTSPOON.csv,904,0.44097560975609756,2.178160017414389
