file,nrBest,proportionBest,entropyNrActions
nr_459_id_19_0ae33d73220af80be51e990505dd767f9b2714ce_UIFragment_GTSPOON.csv,1918,0.935609756097561,0.3922727079965618
