file,nrBest,proportionBest,entropyNrActions
nr_389_id_10_03b95e4026c5b6b8cc6a0484969dbab8f724117c_Session_GTSPOON.csv,221,0.10780487804878049,3.272528216347282
