file,nrBest,proportionBest,entropyNrActions
nr_415_id_11_059ea27f980418419c2569470f217348ad2ae036_AggregatedMeasure_GTSPOON.csv,806,0.3931707317073171,0.8118646126250433
