file,nrBest,proportionBest,entropyNrActions
nr_416_id_27_1286447c9ca94c9c5969e4b58dcdd6fe7feea506_ModifyView_GTSPOON.csv,100,0.04878048780487805,2.495737777241568
