file,nrBest,proportionBest,entropyNrActions
nr_202_id_17_0401fb0fd4323348721b4e62064a94a5d3cce136_CodeFormatterVisitor_GTSPOON.csv,173,0.08439024390243903,2.8652145085290606
