file,nrBest,proportionBest,entropyNrActions
nr_421_id_32_23f506e30a4736bb3a9cb932997c118cf29b36f8_ShowBookInfo_GTSPOON.csv,114,0.055609756097560976,3.236472819749838
