file,nrBest,proportionBest,entropyNrActions
nr_202_id_16_03b91c771abab325c9229086f010a3a2c9f23ebb_LoginController_GTSPOON.csv,1906,0.9297560975609757,0.427706007040418
