file,nrBest,proportionBest,entropyNrActions
nr_455_id_3_030158b60abe4f4d09e7f2384695edf3e5be7552_ItemFactory_GTSPOON.csv,5,0.0024390243902439024,3.1283589850848132
