file,nrBest,proportionBest,entropyNrActions
nr_269_id_10_0279241b87384f8bf2c84479aa4d011e5d6c32fa_KeyTyped_GTSPOON.csv,1600,0.7804878048780488,0.6850716024362089
