file,nrBest,proportionBest,entropyNrActions
nr_465_id_26_0f82373cbe35d3f01f95bf1b69b211eb2d9f465d_GeneralTest_GTSPOON.csv,187,0.09121951219512195,2.320585111085169
