file,nrBest,proportionBest,entropyNrActions
nr_594_id_11_08731aa307deac0500bac1b18e07dfc5dfdf2172_WWebWidget_GTSPOON.csv,25,0.012195121951219513,2.4560808718311935
