file,nrBest,proportionBest,entropyNrActions
nr_3_id_27_0041756262283a7fcf22371ed7e99ee005e4812e_PersonController_GTSPOON.csv,1843,0.8990243902439025,0.5451007877418884
