file,nrBest,proportionBest,entropyNrActions
nr_164_id_23_050c8fe71054aeb9243737b78abec2c04d0293b7_Term_GTSPOON.csv,1920,0.9365853658536586,0.39420859588575097
