file,nrBest,proportionBest,entropyNrActions
nr_274_id_32_17aa2a4153352b03c2b2525d128f31b53ab4fea0_RegionCommands_GTSPOON.csv,115,0.05609756097560976,4.2573618780344455
