file,nrBest,proportionBest,entropyNrActions
nr_582_id_5_04dbf0eb8d16214626d1f8105623b54c293f4071_NamespaceDiscovery_GTSPOON.csv,1487,0.7253658536585366,0.9654101006764311
