file,nrBest,proportionBest,entropyNrActions
nr_132_id_30_084d52440466a143c589ff42ed55705e12bfa7c4_ObjectStore_GTSPOON.csv,1080,0.526829268292683,1.8934596646365676
