file,nrBest,proportionBest,entropyNrActions
nr_444_id_34_3d8c842a7978ee6284fa6932f93b81592844889a_CanvasViewInfo_GTSPOON.csv,261,0.1273170731707317,3.250049514036818
