file,nrBest,proportionBest,entropyNrActions
nr_473_id_6_02df4f6e8f84a416522e7c9fc008c3a139a240c2_TilesOverlay_GTSPOON.csv,1101,0.5370731707317074,1.8412600673880024
