file,nrBest,proportionBest,entropyNrActions
nr_341_id_1_0408d820929b269354dcb6460383d39610dcda55_ClientResource_GTSPOON.csv,203,0.09902439024390244,2.5758157820463534
