file,nrBest,proportionBest,entropyNrActions
nr_527_id_30_2012957c54abe7e41ffa247dd69835e7c4449055_PodcastOperationsTest_GTSPOON.csv,1581,0.771219512195122,1.0273549069323682
