file,nrBest,proportionBest,entropyNrActions
nr_379_id_16_06ee00efe7592b540f68e0fccf645736ff687b16_SipAudioCallImpl_GTSPOON.csv,147,0.07170731707317073,2.8647353807059757
