file,nrBest,proportionBest,entropyNrActions
nr_502_id_28_16a1ae58d142ab15380ee69fa80cb5494f0abf25_SCMDescriptor_GTSPOON.csv,2000,0.975609756097561,0.15189987615592046
