file,nrBest,proportionBest,entropyNrActions
nr_498_id_7_05351f4a21abc26d4e9d5d85405083d4219e7edb_MailboxNode_GTSPOON.csv,145,0.07073170731707316,2.996161661743763
