file,nrBest,proportionBest,entropyNrActions
nr_10_id_8_0017e09b7160093a94dd8b2608c704bbe8e55e27_QuestMsg_GTSPOON.csv,1932,0.9424390243902439,0.36850893193394424
