file,nrBest,proportionBest,entropyNrActions
nr_62_id_36_0f6d6f06d942ec073db469147e9983a6a58bd177_PagesEndpoint_GTSPOON.csv,114,0.055609756097560976,2.817837335983058
