file,nrBest,proportionBest,entropyNrActions
nr_352_id_34_30be4d96f7b6950a0e4f1129e892d8c56126c79e_ZMonView_GTSPOON.csv,1360,0.6634146341463415,1.4657143028177935
