file,nrBest,proportionBest,entropyNrActions
nr_297_id_21_07ca97f1e0107a66a8803a24afcccfd5469a0309_AbstractAtomTest_GTSPOON.csv,1911,0.9321951219512196,0.4166086777888615
