file,nrBest,proportionBest,entropyNrActions
nr_66_id_17_01267eeda00e1ab5e47a4b375bbda6d334a9f513_Jira_GTSPOON.csv,1800,0.8780487804878049,0.484691374382805
