file,nrBest,proportionBest,entropyNrActions
nr_393_id_16_0724d03760a2036ba46315e72ef804d1b341ed25_ComposedOp_GTSPOON.csv,1935,0.9439024390243902,0.3600144444677703
