file,nrBest,proportionBest,entropyNrActions
nr_496_id_31_22c0540ec3ae511ab93234fbfba84170fcc16325_EventInstanceDao_GTSPOON.csv,1135,0.5536585365853659,1.8005438533359346
