file,nrBest,proportionBest,entropyNrActions
nr_379_id_27_1135eac43aa94585071e1ab6a5d9486cac627325_IterationUITest_GTSPOON.csv,1094,0.5336585365853659,1.8102908321859597
