file,nrBest,proportionBest,entropyNrActions
nr_189_id_9_024a739afa04dca6f30fe9d0f22e7559f57df0b7_ObjectMap_GTSPOON.csv,1243,0.6063414634146341,1.6523806977059483
