file,nrBest,proportionBest,entropyNrActions
nr_447_id_7_04b9b676d47300dd01f465a5ef07c6853f3ad8b1_Console_GTSPOON.csv,171,0.08341463414634147,2.55852420749061
