file,nrBest,proportionBest,entropyNrActions
nr_395_id_30_1871a27fee174ab4d4483b2cbb8d88247678922b_WebappMinifierMojo_GTSPOON.csv,220,0.1073170731707317,2.736620696210181
