file,nrBest,proportionBest,entropyNrActions
nr_478_id_4_01ea1bf493bc765c3149a00ee9e5190340ae0599_Util_GTSPOON.csv,1388,0.6770731707317074,1.4455367505722818
