file,nrBest,proportionBest,entropyNrActions
nr_748_id_1_0880634d5f5e1ad9a13849680a15ab0f26aa4c3c_LogicalNode_GTSPOON.csv,1838,0.8965853658536586,0.5963881692214194
