file,nrBest,proportionBest,entropyNrActions
nr_130_id_14_01b060f7a3051cb728364f2b95f6c6e59d1ff16a_DbConnection_GTSPOON.csv,417,0.20341463414634145,2.629628554191752
