file,nrBest,proportionBest,entropyNrActions
nr_204_id_20_03e61d980f1f5ff5c193783c961447a3970935b8_CLITest_GTSPOON.csv,100,0.04878048780487805,2.6891233368254133
