file,nrBest,proportionBest,entropyNrActions
nr_653_id_2_016536e816b2743a2e7e176ba58d9993770b246f_BazaarRepository_GTSPOON.csv,1837,0.8960975609756098,0.5885437385449568
