file,nrBest,proportionBest,entropyNrActions
nr_340_id_17_06bcd705606070aa71425fc557e72592a2405a0a_Monkey_GTSPOON.csv,206,0.10048780487804879,2.986881676611622
