file,nrBest,proportionBest,entropyNrActions
nr_222_id_20_04586b3612db181478aaf6f8cc229945c64c866b_NamespaceTester_GTSPOON.csv,2019,0.9848780487804878,0.11085063985137401
