file,nrBest,proportionBest,entropyNrActions
nr_568_id_30_21fdf78113e371938da6e0d55081b056e4242e02_ComponentService_GTSPOON.csv,5,0.0024390243902439024,2.543062256311334
