file,nrBest,proportionBest,entropyNrActions
nr_139_id_30_08e056f873b286329bc3913fdbe8f4e1f3f56db9_PrivacyManager_GTSPOON.csv,40,0.01951219512195122,2.677979629420596
