file,nrBest,proportionBest,entropyNrActions
nr_236_id_30_0e9e45ea81188f8943a714a2478c0c8c091fa9c9_TestGroups_GTSPOON.csv,1743,0.8502439024390244,0.8282937010800598
