file,nrBest,proportionBest,entropyNrActions
nr_69_id_7_00b8159a9318f1f9fa177d36d06e44d445e1db23_FlowActivityImpl_GTSPOON.csv,231,0.1126829268292683,2.504854258861366
