file,nrBest,proportionBest,entropyNrActions
nr_147_id_10_01404397c166b5b146b0ff1d999de5874af20342_BaseActionTest_GTSPOON.csv,1820,0.8878048780487805,0.4150236174761532
