file,nrBest,proportionBest,entropyNrActions
nr_411_id_12_047dfbfaa9ad8885528b5c598ccaf6f99cc70290_SVNCopyClient16_GTSPOON.csv,1731,0.844390243902439,0.8334086556300511
