file,nrBest,proportionBest,entropyNrActions
nr_450_id_19_0aa5c2a8891d8574057d7a38c0cb57b5a5652dd5_TransportUriTest_GTSPOON.csv,1645,0.802439024390244,0.9668396590399582
