file,nrBest,proportionBest,entropyNrActions
nr_133_id_25_045ada15485215d2a2903fe9fda3ab006186c3d7_Repository_GTSPOON.csv,1565,0.7634146341463415,1.1316105103397782
