file,nrBest,proportionBest,entropyNrActions
nr_467_id_20_090b8894b9b607df0eaa357322fb0759ad38b3bc_CSLSPlugin_GTSPOON.csv,1907,0.9302439024390244,0.43739018801087476
