file,nrBest,proportionBest,entropyNrActions
nr_294_id_19_07032b60f814a9516c6c50eeee939d648be09fbc_Fabrica_GTSPOON.csv,1924,0.9385365853658536,0.3708808193237465
