file,nrBest,proportionBest,entropyNrActions
nr_263_id_32_16d7a8259d92cf68b36aa558eb33b15473e8273b_WeasisLauncher_GTSPOON.csv,135,0.06585365853658537,3.1922600866536275
