file,nrBest,proportionBest,entropyNrActions
nr_452_id_16_081d4360d77999bad3685e222d116278781fc31e_SignatureTest_GTSPOON.csv,29,0.014146341463414635,1.7924591256148175
