file,nrBest,proportionBest,entropyNrActions
nr_383_id_22_094289948212af13c020a3630641d6dfdce68a6d_NokogiriHandler_GTSPOON.csv,960,0.4682926829268293,2.205727325958607
