file,nrBest,proportionBest,entropyNrActions
nr_79_id_28_038fa9564f225b4659fb9356f899954e68048d67_TestUCFPackage_GTSPOON.csv,185,0.09024390243902439,2.5523652940755275
