file,nrBest,proportionBest,entropyNrActions
nr_317_id_27_0db0d64fc0342ddd18778486b87dd32daabc726a_Controller_GTSPOON.csv,151,0.07365853658536585,3.373483942790229
