file,nrBest,proportionBest,entropyNrActions
nr_49_id_34_06ba55476ee9703c876d223cd41bd73c5f85f42d_BatteryService_GTSPOON.csv,1001,0.48829268292682926,1.8678775470460918
