file,nrBest,proportionBest,entropyNrActions
nr_384_id_26_0d23821fe10894fcb6adad95c73714cad358fe2d_MIOPTest_GTSPOON.csv,190,0.09268292682926829,1.9184809674166465
