file,nrBest,proportionBest,entropyNrActions
nr_487_id_25_114ab58c4b57550a1df9200ed7a928d13d6c812c_RubyArray_GTSPOON.csv,10,0.004878048780487805,2.983221789270085
