file,nrBest,proportionBest,entropyNrActions
nr_161_id_34_18b836d16e9cda7bf6804e12862f71462d9ab5e6_BtReceiverInput_GTSPOON.csv,437,0.21317073170731707,1.7492044595309786
