file,nrBest,proportionBest,entropyNrActions
nr_327_id_22_083a6e27138d98b9d2e604d362f3859979cbff68_WBLAccessMethod_GTSPOON.csv,2019,0.9848780487804878,0.11056163028415134
