file,nrBest,proportionBest,entropyNrActions
nr_393_id_4_019145fae40207bdee73f5bd3f7e9f326dbe90d6_DragView_GTSPOON.csv,1,0.0004878048780487805,1.1344399903747135
