file,nrBest,proportionBest,entropyNrActions
nr_502_id_31_231203650673db830ef4b93ca4f65876a55fcaca_PropertyTest_GTSPOON.csv,1575,0.7682926829268293,0.9945734688412733
