file,nrBest,proportionBest,entropyNrActions
nr_401_id_22_098e9de15538723112e1b8dae239b56ac3ce7424_AvdStartDialog_GTSPOON.csv,169,0.0824390243902439,2.657587153465013
