file,nrBest,proportionBest,entropyNrActions
nr_142_id_19_03a1f3cb1744fca6b70823b9b02fb1efb7d05751_ReasonerTest_GTSPOON.csv,210,0.1024390243902439,2.3321589612411087
