file,nrBest,proportionBest,entropyNrActions
nr_84_id_29_04f420833ffb9c368c439d4532db2f71cfee5547_XTestTypeProvider_GTSPOON.csv,1887,0.9204878048780488,0.4932835159353664
