file,nrBest,proportionBest,entropyNrActions
nr_468_id_16_085b11ca01fcf73c02a2063016f4dcfb2a31f358_Ciphersuite_C3_GTSPOON.csv,97,0.04731707317073171,3.5818443200160752
