file,nrBest,proportionBest,entropyNrActions
nr_134_id_11_01b724f28d298ed7b6b72ba19cb9567428a05c47_DefaultCadreService_GTSPOON.csv,1407,0.6863414634146342,1.2535932807228174
