file,nrBest,proportionBest,entropyNrActions
nr_317_id_17_066227cd07e634da801a8cc38c0b5ab69085bedf_LogConfig_GTSPOON.csv,1468,0.7160975609756097,1.3504486303530057
