file,nrBest,proportionBest,entropyNrActions
nr_383_id_11_05448936ff77fc37d228e177188a21077d1ea034_MockEntityServiceTest_GTSPOON.csv,2006,0.9785365853658536,0.15098487490346021
