file,nrBest,proportionBest,entropyNrActions
nr_413_id_21_0a82c505e8284fc7dd22789a67bde60392019a0e_J2EECreationDataModel_GTSPOON.csv,1407,0.6863414634146342,1.3591536235952397
