file,nrBest,proportionBest,entropyNrActions
nr_220_id_19_05646cfeb24a355d576f38e707e802698e972957_Handle_GTSPOON.csv,10,0.004878048780487805,2.9736374945687665
