file,nrBest,proportionBest,entropyNrActions
nr_9_id_37_02c6a17b34c32e9f4eec843b3d2e55890e608614_HostedSiteServlet_GTSPOON.csv,1005,0.4902439024390244,1.8347722786273315
