file,nrBest,proportionBest,entropyNrActions
nr_368_id_10_0386a915e968a4acf005d5788a7a9e83563dc981_SearchHistoryTopComponent_GTSPOON.csv,1725,0.8414634146341463,0.8299619440007243
