file,nrBest,proportionBest,entropyNrActions
nr_265_id_27_0bad06e64c0144eb71998e6bc129a0592ae56521_Window_GTSPOON.csv,97,0.04731707317073171,2.638109620764084
