file,nrBest,proportionBest,entropyNrActions
nr_440_id_12_04bd9e4d55c8bd0e00db8883b83c027dfda71a58_Neo4jTemplate_GTSPOON.csv,1179,0.5751219512195122,1.7845350559450623
