file,nrBest,proportionBest,entropyNrActions
nr_551_id_3_0398b36a6972acf30fcd75d0d5333f11b50f3570_ColourPickerPanel_GTSPOON.csv,1045,0.5097560975609756,1.9027683189548505
