file,nrBest,proportionBest,entropyNrActions
nr_127_id_27_058d1e7d15afa876fb7c141a3ac1bcf1bf89a123_ArrayPtg_GTSPOON.csv,1244,0.6068292682926829,1.8108266514421811
