file,nrBest,proportionBest,entropyNrActions
nr_306_id_4_0126c2f7c760fa228f0af43e3f3c76990f0baad9_StrictModeWrapper_GTSPOON.csv,2030,0.9902439024390244,0.061443711955070604
