file,nrBest,proportionBest,entropyNrActions
nr_271_id_3_01c52684a30c61bb1882659128e8123e0efde5ef_DTMManagerDefault_GTSPOON.csv,1363,0.6648780487804878,1.4790456496558146
