file,nrBest,proportionBest,entropyNrActions
nr_164_id_21_04650df4a3c5dce31624d903330ca65f1b6c0f7b_PAOS_GTSPOON.csv,981,0.47853658536585364,2.0254899794575465
