file,nrBest,proportionBest,entropyNrActions
nr_245_id_15_049a1f23320c02a38e86545585f3d52b15c290d4_Configuration_Test_GTSPOON.csv,1553,0.7575609756097561,0.9373089374907682
