file,nrBest,proportionBest,entropyNrActions
nr_112_id_18_02113404027a0f34948a1c1f56c699581f210a53_GameState_GTSPOON.csv,144,0.0702439024390244,3.432428556711906
