file,nrBest,proportionBest,entropyNrActions
nr_347_id_4_015de337c06f7a6247432ae310befcfc9a06b584_OlsrdDataSource_GTSPOON.csv,843,0.41121951219512193,2.8578414074150524
