file,nrBest,proportionBest,entropyNrActions
nr_43_id_4_00264e246e996927ae3e293a9841a4840710a596_TruckShape_GTSPOON.csv,1923,0.9380487804878048,0.38846359250688295
