file,nrBest,proportionBest,entropyNrActions
nr_193_id_22_04bebd980008d7bd48c07612629382cb376593f3_BluetoothDevicePreference_GTSPOON.csv,1473,0.7185365853658536,1.3058881598228989
