file,nrBest,proportionBest,entropyNrActions
nr_107_id_17_020305cd4568bbbdf1d21d072f44c35baf26d6ed_ScraperUtil_GTSPOON.csv,1919,0.9360975609756098,0.4106798834687717
