file,nrBest,proportionBest,entropyNrActions
nr_325_id_27_0e18087d2a8935495ffbedb63861428619f86e43_ModuleWrapper_GTSPOON.csv,1273,0.6209756097560976,1.4444608063363988
