file,nrBest,proportionBest,entropyNrActions
nr_12_id_11_0015513c8a01415878101d69da02a2b06c060359_WordSorterAndScaler_GTSPOON.csv,2023,0.9868292682926829,0.09607673393265669
