file,nrBest,proportionBest,entropyNrActions
nr_219_id_18_04445199df056091347148b1f172877342f2c3a0_CandlepinExceptionMapper_GTSPOON.csv,1938,0.9453658536585365,0.3496208339533638
