file,nrBest,proportionBest,entropyNrActions
nr_370_id_16_06b91a1e054e5b825cb6bd5c84edd4d60be77907_SpriteBatch_GTSPOON.csv,81,0.03951219512195122,2.5082432212799692
