file,nrBest,proportionBest,entropyNrActions
nr_377_id_12_040dada4f1f8077da59cd62acd6a5669aee19865_CallImpl_GTSPOON.csv,136,0.06634146341463415,2.69441860002082
