file,nrBest,proportionBest,entropyNrActions
nr_65_id_36_0fb877c6884d5bbe1c895705361426eec2c25be5_RedSquareSample_GTSPOON.csv,617,0.30097560975609755,2.765022947764378
