file,nrBest,proportionBest,entropyNrActions
nr_417_id_2_00de413e4ae34c46d2ff9fa2f4dc35c644033859_JsonView_GTSPOON.csv,1820,0.8878048780487805,0.6431309174287406
