file,nrBest,proportionBest,entropyNrActions
nr_150_id_23_04829e68191c2e0cf97504c560e0b0fd669ef5fb_ReadingBookInfo_GTSPOON.csv,204,0.09951219512195122,1.6641105216751053
