file,nrBest,proportionBest,entropyNrActions
nr_480_id_17_09b871a0e8c5e63439dc914990bf59dbd3b9c726_CodeMetricsMojo_GTSPOON.csv,1372,0.6692682926829269,1.4494945092319886
