file,nrBest,proportionBest,entropyNrActions
nr_367_id_31_19ad3e185a262a6efca19ae55040ab472c606e7e_Trace_GTSPOON.csv,200,0.0975609756097561,2.5839166775422324
