file,nrBest,proportionBest,entropyNrActions
nr_426_id_8_038b896ba774417dfcf810c0501dbadad5347816_MessageUtil_GTSPOON.csv,1932,0.9424390243902439,0.37816166896083797
