file,nrBest,proportionBest,entropyNrActions
nr_492_id_7_0526bf59381674c78b8aa8583438864211765dea_MyRouteBuilder_GTSPOON.csv,1735,0.8463414634146341,0.6693171719406663
