file,nrBest,proportionBest,entropyNrActions
nr_548_id_1_0617d85ba30bb44cd95cd10d6f2597f0f7f68947_Survey_GTSPOON.csv,1265,0.6170731707317073,1.6244604659834985
