file,nrBest,proportionBest,entropyNrActions
nr_121_id_28_058638e99980a586fa856cfb09dfc099861c4da2_HTTPClientConfig_GTSPOON.csv,161,0.07853658536585366,2.0542133214513205
