file,nrBest,proportionBest,entropyNrActions
nr_121_id_25_04088da6c77514e3a1466af82781d2675184b925_SVNWorkspace_GTSPOON.csv,157,0.07658536585365854,2.951250722821805
