file,nrBest,proportionBest,entropyNrActions
nr_9_id_2_00046230298396c206170d91b2dbcc7363184da9_DatabaseDescriptor_GTSPOON.csv,106,0.05170731707317073,3.198702628312799
