file,nrBest,proportionBest,entropyNrActions
nr_267_id_8_0241901f488932e47cce4029d24dc3bb2d2b9a43_FailedTest_GTSPOON.csv,1825,0.8902439024390244,0.4046201107490825
