file,nrBest,proportionBest,entropyNrActions
nr_250_id_11_0347c56c96947d7e5260b30dc884c3170c5dce64_Base64_GTSPOON.csv,1430,0.697560975609756,1.3377607355348915
