file,nrBest,proportionBest,entropyNrActions
nr_352_id_21_09271061c74836ea71ad1dec105b42a3b3213cea_SEB_GTSPOON.csv,1653,0.8063414634146342,0.90250305168988
