file,nrBest,proportionBest,entropyNrActions
nr_142_id_10_0138902b287698a224cbbbcbfefbd36a8650f224_Paddle_GTSPOON.csv,2018,0.984390243902439,0.11057224841039436
