file,nrBest,proportionBest,entropyNrActions
nr_461_id_15_088b80e0d538a55faf2ac0d2a04f7e897e25364c_Submission_GTSPOON.csv,183,0.08926829268292683,2.7635344312561054
