file,nrBest,proportionBest,entropyNrActions
nr_463_id_20_08f0bd47ef53c1e554fe74302a81b552898042c2_MainActivity_GTSPOON.csv,1548,0.7551219512195122,1.176484238108524
