file,nrBest,proportionBest,entropyNrActions
nr_368_id_2_00c3de21f255d4f8415328c6e18d6000a2249f26_ChannelManager_GTSPOON.csv,1559,0.7604878048780488,1.1479547752032868
