file,nrBest,proportionBest,entropyNrActions
nr_381_id_25_0d41b6368b9ed5624cb07527bf053489b6945fa6_HistoryMarketdataService_GTSPOON.csv,1917,0.9351219512195122,0.41975112831610467
