file,nrBest,proportionBest,entropyNrActions
nr_599_id_36_999dd98d67f1a0a364ce721b2f77dc55f75d005c_Attachment_GTSPOON.csv,1846,0.9004878048780488,0.5444652306949598
