file,nrBest,proportionBest,entropyNrActions
nr_31_id_10_004c6d3b67a510f424a4577c9d9aad397479925f_Launcher_GTSPOON.csv,187,0.09121951219512195,2.637464712107455
