file,nrBest,proportionBest,entropyNrActions
nr_216_id_2_0068055254371ad19aad977dba4b2070ed8b6368_DialpadFragment_GTSPOON.csv,85,0.041463414634146344,3.0549928402982767
