file,nrBest,proportionBest,entropyNrActions
nr_316_id_5_02945d3d2434ee377b73424d40a1f59936beb46e_IssuesTest_1500_1999_GTSPOON.csv,1924,0.9385365853658536,0.33946114393771976
