file,nrBest,proportionBest,entropyNrActions
nr_184_id_12_021167e4518f48c21a32468f6c551e5da668015f_Armor_GTSPOON.csv,81,0.03951219512195122,1.4724725045335156
