file,nrBest,proportionBest,entropyNrActions
nr_515_id_8_0431e906099453bfaeddba7308fdca67c9c20e81_Vector3_GTSPOON.csv,407,0.19853658536585367,3.0571935333706697
