file,nrBest,proportionBest,entropyNrActions
nr_120_id_20_027a3727309ef96a9f3af508c2405300e1191dd6_HostingRobotProxy_GTSPOON.csv,270,0.13170731707317074,2.294509863507204
