file,nrBest,proportionBest,entropyNrActions
nr_127_id_2_003cc72309ae9fd0442096ec5087ffb2644ad683_Yotsuba_GTSPOON.csv,426,0.20780487804878048,2.4579586641272506
