file,nrBest,proportionBest,entropyNrActions
nr_129_id_19_0356c447b30e092bdc12a4b7288c08f5ef87534c_Inflater_GTSPOON.csv,784,0.3824390243902439,1.1117644344124136
