file,nrBest,proportionBest,entropyNrActions
nr_48_id_36_0c3d532f1599d1793678e170937a3d098029b56c_TooltipImpl_GTSPOON.csv,213,0.10390243902439024,3.31514957413441
