file,nrBest,proportionBest,entropyNrActions
nr_407_id_27_123e0b61202ec1cfd6632736954bd80d65d3f8b3_DBDictionary_GTSPOON.csv,17,0.008292682926829269,2.614794532054763
