file,nrBest,proportionBest,entropyNrActions
nr_333_id_5_02b94e2bcd4011ae1e2347cdcd31330560c48539_Pattern_GTSPOON.csv,1254,0.6117073170731707,1.7261932002523914
