file,nrBest,proportionBest,entropyNrActions
nr_13_id_27_00a35807f504b536b920beb054fb6905201314da_DateTimeParse_en_Test_GTSPOON.csv,210,0.1024390243902439,2.260228483882088
