file,nrBest,proportionBest,entropyNrActions
nr_426_id_10_0415fa604b3b3cf630d2ab6357341a2299c904a8_Country_GTSPOON.csv,1848,0.9014634146341464,0.5472357677947219
