file,nrBest,proportionBest,entropyNrActions
nr_97_id_19_02649d8ef0735d962291327e936c8b142eb21bbf_MediaResource_GTSPOON.csv,1465,0.7146341463414634,1.3005422078370812
