file,nrBest,proportionBest,entropyNrActions
nr_435_id_4_01bc7f7c6039894280ec87e19f48ff8a45beee9d_SetupGameState_GTSPOON.csv,1381,0.6736585365853659,1.5250069851600907
