file,nrBest,proportionBest,entropyNrActions
nr_237_id_24_0756ce75871fdb1bc018d948fb56e65c9403f715_JailCell_GTSPOON.csv,800,0.3902439024390244,1.2590962544655342
