file,nrBest,proportionBest,entropyNrActions
nr_484_id_25_11393b3b612925f7acf0dfa34764420c72aedd7e_BlogEntryView_GTSPOON.csv,1843,0.8990243902439025,0.5509618343382111
