file,nrBest,proportionBest,entropyNrActions
nr_145_id_23_045416683fb6f74b0396ad3466f174c08b9444e1_FrameULSTTest_GTSPOON.csv,1030,0.5024390243902439,2.016912444096141
