file,nrBest,proportionBest,entropyNrActions
nr_642_id_7_06b4294aabcba717e847613f5a0875d66420ed8d_AntlrParserPlugin_GTSPOON.csv,157,0.07658536585365854,2.8022213888890866
