file,nrBest,proportionBest,entropyNrActions
nr_500_id_30_1e1238f2c4f60c1c6c7a0a21e1f91aefda10cfe1_npcx_GTSPOON.csv,169,0.0824390243902439,2.9959320530023894
