file,nrBest,proportionBest,entropyNrActions
nr_305_id_3_01f5c9c2261a26e2976813ce5d00e89f8c943703_JoinSessionWizard_GTSPOON.csv,1187,0.5790243902439024,1.7539029645337285
