file,nrBest,proportionBest,entropyNrActions
nr_683_id_2_0178ac7a7a4506207dcced284917e400670c7175_MineFactoryReloadedCore_GTSPOON.csv,146,0.07121951219512195,2.4602615597397737
