file,nrBest,proportionBest,entropyNrActions
nr_486_id_35_5d485843b673c2ff4c7962db218b7924b6a19ce9_ResponseCorrelator_GTSPOON.csv,5,0.0024390243902439024,1.218485670149669
