file,nrBest,proportionBest,entropyNrActions
nr_172_id_16_0346c8b889995572ecb8df0a7023add711660ab0_ObrDeployFile_GTSPOON.csv,1704,0.8312195121951219,0.9541745314330571
