file,nrBest,proportionBest,entropyNrActions
nr_441_id_27_143b4cd1aa1090ad9c7e425b6d01193ff85d8c63_Possibilities_GTSPOON.csv,1656,0.8078048780487805,0.9946246923956404
