file,nrBest,proportionBest,entropyNrActions
nr_550_id_14_07de31250136bbf1532c9530547213ee34f9592e_UiGeneratorController_GTSPOON.csv,194,0.09463414634146342,2.4759895941966885
