file,nrBest,proportionBest,entropyNrActions
nr_294_id_8_02711ec9cf9a7d22a8fb0342349c52de16ce907f_ShellSession_GTSPOON.csv,1020,0.4975609756097561,1.899691269700047
