file,nrBest,proportionBest,entropyNrActions
nr_567_id_6_0375a29ef3d424ad85408cd3214a18e0d8548780_J2EELabelProvider_GTSPOON.csv,1579,0.7702439024390244,1.028058170495986
