file,nrBest,proportionBest,entropyNrActions
nr_681_id_3_04a2c53af2be8e7577644ecb23e6ddb49c839c95_DataHelper_GTSPOON.csv,1480,0.7219512195121951,1.1840839392623506
