file,nrBest,proportionBest,entropyNrActions
nr_499_id_30_1e100af30dabc97cd9f3d4529fb5372d25d40fd9_ParserTest_GTSPOON.csv,210,0.1024390243902439,2.2575766755437527
