file,nrBest,proportionBest,entropyNrActions
nr_484_id_13_0720e122f90bbfe486f2efc3b82903641e0681e6_Attack_GTSPOON.csv,1747,0.8521951219512195,0.796850202146957
