file,nrBest,proportionBest,entropyNrActions
nr_337_id_21_08c6d84b297cd867fad2e560d38c1951596cb8ae_NutritionTotals_GTSPOON.csv,370,0.18048780487804877,1.6818269758827387
