file,nrBest,proportionBest,entropyNrActions
nr_84_id_3_009f0cda24395a36c1ef04d8cf065e5237e41413_SwtScoutSequenceBox_GTSPOON.csv,1627,0.7936585365853659,1.0831709825728493
