file,nrBest,proportionBest,entropyNrActions
nr_64_id_16_0158d64528a88f2eedc69b05d915e70a5cfa03f2_GetMessageCounts_GTSPOON.csv,2014,0.9824390243902439,0.12305735453242085
