file,nrBest,proportionBest,entropyNrActions
nr_59_id_15_00ec8dbde356948138736bab1872125e099e8e2d_FileManager_GTSPOON.csv,85,0.041463414634146344,3.4760736303231154
