file,nrBest,proportionBest,entropyNrActions
nr_508_id_12_057ab91a3373719c820fc6e9e0a7f7957e41e6d4_Vertex_GTSPOON.csv,1911,0.9321951219512196,0.3991999078315003
