file,nrBest,proportionBest,entropyNrActions
nr_253_id_19_063b04cc90db2b26ee1eba21754e7036b1f96966_Parser_GTSPOON.csv,114,0.055609756097560976,2.8473035696038353
