file,nrBest,proportionBest,entropyNrActions
nr_220_id_30_0d5f5306ce49e6371d69f60b314dbd31a3b60168_AcronymReplacementToken_GTSPOON.csv,2025,0.9878048780487805,0.08740999481629394
