file,nrBest,proportionBest,entropyNrActions
nr_330_id_37_92fe0e5113b2bf791327c77facef77c67d443fbb_VideoEngine_GTSPOON.csv,29,0.014146341463414635,2.8000520498829533
