file,nrBest,proportionBest,entropyNrActions
nr_452_id_33_3769e9508a4e50fec3c912b497bfe486adbf09cb_GitErrorType_GTSPOON.csv,1823,0.8892682926829268,0.4115438517808527
