file,nrBest,proportionBest,entropyNrActions
nr_160_id_3_010fae495b952ecead87e1fcb50ea6f3874f599f_DBUtils_GTSPOON.csv,154,0.07512195121951219,3.1469212651170086
