file,nrBest,proportionBest,entropyNrActions
nr_236_id_7_02871b15f306a4b41c40b9ace52cdc0be011590a_PortletFrame_GTSPOON.csv,433,0.21121951219512194,2.5454394214663862
