file,nrBest,proportionBest,entropyNrActions
nr_377_id_18_071d43d28862f65728a495280bcacab7c2b7e1f3_PackagesLoader_GTSPOON.csv,155,0.07560975609756097,2.5656526250404914
