file,nrBest,proportionBest,entropyNrActions
nr_522_id_28_176876039ca6aa17712dfad527f32c03fc524b77_HttpFieldsTest_GTSPOON.csv,230,0.11219512195121951,1.6603992275470536
