file,nrBest,proportionBest,entropyNrActions
nr_181_id_26_06d0198035f5c1b0188dfabc6d578f4bac694e5e_SWADMain_GTSPOON.csv,382,0.18634146341463415,2.9258425795452414
