file,nrBest,proportionBest,entropyNrActions
nr_34_id_13_009f8662be33205a6eb5ee9871eda61d6440f77a_TranslationTask_GTSPOON.csv,1315,0.6414634146341464,1.4666922769753712
