file,nrBest,proportionBest,entropyNrActions
nr_292_id_30_11c1d767c5be96c94dd797eed96c4ef5a8a68306_HelloWorld_GTSPOON.csv,2025,0.9878048780487805,0.08031158664077977
