file,nrBest,proportionBest,entropyNrActions
nr_326_id_17_067c0011292d13a3088199168b8a387163c4ab09_Merc_GTSPOON.csv,555,0.2707317073170732,2.930937522093151
