file,nrBest,proportionBest,entropyNrActions
nr_442_id_16_07f70de4ce2d30c7719b5bdc189c1b49e2342c75_TaskTrimWidget_GTSPOON.csv,1212,0.5912195121951219,1.6818927942835065
