file,nrBest,proportionBest,entropyNrActions
nr_312_id_15_05e00ce404d1917aef8c3eaeac1db3a925b56f27_LogReader_GTSPOON.csv,1838,0.8965853658536586,0.6134779593209868
