file,nrBest,proportionBest,entropyNrActions
nr_228_id_13_0346398b49b58c463d98104c8a6b82ad85227424_SetupConstants_GTSPOON.csv,1560,0.7609756097560976,0.8231762513104313
