file,nrBest,proportionBest,entropyNrActions
nr_556_id_12_06174fc9179dc5050c01211e21c208de237faa38_Orbital_GTSPOON.csv,980,0.47804878048780486,1.9697491018348408
