file,nrBest,proportionBest,entropyNrActions
nr_387_id_28_11195e82ed5d0764ca47beeb91138f45509b60b1_JoinRewriter_GTSPOON.csv,85,0.041463414634146344,2.582583699364159
