file,nrBest,proportionBest,entropyNrActions
nr_145_id_14_01f6c1185d8d24760a802e40e6a2c5a5b7705df8_GeocacheTest_GTSPOON.csv,1277,0.6229268292682927,1.5487269411645601
