file,nrBest,proportionBest,entropyNrActions
nr_120_id_10_00faf3539d7a1a35c79e5e081e49d000a6f89b57_HighlightTips_GTSPOON.csv,110,0.05365853658536585,2.1189401863528543
