file,nrBest,proportionBest,entropyNrActions
nr_27_id_3_003d62bbd11e87a31df261704bc681a301754bfd_Board_GTSPOON.csv,1013,0.49414634146341463,1.9438650236167478
