file,nrBest,proportionBest,entropyNrActions
nr_294_id_15_05714396d4972f7bf4943629a761fa52407b20ff_SingleCubeResultSet_GTSPOON.csv,1393,0.6795121951219513,1.358156167095754
