file,nrBest,proportionBest,entropyNrActions
nr_455_id_30_1bdaf26b11af9a0a9285d6498490724ae68040f9_LiveWebRedirector_GTSPOON.csv,1820,0.8878048780487805,0.6681786728561633
