file,nrBest,proportionBest,entropyNrActions
nr_473_id_30_1c8d22853c5b7dffd425644ee4ae3b1f161d8242_PheidippidesBean_GTSPOON.csv,1297,0.6326829268292683,1.419744470865399
