file,nrBest,proportionBest,entropyNrActions
nr_133_id_32_0c33053745ae6335fa47e3826272e97839b1ad84_DatatablesUtils_GTSPOON.csv,17,0.008292682926829269,2.912318447475788
