file,nrBest,proportionBest,entropyNrActions
nr_370_id_20_073a12bed91d644eb02e3c5812a7a5ff02510e10_Volume_GTSPOON.csv,143,0.06975609756097562,2.832568058958266
