file,nrBest,proportionBest,entropyNrActions
nr_630_id_8_04f2e61ff4ca35145e0789713839ef91389cabea_PlayerTest_GTSPOON.csv,1094,0.5336585365853659,1.8966025986407353
