file,nrBest,proportionBest,entropyNrActions
nr_341_id_16_0644c5a58e93024abb5739c9ebf170f06538d8d3_AccessOpt_GTSPOON.csv,20,0.00975609756097561,1.3039218267267887
