file,nrBest,proportionBest,entropyNrActions
nr_398_id_13_05d54693db858abcce88b7d0dcf8464d78259012_ListIT_GTSPOON.csv,1933,0.9429268292682926,0.3387044946846612
