file,nrBest,proportionBest,entropyNrActions
nr_468_id_11_066c9e5348020adb6cfe358db4a5498dd59216db_PtuJsonReader_GTSPOON.csv,1837,0.8960975609756098,0.6619269454132581
