file,nrBest,proportionBest,entropyNrActions
nr_74_id_24_023b47cd990a937981f7805957f175faaa196453_QuadTree_GTSPOON.csv,45,0.02195121951219512,3.0132621445090857
