file,nrBest,proportionBest,entropyNrActions
nr_516_id_30_1f6043b6199346518d87fb22440f24928ab359df_SimpleAuthenticationTest_GTSPOON.csv,1515,0.7390243902439024,1.1752052438341725
