file,nrBest,proportionBest,entropyNrActions
nr_427_id_29_18f44f3d932aaa0da25e88326a321b205923e988_SWTEmbeddedJoglWidget_GTSPOON.csv,1770,0.8634146341463415,0.600977271552895
