file,nrBest,proportionBest,entropyNrActions
nr_86_id_13_014e2c47c7579e7240a49b11aeb2448a2d3a75d6_AbstractInterpreter_GTSPOON.csv,504,0.24585365853658536,1.7771306568931513
