file,nrBest,proportionBest,entropyNrActions
nr_59_id_12_00b2a2d29d439a3863ca08536530f9390c51899f_TexTranslator_GTSPOON.csv,407,0.19853658536585367,3.481215469251548
