file,nrBest,proportionBest,entropyNrActions
nr_201_id_10_01c710897b0985771b2cc6299e461ef128f2e765_EditionSelectionDialog_GTSPOON.csv,209,0.10195121951219512,2.633643333920983
