file,nrBest,proportionBest,entropyNrActions
nr_354_id_10_036a122fac07d895d0538329c16a233a771020f1_ResultsEditor_GTSPOON.csv,1273,0.6209756097560976,1.5994146427487466
