file,nrBest,proportionBest,entropyNrActions
nr_120_id_30_0786aacc7160751541229bc66380b6ed6d82413d_ImageViewer_GTSPOON.csv,1741,0.8492682926829268,0.881940172465635
