file,nrBest,proportionBest,entropyNrActions
nr_250_id_8_0222474c50cf87404f4f67259090d17b30d74579_ScriptRunner_GTSPOON.csv,1818,0.8868292682926829,0.6795854177134216
