file,nrBest,proportionBest,entropyNrActions
nr_329_id_15_06195029261159d0c18e49e86da2dbad91a3d0aa_CreateUserRequest_GTSPOON.csv,2011,0.9809756097560975,0.13202544422319165
