file,nrBest,proportionBest,entropyNrActions
nr_299_id_20_05d5cf5e10b27839cfebb66f7a5e3b85a7b80c55_DTree_GTSPOON.csv,204,0.09951219512195122,2.8192629291086138
