file,nrBest,proportionBest,entropyNrActions
nr_6_id_23_003a4a6fdff34b7a8a9951cb954ee326694e4136_AppGroupConfig_GTSPOON.csv,90,0.04390243902439024,2.8113199752108287
