file,nrBest,proportionBest,entropyNrActions
nr_4_id_14_001b8792d09c7ad80e5b8d7b2a90e846b084bf20_TestCalendarUtils_GTSPOON.csv,1905,0.9292682926829269,0.4066399891476848
