file,nrBest,proportionBest,entropyNrActions
nr_18_id_22_006e9a0da62dad0f1a63b1410be2fb5ff117e2cd_FNSeq_GTSPOON.csv,512,0.2497560975609756,2.4271477806631623
