file,nrBest,proportionBest,entropyNrActions
nr_425_id_32_245def65ca47260a7a3e89c594b507ad71d8653d_ParameterConverter_GTSPOON.csv,1328,0.6478048780487805,1.8761005266799204
