file,nrBest,proportionBest,entropyNrActions
nr_171_id_35_2151a4902d52b0ad698cc9a5c9116445f6430073_TestNGCommandLineArgs_GTSPOON.csv,22,0.010731707317073172,2.963862218806714
