file,nrBest,proportionBest,entropyNrActions
nr_256_id_9_030b608be9497276eca3bc5342f47e67be88ed18_ViewToolBarManager_GTSPOON.csv,1330,0.6487804878048781,1.6746616105176473
