file,nrBest,proportionBest,entropyNrActions
nr_7_id_10_00099eda5153b2544c55933bb502f921a8cf104b_GameMapProcessor2_GTSPOON.csv,1538,0.7502439024390244,1.2403172961315294
