file,nrBest,proportionBest,entropyNrActions
nr_18_id_11_00285f7b23d2ca550f85a347e46152afde2622f8_LogIn_GTSPOON.csv,1913,0.9331707317073171,0.3770843658640902
