file,nrBest,proportionBest,entropyNrActions
nr_151_id_11_01f2716666f0c79a42b65b6ce9d68b6bb85073c6_SyncManager_GTSPOON.csv,178,0.08682926829268292,2.824010962310072
