file,nrBest,proportionBest,entropyNrActions
nr_88_id_13_015286dfdf42e4c384d0761f66906662f3be9a42_InteractiveMapRenderer_GTSPOON.csv,167,0.08146341463414634,2.7232018071406143
