file,nrBest,proportionBest,entropyNrActions
nr_306_id_24_096fe24cf0b1f9b2ddabc319c8413189a8a50bb9_XPathHelper_GTSPOON.csv,141,0.06878048780487805,2.3345718523386507
