file,nrBest,proportionBest,entropyNrActions
nr_552_id_14_07eec3f58e2781c9a6e128611c0e80f7cd49ad91_Timeline_GTSPOON.csv,267,0.1302439024390244,2.7421827063192814
