file,nrBest,proportionBest,entropyNrActions
nr_215_id_37_5faab248d5d18f8368f461fc3405b62d5f248e8b_BasicTokenDuple_GTSPOON.csv,18,0.00878048780487805,2.698289872249852
