file,nrBest,proportionBest,entropyNrActions
nr_409_id_18_07af764827a7d6d426f6097d3e769084968f84fd_SpecialCharSequenceMgr_GTSPOON.csv,1470,0.7170731707317073,1.3990283826427496
