file,nrBest,proportionBest,entropyNrActions
nr_258_id_24_082443978595bee3b7907563dc7665f908872e20_Utility_GTSPOON.csv,210,0.1024390243902439,2.3273000742490635
