file,nrBest,proportionBest,entropyNrActions
nr_39_id_30_03075f79cf317dd0a53357fc202b7a4a9033e39c_Loader_GTSPOON.csv,140,0.06829268292682927,1.592149091248745
