file,nrBest,proportionBest,entropyNrActions
nr_347_id_6_021973fa569d8042aab65446de27098ca90e49da_FtpClient_GTSPOON.csv,1749,0.853170731707317,0.7802812963794687
