file,nrBest,proportionBest,entropyNrActions
nr_80_id_5_00b796bc633ae817aa06d43a27b024d99f4630e5_CookieAttribute_GTSPOON.csv,1725,0.8414634146341463,0.8524272876396651
