file,nrBest,proportionBest,entropyNrActions
nr_238_id_36_3ca6c51ab063863b922e1d16284698753a9f2d79_HiveMailWriterTest_GTSPOON.csv,1484,0.7239024390243902,1.1373400499618793
