file,nrBest,proportionBest,entropyNrActions
nr_335_id_18_06969fbc35e8de89764598e180d215ef304433f3_UnitsI18n_GTSPOON.csv,503,0.24536585365853658,1.7990220174771274
