file,nrBest,proportionBest,entropyNrActions
nr_480_id_34_415be9e59f8b426866f16ad16393f46bf01433a4_InterfaceSettings_GTSPOON.csv,80,0.03902439024390244,2.7947282864358107
