file,nrBest,proportionBest,entropyNrActions
nr_15_id_11_001e84c340eec2afabba47f736d20021a8ae72ec_Mapper_GTSPOON.csv,845,0.4121951219512195,1.6686585140170045
