file,nrBest,proportionBest,entropyNrActions
nr_438_id_18_082a452c0e71d84935f394a0ca4da85f7ec74a29_ClassTransformer_GTSPOON.csv,165,0.08048780487804878,2.710781758762733
