file,nrBest,proportionBest,entropyNrActions
nr_137_id_39_dff27758050a5312ad1bb8640b0fe2e522d03020_RiverMongoScriptTest_GTSPOON.csv,1528,0.7453658536585366,1.0990529292790716
