file,nrBest,proportionBest,entropyNrActions
nr_169_id_5_0177609e8d0ab5c8afa654b67d3b0fa4511181b7_GwtPlugin_GTSPOON.csv,57,0.027804878048780488,2.9729273876932103
