file,nrBest,proportionBest,entropyNrActions
nr_350_id_21_0913f14061889f6594c200d2d904739f1d1c79f0_Event_GTSPOON.csv,530,0.25853658536585367,1.7089565536104685
