file,nrBest,proportionBest,entropyNrActions
nr_393_id_16_0724d03760a2036ba46315e72ef804d1b341ed25_Logistic_GTSPOON.csv,1743,0.8502439024390244,0.6740597504193759
