file,nrBest,proportionBest,entropyNrActions
nr_20_id_1_003348050348f76ebe8843c8d9f455945019ae5c_DexBuffer_GTSPOON.csv,837,0.40829268292682924,2.1119398063329253
