file,nrBest,proportionBest,entropyNrActions
nr_485_id_11_06a8621e01922bcad12a565063c1a4434c0db3aa_RunJetty_GTSPOON.csv,1916,0.9346341463414635,0.3911460952033246
