file,nrBest,proportionBest,entropyNrActions
nr_134_id_29_07907f02871d641d29e67e285ac22b44c67c795c_DartFileReferenceImpl_GTSPOON.csv,1260,0.6146341463414634,1.7447491613730084
