file,nrBest,proportionBest,entropyNrActions
nr_157_id_32_0e1c55f349c6725d89dcd26afbbb0ef3c66f32d0_Loan_GTSPOON.csv,5,0.0024390243902439024,3.0567502212391107
