file,nrBest,proportionBest,entropyNrActions
nr_114_id_19_02bb80dc2915df4572ee059c3855f8fb87dcf004_GuideManager_GTSPOON.csv,2007,0.9790243902439024,0.14199832060671452
