file,nrBest,proportionBest,entropyNrActions
nr_20_id_13_0052501093d3e940ccf36d99970a1bc513fead35_Meta_GTSPOON.csv,1024,0.4995121951219512,2.432683979381296
