file,nrBest,proportionBest,entropyNrActions
nr_362_id_38_edce215456ee819f9f73f1a8e378ec1523ecb762_Reflection_GTSPOON.csv,1291,0.6297560975609756,1.5422222700402548
