file,nrBest,proportionBest,entropyNrActions
nr_58_id_8_00851bff4ef25e75ae06876306aa90074da57a04_AjcTest_GTSPOON.csv,1749,0.853170731707317,0.7998909899913422
