file,nrBest,proportionBest,entropyNrActions
nr_305_id_24_096461f25e4681e2dc08879f35385dd4999d0e69_Connection_GTSPOON.csv,755,0.36829268292682926,2.5009857191259326
