file,nrBest,proportionBest,entropyNrActions
nr_117_id_16_025771c626951f5aab98636506008e9350eede94_CommandLineOptions_GTSPOON.csv,1574,0.7678048780487805,0.9961817589056935
