file,nrBest,proportionBest,entropyNrActions
nr_412_id_26_0e04613a93940d7df0bc26cbafdf6fe5913cc8b4_Files_GTSPOON.csv,1800,0.8780487804878049,0.4817956222258396
