file,nrBest,proportionBest,entropyNrActions
nr_482_id_19_0b4eb5923070d89c7221498c831cb2d19e3da2dd_ExchangeService_GTSPOON.csv,38,0.018536585365853658,2.6960122525861485
