file,nrBest,proportionBest,entropyNrActions
nr_324_id_30_13e94395b13f6a6fb4f5d824c35a852f08e5d002_RenderedImageMapResponse_GTSPOON.csv,1889,0.9214634146341464,0.48022985222125086
