file,nrBest,proportionBest,entropyNrActions
nr_278_id_18_0595fc9f73e52bc93b598d620fa392b228a62f7c_SwornRPGCommand_GTSPOON.csv,775,0.3780487804878049,1.2033176094918954
