file,nrBest,proportionBest,entropyNrActions
nr_304_id_30_12c63018549ba678dad10d18b492d13d52277a5e_MapKeysPruneHelper_GTSPOON.csv,1269,0.6190243902439024,1.7749704142076386
