file,nrBest,proportionBest,entropyNrActions
nr_464_id_30_1c33be116091a885b21797aae761d5652bcdf3af_CombinableMatcher_GTSPOON.csv,1735,0.8463414634146341,0.6865017600194866
