file,nrBest,proportionBest,entropyNrActions
nr_536_id_30_207bea702e9d15d411ed9b602e63724409934fe5_TaskAdapter_GTSPOON.csv,16,0.007804878048780488,2.7987725286096157
