file,nrBest,proportionBest,entropyNrActions
nr_310_id_20_06093426cff019f385b6d84a4c0ad0b21e6d964e_OpenNIContextSingleton_GTSPOON.csv,2008,0.9795121951219512,0.13282522205045647
