file,nrBest,proportionBest,entropyNrActions
nr_630_id_6_03e8875c2722b6dea1c050d0cb5a2c241fcf6442_RouterIdentity_GTSPOON.csv,1746,0.8517073170731707,0.803946442954264
