file,nrBest,proportionBest,entropyNrActions
nr_535_id_35_663df4c2bbe582a68cd6e98722b2caa0d09e5195_IScrollTable_GTSPOON.csv,159,0.0775609756097561,3.425368492513212
