file,nrBest,proportionBest,entropyNrActions
nr_109_id_23_0326df0972b6622359c912ba4542c0b51cb4da1c_WarpDriveImporter_GTSPOON.csv,1929,0.9409756097560975,0.37079258169919865
