file,nrBest,proportionBest,entropyNrActions
nr_251_id_29_0ed99f72db31a90e2cca74e702bd773c03c9bd2e_HTMLParser_GTSPOON.csv,102,0.04975609756097561,3.0141321465772037
