file,nrBest,proportionBest,entropyNrActions
nr_490_id_3_032ee54c68d506a00382b65eb0a3d525583bf87d_PointerTool_GTSPOON.csv,913,0.4453658536585366,2.053943423741769
