file,nrBest,proportionBest,entropyNrActions
nr_340_id_10_034ea46a625055671985ee036c1c568508b00cdc_EquipmentTemplate_GTSPOON.csv,1742,0.8497560975609756,0.6607019864323846
