file,nrBest,proportionBest,entropyNrActions
nr_69_id_26_02a3050d2c3c515cc90170111dea26052c7e441d_StartRich_GTSPOON.csv,760,0.37073170731707317,2.7988482753255584
