file,nrBest,proportionBest,entropyNrActions
nr_13_id_17_0040ee4e072a14a73a3cdc4e679d054f13309452_CollectionTest_GTSPOON.csv,1484,0.7239024390243902,1.2218701939326044
