file,nrBest,proportionBest,entropyNrActions
nr_322_id_12_0376f80ae6dfa4ea4ffacd882525aa3716692f76_DeletionStage_GTSPOON.csv,1751,0.8541463414634146,0.8240441307621595
