file,nrBest,proportionBest,entropyNrActions
nr_269_id_22_06f7bd0f3e176379389484a81ec6dc1b3e864c55_BpmnDeploymentTest_GTSPOON.csv,1666,0.8126829268292682,0.860229798575813
