file,nrBest,proportionBest,entropyNrActions
nr_258_id_20_04edc9d7bb475d014489686aac0b0ce30ae617a5_Level_GTSPOON.csv,1837,0.8960975609756098,0.5661745634218958
