file,nrBest,proportionBest,entropyNrActions
nr_124_id_14_0193bba05463230e2b3720f03b8998a62f7e06dc_ExtDirectMethodType_GTSPOON.csv,1291,0.6297560975609756,1.608490395386614
