file,nrBest,proportionBest,entropyNrActions
nr_95_id_12_01133ae4a0378ad5f5ee29cb8283c7a1136a285e_BlueCreature_GTSPOON.csv,2019,0.9848780487804878,0.09990752701374768
