file,nrBest,proportionBest,entropyNrActions
nr_97_id_10_00c47eb8b3f305957feb1f7371fb05a81c6c307b_NetObject_GTSPOON.csv,1695,0.8268292682926829,0.8109292021688699
