file,nrBest,proportionBest,entropyNrActions
nr_472_id_21_0bfb0c3a3a3f660e995c9a6b206c87300a676aa9_UserBusinessBean_GTSPOON.csv,18,0.00878048780487805,3.3103081709655946
