file,nrBest,proportionBest,entropyNrActions
nr_434_id_15_07f82252307f6f95dff74e5aee233f352d00b825_OsMaShell_GTSPOON.csv,2018,0.984390243902439,0.10478382178993613
