file,nrBest,proportionBest,entropyNrActions
nr_150_id_26_05ce498c31130143732a7a7285d5b286d006b6a4_OutlineActivity_GTSPOON.csv,169,0.0824390243902439,3.0593451638963423
