file,nrBest,proportionBest,entropyNrActions
nr_440_id_7_04aed4e69edf08fc4106c94fda672e3f26213a42_WhileStatement_GTSPOON.csv,1938,0.9453658536585365,0.3500454744887701
