file,nrBest,proportionBest,entropyNrActions
nr_170_id_14_02462329af81ecd8d89f58b3ad5f43a8a124678f_TestBatchCompiler_GTSPOON.csv,1177,0.5741463414634146,1.6788334553021675
