file,nrBest,proportionBest,entropyNrActions
nr_520_id_25_1287adc4bb83f2a130848d8a2e6374548ef75f92_MainFrame_GTSPOON.csv,113,0.055121951219512196,3.574629044889381
