file,nrBest,proportionBest,entropyNrActions
nr_338_id_28_0f5f4a95969324d18b5e2912801ff3a6bbd36dc8_FiveProvider_GTSPOON.csv,143,0.06975609756097562,3.2000093599742048
