file,nrBest,proportionBest,entropyNrActions
nr_212_id_13_030492b76ac0e368137b3717b5868539e726d45e_TXNuecesCountyParserTest_GTSPOON.csv,2015,0.9829268292682927,0.1047847065935152
