file,nrBest,proportionBest,entropyNrActions
nr_439_id_20_08718da86771229ed3a6d9b7fc7a305400ffa8db_ArrayAccess_GTSPOON.csv,405,0.1975609756097561,0.584027682797268
