file,nrBest,proportionBest,entropyNrActions
nr_80_id_19_020bcb7458b3dd6035e9c9a307b937e467322d24_SWPNamedGraphSetImpl_GTSPOON.csv,175,0.08536585365853659,3.770269941565462
