file,nrBest,proportionBest,entropyNrActions
nr_844_id_2_01d2247ffda5c35b462d5c3e22a01809d9eb8213_Pop3Store_GTSPOON.csv,207,0.10097560975609757,2.9342605598045397
