file,nrBest,proportionBest,entropyNrActions
nr_57_id_25_01ec73c51c281f25d7fab49d9cbc562b13e34103_FactoryFinder_GTSPOON.csv,1705,0.8317073170731707,0.913615473480251
