file,nrBest,proportionBest,entropyNrActions
nr_34_id_20_0083f2e1a36dfd8b13793a313b5b09f88096d310_Env_GTSPOON.csv,194,0.09463414634146342,2.653944074364407
