file,nrBest,proportionBest,entropyNrActions
nr_471_id_18_08c67e752385865b791af49b0ec91887b0a5e255_AbstractPatchContentTable_GTSPOON.csv,181,0.08829268292682926,2.9220332024261495
