file,nrBest,proportionBest,entropyNrActions
nr_181_id_21_04cc7f97559010a1260a36c577d2d7e7b5e43c03_ResultView_GTSPOON.csv,97,0.04731707317073171,2.929861037669614
