file,nrBest,proportionBest,entropyNrActions
nr_96_id_32_08ae0567fd4b8ce3901e44da0729f8fb9bf98ec5_MainAdapter_GTSPOON.csv,1646,0.8029268292682927,0.9763622912163493
