file,nrBest,proportionBest,entropyNrActions
nr_21_id_14_005c45cb933f50a7829f5204370fd373db484faf_CommunityPortlet_GTSPOON.csv,148,0.0721951219512195,1.0773585060519177
