file,nrBest,proportionBest,entropyNrActions
nr_334_id_10_0347304fe8c4306361a4be74a400a6e1dbb445f4_ExportiOSCEXml_GTSPOON.csv,561,0.2736585365853659,2.9568289133946783
