file,nrBest,proportionBest,entropyNrActions
nr_149_id_29_088e9e4ffc95cad8a60be60eb32b1971cf48dd7f_Misc_GTSPOON.csv,1190,0.5804878048780487,1.8726187353989845
