file,nrBest,proportionBest,entropyNrActions
nr_274_id_8_024cb708d2dc69c6b7116595f532412bf37014c9_JournalStepController_GTSPOON.csv,1715,0.8365853658536585,0.8664573656161731
