file,nrBest,proportionBest,entropyNrActions
nr_9_id_31_00a3a945af26e86486bd5bc301574b49c4ee38fc_Parser_GTSPOON.csv,1900,0.926829268292683,0.42502228948180726
