file,nrBest,proportionBest,entropyNrActions
nr_253_id_18_05047003c827e6b9a5c32fd1e88d7a640961bd69_SimpleDependencyTest_GTSPOON.csv,1649,0.8043902439024391,0.874153914451125
