file,nrBest,proportionBest,entropyNrActions
nr_253_id_4_00ebf4407eb0797e6f57cb1644f416e3251f253d_CGeoMap_GTSPOON.csv,162,0.07902439024390244,2.7446499283873003
