file,nrBest,proportionBest,entropyNrActions
nr_185_id_18_03974c68b00a46589163c2a8b043ad6161f7b18b_DatastoreImpl_GTSPOON.csv,38,0.018536585365853658,2.7804356662722336
