file,nrBest,proportionBest,entropyNrActions
nr_9_id_28_008657029dddfac7db2749650f0d39549f3a57b2_AudioService_GTSPOON.csv,1367,0.666829268292683,1.591036329522733
