file,nrBest,proportionBest,entropyNrActions
nr_20_id_28_012bc091436dfb718a271574e09939c41567cd46_ConstraintTest_GTSPOON.csv,54,0.026341463414634145,2.402662344193215
