file,nrBest,proportionBest,entropyNrActions
nr_470_id_18_08c13b0d9d3399ab5f88d1f108c80c8040b1f2b5_SWTBotViewTest_GTSPOON.csv,1612,0.7863414634146342,1.0584128149234648
