file,nrBest,proportionBest,entropyNrActions
nr_490_id_27_164b10015126853ada583d7d939d07a73fbf6528_SessionManager_GTSPOON.csv,1336,0.6517073170731708,1.4328263612195236
