file,nrBest,proportionBest,entropyNrActions
nr_507_id_12_05796e29732e1210349f1298fd41af63ee1337d8_Study_GTSPOON.csv,15,0.007317073170731708,2.6886263576389586
