file,nrBest,proportionBest,entropyNrActions
nr_232_id_18_047763296d2c98bd4121252486cc0df87b25bc31_LegacyApiSupport_GTSPOON.csv,19,0.009268292682926829,2.568224647556521
