file,nrBest,proportionBest,entropyNrActions
nr_102_id_12_01330499a8efa5ca7f71261b837608ae0b7c2ee1_VertexBatch_GTSPOON.csv,1106,0.5395121951219513,1.6886563258552
