file,nrBest,proportionBest,entropyNrActions
nr_199_id_17_03ed24d674bde3b676fdf47fe51431197358e097_PopupInspectAction_GTSPOON.csv,1527,0.7448780487804878,1.0640575433398598
