file,nrBest,proportionBest,entropyNrActions
nr_465_id_20_08f648e539323239e6f0678cea35f971e839c968_GameWindow_GTSPOON.csv,1737,0.8473170731707317,0.8063980583862933
