file,nrBest,proportionBest,entropyNrActions
nr_377_id_27_11257945f5fbde5fed9e63588381066cc865625c_HRMViewer_GTSPOON.csv,33,0.016097560975609757,3.5078299280658523
