file,nrBest,proportionBest,entropyNrActions
nr_61_id_19_0177ae7438cd741e419826323d9e5a28e3a6630e_EventTracker_GTSPOON.csv,1272,0.6204878048780488,1.4039796766832577
