file,nrBest,proportionBest,entropyNrActions
nr_304_id_7_0324017aa0a02b6b8381da00eaeb4a78879bb034_SnippetTests_GTSPOON.csv,1738,0.8478048780487805,0.7495647377170015
