file,nrBest,proportionBest,entropyNrActions
nr_204_id_36_33160fc81ce68219d771de6c9379e85bd90038df_SyncAction_GTSPOON.csv,17,0.008292682926829269,0.655094792629893
