file,nrBest,proportionBest,entropyNrActions
nr_228_id_21_05ccb34881ca91bb965db43dc184d6cedff87a78_CMap_GTSPOON.csv,184,0.0897560975609756,2.756131265948476
