file,nrBest,proportionBest,entropyNrActions
nr_366_id_11_04c4dcd483740f1dffc9ed4ba983670d03a45776_Resource_GTSPOON.csv,1665,0.8121951219512196,0.9228107813355224
