file,nrBest,proportionBest,entropyNrActions
nr_323_id_24_09f17ca32752691aea2ab9c139d528a4abc31d0e_RFIDMiniMe_GTSPOON.csv,1424,0.6946341463414634,1.2097022987533383
