file,nrBest,proportionBest,entropyNrActions
nr_193_id_9_02552070be70fc55cd71184f1d199b37b3e2a33b_CursorUtils_GTSPOON.csv,1395,0.6804878048780488,1.4556236618286655
