file,nrBest,proportionBest,entropyNrActions
nr_199_id_15_03cca529e6f025a30b8b883ced87d6686b246588_Tile_GTSPOON.csv,130,0.06341463414634146,3.2375117390562953
