file,nrBest,proportionBest,entropyNrActions
nr_175_id_28_07d407131dccfda75dd4ef3569eef0a0b81d9082_LoaderSaver_GTSPOON.csv,563,0.27463414634146344,1.7431349758243595
