file,nrBest,proportionBest,entropyNrActions
nr_344_id_13_04fc045c2f7a8b135a8ccdbc0a5765b785867092_IdentityFetcher_GTSPOON.csv,1650,0.8048780487804879,0.9826888098767651
