file,nrBest,proportionBest,entropyNrActions
nr_273_id_2_008ad27341ee5cd8ce96bfce547887945c2374ad_TableFixHeaders2_GTSPOON.csv,1374,0.6702439024390244,1.4376353112808218
