file,nrBest,proportionBest,entropyNrActions
nr_463_id_16_084e4aaef31572db6ea7f43b815acf7ffc0278dc_Operation_GTSPOON.csv,2025,0.9878048780487805,0.08835021314322934
