file,nrBest,proportionBest,entropyNrActions
nr_382_id_9_046e45b078cf2c0450cda9b35c4ed743e2042918_PropertiesDialog_GTSPOON.csv,1628,0.7941463414634147,1.0587498163693585
