file,nrBest,proportionBest,entropyNrActions
nr_606_id_11_08c7290b354815e11ee4c7e221970098a668c664_ClientSession_GTSPOON.csv,1816,0.8858536585365854,0.66365587101144
