file,nrBest,proportionBest,entropyNrActions
nr_258_id_30_1056a8bad7bfe14150bca64404dcbad798c1373a_ProxyServlet_GTSPOON.csv,1218,0.5941463414634146,2.1325384619588093
