file,nrBest,proportionBest,entropyNrActions
nr_299_id_17_06128227b9bab52d6ccf6c4c0a7c8dd89f5d99e1_MyDataGrid_GTSPOON.csv,1535,0.748780487804878,1.2101547255647032
