file,nrBest,proportionBest,entropyNrActions
nr_428_id_8_038d377455c532b6066a2757d87acf343e0e7985_EventBObject_GTSPOON.csv,2007,0.9790243902439024,0.13325842056044607
