file,nrBest,proportionBest,entropyNrActions
nr_186_id_23_05f79700ede033229577d3624529442b39d48912_TimelineLayer_GTSPOON.csv,5,0.0024390243902439024,2.7732029024989346
