file,nrBest,proportionBest,entropyNrActions
nr_160_id_38_6d7f237c2b3d083be90617255a89dde75e8521cc_ScenarioLoader_GTSPOON.csv,1568,0.7648780487804878,1.1147525046604796
