file,nrBest,proportionBest,entropyNrActions
nr_634_id_1_0724b4750b6617a56a78f28209713a62443af93c_ArrayComprehensionLoop_GTSPOON.csv,2,0.000975609756097561,0.7137057410962322
