file,nrBest,proportionBest,entropyNrActions
nr_277_id_26_09c234013fdc8ba12302e2c89b309bd476f811a8_ParserImpl_GTSPOON.csv,119,0.05804878048780488,2.7898307512027047
