file,nrBest,proportionBest,entropyNrActions
nr_356_id_29_1492994b723873798fb848a0394edb1251fc85d3_Settings_GTSPOON.csv,229,0.11170731707317073,2.5329515556536384
