file,nrBest,proportionBest,entropyNrActions
nr_333_id_10_033f7cc5e99a6f0e6ff03d9590a132ca92b2ee92_ASTManager_GTSPOON.csv,876,0.4273170731707317,0.7909243861849211
