file,nrBest,proportionBest,entropyNrActions
nr_233_id_38_9f170f318eb0d6c0595205fa9f123b4c4d21c50f_Matrix3f_GTSPOON.csv,100,0.04878048780487805,2.3937532549469367
