file,nrBest,proportionBest,entropyNrActions
nr_209_id_11_02b050bc91076a148200d14144989d15da3c1104_AbstractTest_GTSPOON.csv,2027,0.988780487804878,0.07886106020179902
