file,nrBest,proportionBest,entropyNrActions
nr_470_id_19_0b181be61fb06ead1fbee278a218f421232d0524_SelectVariants_GTSPOON.csv,5,0.0024390243902439024,2.3016002908367996
