file,nrBest,proportionBest,entropyNrActions
nr_280_id_32_180fb98479f153427c4eece32abd53b08987c6cb_PhotoModule_GTSPOON.csv,160,0.07804878048780488,2.664819615554335
