file,nrBest,proportionBest,entropyNrActions
nr_487_id_11_06aa8edc964b3851e03e6de7ea789371900f552d_JSArray_GTSPOON.csv,178,0.08682926829268292,2.50919609822427
