file,nrBest,proportionBest,entropyNrActions
nr_434_id_13_0669f40f2d3376f7794f751a26edf2751c22da40_AuthenticatorActivity_GTSPOON.csv,1829,0.8921951219512195,0.6275371758971179
