file,nrBest,proportionBest,entropyNrActions
nr_124_id_9_018664c7971dc224841ffe1eadb8572741b93fa3_SpringExample_GTSPOON.csv,2030,0.9902439024390244,0.05975971933584066
