file,nrBest,proportionBest,entropyNrActions
nr_270_id_19_0699f0701514f086eec680dc3934b864ff838cf6_GUI_GTSPOON.csv,152,0.07414634146341463,3.2314163176377555
