file,nrBest,proportionBest,entropyNrActions
nr_264_id_8_023aa2533a70affe651db101569787db25a451ad_InvokerHelper_GTSPOON.csv,1574,0.7678048780487805,1.0692793333140318
