file,nrBest,proportionBest,entropyNrActions
nr_393_id_24_0bdc9964222ccc664b30fdb695a190bdf901abd4_CardEditor_GTSPOON.csv,452,0.22048780487804878,2.5537507813609683
