file,nrBest,proportionBest,entropyNrActions
nr_89_id_19_024c9d20b7fdb71bc88c65413d41f31663622d7b_Browse_GTSPOON.csv,228,0.11121951219512195,2.650606765819531
