file,nrBest,proportionBest,entropyNrActions
nr_777_id_2_01a8c1c5f5f90e50ba0598e88879d725a7cd3673_BulkRecordWriter_GTSPOON.csv,1284,0.6263414634146341,1.6138581714324005
