file,nrBest,proportionBest,entropyNrActions
nr_67_id_31_05455c7b68ac15a29a1e21ed1e798e133d205c2e_URIResultParser_GTSPOON.csv,19,0.009268292682926829,1.7463546736375135
