file,nrBest,proportionBest,entropyNrActions
nr_668_id_2_0171a218a9d2086d7470ead5036f78286684486a_PPResourceLinker_GTSPOON.csv,178,0.08682926829268292,3.037881919074038
