file,nrBest,proportionBest,entropyNrActions
nr_262_id_17_054c130f795fdbb8c6978576bac9364e8f3256da_InstallerFactoryImpl_GTSPOON.csv,1721,0.8395121951219512,0.8714245322697711
