file,nrBest,proportionBest,entropyNrActions
nr_472_id_27_158755a5bf87b824ee9ff171096f68d0db06f60e_GalleryGridAdapter_GTSPOON.csv,394,0.19219512195121952,1.8214464370626182
