file,nrBest,proportionBest,entropyNrActions
nr_467_id_1_05314664183db25a478e5f6149ea1aa686181df6_S2RobotThread_GTSPOON.csv,1114,0.5434146341463415,2.0714038357017195
