file,nrBest,proportionBest,entropyNrActions
nr_208_id_28_093316fbdc786235d0851f2b80fcad90965d508b_DartCoreDebug_GTSPOON.csv,136,0.06634146341463415,1.3434351530343018
