file,nrBest,proportionBest,entropyNrActions
nr_124_id_17_0260819ad7f7fe5431440c11586f3466da345da0_EmissionComponent_GTSPOON.csv,2000,0.975609756097561,0.15416403781283405
