file,nrBest,proportionBest,entropyNrActions
nr_106_id_18_01e65ad60c6d7f2e4b8de732bde7049f6c17ee42_JGitUtil_GTSPOON.csv,6,0.002926829268292683,2.7249072959423395
