file,nrBest,proportionBest,entropyNrActions
nr_404_id_17_07eba8db87432d7f966d87ba261552a38f477d68_JsonEntityField_GTSPOON.csv,1168,0.5697560975609756,1.002306813510201
