file,nrBest,proportionBest,entropyNrActions
nr_461_id_8_03d948606e372dc79e8a4f991099a837ac009262_InvertIndexArrayBenchmark_GTSPOON.csv,1825,0.8902439024390244,0.5964529594614122
