file,nrBest,proportionBest,entropyNrActions
nr_460_id_16_084027f1eaefa8fd2fbb47480594502ef34c62d0_Material_GTSPOON.csv,75,0.036585365853658534,3.0158627928979214
