file,nrBest,proportionBest,entropyNrActions
nr_142_id_25_04a6d905a72661b0000f0a40fc74e7337488bfbf_InitFacesContext_GTSPOON.csv,1040,0.5073170731707317,1.9421721441745163
