file,nrBest,proportionBest,entropyNrActions
nr_37_id_2_0013e20699a61119f7f6e54d6b6dabbc87d1abe4_ClasspathTest_GTSPOON.csv,2025,0.9878048780487805,0.09053595757816461
