file,nrBest,proportionBest,entropyNrActions
nr_77_id_14_011d61b592ca3a5cead352de3e054216b780201e_DigestTest_GTSPOON.csv,1686,0.8224390243902439,0.8598222919831789
