file,nrBest,proportionBest,entropyNrActions
nr_550_id_8_046e785ed8870e5827a11be5b27a43b75f95298b_BitMapFontViewer_GTSPOON.csv,194,0.09463414634146342,2.218865244909349
