file,nrBest,proportionBest,entropyNrActions
nr_239_id_32_15514e9d5233bdecf0c3ddf65100e10e5c9da29d_World_GTSPOON.csv,85,0.041463414634146344,1.8385837253486847
