file,nrBest,proportionBest,entropyNrActions
nr_612_id_3_0422414c263e77531268a50e2082922256cf0507_Reader_GTSPOON.csv,954,0.4653658536585366,2.0357103372623624
