file,nrBest,proportionBest,entropyNrActions
nr_150_id_20_02f7bf692e9be7679413574f410538736b430364_DefaultDialogBuilder_GTSPOON.csv,1477,0.7204878048780488,1.1789141547052955
