file,nrBest,proportionBest,entropyNrActions
nr_505_id_36_80ce56ea366dd81da7354855ef2a2e2ca65a4f93_StackMapAdder_GTSPOON.csv,1418,0.6917073170731707,1.1743871341261367
