file,nrBest,proportionBest,entropyNrActions
nr_460_id_5_03c7acc6a92252b8f9b2dd45b949b71f752f5032_TestSetFilter_GTSPOON.csv,1006,0.49073170731707316,1.9371684323294007
