file,nrBest,proportionBest,entropyNrActions
nr_444_id_30_1af6f47e52193118f73422a4856c09ffb5f7d194_TestOutcomeConverter_GTSPOON.csv,247,0.12048780487804878,2.7372143023221165
