file,nrBest,proportionBest,entropyNrActions
nr_208_id_17_0427a3123aed6ce0a3fe5e87089331c270bb3d1c_MinecartGroup_GTSPOON.csv,80,0.03902439024390244,2.6712431657453624
