file,nrBest,proportionBest,entropyNrActions
nr_160_id_16_032b9efa3d5392f526617fb6ae3c17f82451086d_Main_GTSPOON.csv,1360,0.6634146341463415,1.314139066461232
