file,nrBest,proportionBest,entropyNrActions
nr_321_id_25_0ad6ab44740d1cdf3b78e13ee64f845712f006eb_Importer_GTSPOON.csv,1800,0.8780487804878049,0.47383326304213
