file,nrBest,proportionBest,entropyNrActions
nr_373_id_17_074d9a22b0c9e2686cf2874b06a7197fdcdc13f9_PatternHop_GTSPOON.csv,1757,0.8570731707317073,0.7386559995924149
