file,nrBest,proportionBest,entropyNrActions
nr_501_id_37_df5b94a7f2e6ba66dddfd00d61590b3f52426807_Cluster_GTSPOON.csv,323,0.1575609756097561,1.757088257360875
