file,nrBest,proportionBest,entropyNrActions
nr_378_id_32_2135819e34c2651f5536652b3315a43c33596b73_HTMLDocumentWriteTest_GTSPOON.csv,665,0.32439024390243903,1.9265001140302973
