file,nrBest,proportionBest,entropyNrActions
nr_63_id_19_01ada850e85e14e1138e5c1d108b32e2a9577856_RMIClient_GTSPOON.csv,57,0.027804878048780488,1.0074194033215855
