file,nrBest,proportionBest,entropyNrActions
nr_360_id_18_06e41691cd0f78bd662e29deac95e33af74db337_GameController_GTSPOON.csv,1660,0.8097560975609757,0.9971710587650292
