file,nrBest,proportionBest,entropyNrActions
nr_331_id_7_035d1955c80d56b7520bf64786fae5e7c63448f1_NewBulletServerMessage_GTSPOON.csv,1746,0.8517073170731707,0.7610368529922686
