file,nrBest,proportionBest,entropyNrActions
nr_7_id_14_0024a65b013dfd9e13c18b2c1203c5a1d71317ab_OpenAlcObj_GTSPOON.csv,1939,0.9458536585365853,0.3379922289823106
