file,nrBest,proportionBest,entropyNrActions
nr_42_id_17_00c62e167755559b00682168fe8b148efc24535c_Main_GTSPOON.csv,660,0.32195121951219513,3.110822915279172
