file,nrBest,proportionBest,entropyNrActions
nr_494_id_2_01094ef39ab414705e63729087083f3aea484aa6_ProducerMethodBean_GTSPOON.csv,1825,0.8902439024390244,0.6457920620356492
