file,nrBest,proportionBest,entropyNrActions
nr_410_id_24_0c5f419ef316768f12f9faef4b9ce7f112f55300_ClientIdGenerator_GTSPOON.csv,1928,0.9404878048780487,0.3752323207296421
