file,nrBest,proportionBest,entropyNrActions
nr_57_id_15_00e2b7adddf14a9825f541df3936082114a798f0_CommissionController_GTSPOON.csv,196,0.09560975609756098,2.6087303892662455
