file,nrBest,proportionBest,entropyNrActions
nr_133_id_30_085e5207de518d5d7068496ad985206b2befeac7_SourceImpl_GTSPOON.csv,1902,0.9278048780487805,0.4393106394101207
