file,nrBest,proportionBest,entropyNrActions
nr_56_id_2_001d43337f9544123c1135b7c38fee9168c8a9c7_ItemRendererMicroBlock_GTSPOON.csv,1728,0.8429268292682927,0.7377004402163617
