file,nrBest,proportionBest,entropyNrActions
nr_96_id_25_03611f845475b03ae09e8a695324544a982da7d3_EC2Instance_GTSPOON.csv,10,0.004878048780487805,3.7730827154509066
