file,nrBest,proportionBest,entropyNrActions
nr_74_id_12_00e460f1c1d9586c068a082db95b1985e18711d7_MMFastqImporter_GTSPOON.csv,1098,0.535609756097561,2.047638657734436
