file,nrBest,proportionBest,entropyNrActions
nr_527_id_1_05dc2082d99739b8f94097f495e6d0e99bed28e4_NotificationHelper_GTSPOON.csv,1928,0.9404878048780487,0.36946428330154596
