file,nrBest,proportionBest,entropyNrActions
nr_237_id_19_05ebdbc7308148fa05d9179683a1e8a8a853e014_ProjDiffAntiDrift_GTSPOON.csv,239,0.11658536585365854,3.045676964485111
