file,nrBest,proportionBest,entropyNrActions
nr_336_id_7_036f8514f5dd99e5962f000b8ca8540157a1146c_DetailsJobs_GTSPOON.csv,1657,0.8082926829268293,0.9598273226020829
