file,nrBest,proportionBest,entropyNrActions
nr_307_id_13_04825e216d898c842a8b8e297fa08e5e082c45b0_FriendMarker_GTSPOON.csv,1934,0.9434146341463414,0.34675278492492956
