file,nrBest,proportionBest,entropyNrActions
nr_465_id_30_1c3720a01fddbd06b371cdfa526732c411ba2aa6_ML100KTestSuite_GTSPOON.csv,1800,0.8780487804878049,0.4731232553200999
