file,nrBest,proportionBest,entropyNrActions
nr_319_id_5_029726860cecf80089acf6aebb6f4ed660af06c3_JarIndexer_GTSPOON.csv,1719,0.8385365853658536,0.8914326983228446
