file,nrBest,proportionBest,entropyNrActions
nr_145_id_38_6646625e48299a600a7c9eda50966fa8bbd4a9a4_SoldierRobot_GTSPOON.csv,95,0.046341463414634146,3.4208451794051244
