file,nrBest,proportionBest,entropyNrActions
nr_8_id_34_00b5cddda7ab08414e9dea45dd2e407e577500d9_GpxPath_GTSPOON.csv,1570,0.7658536585365854,1.0254696910165946
