file,nrBest,proportionBest,entropyNrActions
nr_363_id_12_03ec33aa3071885ed1540f8b0f2b5aa52108e079_MongoPlayerDAO_GTSPOON.csv,1119,0.5458536585365854,1.821900563838859
