file,nrBest,proportionBest,entropyNrActions
nr_395_id_10_03c1a7e5d8854a13980c38b761ba8c3ce4ebaa42_ScriptCommonTab_GTSPOON.csv,209,0.10195121951219512,2.5603895550169793
