file,nrBest,proportionBest,entropyNrActions
nr_384_id_16_06fe573f2830f791c9f3e33ddcd9aac873e4c41f_GCConstants_GTSPOON.csv,1135,0.5536585365853659,1.6622881340955311
