file,nrBest,proportionBest,entropyNrActions
nr_15_id_12_002951804a19417824b8f69e54deae032bdfbfdb_FMLRelaunchLog_GTSPOON.csv,120,0.05853658536585366,1.7847674754354355
