file,nrBest,proportionBest,entropyNrActions
nr_139_id_9_01b3d665689138363546af3ec60ad59fdf179af6_SATSolver_GTSPOON.csv,1283,0.6258536585365854,1.6049417728277409
