file,nrBest,proportionBest,entropyNrActions
nr_300_id_35_395e3d4c0b1830e449320e17d2b1baab991ca793_HTMLViewerActivity_GTSPOON.csv,1839,0.8970731707317073,0.5793462079826056
