file,nrBest,proportionBest,entropyNrActions
nr_213_id_33_19e6569a8415b2794e31ee263ba8916c0f55925a_FindPrayer_GTSPOON.csv,860,0.4195121951219512,2.659824665148021
