file,nrBest,proportionBest,entropyNrActions
nr_524_id_4_0216fd659d29600f52c34c968ea3d1c40a25581d_InterpretedPage_GTSPOON.csv,1923,0.9380487804878048,0.393555843290954
