file,nrBest,proportionBest,entropyNrActions
nr_361_id_29_14cd0e14a712fa18164a0573cac2b2da3ba1af73_MainActivity_GTSPOON.csv,1211,0.5907317073170731,1.4606328298990698
