file,nrBest,proportionBest,entropyNrActions
nr_63_id_7_00a66487a8342a1239d5dd389d8ea340a299f0ea_Issue0152Test_GTSPOON.csv,2010,0.9804878048780488,0.12850771030507263
