file,nrBest,proportionBest,entropyNrActions
nr_64_id_20_013401ce3bf255ed1ae418ecc381c3ead18a64c5_TextServer_GTSPOON.csv,1812,0.8839024390243903,0.6601917040925313
