file,nrBest,proportionBest,entropyNrActions
nr_335_id_9_040755d1998a4d9091ce6a1255805bbf8193e677_SVNClientImpl_GTSPOON.csv,190,0.09268292682926829,2.5913792391168835
