file,nrBest,proportionBest,entropyNrActions
nr_372_id_17_074a04e31aa71e10c2c6e055aaf67eace334db54_DateConverter_GTSPOON.csv,1939,0.9458536585365853,0.3114705847184999
