file,nrBest,proportionBest,entropyNrActions
nr_137_id_3_00e8562f26211a13114890f8e036ede25d205a7b_TreeSetTest_GTSPOON.csv,209,0.10195121951219512,2.483694548932322
