file,nrBest,proportionBest,entropyNrActions
nr_359_id_20_0707953718fb54f5e857592cd22bfe08bbe4f104_DynmapPlugin_GTSPOON.csv,45,0.02195121951219512,3.194715375955802
