file,nrBest,proportionBest,entropyNrActions
nr_133_id_38_5ad16d06c30758f3e24abad5683a92e6403b779e_Store_GTSPOON.csv,398,0.19414634146341464,0.8372995892971796
