file,nrBest,proportionBest,entropyNrActions
nr_218_id_9_029e2b91c7705a3d17214a166e4481e54195fbbb_RasterizationPanel_GTSPOON.csv,1622,0.791219512195122,0.9802155932962479
