file,nrBest,proportionBest,entropyNrActions
nr_37_id_21_01548a259b5c60b50b6862f9dba09a8a279b6f7a_Schema2OWL_GTSPOON.csv,320,0.15609756097560976,2.682790496741644
