file,nrBest,proportionBest,entropyNrActions
nr_286_id_24_08c74932bc6cfae347f710b8f6e0d7257de4912d_GameLobby_GTSPOON.csv,600,0.2926829268292683,2.725617143487836
