file,nrBest,proportionBest,entropyNrActions
nr_130_id_19_03609323b10c21d247684ddb7ddf69c5d25d3719_FeatureSelection_GTSPOON.csv,150,0.07317073170731707,1.4694471324320348
