file,nrBest,proportionBest,entropyNrActions
nr_45_id_9_00960d18f50fb013cdcc23d576b8b4d9193a8436_ModelerWorkspace_GTSPOON.csv,128,0.0624390243902439,3.0297175637422473
