file,nrBest,proportionBest,entropyNrActions
nr_337_id_22_0882f4fc0d955879dc5f1d661f2010b6a91bd116_TestAssertionRegistry_GTSPOON.csv,780,0.3804878048780488,1.0587267516720629
