file,nrBest,proportionBest,entropyNrActions
nr_268_id_20_0510f05ca686300cdb5b875b4f39a43e93271a59_ThreadDisplayFragment_GTSPOON.csv,200,0.0975609756097561,2.5488702640272862
