file,nrBest,proportionBest,entropyNrActions
nr_18_id_26_0093482c628180a23b88a604b165fd5b0e79dd1b_BaseUtils_GTSPOON.csv,1393,0.6795121951219513,1.3550590742958262
