file,nrBest,proportionBest,entropyNrActions
nr_73_id_10_009c1cc19e4254a4a6c923a981ea671d458317c5_AdvancedWifiSettings_GTSPOON.csv,1641,0.8004878048780488,1.022892463414232
