file,nrBest,proportionBest,entropyNrActions
nr_96_id_39_9f625f61f1bbfc17142968f48359ac47f5d52e35_InfoSettingsDialog_GTSPOON.csv,746,0.36390243902439023,1.682434699041986
