file,nrBest,proportionBest,entropyNrActions
nr_226_id_24_071010339ac92eedf29a955b48416316135363e0_StatelessSessionFilter_GTSPOON.csv,1331,0.6492682926829269,1.3899326670066365
