file,nrBest,proportionBest,entropyNrActions
nr_259_id_21_06d16d78c0059e9676395e08b14f18bedb12868b_MvcSetup_GTSPOON.csv,1800,0.8780487804878049,0.4575491627795913
