file,nrBest,proportionBest,entropyNrActions
nr_206_id_14_02f986a5152b19d3897ea6dc07475791d73d53eb_ActivityApp_GTSPOON.csv,168,0.08195121951219513,2.5629556962395963
