file,nrBest,proportionBest,entropyNrActions
nr_460_id_1_051d5612e10d249e9d4e9d03850351fd50fa2186_Import_GTSPOON.csv,1829,0.8921951219512195,0.6203426250661356
