file,nrBest,proportionBest,entropyNrActions
nr_27_id_1_0038c596d414421d774031ac9660b63d1e7fbb6c_AskTest_GTSPOON.csv,2023,0.9868292682926829,0.09839446695517677
