file,nrBest,proportionBest,entropyNrActions
nr_49_id_24_01821753e418561e84df0a6e06efd1c46a3924e9_EditTaskPanel_GTSPOON.csv,185,0.09024390243902439,1.4051694818275375
