file,nrBest,proportionBest,entropyNrActions
nr_138_id_29_07de603b8b05325045b7b1fd4f1e298c5bea412d_DebugFilter_GTSPOON.csv,113,0.055121951219512196,2.8489177147457836
