file,nrBest,proportionBest,entropyNrActions
nr_291_id_19_06f94f987dd28f69695551659c4963fe47ec779f_OptionsDialog_GTSPOON.csv,128,0.0624390243902439,3.382281661836595
