file,nrBest,proportionBest,entropyNrActions
nr_238_id_15_0477b1352610db10b424f696800f20c0b03f30ec_BerkeliumCpp_GTSPOON.csv,1934,0.9434146341463414,0.3478687147009294
