file,nrBest,proportionBest,entropyNrActions
nr_277_id_25_0941ef4f8edd9e2402eb49c3d01487393a2a6b08_Constants_GTSPOON.csv,1924,0.9385365853658536,0.3107872358466517
