file,nrBest,proportionBest,entropyNrActions
nr_248_id_7_02b290cc87ea2359f136a46bd1193563e51b893c_ListCursorTest_GTSPOON.csv,1492,0.7278048780487805,1.2615523263502717
