file,nrBest,proportionBest,entropyNrActions
nr_210_id_23_06d08e5f74276590e1ec060bab572b7b9d674f24_CCMovieFormat_GTSPOON.csv,1757,0.8570731707317073,0.7335695694899388
