file,nrBest,proportionBest,entropyNrActions
nr_427_id_17_08a403e24f01482deec9ffe82b39d82d950ba9c5_Tidy_GTSPOON.csv,169,0.0824390243902439,2.7015518938610867
