file,nrBest,proportionBest,entropyNrActions
nr_269_id_20_051b4d8abf8ea198e801f08ca6cba0d88535393b_IkanoBank_GTSPOON.csv,1532,0.7473170731707317,1.167706228610935
