file,nrBest,proportionBest,entropyNrActions
nr_343_id_27_0ef312f9a9e5134b7070e4fd38d21cacb9497a57_FilesRepo_GTSPOON.csv,162,0.07902439024390244,2.854114703765295
