file,nrBest,proportionBest,entropyNrActions
nr_56_id_26_0255eb04c74f86b9bd482d65331d6d8bb4eb3d18_NanoTest_GTSPOON.csv,30,0.014634146341463415,1.792227350031741
