file,nrBest,proportionBest,entropyNrActions
nr_577_id_11_083b4df341bcdeb2c08496cc24530ae78cf4002a_BananaSpace_GTSPOON.csv,1359,0.6629268292682927,1.5625821270592428
