file,nrBest,proportionBest,entropyNrActions
nr_601_id_11_08a7771f047b3921ddfeb472416d06e27f452e79_BasePageController_GTSPOON.csv,393,0.19170731707317074,0.8333360577582624
