file,nrBest,proportionBest,entropyNrActions
nr_39_id_39_3e5e6017f571470c9523a2fdb5a18bca7698016c_DynamicEventAction_GTSPOON.csv,1211,0.5907317073170731,1.1060047856111226
