file,nrBest,proportionBest,entropyNrActions
nr_55_id_2_001ca2d752434b9fb43e58f971b194da717fc393_SearchState_GTSPOON.csv,1292,0.6302439024390244,1.5750404034606889
