file,nrBest,proportionBest,entropyNrActions
nr_6_id_15_0017f21578357b5661cd9332b8bc8177cedf0c87_OptionsScreen_GTSPOON.csv,40,0.01951219512195122,2.838853126543199
