file,nrBest,proportionBest,entropyNrActions
nr_406_id_7_043f33cb712a53ae332b234e78800270dfbc5d6f_MainWindowCtrl_GTSPOON.csv,180,0.08780487804878048,2.6413442624886465
