file,nrBest,proportionBest,entropyNrActions
nr_553_id_8_0475f284a87aef46010ee8f9384f63e68276b649_MemCachedClient_GTSPOON.csv,183,0.08926829268292683,2.532609604857876
