file,nrBest,proportionBest,entropyNrActions
nr_574_id_30_2263c414640f8457f6cccf88e9f4f51b4d463219_ReflectionHelper_GTSPOON.csv,516,0.25170731707317073,2.9417937140727872
