file,nrBest,proportionBest,entropyNrActions
nr_199_id_15_03cca529e6f025a30b8b883ced87d6686b246588_Colony_GTSPOON.csv,181,0.08829268292682926,3.1130396360083514
