file,nrBest,proportionBest,entropyNrActions
nr_453_id_23_0e165944803ad99239b9e2c0c3a542b9f96e3a32_GUIPanel_GTSPOON.csv,178,0.08682926829268292,2.7799820536286055
