file,nrBest,proportionBest,entropyNrActions
nr_99_id_5_00e3d923dbcda2dd7d7ce36cd0029c30b7c104a3_Driver_GTSPOON.csv,775,0.3780487804878049,2.6289241858145846
