file,nrBest,proportionBest,entropyNrActions
nr_442_id_1_04fde3d0c155b970114afc5ab85126a6af152fd8_PrefsNetwork_GTSPOON.csv,1909,0.931219512195122,0.39898246548894933
