file,nrBest,proportionBest,entropyNrActions
nr_179_id_33_16250b7d2eb0099c1a12a968bad93609a5c8ed90_XmlSaxParserContext_GTSPOON.csv,1211,0.5907317073170731,1.7694128672151321
