file,nrBest,proportionBest,entropyNrActions
nr_53_id_17_00f919f5fc0fb79966cd9a5b86b36c347419b7e0_HungerStrike_GTSPOON.csv,1918,0.935609756097561,0.40643621880990355
