file,nrBest,proportionBest,entropyNrActions
nr_441_id_35_5736003f268d0d1675e5899ef40113893bbdb275_ContainerLauncherImpl_GTSPOON.csv,120,0.05853658536585366,1.883166241214142
