file,nrBest,proportionBest,entropyNrActions
nr_17_id_13_0048584aea3efc3d5bcd9683aad5d3b1244f65c1_Keys_GTSPOON.csv,56,0.027317073170731707,2.982514835017642
