file,nrBest,proportionBest,entropyNrActions
nr_334_id_5_02bc84f59aba63de39ffbddce6373157e0372b17_ServerService_GTSPOON.csv,1930,0.9414634146341463,0.31573020504746885
