file,nrBest,proportionBest,entropyNrActions
nr_52_id_1_0083ebb44592c77565cf6f57866acff8b1e67cac_Hypervisor_GTSPOON.csv,1292,0.6302439024390244,1.6081894941059716
