file,nrBest,proportionBest,entropyNrActions
nr_131_id_21_03a464f48a681043a42232395abe11cff24c0b5c_R_GTSPOON.csv,1200,0.5853658536585366,1.6365476765780917
