file,nrBest,proportionBest,entropyNrActions
nr_55_id_25_01d41787fa0a1d14e416bfe67b36d41b4e375fb0_ItemTypeDAS_GTSPOON.csv,1939,0.9458536585365853,0.2964417333113486
