file,nrBest,proportionBest,entropyNrActions
nr_298_id_21_07d13851030d2a8286813f743b89eda5c52e60f4_AndroidSoda_GTSPOON.csv,1620,0.7902439024390244,1.0172012234966394
