file,nrBest,proportionBest,entropyNrActions
nr_198_id_22_04eac1fe2985c6695d29554135f84800eb746ee1_JPACrud_GTSPOON.csv,12,0.005853658536585366,3.2413693390825586
