file,nrBest,proportionBest,entropyNrActions
nr_123_id_17_025a5e356ec74dbed7f805a2e43adbb2a35320f8_LatinIME_GTSPOON.csv,18,0.00878048780487805,3.4396701571291928
