file,nrBest,proportionBest,entropyNrActions
nr_22_id_14_005fe6b6285bac284cc518301ba4426fc9612bfe_View_GTSPOON.csv,1800,0.8780487804878049,0.48813703558869015
