file,nrBest,proportionBest,entropyNrActions
nr_696_id_5_05cc1285cca617c34a1d09701d085940608e89ae_AndroidSdk_GTSPOON.csv,769,0.3751219512195122,2.1215141878900976
