file,nrBest,proportionBest,entropyNrActions
nr_272_id_1_0334e05242ff2750148d49176a19a4c7c38d0240_OO_GTSPOON.csv,1827,0.891219512195122,0.6019588952822916
