file,nrBest,proportionBest,entropyNrActions
nr_19_id_40_3812b15816747e92df4066cacabcd643ddd70f16_GuiEditSign_GTSPOON.csv,110,0.05365853658536585,2.1598357291008
