file,nrBest,proportionBest,entropyNrActions
nr_345_id_35_41ed5e623350d88192634c1412c55fd456dc2ab8_ThemeParser_GTSPOON.csv,1501,0.7321951219512195,1.1004491557206353
