file,nrBest,proportionBest,entropyNrActions
nr_304_id_22_07ac9c7be787940cd85c46d79a2f7a1fdbf8800b_AutoStitch_GTSPOON.csv,182,0.08878048780487804,2.618570830998431
