file,nrBest,proportionBest,entropyNrActions
nr_39_id_21_016894b3c6742e1061d15b0367ddcffe64a5892e_SectionActivity_GTSPOON.csv,1392,0.6790243902439025,1.4295099741717772
