file,nrBest,proportionBest,entropyNrActions
nr_267_id_4_010149ac28631d506e912de67efa75bd3b2a7638_QuestionFactory_GTSPOON.csv,5,0.0024390243902439024,2.4911234875233146
