file,nrBest,proportionBest,entropyNrActions
nr_572_id_10_058005f6f6d443fb9df62e08673ed38990b570be_Utils_GTSPOON.csv,120,0.05853658536585366,2.5766599842377143
