file,nrBest,proportionBest,entropyNrActions
nr_350_id_4_015f884fc69358b97f4cd7409a8463d0cf5e8421_ResolucionBase_GTSPOON.csv,28,0.013658536585365854,2.9831459808903458
