file,nrBest,proportionBest,entropyNrActions
nr_206_id_32_1284346a3ff7988d342f4eba14ac7fe0b1085153_S3FileName_GTSPOON.csv,2010,0.9804878048780488,0.12416998800546644
