file,nrBest,proportionBest,entropyNrActions
nr_162_id_28_074ff68d2da865c7e242481be74c89e203ea2f45_ThingListActivity_GTSPOON.csv,85,0.041463414634146344,1.8178966121301858
