file,nrBest,proportionBest,entropyNrActions
nr_21_id_37_08868624ede5eb4950972833f015d465408d3408_BinaryDictionaryGetter_GTSPOON.csv,376,0.18341463414634146,1.0587101902006242
