file,nrBest,proportionBest,entropyNrActions
nr_115_id_9_0165310538c24a051f1d02eb514e5f11caeb7319_AttributeTypeDialog_GTSPOON.csv,729,0.35560975609756096,2.432487847182425
