file,nrBest,proportionBest,entropyNrActions
nr_134_id_20_02ca1f600d7b0dde6811db9c41c84a444ae97af1_JBIDE4510Test_GTSPOON.csv,1737,0.8473170731707317,0.6717191172349689
