file,nrBest,proportionBest,entropyNrActions
nr_194_id_14_02ad6ba83b54ef4f75e563573b92c601800dacfb_SetOperator_GTSPOON.csv,165,0.08048780487804878,2.7321356674065065
