file,nrBest,proportionBest,entropyNrActions
nr_328_id_17_067c8aedbb626a7666812f098b1dc75e935daec9_JavadocPanel_GTSPOON.csv,187,0.09121951219512195,1.4661137822002894
