file,nrBest,proportionBest,entropyNrActions
nr_334_id_9_040122d5676eae7fed4553a5df1d4ee0e8f41e0b_BlockUtils_GTSPOON.csv,1717,0.8375609756097561,0.7195036506290481
