file,nrBest,proportionBest,entropyNrActions
nr_110_id_20_0247be6dac03e2f96a23cdad7d8ce0f120c62f89_Ajc1611Tests_GTSPOON.csv,2025,0.9878048780487805,0.08835021314322934
