file,nrBest,proportionBest,entropyNrActions
nr_274_id_35_33296266d1b0c3825c2cdd611a0936d710c521bc_ClientServerSetup_GTSPOON.csv,186,0.09073170731707317,2.079127243882969
