file,nrBest,proportionBest,entropyNrActions
nr_37_id_22_00c2400077dad46805dbb5b6d83f01bc9ba9a19b_SpoonMojo_GTSPOON.csv,1285,0.6268292682926829,1.7669505812285606
