file,nrBest,proportionBest,entropyNrActions
nr_69_id_28_030d784e5db9275e1012e95792b80638ef0b23ce_RandoriBundleProject_GTSPOON.csv,1055,0.5146341463414634,2.094517483570402
