file,nrBest,proportionBest,entropyNrActions
nr_372_id_16_06c04b9814146e16c4ea2cbdf5326c12062c90cb_Rooms_GTSPOON.csv,1652,0.8058536585365854,0.990436700176556
