file,nrBest,proportionBest,entropyNrActions
nr_246_id_18_04d324e313b8ee36ce878f5e8c92949b32de33c0_TiledTexture_GTSPOON.csv,154,0.07512195121951219,2.4645068036365534
