file,nrBest,proportionBest,entropyNrActions
nr_569_id_36_8e731c28205eb04e18c5628fc7ec26e12357ad92_PermissionUser_GTSPOON.csv,209,0.10195121951219512,2.5270678755593825
