file,nrBest,proportionBest,entropyNrActions
nr_115_id_27_050745814e861a6dfe440aa52f9877b86aa75da2_SearchSuggestOracle_GTSPOON.csv,61,0.02975609756097561,2.3169265142191664
