file,nrBest,proportionBest,entropyNrActions
nr_357_id_5_02e64e904f83ce8f95ee035b87d43843edcb4699_MergeDoubleMatrices_GTSPOON.csv,1461,0.7126829268292683,1.3381510341770084
