file,nrBest,proportionBest,entropyNrActions
nr_470_id_27_1568292a79dd6dceb640a4b7d0a41576e3d1e394_Activator_GTSPOON.csv,2008,0.9795121951219512,0.13392246135702973
