file,nrBest,proportionBest,entropyNrActions
nr_347_id_9_04242678d098cfca886230888c701a64cf50992f_TaskForceWidget_GTSPOON.csv,1224,0.5970731707317073,1.7217556460347099
