file,nrBest,proportionBest,entropyNrActions
nr_726_id_1_083795a2bcface9f05f63dcdb315c9f06b756272_PoolV4_GTSPOON.csv,209,0.10195121951219512,2.506361628282283
