file,nrBest,proportionBest,entropyNrActions
nr_323_id_7_034ae46bdf29b7dd3736740e930d56399d789aa4_AbstractMarkupFilter_GTSPOON.csv,171,0.08341463414634147,2.648016291420901
