file,nrBest,proportionBest,entropyNrActions
nr_576_id_2_013f7b775705d486c8fbd001822cff2c35dc7599_StreamViewerActivity_GTSPOON.csv,1632,0.7960975609756098,0.9824520813341292
