file,nrBest,proportionBest,entropyNrActions
nr_210_id_34_1efec3c31b010556d7437166d6d7f00297170b70_OrderedLock_GTSPOON.csv,16,0.007804878048780488,2.0715673358056206
