file,nrBest,proportionBest,entropyNrActions
nr_391_id_7_04154872e77d9a42977d034161caeb2a5e43b509_FileList_GTSPOON.csv,1016,0.49560975609756097,2.0965630933658157
