file,nrBest,proportionBest,entropyNrActions
nr_573_id_36_8fe160141ce647176cea51b80291e3e2a1ac005f_IMAPHandler_GTSPOON.csv,149,0.07268292682926829,2.7345810494399814
