file,nrBest,proportionBest,entropyNrActions
nr_319_id_36_5328bb4eb5917d013b0721eb39577deba69930a2_Lineup_GTSPOON.csv,38,0.018536585365853658,3.2237495499916653
