file,nrBest,proportionBest,entropyNrActions
nr_518_id_5_0437495b007af0e443513e82a3b9edcb3c085c3e_SimplePageElement_GTSPOON.csv,1185,0.5780487804878048,1.7499835829633095
