file,nrBest,proportionBest,entropyNrActions
nr_538_id_13_083de89120f65fcff40077216eaccd395003a312_CatalogueListFragment_GTSPOON.csv,1183,0.5770731707317073,1.7923970458442189
