file,nrBest,proportionBest,entropyNrActions
nr_378_id_22_092a2d6188916e508a72995ac0ca773d9e369835_EnrollmentAlertServiceTest_GTSPOON.csv,721,0.3517073170731707,2.622089431751845
