file,nrBest,proportionBest,entropyNrActions
nr_140_id_24_04208ebecb77be3ee59f62cc17f4ea80f1770495_MethodInfo_GTSPOON.csv,1650,0.8048780487804879,0.9568391333258537
