file,nrBest,proportionBest,entropyNrActions
nr_295_id_5_0271a189ee163cabee589d3a125806f1430036bf_regress_GTSPOON.csv,1920,0.9365853658536586,0.3984973099647299
