file,nrBest,proportionBest,entropyNrActions
nr_78_id_17_01632580455be784e96ca313449d110701359d9b_Lambert_GTSPOON.csv,708,0.34536585365853656,2.7416581448895423
