file,nrBest,proportionBest,entropyNrActions
nr_423_id_16_07a2f76c26c395efa75789a113b05dfb204d6004_Test_GTSPOON.csv,222,0.10829268292682927,2.7632619672658794
