file,nrBest,proportionBest,entropyNrActions
nr_682_id_5_05b60f78051630052730201041085efe81674a13_BasePage_GTSPOON.csv,1924,0.9385365853658536,0.36918169223028907
