file,nrBest,proportionBest,entropyNrActions
nr_575_id_8_04a374e475d511f54c5ed45772da13ce3dadc419_PigGrinderPlugin_GTSPOON.csv,1473,0.7185365853658536,1.3603433506468914
