file,nrBest,proportionBest,entropyNrActions
nr_248_id_16_04976a7c5efbcef3425d4919fc80753bb6d35a94_LapgLexer_GTSPOON.csv,59,0.02878048780487805,2.822273556894033
