file,nrBest,proportionBest,entropyNrActions
nr_360_id_16_069197fd022b4aef42cecb89f3099c5f56cb7977_StatCvsMojo_GTSPOON.csv,1487,0.7253658536585366,1.231356139253749
