file,nrBest,proportionBest,entropyNrActions
nr_203_id_23_0697debe354c00e87d24c3c8d2afc6f6be428dc4_PickScheme_GTSPOON.csv,1396,0.6809756097560976,1.4720977672413373
