file,nrBest,proportionBest,entropyNrActions
nr_142_id_39_e6c13bea4f75c3dd2396bef56d7bf49a894c1914_Unit_GTSPOON.csv,40,0.01951219512195122,2.8047043960575646
