file,nrBest,proportionBest,entropyNrActions
nr_11_id_5_001fed9c5a614e4bb362d7e97610492489d0f593_SqlSessionTemplate_GTSPOON.csv,1557,0.7595121951219512,1.1984656907019144
