file,nrBest,proportionBest,entropyNrActions
nr_160_id_6_011d43dbb7891034f4d143cd664e1d0e1c014824_MakeTopLevelHtmlForPerm_GTSPOON.csv,181,0.08829268292682926,2.7990173908940754
