file,nrBest,proportionBest,entropyNrActions
nr_237_id_34_21e076016db4c5fd5a8bf9332bede8c884652b9a_OwnIdentity_GTSPOON.csv,200,0.0975609756097561,1.5747454337270805
