file,nrBest,proportionBest,entropyNrActions
nr_374_id_8_0314e345eff99bb41164bf8fd060570714c96be8_Red5LoggerFactory_GTSPOON.csv,9,0.004390243902439025,0.16752403348053518
