file,nrBest,proportionBest,entropyNrActions
nr_194_id_23_062b37a1439421b69394f616f4bf9416d80789fb_SipCommonMetaDataParser_GTSPOON.csv,1800,0.8780487804878049,0.7258457351452231
