file,nrBest,proportionBest,entropyNrActions
nr_111_id_38_4c938d496ee9cccc420c7f27914255295c7b7d51_Misc_GTSPOON.csv,1725,0.8414634146341463,0.7008712834092298
