file,nrBest,proportionBest,entropyNrActions
nr_208_id_35_27db775b10cf21830da5f3a79ab65598e90fd53d_OsgifierActivator_GTSPOON.csv,1734,0.8458536585365853,0.7038949242687117
