file,nrBest,proportionBest,entropyNrActions
nr_242_id_16_04854ba997c55f2c1f0c45ec2f67235db1a484b9_SuiteResponderTest_GTSPOON.csv,146,0.07121951219512195,2.5603288044512156
