file,nrBest,proportionBest,entropyNrActions
nr_176_id_38_7726377098da1b8a48d66d557490084cdd52680d_GeneralPreferencesFragment_GTSPOON.csv,20,0.00975609756097561,2.058838186329221
