file,nrBest,proportionBest,entropyNrActions
nr_424_id_20_0834defd793fb3b6325aa9124a3a35553c1d5ce6_ClassUtil_GTSPOON.csv,5,0.0024390243902439024,2.0208922122820945
