file,nrBest,proportionBest,entropyNrActions
nr_224_id_3_018ec361bbee662ffbf6ac122123a2388587154c_BaseElementProcessor_GTSPOON.csv,2007,0.9790243902439024,0.13989332983267708
