file,nrBest,proportionBest,entropyNrActions
nr_8_id_23_004876345ac5e975275ecec8782e3dc4527507ae_MTClient_GTSPOON.csv,72,0.0351219512195122,4.0768707677291545
