file,nrBest,proportionBest,entropyNrActions
nr_300_id_6_01df7c464ef9dd4d66927fb9d22584de04077f9b_SyncOnDeleteTest_GTSPOON.csv,1752,0.8546341463414634,0.6561551088823854
