file,nrBest,proportionBest,entropyNrActions
nr_543_id_37_f10997e29f1e048c17de03dd019e2b5678ef2e21_NameOccurrence_GTSPOON.csv,32,0.015609756097560976,1.7719369780664875
