file,nrBest,proportionBest,entropyNrActions
nr_81_id_23_0260290e406747bfb4f267a73abb79400e213ee7_ConfigClient_GTSPOON.csv,1065,0.5195121951219512,1.9450456226652135
