file,nrBest,proportionBest,entropyNrActions
nr_62_id_35_0c8f70c33a3a2ec2a326156b8fe12b198fe922a1_BlastSAXParser_GTSPOON.csv,370,0.18048780487804877,2.5833205121650664
