file,nrBest,proportionBest,entropyNrActions
nr_203_id_21_053c820ef2c188ad423b806f78b2e24ca6bdc76e_PlayerManager_GTSPOON.csv,218,0.10634146341463414,2.995840348531806
