file,nrBest,proportionBest,entropyNrActions
nr_111_id_21_032281ce2bcca7663714472b0b9cf9d3905074f9_IndexManager_GTSPOON.csv,280,0.13658536585365855,2.5317582150684483
