file,nrBest,proportionBest,entropyNrActions
nr_313_id_10_02ed034bd88b15055c43b132c51ebb1e5f320c60_AgentRestartTest_GTSPOON.csv,887,0.4326829268292683,1.4170539475140926
