file,nrBest,proportionBest,entropyNrActions
nr_200_id_14_02dfaf3842c0632a321fae5ab515e83331c612de_GeneratorUtils_GTSPOON.csv,2015,0.9829268292682927,0.12440018633688124
