file,nrBest,proportionBest,entropyNrActions
nr_103_id_36_197e443982ae64e0207771e2e2c0a934e16886f4_KeepAliveManager_GTSPOON.csv,521,0.25414634146341464,1.8503065693488128
