file,nrBest,proportionBest,entropyNrActions
nr_37_id_24_0128092b077892e509e5d3b5ede9b08fa30ff449_PsiPrimitiveTypeUtil10Impl_GTSPOON.csv,1600,0.7804878048780488,0.7638407591295705
