file,nrBest,proportionBest,entropyNrActions
nr_460_id_13_06cb13dd38cf3386b5c8340a3c993d7065ac4b9a_GrapeGuice_GTSPOON.csv,170,0.08292682926829269,1.4115154010094324
