file,nrBest,proportionBest,entropyNrActions
nr_126_id_10_0105c5ebb9896641bdc601ff164a2404e817e505_AbstractUrlHandlerMapping_GTSPOON.csv,10,0.004878048780487805,1.6125032966403643
