file,nrBest,proportionBest,entropyNrActions
nr_547_id_11_07d2d37194037650b6761ec0460465add3802382_QuickFIXApplicationTest_GTSPOON.csv,1825,0.8902439024390244,0.4028553644689547
