file,nrBest,proportionBest,entropyNrActions
nr_433_id_10_0428fb959103b361412c2cf466e9066fc4c8a417_MapReportGenerator_GTSPOON.csv,1077,0.5253658536585366,1.8946957863662692
