file,nrBest,proportionBest,entropyNrActions
nr_413_id_1_04bea7a14bf9f42096b792630fffaff0e9a160f8_TimeView_GTSPOON.csv,1356,0.6614634146341464,1.7627201872222285
