file,nrBest,proportionBest,entropyNrActions
nr_330_id_13_04bf42343656d0f582812acf60b8eddac59a4b96_AbstractBeanType_GTSPOON.csv,1839,0.8970731707317073,0.6022836151387818
