file,nrBest,proportionBest,entropyNrActions
nr_162_id_14_022e2c590df102bca92245163fd293d004baf149_AboutBox_GTSPOON.csv,1934,0.9434146341463414,0.3554587318652524
