file,nrBest,proportionBest,entropyNrActions
nr_164_id_16_03367e89c23ef95c7a17a1ce7b9a893b7663206c_Execute_GTSPOON.csv,866,0.4224390243902439,0.8436176154776464
