file,nrBest,proportionBest,entropyNrActions
nr_193_id_34_1c8859b12eba2179c1b8222057142b7a07c46ed1_Action_GTSPOON.csv,1936,0.944390243902439,0.3404838662274623
