file,nrBest,proportionBest,entropyNrActions
nr_569_id_10_057c901efdc58ebc46397efdede15824320001f5_SGFLoadActivity_GTSPOON.csv,1443,0.7039024390243902,1.3089839960134324
