file,nrBest,proportionBest,entropyNrActions
nr_159_id_16_032a5a866ab99c5429f6d6537107bfd9700f1bf5_PhotoPage_GTSPOON.csv,179,0.0873170731707317,2.890188669363739
