file,nrBest,proportionBest,entropyNrActions
nr_58_id_32_04f9f1a9363846eb5c63904a3c1770c9746f15ce_WebViewActivity_GTSPOON.csv,1149,0.5604878048780488,2.07044774467245
