file,nrBest,proportionBest,entropyNrActions
nr_521_id_3_03617a122d6d8a57ddae7e47a9f782bdccc26956_Misc_GTSPOON.csv,1471,0.7175609756097561,1.2719724330500806
