file,nrBest,proportionBest,entropyNrActions
nr_276_id_26_09bddaaf76be0035074163c0f4cab93fc3e033cc_ICurveGeo_GTSPOON.csv,186,0.09073170731707317,2.9251726795561797
