file,nrBest,proportionBest,entropyNrActions
nr_505_id_31_233f01ca4330098889eb4cb39d869251d58292c9_GraphDataController_GTSPOON.csv,900,0.43902439024390244,2.395208853903869
