file,nrBest,proportionBest,entropyNrActions
nr_266_id_24_085468cc1098018a1d0249dfd86c303e3686a4f8_QueryParsingTest_GTSPOON.csv,1479,0.7214634146341463,1.065810524395056
