file,nrBest,proportionBest,entropyNrActions
nr_106_id_25_03ad00d76408cc23e65259b36790543443bc30ea_FanKeyStrokeHandler_GTSPOON.csv,568,0.27707317073170734,2.988715042427555
