file,nrBest,proportionBest,entropyNrActions
nr_103_id_35_1499200dcbbcd2355c8d61c3f283456ac9111750_ImageCleanupTask_GTSPOON.csv,1616,0.7882926829268293,1.1966070452499993
