file,nrBest,proportionBest,entropyNrActions
nr_289_id_25_09bd34c8bd1e735e340bdbac276d2b7810492cb6_FormTests_GTSPOON.csv,414,0.20195121951219513,2.117719200428302
