file,nrBest,proportionBest,entropyNrActions
nr_449_id_15_0856f6d6258295a5cbbd4d25dfbf9343439a6fe5_ReviewCommand_GTSPOON.csv,1114,0.5434146341463415,1.7787161607710213
