file,nrBest,proportionBest,entropyNrActions
nr_450_id_34_3e5c3ea46d1f519c4ca3428c777ecef737496862_ExtractIE_GTSPOON.csv,702,0.34243902439024393,2.661281291215604
