file,nrBest,proportionBest,entropyNrActions
nr_515_id_34_46ad3a2344e63c3f209e035882bd06036cc3f2c1_ViewSectionsPage_GTSPOON.csv,288,0.1404878048780488,2.5703977175142985
