file,nrBest,proportionBest,entropyNrActions
nr_471_id_4_01e033ee408e0311e2815d4615d5380f797cbe8c_TestRackServlet_GTSPOON.csv,1737,0.8473170731707317,0.8078248947147821
