file,nrBest,proportionBest,entropyNrActions
nr_462_id_33_385bc3c5298612ebc22ed034175642c75f0db900_DependencyExtractor_GTSPOON.csv,307,0.1497560975609756,1.1627026169608659
