file,nrBest,proportionBest,entropyNrActions
nr_318_id_15_05f6570e40d3de76c4e0810928cc343a396a16af_NewWebClassWizardPage_GTSPOON.csv,992,0.48390243902439023,2.011908627968751
