file,nrBest,proportionBest,entropyNrActions
nr_166_id_14_0236f551bb5edf6e832868a30898ac24b71425e3_SampleRequests_GTSPOON.csv,1743,0.8502439024390244,0.7389271959436543
