file,nrBest,proportionBest,entropyNrActions
nr_197_id_3_015d8860fd87aa8779973f86f69e85521d96e29e_OpenHelperManager_GTSPOON.csv,1653,0.8063414634146342,1.000185550734773
