file,nrBest,proportionBest,entropyNrActions
nr_432_id_16_07c2b782257bf807b6a98f475231452a0a3e1feb_BpelCompiler_GTSPOON.csv,209,0.10195121951219512,2.545273615249982
