file,nrBest,proportionBest,entropyNrActions
nr_398_id_2_00d3e36316990244ff89c61bdaab1f2e9ed4e2ec_SuperSite_GTSPOON.csv,1824,0.8897560975609756,0.5606162263125657
