file,nrBest,proportionBest,entropyNrActions
nr_249_id_12_02b7d5e25fb659782de81908edef8303fda57d5a_Skill_GTSPOON.csv,825,0.4024390243902439,0.929846865799235
