file,nrBest,proportionBest,entropyNrActions
nr_172_id_26_06945c0a8bb4b6228c6c310adc7d534c7b10999a_MeCommand_GTSPOON.csv,2028,0.9892682926829268,0.08131121403735332
