file,nrBest,proportionBest,entropyNrActions
nr_394_id_6_0262a1b7d4c2024dbcc612741e460561a94498b1_FreeColDialog_GTSPOON.csv,1280,0.624390243902439,1.741401758463984
