file,nrBest,proportionBest,entropyNrActions
nr_427_id_33_350c0304d3841de5193e2c0362ef965612686ea0_WanReplicationTest_GTSPOON.csv,57,0.027804878048780488,2.7963944878117073
