file,nrBest,proportionBest,entropyNrActions
nr_116_id_17_02403a9e584ed3865fd75401ec34cf7e06658c90_ChartData_GTSPOON.csv,1651,0.8053658536585366,0.956949945820677
