file,nrBest,proportionBest,entropyNrActions
nr_285_id_19_06d65f4cb0fe7e4977d68c27c14854faed82b652_IChatroom_GTSPOON.csv,2015,0.9829268292682927,0.1047847065935152
