file,nrBest,proportionBest,entropyNrActions
nr_496_id_32_2bd6b0aa0b8514c247813eb3a300cf0ecfe68263_TabItemLCA_GTSPOON.csv,1718,0.8380487804878048,0.863867270644973
