file,nrBest,proportionBest,entropyNrActions
nr_189_id_38_7ce418b300f21b59f4ea14a4682b81bac1db2a33_GuiBoard_GTSPOON.csv,8,0.003902439024390244,2.407509480831944
