file,nrBest,proportionBest,entropyNrActions
nr_224_id_32_144b2ebffae2b8c101644b8b59a2cf8b500dc57a_DBConn_GTSPOON.csv,2014,0.9824390243902439,0.10776329887481921
