file,nrBest,proportionBest,entropyNrActions
nr_330_id_3_021fae1ef878433a7701afba4593fa43754ee182_ApiExperiments_GTSPOON.csv,1666,0.8126829268292682,0.8134803428382792
