file,nrBest,proportionBest,entropyNrActions
nr_200_id_17_03f3ab5e005c2ac47935f07ade03432886f72d74_FlexoProcessNode_GTSPOON.csv,995,0.4853658536585366,2.126271010651231
