file,nrBest,proportionBest,entropyNrActions
nr_280_id_8_025518e2f1a81e446335c9e026be109aaf48e4b1_SessionManager_GTSPOON.csv,1646,0.8029268292682927,0.9351563869725713
