file,nrBest,proportionBest,entropyNrActions
nr_195_id_30_0c0fe704825d09850b28549fd019c757b8fa3816_HiveJobManager_GTSPOON.csv,1819,0.8873170731707317,0.6160720376067751
