file,nrBest,proportionBest,entropyNrActions
nr_403_id_34_3845a962a217e3c57de4340394982dc07342d422_SocketIOTests_GTSPOON.csv,1666,0.8126829268292682,0.8580588958862785
