file,nrBest,proportionBest,entropyNrActions
nr_336_id_32_1d9123c767ab616d4d1cd45407e4f8dc8315c99d_SobaMetric_GTSPOON.csv,1787,0.8717073170731707,0.7047816152336386
