file,nrBest,proportionBest,entropyNrActions
nr_549_id_9_06417e2045f598517b65d0ef0c06730c02486305_SqlScriptsUtils_GTSPOON.csv,180,0.08780487804878048,1.9066145963207226
