file,nrBest,proportionBest,entropyNrActions
nr_447_id_30_1b4349917e556e38c1473577d277c82d103d7198_AbstractPlacemarkTableModel_GTSPOON.csv,254,0.12390243902439024,3.0161279318188994
