file,nrBest,proportionBest,entropyNrActions
nr_198_id_12_02319d29329ba5e257e55dfe214a58effb1200c6_StyleTest_GTSPOON.csv,971,0.47365853658536583,2.087426805456926
