file,nrBest,proportionBest,entropyNrActions
nr_549_id_4_022832bd74f32b8edb0663fc64034fa45265f0f1_GenomeLocParser_GTSPOON.csv,672,0.3278048780487805,2.54156273228435
