file,nrBest,proportionBest,entropyNrActions
nr_355_id_34_315c90a49a8c19da3a046565806160e2b3bc64ed__MetricsConfiguration_GTSPOON.csv,1260,0.6146341463414634,1.656046861212601
