file,nrBest,proportionBest,entropyNrActions
nr_234_id_30_0e877ad65b1dea973536cd25096d9ba63803dba7_Project_GTSPOON.csv,1616,0.7882926829268293,1.104580848762978
