file,nrBest,proportionBest,entropyNrActions
nr_200_id_17_03f3ab5e005c2ac47935f07ade03432886f72d74_FlexoWorkflow_GTSPOON.csv,210,0.1024390243902439,2.3273000742490635
