file,nrBest,proportionBest,entropyNrActions
nr_342_id_12_03be602c30b6d193e3a0856fe53869e6050c8237_ResultIterator_GTSPOON.csv,1590,0.775609756097561,1.0846722651788654
