file,nrBest,proportionBest,entropyNrActions
nr_367_id_14_0573e4907651eace65d83f6a64f5a63c40145846_DiamondRush_GTSPOON.csv,1584,0.7726829268292683,0.9723977866719509
