file,nrBest,proportionBest,entropyNrActions
nr_415_id_13_0605820aa13afd653915f9bf0bf77c588327a694_BasicView_GTSPOON.csv,1901,0.9273170731707318,0.45751862179212693
