file,nrBest,proportionBest,entropyNrActions
nr_309_id_20_0608b1e74a63ff68daeaa115123dbe71b5025aa5_SlugUtils_GTSPOON.csv,983,0.4795121951219512,1.208653547193248
