file,nrBest,proportionBest,entropyNrActions
nr_343_id_24_0aa871394bc79557e40a05b2afb9e4084b862ed1_Dumper_GTSPOON.csv,126,0.06146341463414634,3.1518289016920527
