file,nrBest,proportionBest,entropyNrActions
nr_504_id_10_04d9fc4102021ada92539c2c86ed4bcd8988e39a_MainActivity_GTSPOON.csv,1292,0.6302439024390244,1.1707948900269116
