file,nrBest,proportionBest,entropyNrActions
nr_225_id_27_09fab26dac12899de9c31d03c1680d484500b812_InterpreterContext_GTSPOON.csv,42,0.02048780487804878,2.0419502488362498
