file,nrBest,proportionBest,entropyNrActions
nr_312_id_20_060df8987fce7c5b8051f0cc99095d2e207a457f_FunctionHelp_GTSPOON.csv,233,0.11365853658536586,1.3039291741823074
