file,nrBest,proportionBest,entropyNrActions
nr_250_id_38_a7de08116087c8f1362b1ce9b5c9ed7d7b08eebf_RAFContainer4_GTSPOON.csv,1492,0.7278048780487805,1.1642513781009738
