file,nrBest,proportionBest,entropyNrActions
nr_149_id_30_095ea7dae8c6ac65288adcea5fe20bf0ba987599_Robot_GTSPOON.csv,1,0.0004878048780487805,2.9399552238987545
