file,nrBest,proportionBest,entropyNrActions
nr_380_id_5_031c66990c71f048ee94d71b916597e301cccd3a_Mdm_GTSPOON.csv,373,0.18195121951219512,1.1484278883048087
