file,nrBest,proportionBest,entropyNrActions
nr_48_id_16_011ee7892d1bb8865d02f40bf13c74e943e696ff_JbillingAPI_GTSPOON.csv,1014,0.4946341463414634,1.4577599745524468
