file,nrBest,proportionBest,entropyNrActions
nr_10_id_28_00969af8d7ab941e5c2f6d05114047dc30120945_WMLL_GTSPOON.csv,15,0.007317073170731708,3.719844730192128
