file,nrBest,proportionBest,entropyNrActions
nr_436_id_11_06100ef5e5a889c632bf182b3e603c0494541d17_TokenMatch_GTSPOON.csv,2025,0.9878048780487805,0.08877121129803683
