file,nrBest,proportionBest,entropyNrActions
nr_444_id_17_08f4e789f8a8ed2e3c08e82a905227214048af1c_VCardReader_GTSPOON.csv,965,0.47073170731707314,2.3399331346369463
