file,nrBest,proportionBest,entropyNrActions
nr_97_id_38_40fc42ecc27d3389b5555af9d948a49e0e10370f_DateUtils_GTSPOON.csv,1232,0.6009756097560975,1.574871500784019
