file,nrBest,proportionBest,entropyNrActions
nr_293_id_14_045c6227fad083b873fee3c75ee9546cf3031621_SshDaemon_GTSPOON.csv,829,0.40439024390243905,2.226710034113519
