file,nrBest,proportionBest,entropyNrActions
nr_91_id_20_01d0772261e07743ca7f37ca66cca2316bdfd12f_SavingsAccount_GTSPOON.csv,25,0.012195121951219513,2.6308947837178707
