file,nrBest,proportionBest,entropyNrActions
nr_323_id_10_0322d0a6958d271eb2adbd0cb04685c8f08a71c3_AlertActivity_GTSPOON.csv,1205,0.5878048780487805,1.757182516242915
