file,nrBest,proportionBest,entropyNrActions
nr_491_id_8_04101e90417ce584a8602d9134e678022e820f40_DeployVM_GTSPOON.csv,1383,0.6746341463414635,1.4574768537115241
