file,nrBest,proportionBest,entropyNrActions
nr_223_id_19_056ecf52fdf1ec47bba26ed8b1a8026c1d568687_BrokerImpl_GTSPOON.csv,152,0.07414634146341463,2.8314598015182373
