file,nrBest,proportionBest,entropyNrActions
nr_311_id_33_28565d3180edb325bfc61f6de863268e7d9ffd29_ConditionalRule_GTSPOON.csv,1606,0.7834146341463415,1.0220711824437352
