file,nrBest,proportionBest,entropyNrActions
nr_3_id_10_000368f1a8b575e627694b06068032f67720c189_User_GTSPOON.csv,1560,0.7609756097560976,1.105492280882062
