file,nrBest,proportionBest,entropyNrActions
nr_15_id_30_00edd6f35bb38776c92d3210d3bf988cf90a6be2_SpecimenForm_GTSPOON.csv,110,0.05365853658536585,2.8417420267938196
