file,nrBest,proportionBest,entropyNrActions
nr_430_id_16_07b80c5effe663b4127d659eb17253cc63227486_Profiled_GTSPOON.csv,2023,0.9868292682926829,0.09687622949379601
