file,nrBest,proportionBest,entropyNrActions
nr_449_id_14_068303178bd8471700d95945b64ad62821dded5d_ProjectBuilder_GTSPOON.csv,1064,0.5190243902439025,2.3790399664588326
