file,nrBest,proportionBest,entropyNrActions
nr_713_id_2_01857af34f7bedf8031b1de7b9f2d3cfbd47e869_Polygon_GTSPOON.csv,1842,0.8985365853658537,0.584985525621799
