file,nrBest,proportionBest,entropyNrActions
nr_270_id_8_02432561148fa048351e427aaee988d3ed0c7f2d_TransactionClient_GTSPOON.csv,186,0.09073170731707317,2.6495065106201103
