file,nrBest,proportionBest,entropyNrActions
nr_497_id_3_03378367cc3dcfe330a7f1ce1f5500460a84ce07_AndroidCanvas_GTSPOON.csv,1070,0.5219512195121951,1.7374247123581532
