file,nrBest,proportionBest,entropyNrActions
nr_149_id_37_4493a5a5b73be168672bf36105936976e0a991e7_XMLSignatureTest_GTSPOON.csv,730,0.35609756097560974,1.0985201258284698
