file,nrBest,proportionBest,entropyNrActions
nr_329_id_17_0681328b6b885d96f8919bde5da10ba3549d6e58_AutAgentApplication_GTSPOON.csv,1545,0.7536585365853659,1.180297319822527
