file,nrBest,proportionBest,entropyNrActions
nr_487_id_21_0c45df1148857cf92547aff2418771055430d332_CreateRepositoryAction_GTSPOON.csv,1114,0.5434146341463415,1.7377356293578567
