file,nrBest,proportionBest,entropyNrActions
nr_389_id_9_048030ad9d6560e4e55f839681bf4509fed3449a_CommandSetManagerTest_GTSPOON.csv,2018,0.984390243902439,0.11344296817530672
