file,nrBest,proportionBest,entropyNrActions
nr_131_id_18_028dae509e22727d8163eabe54de1029f9fcf381_NaiveBayes_GTSPOON.csv,2000,0.975609756097561,0.16528397642544038
