file,nrBest,proportionBest,entropyNrActions
nr_12_id_25_006d49271549ed639ffcd70d94c7650bb3514796_MessagingNotification_GTSPOON.csv,434,0.21170731707317073,2.682919839799932
