file,nrBest,proportionBest,entropyNrActions
nr_157_id_20_030a2e9d91ed92362a8c0e929ad6ace4b4ea5694_FeatureFlat_GTSPOON.csv,1318,0.6429268292682927,1.5846066909003493
