file,nrBest,proportionBest,entropyNrActions
nr_313_id_35_3b371aa2c336f207e47164cb86809a59203034e2_ZMQTest_GTSPOON.csv,756,0.36878048780487804,1.881704732037538
