file,nrBest,proportionBest,entropyNrActions
nr_92_id_38_3c6689afb7afa7f38a557034336325b1bb5882de_HistoryCache_GTSPOON.csv,1748,0.8526829268292683,0.7702853758782477
