file,nrBest,proportionBest,entropyNrActions
nr_450_id_1_050a1c56aa53e107459a75b227d3a762243ee05b_JavaConnection_GTSPOON.csv,1819,0.8873170731707317,0.5613156926426611
