file,nrBest,proportionBest,entropyNrActions
nr_140_id_13_01f3e55aa56f0f32c9ae8db2a928058488b02ca8_Client_GTSPOON.csv,626,0.3053658536585366,1.8395565546557309
