file,nrBest,proportionBest,entropyNrActions
nr_421_id_27_130943ac9282f85fe4755cd331e2df8d31bf5bc9_TypeCheckTest_GTSPOON.csv,230,0.11219512195121951,2.3131902142303975
