file,nrBest,proportionBest,entropyNrActions
nr_376_id_38_f94af4d2b884de146eef84f6c7d530e765973e50_SimpleWMSDriver_GTSPOON.csv,1375,0.6707317073170732,1.439278058708498
