file,nrBest,proportionBest,entropyNrActions
nr_199_id_30_0c472f080914010e8c78143349bf7bbb06aaff5c_SQLDataSource_GTSPOON.csv,1304,0.6360975609756098,1.623405725164391
