file,nrBest,proportionBest,entropyNrActions
nr_442_id_10_043d1808366a40b81d5275090060b7372ae4cbf5_ColumnFamilyStore_GTSPOON.csv,173,0.08439024390243903,2.710657889178747
