file,nrBest,proportionBest,entropyNrActions
nr_241_id_24_079c913ae0d35f0cea146c283dfa9a2438032d39_Stmt_GTSPOON.csv,92,0.0448780487804878,2.4744859261762366
