file,nrBest,proportionBest,entropyNrActions
nr_482_id_28_1520c994d3ba513a67b99c8b4b778455803bf946_ColonyPanel_GTSPOON.csv,5,0.0024390243902439024,1.8495894730867108
