file,nrBest,proportionBest,entropyNrActions
nr_597_id_7_062ad3684c421998df10a694917226e6478dc525_GeneticVariantTest_GTSPOON.csv,1711,0.8346341463414634,0.8426865253932319
