file,nrBest,proportionBest,entropyNrActions
nr_116_id_2_0037d874d55c8d1cefddb695508e83884b37d6f6_Point_GTSPOON.csv,1932,0.9424390243902439,0.37222122153563747
