file,nrBest,proportionBest,entropyNrActions
nr_22_id_22_00772f718ba47655d0a3d1adac03ba9df688a41e_MultiHome_GTSPOON.csv,981,0.47853658536585364,2.5787624828321993
