file,nrBest,proportionBest,entropyNrActions
nr_251_id_17_05182ac2b49e205028a22dd28fc1572d9b4edf81_RealmManager_GTSPOON.csv,450,0.21951219512195122,2.769464705261157
