file,nrBest,proportionBest,entropyNrActions
nr_22_id_29_013dc3df71c878d2c3fb4dd3442f967b5ae0ad87_Errors_GTSPOON.csv,1639,0.7995121951219513,0.9185538261734443
