file,nrBest,proportionBest,entropyNrActions
nr_444_id_16_07fb0731316e3283873c7589568559eb96b9a64a_MainActivity_GTSPOON.csv,69,0.033658536585365856,2.7041389398096696
