file,nrBest,proportionBest,entropyNrActions
nr_301_id_7_031e75edf517ca1632aacf77177c3542a6012262_DatastoreImpl_GTSPOON.csv,170,0.08292682926829269,2.816339563997739
