file,nrBest,proportionBest,entropyNrActions
nr_121_id_5_010ce7210d79046752496b7260e988890215c41f_DefaultManager_GTSPOON.csv,1197,0.5839024390243902,1.76692051945527
