file,nrBest,proportionBest,entropyNrActions
nr_458_id_2_00f35bb8a7ffe8c623fa8907f8522a05c7688d9c_VoiceRouter_GTSPOON.csv,825,0.4024390243902439,2.5301504366229612
