file,nrBest,proportionBest,entropyNrActions
nr_500_id_5_041a72b492c6c4d03f534c0b6e94a8e47637b570_AddeURLConnection_GTSPOON.csv,19,0.009268292682926829,2.659804310241269
