file,nrBest,proportionBest,entropyNrActions
nr_48_id_40_8b1e497d0b847e5dcdd555155288ddc880487458_LanguageChooser_GTSPOON.csv,1967,0.9595121951219512,0.21288921196192784
