file,nrBest,proportionBest,entropyNrActions
nr_25_id_29_0175fe3c5a765c7ccfb144288ccf44540f4c3109_Main_GTSPOON.csv,142,0.06926829268292684,2.646900088119656
