file,nrBest,proportionBest,entropyNrActions
nr_109_id_19_02a453654ba33d9e90c6291daa90158223c96744_Server_GTSPOON.csv,275,0.13414634146341464,2.5517665244523275
