file,nrBest,proportionBest,entropyNrActions
nr_419_id_3_02c16f32b22fd9688dbdff4af197487923864139_ViewFeatureOrientation_GTSPOON.csv,1838,0.8965853658536586,0.5951588698609639
