file,nrBest,proportionBest,entropyNrActions
nr_377_id_17_076e4005995b4800be7df035f9e62e5554e05833_PyBytecode_GTSPOON.csv,5,0.0024390243902439024,2.74007249876101
