file,nrBest,proportionBest,entropyNrActions
nr_536_id_12_05d72fb406fedfd13789ebc138022e260cb627e7_VirtualMediaPanel_GTSPOON.csv,22,0.010731707317073172,2.2805157086967824
