file,nrBest,proportionBest,entropyNrActions
nr_230_id_17_049f32890163f7ff819228dfa488705da62cc674_FileReceiver_GTSPOON.csv,1808,0.8819512195121951,0.6887388198963127
