file,nrBest,proportionBest,entropyNrActions
nr_58_id_20_0113c5bd83ce9bcbe243b74c7296289719ea3293_UnsignedFactor_GTSPOON.csv,1928,0.9404878048780487,0.3914993654276281
