file,nrBest,proportionBest,entropyNrActions
nr_571_id_6_037c25513fd8a08b84778f5a7fe167a2bbf48d5e_CharMatcher_GTSPOON.csv,25,0.012195121951219513,2.517900398378086
