file,nrBest,proportionBest,entropyNrActions
nr_411_id_11_0594ba92ffba4182ab6a7473090fc50526318d72_CoreSettings_GTSPOON.csv,679,0.33121951219512197,2.3298797359163474
