file,nrBest,proportionBest,entropyNrActions
nr_371_id_29_157525b0a17e0a776e039b7a62928af2a10166d3_HTTPNetworkManager_GTSPOON.csv,1646,0.8029268292682927,0.9245623130939551
