file,nrBest,proportionBest,entropyNrActions
nr_90_id_8_00c1ba62f82d667d78a6fd4a38a9673b9005ff6e_PyString_GTSPOON.csv,160,0.07804878048780488,2.8223070952505367
