file,nrBest,proportionBest,entropyNrActions
nr_501_id_28_168a606dd5a3d948d3714f887065b9e618ca42d1_TransitSystem_GTSPOON.csv,1030,0.5024390243902439,1.9400928079971538
