file,nrBest,proportionBest,entropyNrActions
nr_235_id_19_05dbf1adc9f0d329f965d471e99f026197455372_GdxApplication_GTSPOON.csv,1745,0.8512195121951219,0.7822443429469882
