file,nrBest,proportionBest,entropyNrActions
nr_105_id_3_00bf186600824d8dffc9d8c8709511561d260275_ImageGetter_GTSPOON.csv,1586,0.7736585365853659,1.0936363874411845
