file,nrBest,proportionBest,entropyNrActions
nr_641_id_6_03f6b7241ca69bc7b23946ef3c693d554231051d_TagCloud_GTSPOON.csv,1648,0.8039024390243903,0.9953601506578492
