file,nrBest,proportionBest,entropyNrActions
nr_30_id_10_004c03dc5e0b865e4163202a1f95b8ecc5192f5d_Controller_GTSPOON.csv,1743,0.8502439024390244,0.8084404473200841
