file,nrBest,proportionBest,entropyNrActions
nr_249_id_7_02b48e9c4e117f47743c2588bed205f261bd9de8_WebRTCDemo_GTSPOON.csv,106,0.05170731707317073,2.6769322144364303
