file,nrBest,proportionBest,entropyNrActions
nr_1_id_22_00064379b4e6d0543cf44551b6abd51c8ea344ea_UserListItem_GTSPOON.csv,1931,0.9419512195121951,0.3617240615201291
