file,nrBest,proportionBest,entropyNrActions
nr_110_id_23_03281c94f73b11fb28dd6822741ae4eca44522bf_CaldavReportMethod_GTSPOON.csv,813,0.39658536585365856,2.299286001836395
