file,nrBest,proportionBest,entropyNrActions
nr_305_id_33_27233d3967d9bc988e0483d337b3d8f574537221_ReportController_GTSPOON.csv,5,0.0024390243902439024,2.5812321846810753
