file,nrBest,proportionBest,entropyNrActions
nr_437_id_17_08d9fd8b980dab45417c3aa0122f2435784667de_Neuron_GTSPOON.csv,1920,0.9365853658536586,0.39917771569001537
