file,nrBest,proportionBest,entropyNrActions
nr_84_id_21_02721037c17780b08da9ffd270ce815ac1f8a1c7_ACPluginListener_GTSPOON.csv,1315,0.6414634146341464,1.6263671560687667
