file,nrBest,proportionBest,entropyNrActions
nr_322_id_20_0641b03ab8bacd928498faf38c093b38c13b896a_GroupController_GTSPOON.csv,1248,0.608780487804878,1.9894309650609823
