file,nrBest,proportionBest,entropyNrActions
nr_204_id_34_1e66220ccddb0f7f6edf4441615b02f246f4afd3_Main_GTSPOON.csv,122,0.05951219512195122,3.2081438743519124
