file,nrBest,proportionBest,entropyNrActions
nr_246_id_1_02e22bc943b67cfaf8e761cb93d06106f720a6c4_EventKeys_GTSPOON.csv,2015,0.9829268292682927,0.10520570474832268
