file,nrBest,proportionBest,entropyNrActions
nr_330_id_13_04bf42343656d0f582812acf60b8eddac59a4b96_BeanType_GTSPOON.csv,460,0.22439024390243903,2.637763985529299
