file,nrBest,proportionBest,entropyNrActions
nr_302_id_21_07f463f8c071bb403da27dc27425aeb1204e67f2_ThisPluginDetector_GTSPOON.csv,1930,0.9414634146341463,0.38337312648196037
