file,nrBest,proportionBest,entropyNrActions
nr_578_id_6_038eb348ed1741db88e948f8af3a69e15bef2c2f_HeroView_GTSPOON.csv,1717,0.8375609756097561,0.7423381617455114
