file,nrBest,proportionBest,entropyNrActions
nr_171_id_9_0222bb5640205d3f650f5db2463004677b74d6e2_User_GTSPOON.csv,1827,0.891219512195122,0.621470566103358
