file,nrBest,proportionBest,entropyNrActions
nr_334_id_16_062365dc983f7d7840016ad434e4f9d78835019d_NYSetauketParser_GTSPOON.csv,1840,0.8975609756097561,0.6294574644699064
