file,nrBest,proportionBest,entropyNrActions
nr_46_id_35_098616b5cd5af560e1864fcd6e569ffc28e10a9b_Main_GTSPOON.csv,191,0.09317073170731707,2.4033027986029722
