file,nrBest,proportionBest,entropyNrActions
nr_151_id_14_0202dc6d6b858727d44774ea5eca5d195441c1aa_ToolStationGui_GTSPOON.csv,60,0.02926829268292683,3.4052369660573447
