file,nrBest,proportionBest,entropyNrActions
nr_150_id_14_020126361eda470f51375107e65a6a89cbbcad1e_Bug_GTSPOON.csv,689,0.3360975609756098,2.432938261386296
