file,nrBest,proportionBest,entropyNrActions
nr_194_id_13_02c17a6242fe679914e05f5bc42f0f0a7ecb48e7_TeamAction_GTSPOON.csv,1269,0.6190243902439024,1.5892397156952685
