file,nrBest,proportionBest,entropyNrActions
nr_297_id_6_01ddb96870b90db945968106c089bf78b78f4d48_CloseAllProjectsAction_GTSPOON.csv,2007,0.9790243902439024,0.12721050310697607
