file,nrBest,proportionBest,entropyNrActions
nr_344_id_15_064fe7ffb76a8c940acd9408b044fb08b2162854_Neo4JExample_GTSPOON.csv,446,0.2175609756097561,1.4840697306110502
