file,nrBest,proportionBest,entropyNrActions
nr_74_id_24_023b47cd990a937981f7805957f175faaa196453_GameWorld_GTSPOON.csv,1452,0.7082926829268292,1.2433934716944657
