file,nrBest,proportionBest,entropyNrActions
nr_234_id_36_3c139cdb407243c55cd050d4d8bb8aac0d07479e_EC2Engine_GTSPOON.csv,76,0.037073170731707315,2.755291701498928
