file,nrBest,proportionBest,entropyNrActions
nr_5_id_7_0007bd780b804bd73fa1f5a4054fa28d610b0e54_JSTUN_GTSPOON.csv,1242,0.6058536585365853,1.8429718506688628
