file,nrBest,proportionBest,entropyNrActions
nr_148_id_30_0959367f043214991853b2cfa0e1de032e65d30e_CachingTemplateResolver_GTSPOON.csv,2029,0.9897560975609756,0.07968172572877295
