file,nrBest,proportionBest,entropyNrActions
nr_154_id_10_0147fd1b549896c106c4bfeeb78683311c1e2205_GrblDriver_GTSPOON.csv,324,0.15804878048780488,2.1251885574751013
