file,nrBest,proportionBest,entropyNrActions
nr_428_id_21_0ad2734447d3cc829ea9f3414c7ecabb03190044_MeshPduInterface_GTSPOON.csv,2007,0.9790243902439024,0.13325842056044607
