file,nrBest,proportionBest,entropyNrActions
nr_35_id_34_0557bfbd37b66dc89116d1bf13d429a95d664451_ConfigurableProject_GTSPOON.csv,2000,0.975609756097561,0.1524472064135741
