file,nrBest,proportionBest,entropyNrActions
nr_11_id_33_016384131409b230ae9d4861d749c215d08b45a9_BlockChannel_GTSPOON.csv,1458,0.7112195121951219,1.3587285121162742
