file,nrBest,proportionBest,entropyNrActions
nr_306_id_22_07b3401a3b4fc4ecb27214c3e52c6ad47c457a83_UIComponentBase_GTSPOON.csv,50,0.024390243902439025,2.777941694268391
