file,nrBest,proportionBest,entropyNrActions
nr_93_id_34_0f515bff83c55b87420331fdb7eb99f5e12514ad_CalculatorTest_GTSPOON.csv,1720,0.8390243902439024,0.7991995902472919
