file,nrBest,proportionBest,entropyNrActions
nr_226_id_24_071010339ac92eedf29a955b48416316135363e0_StatelessSession_GTSPOON.csv,1443,0.7039024390243902,1.337841554902216
