file,nrBest,proportionBest,entropyNrActions
nr_427_id_15_07c152c351fd09edc4cf5134159c3bd9227714d2_GPXUtilities_GTSPOON.csv,755,0.36829268292682926,2.3171514790978196
