file,nrBest,proportionBest,entropyNrActions
nr_555_id_3_039cfd229f0c20a74697dad6951563c997d2a28b_IterateMediator_GTSPOON.csv,1544,0.7531707317073171,1.2256826671700223
