file,nrBest,proportionBest,entropyNrActions
nr_398_id_10_03c90ad4325de66258d823a392505df3feb06d8a_Graph_GTSPOON.csv,1301,0.6346341463414634,1.6945772125588736
