file,nrBest,proportionBest,entropyNrActions
nr_192_id_11_0268c4d90857be7eead72c439797af2094d0cbd5_StepEditActivity_GTSPOON.csv,186,0.09073170731707317,2.5148521109474182
