file,nrBest,proportionBest,entropyNrActions
nr_213_id_22_0537b9c3c68de1097a48c937e3109a751a67a80f_ResourceNameSpliter_GTSPOON.csv,1551,0.7565853658536585,1.1720671364744113
