file,nrBest,proportionBest,entropyNrActions
nr_471_id_28_14b00ee5a94a6fad43f2b28815cd69617ed8974f_CalculationTest_GTSPOON.csv,338,0.1648780487804878,1.7964681694926372
