file,nrBest,proportionBest,entropyNrActions
nr_59_id_22_014268e48d98642c320ac740242b1d5303234a20_DOMImpl_GTSPOON.csv,168,0.08195121951219513,2.908931593654037
