file,nrBest,proportionBest,entropyNrActions
nr_175_id_2_00553bbba9b6189bd82930b3d4470a0e506b6f2f_BlockConveyor_GTSPOON.csv,1240,0.6048780487804878,1.6251709317674154
