file,nrBest,proportionBest,entropyNrActions
nr_254_id_9_0300d3e7fcb39fd0cd1441f277bffbc24375055c_RadarDisplay_GTSPOON.csv,1829,0.8921951219512195,0.6065420737629078
