file,nrBest,proportionBest,entropyNrActions
nr_302_id_4_012568e51772d53ab1f8e7ce4ec3d4f4678fb7b5_Localizer_GTSPOON.csv,1630,0.7951219512195122,1.0286539937095933
