file,nrBest,proportionBest,entropyNrActions
nr_391_id_32_221eb34c170ad78501aba68bc8e2bec3a1a3eb64_WaySegment_GTSPOON.csv,1292,0.6302439024390244,1.6227486254423216
