file,nrBest,proportionBest,entropyNrActions
nr_189_id_5_0199c58747a631bba68c285408acee9f322fa542_ClusterBrowser_GTSPOON.csv,17,0.008292682926829269,2.5270290437557503
