file,nrBest,proportionBest,entropyNrActions
nr_447_id_7_04b9b676d47300dd01f465a5ef07c6853f3ad8b1_Example_GTSPOON.csv,1324,0.6458536585365854,1.667884483080906
