file,nrBest,proportionBest,entropyNrActions
nr_344_id_5_02cbf8b0e73a7e169445e341f387356242f0334d_ContactEditorFragment_GTSPOON.csv,200,0.0975609756097561,2.5456605717677148
