file,nrBest,proportionBest,entropyNrActions
nr_828_id_2_01c66483f3ff48ac3114ca11dd87b30b154f21f4_Main_GTSPOON.csv,418,0.20390243902439023,2.5863384859846414
