file,nrBest,proportionBest,entropyNrActions
nr_460_id_7_04d9ccdd3b214111f41ada212670a39414a6385f_Moon_GTSPOON.csv,1551,0.7565853658536585,1.1075420211848295
