file,nrBest,proportionBest,entropyNrActions
nr_57_id_27_02a2f77888c813a9110a2f6ababe2de54973ef5c_SceneManager_GTSPOON.csv,105,0.05121951219512195,2.8549016687989743
