file,nrBest,proportionBest,entropyNrActions
nr_315_id_29_129558a324bb68aa237bfd9b70222a78d91c59d4_PhoneBase_GTSPOON.csv,182,0.08878048780487804,2.406992918538271
