file,nrBest,proportionBest,entropyNrActions
nr_175_id_13_02927762a62eea2a57563ad343bd856b5bdc3fef_StatsPanel_GTSPOON.csv,165,0.08048780487804878,3.024275934943166
