file,nrBest,proportionBest,entropyNrActions
nr_319_id_16_05df00826175b533f20772a2cd6e07e87c51da46_FitSocketReceiver_GTSPOON.csv,1937,0.9448780487804878,0.35540425339428877
