file,nrBest,proportionBest,entropyNrActions
nr_481_id_27_15dfef28579712ca514712d636e04e97f5f9654c_MatrixConfiguration_GTSPOON.csv,1666,0.8126829268292682,0.9027982091485574
