file,nrBest,proportionBest,entropyNrActions
nr_63_id_16_01588364f1efdf1674f2afe4850aad8252e491a0_Field_GTSPOON.csv,80,0.03902439024390244,2.527347911253083
