file,nrBest,proportionBest,entropyNrActions
nr_673_id_2_01733cc32196923ca3dec1d7e5809991a52fb046_RoseAndroidAppActivity_GTSPOON.csv,1934,0.9434146341463414,0.3518491506230375
