file,nrBest,proportionBest,entropyNrActions
nr_363_id_8_0301a9cc962b3fa438b780286efa4a59a27d2651_TestEnemy_GTSPOON.csv,2000,0.975609756097561,0.16094933181930685
