file,nrBest,proportionBest,entropyNrActions
nr_586_id_6_039e35775086c01b7c19d26acc9383a0027871be_XmlSerializer_GTSPOON.csv,1444,0.704390243902439,1.1444198881765455
