file,nrBest,proportionBest,entropyNrActions
nr_375_id_12_040a78c2f6fdc1ae1a38ad7023a0384b3ab12645_BundleStatusImpl_GTSPOON.csv,1654,0.806829268292683,0.9190741648645155
