file,nrBest,proportionBest,entropyNrActions
nr_162_id_24_04c80b3cfbb63a0eabc010718499c1e842c7235c_Protocol_GTSPOON.csv,1938,0.9453658536585365,0.32444870704897727
