file,nrBest,proportionBest,entropyNrActions
nr_488_id_12_054b03b08d7f28d181959b2f09ad26608fe1c9e4_GameMap_GTSPOON.csv,1251,0.6102439024390244,1.7168007623799995
