file,nrBest,proportionBest,entropyNrActions
nr_580_id_7_0606cf4b5cc8e07f50ee3ccd762d766b12a8f970_PointImpl_GTSPOON.csv,1346,0.6565853658536586,1.47030125062202
