file,nrBest,proportionBest,entropyNrActions
nr_230_id_10_02239433b2b029f496db6d8f2165f05af6d7d896_EnterMappingDialog_GTSPOON.csv,147,0.07170731707317073,2.567611030019295
