file,nrBest,proportionBest,entropyNrActions
nr_492_id_37_dd937dcf754bca1615a79098a4a54917470f41c5_EditWindow_GTSPOON.csv,54,0.026341463414634145,3.016771082965346
