file,nrBest,proportionBest,entropyNrActions
nr_129_id_25_043e72f70ae61f1a62aefef6d137c4916206d3c9_SearchEngineInfo_GTSPOON.csv,160,0.07804878048780488,1.573214060694521
