file,nrBest,proportionBest,entropyNrActions
nr_305_id_37_86f9ba49a22c3491c922db135fab058ce4bd5d98_BiNCheExecWeb_GTSPOON.csv,1441,0.7029268292682926,1.5164702612018197
