file,nrBest,proportionBest,entropyNrActions
nr_677_id_1_0798cb83f70d28fba4c8a1e29422722ff26c1b7e_RecentChange_GTSPOON.csv,1195,0.5829268292682926,1.6489771862015796
