file,nrBest,proportionBest,entropyNrActions
nr_114_id_29_067da5ae12722ac92576e0897b1bb813deae72a6_TextureManager_GTSPOON.csv,1201,0.5858536585365853,1.70813412076224
