file,nrBest,proportionBest,entropyNrActions
nr_226_id_16_0429163ffa4b103b39ed3bd7eea4422d8efca3f2_Tools_GTSPOON.csv,133,0.06487804878048781,2.7880168445483897
