file,nrBest,proportionBest,entropyNrActions
nr_806_id_2_01ba9095d0b13bfa266acf6e2c1288ac07eea450_AntTest_GTSPOON.csv,1837,0.8960975609756098,0.5893210730685762
