file,nrBest,proportionBest,entropyNrActions
nr_36_id_9_0077f342d6348f78bfddfb6fbc04c02b576d2687_LoanBO_GTSPOON.csv,120,0.05853658536585366,2.6573346006675473
