file,nrBest,proportionBest,entropyNrActions
nr_459_id_24_0da4a62795f84d6786dda02d7ba9f66de62f6717_SardineImpl_GTSPOON.csv,1436,0.7004878048780487,1.460748118671649
