file,nrBest,proportionBest,entropyNrActions
nr_480_id_28_1510b967e54d0e8c6399660bc7c0783a9df4fa75_GaugeActivity_GTSPOON.csv,534,0.2604878048780488,1.884190803989884
