file,nrBest,proportionBest,entropyNrActions
nr_129_id_7_01650ec074b45a69aaf4695b5313e5d504bf0ef1_DrawView_GTSPOON.csv,1723,0.8404878048780487,0.8304283130102968
