file,nrBest,proportionBest,entropyNrActions
nr_137_id_20_02d6d7e70dd98e6bd4d554d87e63d1ad030a9a74_MainActivity_GTSPOON.csv,1543,0.7526829268292683,1.182284821574509
