file,nrBest,proportionBest,entropyNrActions
nr_41_id_38_1cdf5a5b51dc2bad6abb9fa5a742682381877d34_GenericImpl_GTSPOON.csv,140,0.06829268292682927,2.6304899767512886
