file,nrBest,proportionBest,entropyNrActions
nr_557_id_35_69cc14d91eaa38ffd3de8851b670368f37ff0a73_ShellExec_GTSPOON.csv,1570,0.7658536585365854,1.069871230702589
