file,nrBest,proportionBest,entropyNrActions
nr_232_id_25_0782404fc8f5810a454dfafc24c8c2454e6a1766_CommandLineRunner_GTSPOON.csv,5,0.0024390243902439024,2.262344305672813
