file,nrBest,proportionBest,entropyNrActions
nr_59_id_33_086f044393fb7a19e5a483ab9fc1d90f7c89527f_ValueAxis_GTSPOON.csv,1357,0.6619512195121952,1.3070760230380472
