file,nrBest,proportionBest,entropyNrActions
nr_356_id_27_0fa4bc8b3d81469f10f68412a896700f0477402f_CodeCompletionTest_GTSPOON.csv,462,0.2253658536585366,2.656805590991917
