file,nrBest,proportionBest,entropyNrActions
nr_109_id_17_0205932fb6dd00adbcb8863e974019437b8351c6_AllInOneActivity_GTSPOON.csv,167,0.08146341463414634,3.195347669656356
