file,nrBest,proportionBest,entropyNrActions
nr_24_id_30_01e1d63500e615af0dc340db2406032a998bc118_APIWrapperFactory_GTSPOON.csv,1925,0.9390243902439024,0.3932436494606907
