file,nrBest,proportionBest,entropyNrActions
nr_266_id_29_0f9cf389daa07846fd60e7f6f373f2fc504853c2_EditorTextArea3_GTSPOON.csv,1086,0.5297560975609756,1.9308259732110011
