file,nrBest,proportionBest,entropyNrActions
nr_339_id_16_0636d59a983d6b25ce00e0881f303eda4c7d67c3_BuilderNatureTest_GTSPOON.csv,659,0.32146341463414635,1.5987761616999934
