file,nrBest,proportionBest,entropyNrActions
nr_306_id_18_061e876a6169c0487c7896530505fe34a42823e5_AbstractBean_GTSPOON.csv,130,0.06341463414634146,2.433494015240287
