file,nrBest,proportionBest,entropyNrActions
nr_116_id_22_0291b62f10a26c288678dc32f6efe3003ad75465_WTableView_GTSPOON.csv,200,0.0975609756097561,2.8980581081915546
