file,nrBest,proportionBest,entropyNrActions
nr_439_id_18_083f91a9f3607ee8d688b0b0b661d43c5274a40a_FSDirEntry_GTSPOON.csv,199,0.09707317073170732,2.983522410526669
