file,nrBest,proportionBest,entropyNrActions
nr_462_id_31_204c9e2a92ea60aed08ae9e6a5dd5b8b6ff8074f_Log_GTSPOON.csv,1440,0.7024390243902439,1.2358041382181764
