file,nrBest,proportionBest,entropyNrActions
nr_80_id_7_00e2526d4348f656815a887231a358018d732a8a_AncestraLoader_GTSPOON.csv,831,0.4053658536585366,2.1869908350721654
