file,nrBest,proportionBest,entropyNrActions
nr_238_id_34_21fb10ef7544530be487f196d7d365b47071f9fb_MythicDropsCommand_GTSPOON.csv,10,0.004878048780487805,3.0343912366162473
