file,nrBest,proportionBest,entropyNrActions
nr_187_id_30_0b957d3c25cdcdaad3cc6c60644baaad3d0e5246_FBody_GTSPOON.csv,659,0.32146341463414635,2.3639768066530857
