file,nrBest,proportionBest,entropyNrActions
nr_390_id_20_078b457cdcdd717c82c9a75f02222d9f68bc6500_Source_GTSPOON.csv,1325,0.6463414634146342,1.5383447192413744
