file,nrBest,proportionBest,entropyNrActions
nr_196_id_18_03d18ad584ae5023fb5b61481a3b21895a205a9d_BrowserApp_GTSPOON.csv,1644,0.8019512195121952,0.9006069507006755
