file,nrBest,proportionBest,entropyNrActions
nr_555_id_10_056afc814ab5d1a27500ff9288fdc15e43030b2e_AbstractLink_GTSPOON.csv,1700,0.8292682926829268,0.8877044799662827
