file,nrBest,proportionBest,entropyNrActions
nr_236_id_16_0461adb4a7c3f042fa56b7b72e31c2139ef2b389_StackGetTest_GTSPOON.csv,2007,0.9790243902439024,0.1328374224056386
