file,nrBest,proportionBest,entropyNrActions
nr_35_id_4_001ff3836f468d6071498434e197f6d1d0873c77_MPD_GTSPOON.csv,152,0.07414634146341463,2.7605990637430886
