file,nrBest,proportionBest,entropyNrActions
nr_243_id_20_04946c21f1600c186418d5558f07fc3bb2b7bd97_ServerGroupView_GTSPOON.csv,1620,0.7902439024390244,1.0644421377863653
