file,nrBest,proportionBest,entropyNrActions
nr_433_id_8_03a35f065c5a7159c216da751f049c92a076f95d_OrgFileParser_GTSPOON.csv,826,0.4029268292682927,2.6668895390844094
