file,nrBest,proportionBest,entropyNrActions
nr_280_id_24_08a33782cb33652048d3aaceb6e701f956037fb5_FacetHandler_GTSPOON.csv,2000,0.975609756097561,0.16425427025939576
