file,nrBest,proportionBest,entropyNrActions
nr_146_id_2_0046fbab81e08e8c242c16ddc65fd81093394e15_Client_GTSPOON.csv,671,0.3273170731707317,2.593535001747711
