file,nrBest,proportionBest,entropyNrActions
nr_524_id_14_077bed635178ab905305df827a83af05eb12d713_MobilePhoneAdapter_GTSPOON.csv,1800,0.8780487804878049,0.7063381782187822
