file,nrBest,proportionBest,entropyNrActions
nr_534_id_12_05d28201f557daa9497ce80a3389b6e6572856af_Ruby_GTSPOON.csv,75,0.036585365853658534,2.900251151217139
