file,nrBest,proportionBest,entropyNrActions
nr_23_id_22_007ad0f5b648ffc39b1ea4223f3419776923e48b_CompilerFlags_GTSPOON.csv,2030,0.9902439024390244,0.06566691402351457
