file,nrBest,proportionBest,entropyNrActions
nr_35_id_19_00ef7e9dc597ff82142bc0774ffdfd06937a24e9_Application_GTSPOON.csv,1277,0.6229268292682927,1.6147232865795365
