file,nrBest,proportionBest,entropyNrActions
nr_188_id_6_01471c422f65c767f47988ed19b7652126246ebb_AbstractExamplesTest_GTSPOON.csv,1625,0.7926829268292683,1.09248170549306
