file,nrBest,proportionBest,entropyNrActions
nr_147_id_15_02e98d5758355bfc3ec73493e5a96c8fd8d7b0a1_WolfManager_GTSPOON.csv,1656,0.8078048780487805,0.9779846111311413
