file,nrBest,proportionBest,entropyNrActions
nr_205_id_11_02863c16ce96a0ee5505c77516185b005a8ef24d_Tools_GTSPOON.csv,125,0.06097560975609756,2.395315135133294
