file,nrBest,proportionBest,entropyNrActions
nr_4_id_33_0089671b366d21f60221be87c8fa3e22eba8a1e4_NodeSearchTable_GTSPOON.csv,1643,0.8014634146341464,1.005699906534463
