file,nrBest,proportionBest,entropyNrActions
nr_15_id_16_007d20dc48058e407e94090e76ae919aeceed5ef_KTexture_GTSPOON.csv,190,0.09268292682926829,1.9824116236052367
