file,nrBest,proportionBest,entropyNrActions
nr_164_id_16_03367e89c23ef95c7a17a1ce7b9a893b7663206c_MVCServlet_GTSPOON.csv,2025,0.9878048780487805,0.09555865520774794
