file,nrBest,proportionBest,entropyNrActions
nr_305_id_20_05fb0117967af963c5c8aea93563aa07b5e55205_DeleteServiceImpl_GTSPOON.csv,2010,0.9804878048780488,0.13348482949270757
