file,nrBest,proportionBest,entropyNrActions
nr_62_id_11_00b3b8bddb5ec9682727e7e98562dad7c3bca4a4_Cluster_GTSPOON.csv,147,0.07170731707317073,2.470825140785751
