file,nrBest,proportionBest,entropyNrActions
nr_179_id_13_029a980b8ec483fb9fa764b3b58729e4d562501e_HoopXMLBase_GTSPOON.csv,1843,0.8990243902439025,0.5502900431499376
