file,nrBest,proportionBest,entropyNrActions
nr_490_id_36_7e04ab794c1e411941bd9fdf1cf04626c85030d9_SakaiBasicDataSource_GTSPOON.csv,1757,0.8570731707317073,0.6993796234917371
