file,nrBest,proportionBest,entropyNrActions
nr_184_id_11_025481c70cf79fe2c8b3ca10f17a553b2a362f47_SnoozeCommand_GTSPOON.csv,965,0.47073170731707314,1.612302089853558
