file,nrBest,proportionBest,entropyNrActions
nr_532_id_13_0823e678c953dcd61b560282a5228aac860cf86d_PlatformActivator_GTSPOON.csv,1032,0.5034146341463415,2.253606364531024
