file,nrBest,proportionBest,entropyNrActions
nr_2_id_37_0069d406041f312e53ac646d1ad9225607b3f424_NotableManager_GTSPOON.csv,1715,0.8365853658536585,0.77480714541089
