file,nrBest,proportionBest,entropyNrActions
nr_153_id_32_0dd7be8e86e2e4fa7973929ca01a68396c4c4212_DssatCommonOutput_GTSPOON.csv,180,0.08780487804878048,2.4053581906568313
