file,nrBest,proportionBest,entropyNrActions
nr_254_id_33_1fef3679291004f3532f5ac1b8f3fdb1269bea37_Main_GTSPOON.csv,40,0.01951219512195122,2.2840818437814434
