file,nrBest,proportionBest,entropyNrActions
nr_123_id_5_01144cbabbcfc0db041020fd4bf260896e1ef488_About_GTSPOON.csv,1911,0.9321951219512196,0.4261451650985636
