file,nrBest,proportionBest,entropyNrActions
nr_256_id_20_04e867a311675c125c38fd1037fe9c34b1fc70fc_Server_GTSPOON.csv,178,0.08682926829268292,2.556296090333893
