file,nrBest,proportionBest,entropyNrActions
nr_389_id_33_316f7cfc1fc6687c93085ca42507d90445d25d4d_SensAppHelper_GTSPOON.csv,838,0.408780487804878,2.090728017185844
