file,nrBest,proportionBest,entropyNrActions
nr_284_id_8_025fe8cdb7a093b31887fd7a4ab5cc6052b0d802_WizardPanel_GTSPOON.csv,1333,0.6502439024390244,1.5465093943657013
