file,nrBest,proportionBest,entropyNrActions
nr_4_id_11_0002b2380c7231c795d49dc3fedb3bb8475bd7fc_ROITest_GTSPOON.csv,373,0.18195121951219512,2.663954625581991
