file,nrBest,proportionBest,entropyNrActions
nr_234_id_3_0199e6996398cfd0209a252d38efd66a66050cd6_AbstractRuleBase_GTSPOON.csv,173,0.08439024390243903,2.6257204131491485
