file,nrBest,proportionBest,entropyNrActions
nr_509_id_25_121902a2c736ce87a8fcb90c704a28a4efa66130_TextBox_GTSPOON.csv,1124,0.5482926829268293,1.857948585862489
