file,nrBest,proportionBest,entropyNrActions
nr_258_id_38_adb1cb3753b106301ef8d9085b61fae3f6d78af1_TextView_GTSPOON.csv,672,0.3278048780487805,1.7952447060798886
