file,nrBest,proportionBest,entropyNrActions
nr_723_id_2_018a2b259567e35cf9f377b438f24ba944062720_MainMCMCSpectrumFull_GTSPOON.csv,1620,0.7902439024390244,1.0192698294618925
