file,nrBest,proportionBest,entropyNrActions
nr_63_id_23_020c7cd53805d0852785e1b123d910b1466db31a_L_GTSPOON.csv,176,0.08585365853658537,1.341884070670896
