file,nrBest,proportionBest,entropyNrActions
nr_432_id_18_08000491c6d0cbbe751b5f92d291740376be4e54_CoreFunction_GTSPOON.csv,5,0.0024390243902439024,2.7033796411599837
