file,nrBest,proportionBest,entropyNrActions
nr_24_id_14_0066f75e1736aca8735bf3fda935a59b4bf9e83e_Plot_GTSPOON.csv,1453,0.708780487804878,1.4004485457763507
