file,nrBest,proportionBest,entropyNrActions
nr_194_id_11_026ce2a5ca2ba5aeb021eeb8d79010170046b602_DocumentManager_GTSPOON.csv,1297,0.6326829268292683,1.402071838594845
