file,nrBest,proportionBest,entropyNrActions
nr_832_id_2_01ccd686b55013a59b41330f2f426966647fb4d4_SScrollPane_GTSPOON.csv,469,0.22878048780487806,2.36114458517859
