file,nrBest,proportionBest,entropyNrActions
nr_371_id_17_074783722e78db4281882f5bcb61df2b2f273cbb_EditEventView_GTSPOON.csv,20,0.00975609756097561,2.6768789159955917
