file,nrBest,proportionBest,entropyNrActions
nr_199_id_19_04dc50051de4351cfaa23e87ec5a823d310bb79d_Configuration_GTSPOON.csv,933,0.4551219512195122,0.4718535186818454
