file,nrBest,proportionBest,entropyNrActions
nr_114_id_29_067da5ae12722ac92576e0897b1bb813deae72a6_TextureKey_GTSPOON.csv,681,0.33219512195121953,1.530263788895301
