file,nrBest,proportionBest,entropyNrActions
nr_592_id_3_03f6fce66de39b3578ac036557c1ec1aed729f61_ApiHelper_GTSPOON.csv,1460,0.7121951219512195,1.232673958489304
