file,nrBest,proportionBest,entropyNrActions
nr_369_id_3_0269ae5d0722a1fde277428dced70b260d519542_EmployeeService_GTSPOON.csv,84,0.04097560975609756,2.8200677503227287
