file,nrBest,proportionBest,entropyNrActions
nr_495_id_2_0109f7e297b53840d63958d14049202b0cac5b81_AuthDB_GTSPOON.csv,1077,0.5253658536585366,1.9296186500794055
