file,nrBest,proportionBest,entropyNrActions
nr_445_id_13_06884a2503a8c3ded1e085d38c64e09259fe2f4a_TableOperation_GTSPOON.csv,1751,0.8541463414634146,0.7753996671427866
