file,nrBest,proportionBest,entropyNrActions
nr_372_id_11_04e714470322c48202d5d51cd3c38f963aed019c_MtgLoader_GTSPOON.csv,1938,0.9453658536585365,0.333449208407931
