file,nrBest,proportionBest,entropyNrActions
nr_533_id_13_0828c38d318410073c281787227750a3b2f1e76a_Server_GTSPOON.csv,168,0.08195121951219513,3.206976858575458
