file,nrBest,proportionBest,entropyNrActions
nr_109_id_20_024779e93ed0fff490055ad7ce1874e61cdb17f2_GlobalTest_GTSPOON.csv,1624,0.7921951219512195,0.960027441452555
