file,nrBest,proportionBest,entropyNrActions
nr_551_id_37_f55c20bb86e0b26300c5e16414f004f320bf231e_SnipVarParser_GTSPOON.csv,1813,0.884390243902439,0.5728240727979915
