file,nrBest,proportionBest,entropyNrActions
nr_379_id_38_f9f81f7085163ec9d718f5b07d3c3088de4a3cae_HTMLTest_GTSPOON.csv,1483,0.7234146341463414,1.2702349583705606
