file,nrBest,proportionBest,entropyNrActions
nr_141_id_7_0192cd506bb0ae0c44454ab2a758f95e42c5a31a_Cluster_GTSPOON.csv,1232,0.6009756097560975,1.6508646389589114
