file,nrBest,proportionBest,entropyNrActions
nr_329_id_35_3e20445506307d2c8d699e1d17fb82a0cedde1d0_BrowserActivity_GTSPOON.csv,133,0.06487804878048781,2.9959848086409018
