file,nrBest,proportionBest,entropyNrActions
nr_325_id_20_065a9ea4d998ef79f98f4431a6283c3f0e609172_AppSettings_GTSPOON.csv,1153,0.562439024390244,1.7506683782305952
