file,nrBest,proportionBest,entropyNrActions
nr_115_id_16_02490a9c644caaf99a6413113e157893b5c1ac94_Utils_GTSPOON.csv,1749,0.853170731707317,0.7934600726832055
