file,nrBest,proportionBest,entropyNrActions
nr_450_id_17_09260d6b3a7e6be5ffd7f4365f56d284198b2597_BinaryTreeEditorPane_GTSPOON.csv,1459,0.7117073170731707,1.3085049809137708
