file,nrBest,proportionBest,entropyNrActions
nr_172_id_19_043762489e727f49f51561423cc3e1f92acd0e2a_ShadowContextWrapper_GTSPOON.csv,1555,0.7585365853658537,1.132977336352156
