file,nrBest,proportionBest,entropyNrActions
nr_530_id_36_84f89ac9dc31f63415ee633278e9f626f363a210_Map_GTSPOON.csv,119,0.05804878048780488,2.972016590445096
