file,nrBest,proportionBest,entropyNrActions
nr_245_id_7_02a750dd6478689612d2c49a552c229919bd9553_MessageOrderManagerTest_GTSPOON.csv,1326,0.646829268292683,1.519688024286181
