file,nrBest,proportionBest,entropyNrActions
nr_295_id_35_37c67779d3ac522a64b16b8d717b507576e60079_ValueFixer_GTSPOON.csv,341,0.16634146341463416,1.7323652198598076
