file,nrBest,proportionBest,entropyNrActions
nr_410_id_20_07d4458af8e4b1e3f342eb18ff3023873f2ce085_ZHTradePost_GTSPOON.csv,845,0.4121951219512195,1.3245803288513844
