file,nrBest,proportionBest,entropyNrActions
nr_260_id_28_0b604bbc9e4972b8d0706705e08683958db1846b_Pager_GTSPOON.csv,1918,0.935609756097561,0.42027451949877015
