file,nrBest,proportionBest,entropyNrActions
nr_354_id_18_06cf8fc62b6ae603f694895d1d4ef00ece5b79ca_DateFacet_GTSPOON.csv,191,0.09317073170731707,3.196027662442795
