file,nrBest,proportionBest,entropyNrActions
nr_32_id_24_01079526a8f58a419acf1e3647448b7016c68018_ExporterCountryOverview_XLSX_GTSPOON.csv,1628,0.7941463414634147,0.9816220890429851
