file,nrBest,proportionBest,entropyNrActions
nr_2_id_6_00046a3e447b137fa050c981a7241ec93db86cc2_ReplaceOperation_GTSPOON.csv,1848,0.9014634146341464,0.526214306676442
