file,nrBest,proportionBest,entropyNrActions
nr_389_id_34_368778de7a03a799df03919cae959a6ac7c9733c_AlarmReceiver_GTSPOON.csv,168,0.08195121951219513,2.5112527177902284
