file,nrBest,proportionBest,entropyNrActions
nr_431_id_11_05e96cab39eef854d4e9d70253e29e5228b04324_GeneticProgram_GTSPOON.csv,1374,0.6702439024390244,1.4498459893792823
