file,nrBest,proportionBest,entropyNrActions
nr_64_id_9_00c880758d3f60348631e131e56c9a40774e1c00_FunctionsCollector_GTSPOON.csv,1697,0.8278048780487804,0.8074874174708593
