file,nrBest,proportionBest,entropyNrActions
nr_341_id_29_13d89fe201d2125eb00babd0d0f42fac994b262b_ORMTools_GTSPOON.csv,966,0.4712195121951219,2.142812814737677
