file,nrBest,proportionBest,entropyNrActions
nr_469_id_33_38f11310395c19fe446e47963e9f06af072685c1_DefectChangesetPanel_GTSPOON.csv,18,0.00878048780487805,1.971835121158103
