file,nrBest,proportionBest,entropyNrActions
nr_200_id_16_03b1eac60e30140833767a3d3084c66f44b08ec1_LENetlister_GTSPOON.csv,10,0.004878048780487805,3.24530731516764
