file,nrBest,proportionBest,entropyNrActions
nr_435_id_12_04add79ea1564c11d71af48438d39a09599231f8_CCNSecureInputStreamTest_GTSPOON.csv,207,0.10097560975609757,2.4125022491911965
