file,nrBest,proportionBest,entropyNrActions
nr_97_id_30_0638da5e1f26c4fd88dee6a992e414b232405285_FlashExportWizard_GTSPOON.csv,20,0.00975609756097561,2.3117878980948867
