file,nrBest,proportionBest,entropyNrActions
nr_549_id_12_0602e65f74bd27b5b5cf0408e55db6866364f797_SpoutRenderer_GTSPOON.csv,1204,0.5873170731707317,1.7214116424410326
