file,nrBest,proportionBest,entropyNrActions
nr_168_id_29_09b07632bc1d8691b360f2145a06d9d55d5b9fb5_DecorationContext_GTSPOON.csv,2001,0.9760975609756097,0.15407371549801094
