file,nrBest,proportionBest,entropyNrActions
nr_256_id_24_0814443bc81d6a85cbfca5d40a9d34fba55f9697_MiniMRCluster_GTSPOON.csv,1120,0.5463414634146342,1.9764606704007341
