file,nrBest,proportionBest,entropyNrActions
nr_610_id_2_014e74369627cc1d0212245583d40ee2db4b8c63_TemplateServiceBean_GTSPOON.csv,1725,0.8414634146341463,0.8434253954777866
