file,nrBest,proportionBest,entropyNrActions
nr_239_id_25_07ef0bf62fa460e22b4eecd1e9d45f8c4561e6a0_JspNode_GTSPOON.csv,13,0.006341463414634147,3.0050765704564375
