file,nrBest,proportionBest,entropyNrActions
nr_413_id_28_122fd459b1a7ecf560fbd8376eb23cf78223ad12_AuctionCloser_GTSPOON.csv,1916,0.9346341463414635,0.4120865018835685
