file,nrBest,proportionBest,entropyNrActions
nr_320_id_20_063eb5c47d6bf043c661760d982d1f597478dd30_DisplayResultActivity_GTSPOON.csv,1536,0.7492682926829268,1.2819292572174916
