file,nrBest,proportionBest,entropyNrActions
nr_369_id_19_08b26b71354e085be297cc0ec416000b2c727628_CPPASTExpressionList_GTSPOON.csv,62,0.03024390243902439,1.9579990898369024
