file,nrBest,proportionBest,entropyNrActions
nr_345_id_37_9965a472178d30caedf89d710fe1697cccc5833c_DynamicFinder_GTSPOON.csv,893,0.435609756097561,2.3411729020921497
