file,nrBest,proportionBest,entropyNrActions
nr_253_id_31_11c9fa5f7f20da7f3861f0d23c8b4212d133dfa8_JohannahServer_GTSPOON.csv,221,0.10780487804878049,2.2274856935389984
