file,nrBest,proportionBest,entropyNrActions
nr_403_id_8_0351520d8555db43b3dc6946c2195a66e0a308ad_Board_GTSPOON.csv,901,0.4395121951219512,2.307444318709204
