file,nrBest,proportionBest,entropyNrActions
nr_39_id_35_08841bbde3456939376f1940789c9a7b88b7a6c0_ActiveMQConnection_GTSPOON.csv,180,0.08780487804878048,2.6952089175008362
