file,nrBest,proportionBest,entropyNrActions
nr_33_id_10_004fc6fcc71950afa400e004cb01409153fb3f10_Db4oWriter_GTSPOON.csv,1636,0.7980487804878049,0.9299777355240865
