file,nrBest,proportionBest,entropyNrActions
nr_532_id_35_65c4265bba16f36950ab2a82c7ccb6272ad710cc_GameScene_GTSPOON.csv,601,0.29317073170731706,2.376996992539084
