file,nrBest,proportionBest,entropyNrActions
nr_34_id_36_08e468977c045d009927bb0ce60ffe4b0144cf24_ThaumcraftAddon_GTSPOON.csv,80,0.03902439024390244,1.6478441783397062
