file,nrBest,proportionBest,entropyNrActions
nr_401_id_26_0da0a56383b3a4a2c7c9dff027ee371468671c5a_TLSMessageChannel_GTSPOON.csv,904,0.44097560975609756,2.1040974223334326
