file,nrBest,proportionBest,entropyNrActions
nr_654_id_6_040716d5e03d6c826671420300b8ad5eccc70056_YamlFileUpdater_GTSPOON.csv,160,0.07804878048780488,2.720288436063845
