file,nrBest,proportionBest,entropyNrActions
nr_332_id_36_5586da75a55486678005a9368bb3e74950158af6_CustomTileDownloader_GTSPOON.csv,28,0.013658536585365854,3.301079227056977
