file,nrBest,proportionBest,entropyNrActions
nr_396_id_1_049514cbc808a29441439803592918331424bd85_Connection_GTSPOON.csv,1921,0.9370731707317074,0.3580503349202433
