file,nrBest,proportionBest,entropyNrActions
nr_50_id_28_02347e05d8fbbe7b13e3380bf238c23749c2e1dd_MVWorld_GTSPOON.csv,20,0.00975609756097561,2.4440241518453716
