file,nrBest,proportionBest,entropyNrActions
nr_345_id_31_17fc0088b74922b27c7d64359a3be67b1faeae99_TransferReceipt_GTSPOON.csv,1540,0.751219512195122,1.0384237721702811
