file,nrBest,proportionBest,entropyNrActions
nr_230_id_31_105e461a1c48faa87771357b8ce4702dd30b2f3a_ReflectionUtil_GTSPOON.csv,120,0.05853658536585366,1.051111934247055
