file,nrBest,proportionBest,entropyNrActions
nr_204_id_27_091b317679891fe356a07a2c7da9c98c4684c352_IntroScreen_GTSPOON.csv,2005,0.9780487804878049,0.1267208493595892
