file,nrBest,proportionBest,entropyNrActions
nr_372_id_33_2f31237069ff09a71973714645c9de228d318f75_ShowMorseActivity_GTSPOON.csv,210,0.1024390243902439,2.645383420561524
