file,nrBest,proportionBest,entropyNrActions
nr_373_id_17_074d9a22b0c9e2686cf2874b06a7197fdcdc13f9_PatternEdge_GTSPOON.csv,2020,0.9853658536585366,0.09744694567021898
