file,nrBest,proportionBest,entropyNrActions
nr_264_id_30_1084ea009873ba56427808e3dcdd0c6a3563ecac_GuitarString_GTSPOON.csv,38,0.018536585365853658,1.6431959139547598
