file,nrBest,proportionBest,entropyNrActions
nr_120_id_37_3787bf257f2b9db109ea9d86904ab24ce583512c_VizMapperMainPanel_GTSPOON.csv,24,0.011707317073170732,3.640654781114014
