file,nrBest,proportionBest,entropyNrActions
nr_387_id_20_07822af78f97cff4705f4cf1aa99136497f08216_EngineIRVisitor_GTSPOON.csv,110,0.05365853658536585,2.6766997035330435
