file,nrBest,proportionBest,entropyNrActions
nr_181_id_15_03712857e5a77909c4384d0e2e98c3269d0b1e09_GxServerSessionActivityImpl_GTSPOON.csv,1657,0.8082926829268293,0.9761969612217992
