file,nrBest,proportionBest,entropyNrActions
nr_406_id_9_04b4698187b9d697d3cc4588c891c62dd108a690_AdapterFactoryProxy_GTSPOON.csv,1841,0.8980487804878049,0.5893344332685806
