file,nrBest,proportionBest,entropyNrActions
nr_92_id_13_015ced8e8805237d5c45bf4075dba64ff7ae1dbb_Main_GTSPOON.csv,1384,0.6751219512195122,1.2917013684525265
