file,nrBest,proportionBest,entropyNrActions
nr_51_id_28_0235818f90fba858bc62aa6928532f2a27f471e9_StatusBar_GTSPOON.csv,95,0.046341463414634146,2.2219960225959614
