file,nrBest,proportionBest,entropyNrActions
nr_558_id_5_049da5ba24f74b2a26a1dac8530c98154130afcb_AMIdentity_GTSPOON.csv,167,0.08146341463414634,2.632828585825159
