file,nrBest,proportionBest,entropyNrActions
nr_458_id_12_04e95c39b5555714ca456b213361408882c6238a_DiscoverApplicationCommand_GTSPOON.csv,1672,0.8156097560975609,0.876713267338925
