file,nrBest,proportionBest,entropyNrActions
nr_326_id_12_03896684cbce482d3f592a799b0d9d8918372e60_PDFColorHandler_GTSPOON.csv,1330,0.6487804878048781,1.5361868114537272
