file,nrBest,proportionBest,entropyNrActions
nr_21_id_3_00320f3eddd85bb7144a0b5295146ed0d84096e8_DevClassPathHelper_GTSPOON.csv,1928,0.9404878048780487,0.3678153157377775
