file,nrBest,proportionBest,entropyNrActions
nr_479_id_7_04f79cd7321f820d6aabbdad5ea09fd804631882_DebugEventHook_GTSPOON.csv,7,0.0034146341463414634,2.6191048114423197
