file,nrBest,proportionBest,entropyNrActions
nr_212_id_23_06e0554384bc00c03a05c044b9489022280eff77_DatasetTest_GTSPOON.csv,120,0.05853658536585366,2.4790853444903016
