file,nrBest,proportionBest,entropyNrActions
nr_85_id_1_00edcece75403dac4babb23f5c9b80525195b53e_Main_GTSPOON.csv,136,0.06634146341463415,3.2764230955669094
