file,nrBest,proportionBest,entropyNrActions
nr_352_id_6_0220f2ab6866928260bdf4a98689f6568bd521ff_SourceListOperations_GTSPOON.csv,1185,0.5780487804878048,1.673458055786878
