file,nrBest,proportionBest,entropyNrActions
nr_119_id_32_0aa5466b3f0fad3ef50a8d11f4928782a8839c01_WidgetCommand_GTSPOON.csv,561,0.2736585365853659,1.8821842052530506
