file,nrBest,proportionBest,entropyNrActions
nr_70_id_12_00d7dd8d045b41b1f2513d8589c00e03960e7db0_AccessServiceDefault_GTSPOON.csv,1810,0.8829268292682927,0.6756118074568572
