file,nrBest,proportionBest,entropyNrActions
nr_509_id_27_1733458fcd2bcf2c5b4d601890bc6a9a699ba0f5_RuleBooks_GTSPOON.csv,19,0.009268292682926829,2.3432293430292837
