file,nrBest,proportionBest,entropyNrActions
nr_526_id_7_0570783c7631737fc901612eacb464eee681033e_PreferencesActivity_GTSPOON.csv,2005,0.9780487804878049,0.1267208493595892
