file,nrBest,proportionBest,entropyNrActions
nr_491_id_14_06fa08ad4a64f9455164cd46e38fc9d94aa9f325_RuimRecords_GTSPOON.csv,57,0.027804878048780488,3.1051110907399835
