file,nrBest,proportionBest,entropyNrActions
nr_259_id_17_0532083a40a3efa98bba56789e69e9ff7545c594_FlexoController_GTSPOON.csv,138,0.06731707317073171,3.1364746199150684
