file,nrBest,proportionBest,entropyNrActions
nr_535_id_14_07a31d1d8da9c6931cec510ab8d800e8365ea159_Student_GTSPOON.csv,1345,0.6560975609756098,1.4357716641113478
