file,nrBest,proportionBest,entropyNrActions
nr_225_id_36_39945232875b0cd97655db3b493d70cce3dc7048_StatusHandlingView_GTSPOON.csv,48,0.023414634146341463,3.0443663405454284
