file,nrBest,proportionBest,entropyNrActions
nr_267_id_19_068452f647601aa0eeea1e3868b6bc0d98196382_ChannelManager_GTSPOON.csv,1756,0.8565853658536585,0.730834989748444
