file,nrBest,proportionBest,entropyNrActions
nr_263_id_29_0f5f0031413d8baeb339de0bc330f1075c3f9521_PartageFreeActivity_GTSPOON.csv,489,0.23853658536585365,1.871853433354067
