file,nrBest,proportionBest,entropyNrActions
nr_142_id_23_0445ecf6e7a7294562bcd8ff789e51c735bd19c1_UICategoryForm_GTSPOON.csv,360,0.17560975609756097,3.028254787374763
