file,nrBest,proportionBest,entropyNrActions
nr_11_id_18_00237aaf57dbc047de9b7ab77706df38833fb4b9_RDLoadUtil_GTSPOON.csv,1610,0.7853658536585366,0.8309332302986081
