file,nrBest,proportionBest,entropyNrActions
nr_266_id_18_0568a6c127a733a3e1a69ddce10d8a801d78cdc9_Statement_GTSPOON.csv,150,0.07317073170731707,2.639936652578296
