file,nrBest,proportionBest,entropyNrActions
nr_347_id_28_0fc0a7d3ea0046c3254cfab71a4684f7cb855c22_JavaTreeMaker_GTSPOON.csv,194,0.09463414634146342,2.918773288473301
