file,nrBest,proportionBest,entropyNrActions
nr_140_id_3_00ed6d8e93e01c0d09180b79696c9a12a12e56fb_Services_GTSPOON.csv,1290,0.6292682926829268,1.5865776016403972
