file,nrBest,proportionBest,entropyNrActions
nr_228_id_27_0a184db6e3c1691ee1dba03e751962753ca57480_HttpClientGateway_GTSPOON.csv,170,0.08292682926829269,1.4556176309692208
