file,nrBest,proportionBest,entropyNrActions
nr_252_id_9_02f8ce7b7c3ef243a345a60713a403bc6b5ad783_AttributePSVImpl_GTSPOON.csv,1712,0.8351219512195122,0.7176991781014456
