file,nrBest,proportionBest,entropyNrActions
nr_349_id_36_5906da15007ee5b757af56f0c1570302eba5c6b5_CmdFlags_GTSPOON.csv,1632,0.7960975609756098,0.9793970347899502
