file,nrBest,proportionBest,entropyNrActions
nr_384_id_7_03f9b0e3935386e277bc0c16947e271eeaec6501_DrinkDetailActivity_GTSPOON.csv,404,0.19707317073170733,2.836084198244862
