file,nrBest,proportionBest,entropyNrActions
nr_388_id_14_05a932691f1a9097ee2a6d7029b6f4a5cc65720f_Translator_GTSPOON.csv,133,0.06487804878048781,2.792560370371416
