file,nrBest,proportionBest,entropyNrActions
nr_493_id_1_0570be3252d046201cb95a99add896b52ea3338e_KundGUI_GTSPOON.csv,745,0.36341463414634145,2.1856588199340607
