file,nrBest,proportionBest,entropyNrActions
nr_631_id_7_068577dbbf5c00dbf4fef154f17503af13fab3f4_GhostTest_GTSPOON.csv,2010,0.9804878048780488,0.13445008021169605
