file,nrBest,proportionBest,entropyNrActions
nr_21_id_31_01938ff847ad8d503061e637118a216d5217fa09_AttributeImportPanel_GTSPOON.csv,20,0.00975609756097561,1.9424070497018397
