file,nrBest,proportionBest,entropyNrActions
nr_172_id_20_03527a1c5ca870353671fd8b97a08a989fe62012_ActionBarActivityDelegate_GTSPOON.csv,1756,0.8565853658536585,0.7251157855411406
