file,nrBest,proportionBest,entropyNrActions
nr_502_id_11_06f50d02face66023479e26446a95a8ffd64549d_Reactionsv7B_GTSPOON.csv,20,0.00975609756097561,3.6167275897026787
