file,nrBest,proportionBest,entropyNrActions
nr_461_id_27_1520cb3da2e4a2b1343a8c9a286798844935e499_ClusterBrowser_GTSPOON.csv,152,0.07414634146341463,2.6383016262649877
