file,nrBest,proportionBest,entropyNrActions
nr_456_id_28_144321067c4d30e2223d1eb73aa47e9a1763c2fa_QRCodeEncoder_GTSPOON.csv,843,0.41121951219512193,2.4257206670595863
