file,nrBest,proportionBest,entropyNrActions
nr_106_id_34_10ecda73102656b986b193f1ffa72c3ad351eed9_PreviewServlet_GTSPOON.csv,1938,0.9453658536585365,0.30308537280336856
