file,nrBest,proportionBest,entropyNrActions
nr_372_id_25_0cfb0a52868f4a1c61d388ed56403cfd2a52575d_FlashFacadeImpl_GTSPOON.csv,612,0.29853658536585365,1.0161228903254893
