file,nrBest,proportionBest,entropyNrActions
nr_358_id_28_100ccba299769a8ef404bf61fbfbc4fdd18aa41b_Mux_GTSPOON.csv,1756,0.8565853658536585,0.7151127836700114
