file,nrBest,proportionBest,entropyNrActions
nr_520_id_33_3dce67660d93679c9da3a2548d5de96c831ccfb8_Dome_GTSPOON.csv,1010,0.4926829268292683,2.2437204059006293
