file,nrBest,proportionBest,entropyNrActions
nr_261_id_5_02281ad3d117e8b766f4e669217428c4afb8b280_MarkLogicClusterImpl_GTSPOON.csv,1645,0.802439024390244,0.9855747028596095
