file,nrBest,proportionBest,entropyNrActions
nr_35_id_5_0061b138a691b9cbc250e189d5df92f670619301_DefaultClassBinder_GTSPOON.csv,1073,0.5234146341463415,2.1538407174002874
