file,nrBest,proportionBest,entropyNrActions
nr_192_id_16_03884d82226e40425fd585ccf088d523b9c9d42d_PURLConnection_GTSPOON.csv,1937,0.9448780487804878,0.3406259285624037
