file,nrBest,proportionBest,entropyNrActions
nr_285_id_9_036cbb6b0526964f062ebc414992106a07f7b6f4_ShowGui_GTSPOON.csv,1556,0.7590243902439024,0.961382905267513
