file,nrBest,proportionBest,entropyNrActions
nr_234_id_21_05f9109a621c161d12cd97a34998b3ba628ad03f_SipCallOptionHandler_GTSPOON.csv,812,0.3960975609756098,2.713312622218868
