file,nrBest,proportionBest,entropyNrActions
nr_118_id_29_06c8a896bf161808049d0d7d466ccbfaa47c5a17_TodoListModel_GTSPOON.csv,1020,0.4975609756097561,2.0364072511451825
