file,nrBest,proportionBest,entropyNrActions
nr_34_id_20_0083f2e1a36dfd8b13793a313b5b09f88096d310_JavaSqlDriverWrapper_GTSPOON.csv,1914,0.9336585365853659,0.4052925272386549
