file,nrBest,proportionBest,entropyNrActions
nr_283_id_4_0111971d0a9414959de34bc50dc3c3538a14183a_FileExistsTester_GTSPOON.csv,2008,0.9795121951219512,0.13998359933086887
