file,nrBest,proportionBest,entropyNrActions
nr_420_id_7_047036ea873a30830e0103fc2fbb133ffe4e8359_Match_GTSPOON.csv,1931,0.9419512195121951,0.3834211162715081
