file,nrBest,proportionBest,entropyNrActions
nr_8_id_25_004b13c69f9f1628b70c69c5b883802d8a4b617f_ClassAccessFactory_GTSPOON.csv,304,0.14829268292682926,1.6461717117224963
