file,nrBest,proportionBest,entropyNrActions
nr_92_id_23_02a5ab856f9e576005d34de372b137916ceec3d5_RestApiV1_GTSPOON.csv,1120,0.5463414634146342,1.7138529244053526
