file,nrBest,proportionBest,entropyNrActions
nr_408_id_16_07629f320808ec7c936d5d3c0afec15205656e1d_DraggableTabbedPane_GTSPOON.csv,289,0.14097560975609755,2.8541390092860364
