file,nrBest,proportionBest,entropyNrActions
nr_465_id_2_00f6b423169393d71520a68690be3625a3592ea4_ModMms_GTSPOON.csv,1661,0.8102439024390244,0.9522723283705016
