file,nrBest,proportionBest,entropyNrActions
nr_86_id_23_027b6da9e87a4a3ad88ef2c233c32e411047df40_IDPProxyUtil_GTSPOON.csv,171,0.08341463414634147,2.5990251449309056
