file,nrBest,proportionBest,entropyNrActions
nr_84_id_37_26995c938cd25a855cb0e065e7647118492b1e46_BukkitDevPluginUpdater_GTSPOON.csv,1072,0.5229268292682927,2.027716060872639
