file,nrBest,proportionBest,entropyNrActions
nr_198_id_37_59d226b2ac066e230057e983da834609c00d8207_Parser_GTSPOON.csv,870,0.424390243902439,2.164578929470249
