file,nrBest,proportionBest,entropyNrActions
nr_97_id_15_01747784e51ae69d82258623fa1abbcc2337d321_UploaderService_GTSPOON.csv,307,0.1497560975609756,2.428177337988221
