file,nrBest,proportionBest,entropyNrActions
nr_185_id_8_019e8261db2994a4a55abe66b89a0f8bd977c36d_Launcher_GTSPOON.csv,195,0.0951219512195122,2.782722737653459
