file,nrBest,proportionBest,entropyNrActions
nr_139_id_18_02b5986003b65d7ce371a6921faa97800b11a50f_TiledTexture_GTSPOON.csv,154,0.07512195121951219,2.4645068036365534
