file,nrBest,proportionBest,entropyNrActions
nr_3_id_16_0014b234469b04e7857e48a26d8b22996aaa705b_CraftIRC_GTSPOON.csv,182,0.08878048780487804,3.1617149952234036
