file,nrBest,proportionBest,entropyNrActions
nr_142_id_19_03a1f3cb1744fca6b70823b9b02fb1efb7d05751_Reasoner_GTSPOON.csv,180,0.08780487804878048,2.536959300103606
