file,nrBest,proportionBest,entropyNrActions
nr_475_id_14_06c63fd7586991886652f1fc5bba9bb5350b1814_MapGenStructureVisitor_GTSPOON.csv,1577,0.7692682926829268,1.1037834943440503
