file,nrBest,proportionBest,entropyNrActions
nr_311_id_20_060c910d30bcea440353e3483289fa1527160c8a_FrmTable_GTSPOON.csv,22,0.010731707317073172,3.977475880170454
