file,nrBest,proportionBest,entropyNrActions
nr_144_id_18_02c844fe158d55837cf1a1c391f26556e337e55b_BaseRecipientAdapter_GTSPOON.csv,140,0.06829268292682927,2.4851653436624415
