file,nrBest,proportionBest,entropyNrActions
nr_444_id_24_0d4999406aed21e6f5388cc96a2ac827b4cbc0fb_Config_GTSPOON.csv,2020,0.9853658536585366,0.09570723178214427
