file,nrBest,proportionBest,entropyNrActions
nr_386_id_16_07046e224841f40babff9280287706a3d10cd761_LoganRover_GTSPOON.csv,1833,0.8941463414634147,0.6701030521271095
