file,nrBest,proportionBest,entropyNrActions
nr_328_id_18_06800acf88e392f18904a1bdd3e281d94247257c_Application_GTSPOON.csv,1741,0.8492682926829268,0.7851221476902984
