file,nrBest,proportionBest,entropyNrActions
nr_263_id_13_03bf3761d3e042fe89cfef6369f35b006b99d72f_MainView_GTSPOON.csv,2017,0.9839024390243902,0.10851815648608065
