file,nrBest,proportionBest,entropyNrActions
nr_442_id_24_0d44e9482b95d8f163b28bf20131c4349185b589_Launcher_GTSPOON.csv,159,0.0775609756097561,3.018646534826787
