file,nrBest,proportionBest,entropyNrActions
nr_116_id_21_034213a9919de0c3eb7a2d636b25c72e8eff2434_ServiceFaultCatchTest_GTSPOON.csv,1000,0.4878048780487805,0.27695946380901604
