file,nrBest,proportionBest,entropyNrActions
nr_453_id_10_04526c636a8b68f75d268a0662f64a5bfad6252e_DSpaceOAICatalog_GTSPOON.csv,5,0.0024390243902439024,2.267290274860737
