file,nrBest,proportionBest,entropyNrActions
nr_333_id_15_061b17365b79d6cc529f50fe8558ab01637e4e99_KeenClientTest_GTSPOON.csv,665,0.32439024390243903,2.095767435615682
