file,nrBest,proportionBest,entropyNrActions
nr_344_id_11_048192aa85bd5692ccd5735d2afcb7c5b51014a0_SmackableImp_GTSPOON.csv,443,0.21609756097560975,2.5013561198187215
