file,nrBest,proportionBest,entropyNrActions
nr_547_id_3_038d7b54021908aa46707f5b12a871a62147958e_sceDisplay_GTSPOON.csv,120,0.05853658536585366,2.6204363242912994
