file,nrBest,proportionBest,entropyNrActions
nr_180_id_35_2289b1ecbdbcb90151fb94401042cd43561e5b15_SplitTransaction_GTSPOON.csv,223,0.10878048780487805,2.595068988108252
