file,nrBest,proportionBest,entropyNrActions
nr_195_id_6_014e9e593773d06a0aa89e5b325cc3876bde704c_HibernateClient_GTSPOON.csv,666,0.3248780487804878,2.325008828124128
