file,nrBest,proportionBest,entropyNrActions
nr_212_id_5_01b756a6d6ab3b5d8b1f70a6fe098d73957e387b_PlayerMenu_GTSPOON.csv,121,0.059024390243902436,2.867793309332073
