file,nrBest,proportionBest,entropyNrActions
nr_241_id_20_04935d50e9b0418e9eaccf240adcb954330f717e_StepTest_GTSPOON.csv,379,0.1848780487804878,1.8013684629773339
