file,nrBest,proportionBest,entropyNrActions
nr_611_id_7_064d1f64e36fc505d73a035634be3f623875f00a_SQLCommand_GTSPOON.csv,195,0.0951219512195122,2.5688583880750757
