file,nrBest,proportionBest,entropyNrActions
nr_40_id_17_00c37434809d25767652e0a99f3898b827a5c250_LogicalStatementsTest_GTSPOON.csv,1666,0.8126829268292682,0.6894255044471502
