file,nrBest,proportionBest,entropyNrActions
nr_257_id_12_02c7f5a058b1f38e4553ae92e90c96940941401d_EFGCopyFilesThread_GTSPOON.csv,1165,0.5682926829268292,1.5414688266155538
