file,nrBest,proportionBest,entropyNrActions
nr_325_id_25_0af77ff40d196c5b6ba27b345b243404ac49ea19_ElasticDroidDB_GTSPOON.csv,1847,0.9009756097560976,0.5257200072136556
