file,nrBest,proportionBest,entropyNrActions
nr_258_id_17_052dd635eda39dd71eb013fe527a6912da298a3c_StorageService_GTSPOON.csv,210,0.1024390243902439,2.3205594001429577
