file,nrBest,proportionBest,entropyNrActions
nr_113_id_34_1232a6c787701469a3b82b477fc4ea10ee1ded1b_DTAFileReader_GTSPOON.csv,178,0.08682926829268292,2.5963402634154362
