file,nrBest,proportionBest,entropyNrActions
nr_27_id_23_00e25292ee100f33e05be215d6de479e2cda2ad0_TestDatabase_GTSPOON.csv,1900,0.926829268292683,0.4251050917910558
