file,nrBest,proportionBest,entropyNrActions
nr_273_id_10_0280dfb04f25f0228dbc02fb186421b8c04a2526_LoadingLayout_GTSPOON.csv,96,0.04682926829268293,2.023694978012561
