file,nrBest,proportionBest,entropyNrActions
nr_547_id_11_07d2d37194037650b6761ec0460465add3802382_QuickFIXApplication_GTSPOON.csv,95,0.046341463414634146,1.353264983632397
