file,nrBest,proportionBest,entropyNrActions
nr_266_id_4_01010849c2b1b377cabefe47de834940e02e0491_StringUtils_GTSPOON.csv,1550,0.7560975609756098,1.0207717736430189
