file,nrBest,proportionBest,entropyNrActions
nr_137_id_8_0134eabf2b2fe236891e2c3b4733a59e156e9962_ClassTestFixture_GTSPOON.csv,130,0.06341463414634146,1.0112331814426105
