file,nrBest,proportionBest,entropyNrActions
nr_108_id_25_03b4858d2c212d2f60f32d6f1f3766e8986e7cc6_OAService_GTSPOON.csv,1545,0.7536585365853659,1.204518031766036
