file,nrBest,proportionBest,entropyNrActions
nr_246_id_8_0219ae021c2a042a79534e8063b7a15914a46163_URLTag_GTSPOON.csv,1565,0.7634146341463415,1.1579250830650494
