file,nrBest,proportionBest,entropyNrActions
nr_112_id_7_013af97c0a040e2f501f38b33c37822511862306_UseActionBeanTagExtraInfo_GTSPOON.csv,1907,0.9302439024390244,0.4451650635943433
