file,nrBest,proportionBest,entropyNrActions
nr_412_id_4_01a045adde15203873b3c492770c7bcc47c67ccd_AttributeRowImpl_GTSPOON.csv,1655,0.8073170731707318,0.9936842734788516
