file,nrBest,proportionBest,entropyNrActions
nr_307_id_23_09ebbee0713c4be6a06cc33b523ec6417951cece_NoisePlot_GTSPOON.csv,260,0.12682926829268293,2.4889993178493115
