file,nrBest,proportionBest,entropyNrActions
nr_290_id_17_05c2228709322b369fc399e70f1b347bea05b768_URLCacher_GTSPOON.csv,1149,0.5604878048780488,1.8990166036371114
