file,nrBest,proportionBest,entropyNrActions
nr_527_id_28_178edaea8ae1098615d1f0072e49558367921e83_M3Converter_GTSPOON.csv,40,0.01951219512195122,2.807039863960851
