file,nrBest,proportionBest,entropyNrActions
nr_153_id_14_02085bdfc53de88ae6a73e6af3e9580996aa00b9_BasicHeaderUI_GTSPOON.csv,1464,0.7141463414634146,1.2650379605066857
