file,nrBest,proportionBest,entropyNrActions
nr_464_id_3_03103fb605a4a64576a17704263325b4bfb80270_ModelingUnitParserImpl_GTSPOON.csv,505,0.24634146341463414,2.520215166769321
