file,nrBest,proportionBest,entropyNrActions
nr_244_id_10_024741cf287978f84a6a7d2a366500c47ad0006c_FileBufferManager_GTSPOON.csv,1128,0.5502439024390244,1.9056492029899794
