file,nrBest,proportionBest,entropyNrActions
nr_34_id_27_019b02fda8177e136e791a30dca5cf340f66c734_DBHelper_GTSPOON.csv,210,0.1024390243902439,2.3321589612411087
