file,nrBest,proportionBest,entropyNrActions
nr_440_id_25_0fb320f3e59363718cb61879eb408ac23e89ffd9_ProcessMessage_GTSPOON.csv,1073,0.5234146341463415,1.9845902257600256
