file,nrBest,proportionBest,entropyNrActions
nr_507_id_7_0543877faf70a0fa313c75c5d03cb673d64268d4_PictureServiceImpl_GTSPOON.csv,320,0.15609756097560976,1.5324205504672292
