file,nrBest,proportionBest,entropyNrActions
nr_485_id_10_04a6ea3b7502cc3047d8d010e85312a0985e97be_Texting_GTSPOON.csv,20,0.00975609756097561,2.6865163970779973
