file,nrBest,proportionBest,entropyNrActions
nr_526_id_13_0800bbcd418e6136b85b0963114b3dbb5c705824_SecretKey_GTSPOON.csv,165,0.08048780487804878,1.4269733883179656
