file,nrBest,proportionBest,entropyNrActions
nr_25_id_31_01ca511a1cdaa667594e78d48a05c3f794b10127_FunctionTypeTest_GTSPOON.csv,1848,0.9014634146341464,0.48439981443543056
