file,nrBest,proportionBest,entropyNrActions
nr_332_id_20_066dfb7793ce742c47094e80e456d60f9bf25400_GraphTest_GTSPOON.csv,1825,0.8902439024390244,0.6240134066804786
