file,nrBest,proportionBest,entropyNrActions
nr_2_id_40_075ddea2f15a9b71d1626217c3d28d013fbb7198_BuilderTest_GTSPOON.csv,210,0.1024390243902439,2.0582812947759597
