file,nrBest,proportionBest,entropyNrActions
nr_172_id_15_035aaf228bfce82acf08ca50d3cc6c2239984e76_LangParser_GTSPOON.csv,288,0.1404878048780488,3.020439759380949
