file,nrBest,proportionBest,entropyNrActions
nr_421_id_2_00dedc5f258a2f6e50b0dd66803c95f75ba62128_JedisPool_GTSPOON.csv,1933,0.9429268292682926,0.3430481555189634
