file,nrBest,proportionBest,entropyNrActions
nr_7_id_15_001c538a0868a0cc0e56e132606b21a07f528350_Model_GTSPOON.csv,908,0.4429268292682927,2.0670837492350937
