file,nrBest,proportionBest,entropyNrActions
nr_206_id_10_01d76787a5f415092af0e9c1581e03e3baf1a6b4_FavoritedAdapter_GTSPOON.csv,1923,0.9380487804878048,0.38962441839834144
