file,nrBest,proportionBest,entropyNrActions
nr_108_id_3_00c0ccad8a660355611d2df32b4732d26f4094d5_AdjacentMatcher_GTSPOON.csv,1929,0.9409756097560975,0.3815660884711405
