file,nrBest,proportionBest,entropyNrActions
nr_77_id_7_00d417f7e4da7467fa2fd800f957c19d690f201d_QuickFindImpl_GTSPOON.csv,1200,0.5853658536585366,1.6081948070588163
