file,nrBest,proportionBest,entropyNrActions
nr_81_id_17_01709c8d4c4df08a5a681840553ba9f220c23a22_AddActivity_GTSPOON.csv,159,0.0775609756097561,3.340993022232385
