file,nrBest,proportionBest,entropyNrActions
nr_108_id_13_0187d4646878273ba9a8877de1909577d39fa1e8_NTeamsNeeded_GTSPOON.csv,2017,0.9839024390243902,0.11345334457464291
