file,nrBest,proportionBest,entropyNrActions
nr_418_id_9_04d0f970324194923e0f0204c83e9c8fa981e6e6_Chat_GTSPOON.csv,3,0.0014634146341463415,2.168538069508806
