file,nrBest,proportionBest,entropyNrActions
nr_190_id_9_024ee0b4b7d4f69509a7b8477d1f7c8213538c73_CodePrinterTest_GTSPOON.csv,20,0.00975609756097561,2.310564306101692
