file,nrBest,proportionBest,entropyNrActions
nr_235_id_11_03182a45d1dd27bd48351cb0003dbc6d8d53745c_AdRequest_GTSPOON.csv,391,0.19073170731707317,3.11816886006722
