file,nrBest,proportionBest,entropyNrActions
nr_575_id_1_065f249d576b995f929c13c3a1959c1044d941a6_TwoGtp_GTSPOON.csv,200,0.0975609756097561,2.551872421819652
