file,nrBest,proportionBest,entropyNrActions
nr_390_id_7_041397454394cc4487d9d8d0f309557725a80a3e_CustomStockQuoteClient_GTSPOON.csv,2020,0.9853658536585366,0.10109520629769027
