file,nrBest,proportionBest,entropyNrActions
nr_222_id_15_04265f349bc955ec8072b23cced2c9ce7553d106_TableLib_GTSPOON.csv,1716,0.8370731707317073,0.9145457871784216
