file,nrBest,proportionBest,entropyNrActions
nr_73_id_18_01399794372bbbb2161e9af40d8a5108eec59c8b_ModulesFilter_GTSPOON.csv,1929,0.9409756097560975,0.3761887606469743
