file,nrBest,proportionBest,entropyNrActions
nr_188_id_27_08620dc77d460488483b5966503b1cccd495eb8c_DemanglingTest_GTSPOON.csv,18,0.00878048780487805,1.9935733979356438
