file,nrBest,proportionBest,entropyNrActions
nr_249_id_17_050f1e339473571188e2d628acbf0c17e754c3ce_PMMLDocumentTest_GTSPOON.csv,1168,0.5697560975609756,1.7439814166708971
