file,nrBest,proportionBest,entropyNrActions
nr_75_id_10_009c9575e84379612a710955436f703c7a27bdbc_cgeowaypoint_GTSPOON.csv,110,0.05365853658536585,2.168914919820586
