file,nrBest,proportionBest,entropyNrActions
nr_215_id_24_067d6a44189a763b8e8fbe90bbb630c782efc4e2_RuleMaker_GTSPOON.csv,79,0.03853658536585366,2.6552757862657943
