file,nrBest,proportionBest,entropyNrActions
nr_540_id_6_034ff258f00a79fc1c900bf0ff73f7ab8976fd59_Diceware_GTSPOON.csv,1214,0.5921951219512195,1.9190235736803543
