file,nrBest,proportionBest,entropyNrActions
nr_370_id_29_154c592ecfd7764198d050efb0591583350fc12f_ChannelSeparator_GTSPOON.csv,1234,0.6019512195121951,1.7569450385241563
