file,nrBest,proportionBest,entropyNrActions
nr_383_id_6_025269df25d6094454a638c6f5eed0397580479c_ConfirmLockPassword_GTSPOON.csv,1690,0.824390243902439,0.975109246167733
