file,nrBest,proportionBest,entropyNrActions
nr_40_id_24_012d5275a723d3440cba09c8c896ea83f85b4710_RackServlet_GTSPOON.csv,1716,0.8370731707317073,0.7988658501752367
