file,nrBest,proportionBest,entropyNrActions
nr_86_id_7_00ed7bc83f6192ca08aea804d0cfe96728bdf443_GUI_GTSPOON.csv,80,0.03902439024390244,2.884629535844551
