file,nrBest,proportionBest,entropyNrActions
nr_15_id_18_002bdcb92426cc430b4cfb50ae5753c00f44d602_AgentFactory_GTSPOON.csv,483,0.23560975609756096,2.250776348949131
