file,nrBest,proportionBest,entropyNrActions
nr_391_id_19_095fd0cc9ce5b5a44923402b4c8c39dc12f4e83a_Lane_GTSPOON.csv,679,0.33121951219512197,2.946628663234255
