file,nrBest,proportionBest,entropyNrActions
nr_447_id_1_05054b0d0986131690a44020b9cd675915d0a177_StringUtil_GTSPOON.csv,209,0.10195121951219512,2.5503595881457617
