file,nrBest,proportionBest,entropyNrActions
nr_420_id_11_05c3d33d5162f1d38f927620b31cce71a6afd56d_AtmosphereServlet_GTSPOON.csv,173,0.08439024390243903,2.8146218979190865
