file,nrBest,proportionBest,entropyNrActions
nr_476_id_3_031eac255c275804abdba40917155fb24916616e_PlayerListener_GTSPOON.csv,1621,0.7907317073170732,1.062208462236221
