file,nrBest,proportionBest,entropyNrActions
nr_184_id_32_10787e0c41c3c6710aa8dab398e84a5675b67c5a_ProfileTest_GTSPOON.csv,2025,0.9878048780487805,0.08237407666634153
