file,nrBest,proportionBest,entropyNrActions
nr_73_id_29_0471cf3d4b20d0c21e43ce2bc9e354fd518a1a7a_SearchData_GTSPOON.csv,1651,0.8053658536585366,0.7191145580148021
