file,nrBest,proportionBest,entropyNrActions
nr_181_id_22_045b8bf01184ac492d147c01243e0d2eb6feafad_Stargate_GTSPOON.csv,96,0.04682926829268293,3.645181547697659
