file,nrBest,proportionBest,entropyNrActions
nr_324_id_29_131070017946652eca8e0ab09df7cdbfb875fe75_RenderingLayer_GTSPOON.csv,1908,0.9307317073170732,0.40609515912172306
