file,nrBest,proportionBest,entropyNrActions
nr_449_id_7_04bfd0c0495772c8f1d5847e6316bb53e31b19ce_CoverageTab_GTSPOON.csv,790,0.3853658536585366,1.9721820095666087
