file,nrBest,proportionBest,entropyNrActions
nr_142_id_30_090f6700a99c3b0f6add3c4c415868d73653626e_PoolExecutorThreadFactory_GTSPOON.csv,1935,0.9439024390243902,0.34805000150147936
