file,nrBest,proportionBest,entropyNrActions
nr_378_id_11_0514606a44d95f6119ddd63dbad300696be779a0_DefaultModelBuilder_GTSPOON.csv,182,0.08878048780487804,3.150633641151531
