file,nrBest,proportionBest,entropyNrActions
nr_114_id_31_085b659463c41beb01950bf82334f451cca8ed2e_KeyboardState_GTSPOON.csv,780,0.3804878048780488,2.4781649445204517
