file,nrBest,proportionBest,entropyNrActions
nr_404_id_10_03e01ee3b2099d41174a81d2812286f17092c825_PlayerListener_GTSPOON.csv,1816,0.8858536585365854,0.6400616274132198
