file,nrBest,proportionBest,entropyNrActions
nr_250_id_19_06364f26244ad68ac65ad8b64488c92a9ad9572e_BearerData_GTSPOON.csv,167,0.08146341463414634,2.7480540212802165
