file,nrBest,proportionBest,entropyNrActions
nr_124_id_14_0193bba05463230e2b3720f03b8998a62f7e06dc_FormInfoController3_GTSPOON.csv,969,0.47268292682926827,0.4584349372442542
