file,nrBest,proportionBest,entropyNrActions
nr_138_id_28_063778ece731bb894712a2e0d867a7e3f39f59a1_MarvinShell_GTSPOON.csv,120,0.05853658536585366,2.700628819514223
