file,nrBest,proportionBest,entropyNrActions
nr_147_id_25_04c13b9634cd3479a9be5fb68341c637a0358c71_CategoryHelper_GTSPOON.csv,76,0.037073170731707315,3.119689072012771
