file,nrBest,proportionBest,entropyNrActions
nr_330_id_24_0a46e370ee3f3e420ce8d693b5f521d3fc42cb83_ErraiBus_GTSPOON.csv,2015,0.9829268292682927,0.11409954808075636
