file,nrBest,proportionBest,entropyNrActions
nr_547_id_9_063828e1839360705732c5d87a73c6acea61b4e9_RegExpFunc_GTSPOON.csv,1251,0.6102439024390244,1.6083044945834404
