file,nrBest,proportionBest,entropyNrActions
nr_425_id_8_038ac18cc0aa568645e452247a7fd9005eea61c5_TestTokenCache_GTSPOON.csv,1655,0.8073170731707318,0.9679193947406222
