file,nrBest,proportionBest,entropyNrActions
nr_45_id_19_011e5f4eed8bc242f7b9a63f325598e5c5d25d82_PathwayElement_GTSPOON.csv,152,0.07414634146341463,2.5186921339371033
