file,nrBest,proportionBest,entropyNrActions
nr_17_id_4_000fe8409923fc74e1d8f7cbc86d89321e52c3c9_PAA_WhiteList_GTSPOON.csv,1680,0.8195121951219512,1.033014764330241
