file,nrBest,proportionBest,entropyNrActions
nr_160_id_2_004f2571c88a5f8a7ee2a8bd5c850221f545b263_Map_GTSPOON.csv,1010,0.4926829268292683,1.9482780402300632
