file,nrBest,proportionBest,entropyNrActions
nr_31_id_26_012802684882658c879105241cc89e3c145c8c18_Problem401To425_GTSPOON.csv,1646,0.8029268292682927,0.9294670063563205
