file,nrBest,proportionBest,entropyNrActions
nr_101_id_28_0478047de35eaf898f2df91013f7939b0e250ff8_SipSessionsUtilImpl_GTSPOON.csv,5,0.0024390243902439024,0.7576200023323423
