file,nrBest,proportionBest,entropyNrActions
nr_546_id_2_0128ba6544395e727c152685efe76be6d3851e98_XMLBindingComponent_GTSPOON.csv,150,0.07317073170731707,2.6893613656735145
