file,nrBest,proportionBest,entropyNrActions
nr_183_id_26_06ed67d3a64d18488889ca38da32c51cccd2c090_Start_GTSPOON.csv,174,0.08487804878048781,1.6614952463817763
