file,nrBest,proportionBest,entropyNrActions
nr_529_id_5_045b54f959cd6733cac0c6e000031e03d52d407d_JavaSourceLookupUtil_GTSPOON.csv,664,0.32390243902439025,1.704745667047267
