file,nrBest,proportionBest,entropyNrActions
nr_103_id_19_028331aa7c29e56474d955c7d7c0c3d1bfe7535a_EventCueUI_GTSPOON.csv,1420,0.6926829268292682,1.4826220634238623
