file,nrBest,proportionBest,entropyNrActions
nr_327_id_31_16c14488b4899b6b581129a172b99e138c346906_ProtocolUtil_GTSPOON.csv,1848,0.9014634146341464,0.5242645343826878
