file,nrBest,proportionBest,entropyNrActions
nr_299_id_22_07a0fd0f5100a0cee978ba07751d63595c9d27ac_LatinKeyboardView_GTSPOON.csv,1030,0.5024390243902439,1.9097635326653382
