file,nrBest,proportionBest,entropyNrActions
nr_399_id_9_04a6db25c80454fe1b56f398c8c2578657fd5be2_AgentsRepo_GTSPOON.csv,141,0.06878048780487805,3.1594867109691034
