file,nrBest,proportionBest,entropyNrActions
nr_417_id_26_0e3aae8f173f04e8a936a5f3b8ab465f085338ed_OperationType_GTSPOON.csv,2015,0.9829268292682927,0.12250345146916863
