file,nrBest,proportionBest,entropyNrActions
nr_510_id_14_074fd035ff3222b20a79ec4da734e17f606db764_StylesheetRepository_GTSPOON.csv,2005,0.9780487804878049,0.15325127525809326
