file,nrBest,proportionBest,entropyNrActions
nr_101_id_20_0204bf5781155f0874e376e0b426177e3b969eae_GenbankLocationParser_GTSPOON.csv,966,0.4712195121951219,2.518287358106114
