file,nrBest,proportionBest,entropyNrActions
nr_262_id_20_04feb6740949ae82d48a43e2fd6d7c565b1fd98a_BISGeneral_GTSPOON.csv,276,0.13463414634146342,1.7919301338257045
