file,nrBest,proportionBest,entropyNrActions
nr_152_id_7_01a7cdb509e6ed936ce7d6c476f173a30407b82f_EntityCollection_GTSPOON.csv,372,0.18146341463414634,1.1411914080049395
