file,nrBest,proportionBest,entropyNrActions
nr_390_id_21_0a2e80a14bb7e8fe544c2eee8ccba7887f636785_S3NutDao_GTSPOON.csv,1712,0.8351219512195122,0.8825508605594632
