file,nrBest,proportionBest,entropyNrActions
nr_427_id_19_0a28080360ac2eea194cf485b79db7b469804427_Block_GTSPOON.csv,1712,0.8351219512195122,0.742886269832126
