file,nrBest,proportionBest,entropyNrActions
nr_21_id_10_00378140542eca6b892d69b3a93ab2f2f2dfbe93_TokenToWords_GTSPOON.csv,191,0.09317073170731707,2.920190501980188
