file,nrBest,proportionBest,entropyNrActions
nr_39_id_4_00234b586ece182d0b84499afae96398e6d01836_NumbersFormater_GTSPOON.csv,1926,0.9395121951219512,0.3682977033659684
