file,nrBest,proportionBest,entropyNrActions
nr_136_id_8_013443ef2aa195e3db44ba84993a419202d6d853_CheckOutScmResult_GTSPOON.csv,1914,0.9336585365853659,0.4048290872634353
