file,nrBest,proportionBest,entropyNrActions
nr_544_id_30_20bc096d04f0db69c738fd7238abe18c51ec167c_LoaderFactory_GTSPOON.csv,445,0.21707317073170732,2.8112134836963714
