file,nrBest,proportionBest,entropyNrActions
nr_27_id_24_00ca83193ab402e08345d612a2faa7e154361da1_ProfileModelImpl_GTSPOON.csv,66,0.03219512195121951,2.584494933465251
