file,nrBest,proportionBest,entropyNrActions
nr_186_id_38_7b31d0c1b032dd02bb51600632c7c6c33f7c899d_DOMUtils_GTSPOON.csv,209,0.10195121951219512,2.496109593553933
