file,nrBest,proportionBest,entropyNrActions
nr_286_id_13_042529d761e574287bb72b31f44b117926e55963_Spoon_GTSPOON.csv,199,0.09707317073170732,2.674815502021941
