file,nrBest,proportionBest,entropyNrActions
nr_283_id_12_0316be801849c24ad078834ca22eb7ac88573517_DigitalAssetBytesHandler_GTSPOON.csv,1726,0.8419512195121951,0.7305170505169206
