file,nrBest,proportionBest,entropyNrActions
nr_56_id_21_01b8416ea495d6063003522ae04fd0e34df5aa71_SchedulerGatewayIT_GTSPOON.csv,2025,0.9878048780487805,0.08359457038228833
