file,nrBest,proportionBest,entropyNrActions
nr_229_id_34_215a5f7a2d27a1f131ef3901d111ce599a009950_Generate_GTSPOON.csv,68,0.033170731707317075,2.973286245034826
