file,nrBest,proportionBest,entropyNrActions
nr_522_id_9_05f74b63262bf5c9946772d322a1e6db4acbb2e0_CraftIRCHandler_GTSPOON.csv,2014,0.9824390243902439,0.12332133170759045
