file,nrBest,proportionBest,entropyNrActions
nr_204_id_29_0b8e8c311a2986f7650879fcb64a775c37855a37_UserColumnFactory_GTSPOON.csv,132,0.06439024390243903,3.1523947245029293
