file,nrBest,proportionBest,entropyNrActions
nr_477_id_21_0c1ff0e37e1805f4d08b8667be65259a330e123d_DispatchAction_GTSPOON.csv,1752,0.8546341463414634,0.7851623544687246
