file,nrBest,proportionBest,entropyNrActions
nr_303_id_10_02d343c6d9eb2b7250af7369eb7c7f3fbb5b4490_TaskFlowClient_GTSPOON.csv,1560,0.7609756097560976,1.1415646331347584
