file,nrBest,proportionBest,entropyNrActions
nr_9_id_29_00ad28100202493534b4b47a6d6c0b731d75ead0_EclipseLintClient_GTSPOON.csv,104,0.050731707317073174,2.9968884048246673
