file,nrBest,proportionBest,entropyNrActions
nr_164_id_19_0405b7965b365575b8d805796ca267ddc3346fdd_ExchangeMailStore_GTSPOON.csv,1002,0.48878048780487804,2.0152741925548154
