file,nrBest,proportionBest,entropyNrActions
nr_221_id_21_059117da0141f5e3c6ce479dd87c6f8d8365e7e1_Utils_GTSPOON.csv,1,0.0004878048780487805,3.2226366680048484
