file,nrBest,proportionBest,entropyNrActions
nr_148_id_14_01fbc7b264e67432914334c2d4a1f6a1ed2d2978_TimeInterpolator_GTSPOON.csv,1836,0.895609756097561,0.611346168580161
