file,nrBest,proportionBest,entropyNrActions
nr_555_id_7_05cf45f33a9ec0b6435f7a4805fa9c48460b1dc1_TargetServer_GTSPOON.csv,1627,0.7936585365853659,1.0964129462900205
