file,nrBest,proportionBest,entropyNrActions
nr_330_id_8_02bb5e3f4b11e7c015aba32fe9d12097e3c320d9_ViewAdapter_GTSPOON.csv,1929,0.9409756097560975,0.36834371420364775
