file,nrBest,proportionBest,entropyNrActions
nr_104_id_35_14d015126829f7b8d65ca6c3ec93a93f5a21a57c_EasSyncService_GTSPOON.csv,90,0.04390243902439024,3.1513187721140805
