file,nrBest,proportionBest,entropyNrActions
nr_112_id_14_016bfab3a4cd36b922e6091cca674e0ef82b6cc0_Strings_GTSPOON.csv,513,0.2502439024390244,2.433605065775499
