file,nrBest,proportionBest,entropyNrActions
nr_479_id_36_7bb35a36597642556dab0c57d9844d38b2e53133_EBSSnapshot_GTSPOON.csv,131,0.06390243902439025,3.1832628762313626
