file,nrBest,proportionBest,entropyNrActions
nr_130_id_12_017325796ac1967a2bb584677728cc0dc796eedd_GerritHttpClient_GTSPOON.csv,70,0.03414634146341464,2.736455011624864
