file,nrBest,proportionBest,entropyNrActions
nr_270_id_4_0102b82a6ade73c924a6ecd0560abb60296e0a71_CyActivator_GTSPOON.csv,2025,0.9878048780487805,0.08467999781717767
