file,nrBest,proportionBest,entropyNrActions
nr_283_id_18_059f21d600ad431024775134e3587dc0715ab236_ParseRunner_GTSPOON.csv,1848,0.9014634146341464,0.5570217175175681
