file,nrBest,proportionBest,entropyNrActions
nr_198_id_36_31b4f1db7c844c0e8a50f901aef0e76e45298c65_SuffixFilter_GTSPOON.csv,145,0.07073170731707316,3.700215881832251
