file,nrBest,proportionBest,entropyNrActions
nr_333_id_14_04eba7bc888a7d8b6578037c5d7b7542a14a9edc_GeoBroker_GTSPOON.csv,1926,0.9395121951219512,0.3732542347878372
