file,nrBest,proportionBest,entropyNrActions
nr_19_id_2_000e6269294cfb2314e32f2a70c24242f784ae3b_ModRecipes_GTSPOON.csv,227,0.11073170731707317,2.658742013476015
