file,nrBest,proportionBest,entropyNrActions
nr_48_id_8_007045ca68afd3fc47940c9beb926087a8d34455_JavaFXTreeScanner_GTSPOON.csv,1315,0.6414634146341464,1.509405535554638
