file,nrBest,proportionBest,entropyNrActions
nr_532_id_8_044d755029a2f936d95fa0cb6915c65d68c7f66b_RubyStruct_GTSPOON.csv,653,0.31853658536585366,2.5164082776829946
