file,nrBest,proportionBest,entropyNrActions
nr_165_id_34_19446e5e3f1ee64684dd63cae8c1dc35e081429a_LogoutViewBean_GTSPOON.csv,5,0.0024390243902439024,2.4698445516283636
