file,nrBest,proportionBest,entropyNrActions
nr_30_id_30_029b6aef7812187b5fbe4bb7d6462c4bf2c34ef6_MoSync_GTSPOON.csv,160,0.07804878048780488,2.657522075550675
