file,nrBest,proportionBest,entropyNrActions
nr_517_id_3_0356c8e51591cb5056f448145716631600be3d97_CallPeerMediaHandler_GTSPOON.csv,190,0.09268292682926829,2.7958946571351917
