file,nrBest,proportionBest,entropyNrActions
nr_605_id_6_03b8108ba9f52b44d4b04b3b93b96b3eec0c0db1_LeafRule_GTSPOON.csv,857,0.41804878048780486,2.5804897920082515
