file,nrBest,proportionBest,entropyNrActions
nr_332_id_38_d861cb870b83ac0a5d8b5746f8c35de965b98783_GrammarTest_GTSPOON.csv,195,0.0951219512195122,1.3797284853680964
