file,nrBest,proportionBest,entropyNrActions
nr_650_id_1_075ed9f48b1e283da081dc929551f6fe1bef4948_ChannelPackets_GTSPOON.csv,199,0.09707317073170732,2.408898371089429
