file,nrBest,proportionBest,entropyNrActions
nr_383_id_10_03a4538d29a342b1486bc4fb385b56611010004e_RegisterAccountPage_GTSPOON.csv,5,0.0024390243902439024,2.224162176807912
