file,nrBest,proportionBest,entropyNrActions
nr_374_id_22_0922b7add40aa310e7015f0c5bad1178e50154df_LocPathIterator_GTSPOON.csv,18,0.00878048780487805,1.7171131321497028
