file,nrBest,proportionBest,entropyNrActions
nr_379_id_12_04161d5e7b2c49da9e8533fedd4f54ddd88c0d30_Header_GTSPOON.csv,1120,0.5463414634146342,1.6846279780212021
