file,nrBest,proportionBest,entropyNrActions
nr_86_id_25_02f48e888d977d3f380597492a117a4aa603be24_XYPlotRenderer_GTSPOON.csv,5,0.0024390243902439024,2.2717228663033446
