file,nrBest,proportionBest,entropyNrActions
nr_317_id_35_3bb9634f92ff155fa98cbc65d413808f7404ca71_SelectTest_GTSPOON.csv,209,0.10195121951219512,2.195657744016472
