file,nrBest,proportionBest,entropyNrActions
nr_387_id_32_22079290fba4b320ea88a46799badf284f16f2fd_CapI18nMapper_GTSPOON.csv,1805,0.8804878048780488,0.466859830435205
