file,nrBest,proportionBest,entropyNrActions
nr_415_id_11_059ea27f980418419c2569470f217348ad2ae036_PPISingleExecutionTest_GTSPOON.csv,1916,0.9346341463414635,0.39791805741488434
