file,nrBest,proportionBest,entropyNrActions
nr_389_id_18_074ffb99557e298c73e9dc558ae63712a50d2d3d_PreviewEditor_GTSPOON.csv,760,0.37073170731707317,2.630108354923592
