file,nrBest,proportionBest,entropyNrActions
nr_288_id_24_08e15362d09835a9aafcc145b69ce2d6d06c1f04_ConfigAdd_GTSPOON.csv,1744,0.8507317073170731,0.6831851566426833
