file,nrBest,proportionBest,entropyNrActions
nr_214_id_8_01d1a2654ffaa78f0d8ef2301030c5f68831c3ed_CDICoreValidator_GTSPOON.csv,147,0.07170731707317073,2.4321931218864625
