file,nrBest,proportionBest,entropyNrActions
nr_398_id_8_0342675b4d349291f80f47c728ba63ecd506ebfb_TypeStore_GTSPOON.csv,155,0.07560975609756097,2.3450215141928035
