file,nrBest,proportionBest,entropyNrActions
nr_117_id_6_00d00e695d8d3f6ae1097c886e87c919dd8da946_RobotPlayer_GTSPOON.csv,1104,0.5385365853658537,1.5267814185672899
