file,nrBest,proportionBest,entropyNrActions
nr_38_id_12_007493a9f98959c350c3787230df9afa346ee938_SipSessionGroup_GTSPOON.csv,5,0.0024390243902439024,2.7176627208383004
