file,nrBest,proportionBest,entropyNrActions
nr_467_id_13_06e57e6fdca907e3579ee40a71df0a2f4204268d_Basics_GTSPOON.csv,45,0.02195121951219512,2.282963473818114
