file,nrBest,proportionBest,entropyNrActions
nr_551_id_6_035fb672db91d250514e64a2435909fc3d7b4308_Dude_GTSPOON.csv,443,0.21609756097560975,2.483253982765251
