file,nrBest,proportionBest,entropyNrActions
nr_404_id_35_4d6e37ec510de83b992729aec86bc0195822a9d0_RDBMSLog_GTSPOON.csv,166,0.08097560975609756,2.2461661189703217
