file,nrBest,proportionBest,entropyNrActions
nr_95_id_33_0c0705da8736b220d78a29032204ab291e4262a1_TestCommentFrontEndAction_GTSPOON.csv,120,0.05853658536585366,2.3995426899677694
