file,nrBest,proportionBest,entropyNrActions
nr_442_id_25_0fdb55663e727b5ac98c2467c288e634252d7824_InitiateTaskMessage_GTSPOON.csv,131,0.06390243902439025,1.7056609107350087
