file,nrBest,proportionBest,entropyNrActions
nr_243_id_16_048641316f35ea9a4cc3dcc14429eb8a8c4c9f42_MyPictures_GTSPOON.csv,1459,0.7117073170731707,1.504017864261646
