file,nrBest,proportionBest,entropyNrActions
nr_11_id_20_002a71f738d30249e42fdd2a14ce3787d8c50f40_Parser_GTSPOON.csv,145,0.07073170731707316,2.862736227331081
