file,nrBest,proportionBest,entropyNrActions
nr_422_id_32_23ff6f90c62ed969ba8eca1b5e6fe288943789b5_BasicEA_GTSPOON.csv,833,0.4063414634146341,2.100042127837111
