file,nrBest,proportionBest,entropyNrActions
nr_353_id_19_0849c8b7eb8b63b88d5199b14bc6c46e31aafa40_JstPublisher_GTSPOON.csv,1292,0.6302439024390244,1.6084872320321306
