file,nrBest,proportionBest,entropyNrActions
nr_320_id_17_066e4df03839e91731f81090a070962d09ff5607_GeneAtlasIndexBuilderService_GTSPOON.csv,600,0.2926829268292683,2.6045440667544115
