file,nrBest,proportionBest,entropyNrActions
nr_341_id_19_081e1d554be98dac6d52be5e0df1a383c7a018d9_EntryEditor_GTSPOON.csv,203,0.09902439024390244,2.515357176191153
