file,nrBest,proportionBest,entropyNrActions
nr_334_id_15_061cb063d9c9efda1e070ddb0322979e63838e17_HidService_GTSPOON.csv,140,0.06829268292682927,3.227789108052801
