file,nrBest,proportionBest,entropyNrActions
nr_216_id_20_041de2c89d626fffa5316d2b85e82bdc2b2d99e6_SWMap_GTSPOON.csv,364,0.1775609756097561,2.7467864219556146
