file,nrBest,proportionBest,entropyNrActions
nr_356_id_17_0715844af1678863f19481281d04ceaf6d88bca2_TribuConfig_GTSPOON.csv,556,0.27121951219512197,2.0517760339378786
