file,nrBest,proportionBest,entropyNrActions
nr_332_id_21_089ca1d128b877138be34e03304b113dac6b5b9f_AetherTest_GTSPOON.csv,1628,0.7941463414634147,0.9881323027748672
