file,nrBest,proportionBest,entropyNrActions
nr_75_id_20_01710e5118000f6cfbc902c7eccba79c0f607901_CategoryPath_GTSPOON.csv,636,0.3102439024390244,2.1686413059421694
