file,nrBest,proportionBest,entropyNrActions
nr_373_id_13_0561b342f5b2903fd3c8f69df75845818ecd45db_SubstanceController_GTSPOON.csv,1824,0.8897560975609756,0.5946188592081216
