file,nrBest,proportionBest,entropyNrActions
nr_507_id_11_07082c1484e3146e35ec10d20836b7f8d8db628a_Router_GTSPOON.csv,899,0.43853658536585366,1.9976394471935146
