file,nrBest,proportionBest,entropyNrActions
nr_74_id_13_0116ab01efcd083fe493cfc2ae0754e5440e15f7_PAGERADAPTER_GTSPOON.csv,1772,0.864390243902439,0.7618664615497334
