file,nrBest,proportionBest,entropyNrActions
nr_90_id_19_024dea808b028feb3879288f7ca060518eabbb17_FV1000Reader_GTSPOON.csv,197,0.09609756097560976,2.5403549187856984
