file,nrBest,proportionBest,entropyNrActions
nr_101_id_27_046bcf98f6159fee04b0e3c635b635c922749e73_DB_GTSPOON.csv,314,0.15317073170731707,2.9864872815615584
