file,nrBest,proportionBest,entropyNrActions
nr_61_id_8_008923f7af65833ae59b09a5ad080ccb1a05ee40_GameAppLeader_GTSPOON.csv,898,0.4380487804878049,2.4088052270228237
