file,nrBest,proportionBest,entropyNrActions
nr_13_id_18_002a1cd6b625fc735f4cfda98b373fc1e0865dfd_ObjLoader_GTSPOON.csv,1323,0.6453658536585366,1.5899047163607505
