file,nrBest,proportionBest,entropyNrActions
nr_268_id_14_04038b372d87b856621b532cbbf2da947a5b0a72_CommonRepositoryImpl_GTSPOON.csv,180,0.08780487804878048,2.921673356427359
