file,nrBest,proportionBest,entropyNrActions
nr_348_id_1_0413efd3c6a8f04ee6a5311a98c55185a824a251_GameInfo_GTSPOON.csv,1505,0.7341463414634146,1.16384230804004
