file,nrBest,proportionBest,entropyNrActions
nr_30_id_27_01755b3d991f2619010ab8556939c68a7a615d57_DatabaseTest_GTSPOON.csv,76,0.037073170731707315,2.1148775986560473
