file,nrBest,proportionBest,entropyNrActions
nr_223_id_38_95407b4abc7b7fcb518b6b86c2231711192b4f40_InCallScreen_GTSPOON.csv,90,0.04390243902439024,3.268116516815216
