file,nrBest,proportionBest,entropyNrActions
nr_364_id_15_06ae09c2a7d033ee391e5a1410d8d310bdff849a_TitanIndexTest_GTSPOON.csv,175,0.08536585365853659,2.806599945677068
