file,nrBest,proportionBest,entropyNrActions
nr_166_id_21_0466883ce64615c403ecdd24a901468a4fc1b11f_AbstractGeneratedParserV4_GTSPOON.csv,175,0.08536585365853659,3.0364453945759324
