file,nrBest,proportionBest,entropyNrActions
nr_423_id_5_038552c827c29ebc5f201ff638f6c9114469f82a_DelegateEntry_GTSPOON.csv,552,0.26926829268292685,2.716372156442552
