file,nrBest,proportionBest,entropyNrActions
nr_93_id_31_073f77141a07b6e87003e01a3813bbb2fe2ce705_TestEJBSUGeneration_GTSPOON.csv,1088,0.5307317073170732,1.7834195525355372
