file,nrBest,proportionBest,entropyNrActions
nr_219_id_38_9108a3f68b277789835fdf013a228d951b7614e0_MetaFileDataRegistryImpl_GTSPOON.csv,634,0.3092682926829268,2.0047266951812213
