file,nrBest,proportionBest,entropyNrActions
nr_177_id_2_0055fcd64bcfa9a7ff6a20025ebd39668221d216_Form_GTSPOON.csv,1723,0.8404878048780487,0.8714546826871823
