file,nrBest,proportionBest,entropyNrActions
nr_8_id_16_003e7e2251c6f4c8693380f7356d6a39113b8cd3_JavaDocParserTest_GTSPOON.csv,2030,0.9902439024390244,0.06566691402351457
