file,nrBest,proportionBest,entropyNrActions
nr_54_id_36_0de220849a44854938d14bc5142b314e5bf54a1b_ProducteevSyncProvider_GTSPOON.csv,153,0.07463414634146341,2.7945210272638117
