file,nrBest,proportionBest,entropyNrActions
nr_194_id_21_050b2ad337b08fe1b4f688bb5f296b2326043bb1_DummyExtractor_GTSPOON.csv,2025,0.9878048780487805,0.08792921498842186
