file,nrBest,proportionBest,entropyNrActions
nr_396_id_15_074969426b4acd7f253796b6ba78ae708aae184c_SyncManager_GTSPOON.csv,90,0.04390243902439024,4.569636134525288
