file,nrBest,proportionBest,entropyNrActions
nr_355_id_4_016358f497bcb12cc69b0a67ef6378a32c838321_DataTableTopComponent_GTSPOON.csv,10,0.004878048780487805,2.5097910231260787
