file,nrBest,proportionBest,entropyNrActions
nr_518_id_32_2d90a110379e67612d1b89a5176ab4fd58b152df_DefaultGrailsPlugin_GTSPOON.csv,401,0.19560975609756098,2.8271672762265476
