file,nrBest,proportionBest,entropyNrActions
nr_302_id_25_0a07ec43820032cbfe53e87888c75b192b2b64af_DomHelper_GTSPOON.csv,1936,0.944390243902439,0.3544676410449616
