file,nrBest,proportionBest,entropyNrActions
nr_385_id_33_30beffb6f287c9975e16ee016dae6b6374583cea_ObjectList_GTSPOON.csv,1529,0.7458536585365854,1.2212418209259668
