file,nrBest,proportionBest,entropyNrActions
nr_315_id_30_13536bf60336332b8e0a7d63b77d88e910375d89_ReceiptEdit_GTSPOON.csv,2006,0.9785365853658536,0.137269264318242
