file,nrBest,proportionBest,entropyNrActions
nr_32_id_28_01a73add1ca951d66f954566cef7c84364091ea8_OverviewRuler_GTSPOON.csv,152,0.07414634146341463,2.68187682985812
