file,nrBest,proportionBest,entropyNrActions
nr_504_id_5_041ff9de49f5312500653a66697883818664751a_EmailSyncAdapter_GTSPOON.csv,514,0.25073170731707317,2.861800336501483
