file,nrBest,proportionBest,entropyNrActions
nr_484_id_24_0e992cc4dbbab61d708ef366236e37d6355042c2_TextEditorPane_GTSPOON.csv,1346,0.6565853658536586,1.492211467259283
