file,nrBest,proportionBest,entropyNrActions
nr_122_id_17_025a4c5803be095dc2badb8ef2ed1e75307d1fa4_JavaMaker_GTSPOON.csv,81,0.03951219512195122,1.4744178943171984
