file,nrBest,proportionBest,entropyNrActions
nr_62_id_33_088bf64819698c8b000cfe4d944da3d18738e64b_WaveFileFormat_GTSPOON.csv,750,0.36585365853658536,1.1269298190576018
