file,nrBest,proportionBest,entropyNrActions
nr_426_id_19_0a253751df88266912bf36df42de151043628ef5_RenderMap_GTSPOON.csv,18,0.00878048780487805,2.6611855768457513
