file,nrBest,proportionBest,entropyNrActions
nr_152_id_9_01d432ab497b921c6da1f9d140927186352a325d_HTMLWriterTest_GTSPOON.csv,1737,0.8473170731707317,0.641097009501505
