file,nrBest,proportionBest,entropyNrActions
nr_85_id_15_014488841437044ccb516328d0335b89bf63286c_WhoisRestServiceEndToEndTest_GTSPOON.csv,1459,0.7117073170731707,1.2577716627264568
