file,nrBest,proportionBest,entropyNrActions
nr_380_id_1_045a426edc7918cf40e9dc6b0549e9dbcd091f4c_Help_GTSPOON.csv,629,0.3068292682926829,1.297796620627485
