file,nrBest,proportionBest,entropyNrActions
nr_472_id_32_29ab2870d44936c5a75b9a4b054668df39a00810_Subgraph_GTSPOON.csv,1300,0.6341463414634146,1.5729802072048837
