file,nrBest,proportionBest,entropyNrActions
nr_207_id_8_01c7f34664dad34a5ac64bc7135d795a33bcf6c3_TestClass_GTSPOON.csv,142,0.06926829268292684,0.35199765024279617
