file,nrBest,proportionBest,entropyNrActions
nr_586_id_36_94ae0be41dee05178402c478f94c6c5e0c0f8e71_FileHandleDump_GTSPOON.csv,1900,0.926829268292683,0.4560903240810633
