file,nrBest,proportionBest,entropyNrActions
nr_464_id_20_08f402f8034430e1904262b9cdf5cafc7500fa0d_DefaultSerializer_GTSPOON.csv,126,0.06146341463414634,3.19488860809487
