file,nrBest,proportionBest,entropyNrActions
nr_52_id_27_026c408f0e32914b3f317f921c1d8430f10578d5_SubclipseAdapter_GTSPOON.csv,1577,0.7692682926829268,1.0640920448178357
