file,nrBest,proportionBest,entropyNrActions
nr_417_id_28_125b33d3dc9dfe261807ad2015697b47744d045a_GeoJSONShapeParserTests_GTSPOON.csv,1393,0.6795121951219513,1.254672538488273
