file,nrBest,proportionBest,entropyNrActions
nr_299_id_15_0594ad6a91da52b13b880632cde11f52c8d20894_ExperienceLevelListener_GTSPOON.csv,1905,0.9292682926829269,0.4487404361495788
