file,nrBest,proportionBest,entropyNrActions
nr_92_id_26_0355ec10ce30ca48342827dbc60aa44b272b9845_AttachmentEditor_GTSPOON.csv,766,0.37365853658536585,1.3373910534237132
