file,nrBest,proportionBest,entropyNrActions
nr_401_id_20_07b533eb76b57b03b9a34247afecd633dd868e8f_TableBody_GTSPOON.csv,185,0.09024390243902439,2.494045369350005
