file,nrBest,proportionBest,entropyNrActions
nr_63_id_23_020c7cd53805d0852785e1b123d910b1466db31a_Injector_GTSPOON.csv,1908,0.9307317073170732,0.4261443379501215
