file,nrBest,proportionBest,entropyNrActions
nr_192_id_23_062728218f1b1faf33332aa2b8f083d707f07e27_BTCProvider_GTSPOON.csv,1121,0.546829268292683,1.8856271544388388
