file,nrBest,proportionBest,entropyNrActions
nr_254_id_10_025c98180b98f459c38c237d40914ab60f986abb_AttributeBuilder_GTSPOON.csv,1085,0.5292682926829269,1.8757701938983982
