file,nrBest,proportionBest,entropyNrActions
nr_50_id_5_007ded311d2d738b760217664d948b1cdb9d8a73_OAuthWebviewHelper_GTSPOON.csv,981,0.47853658536585364,2.295003101730206
