file,nrBest,proportionBest,entropyNrActions
nr_300_id_8_0285d58e60b83c4d6fd1f613c5585f7e55540d9b_MultipartIterator_GTSPOON.csv,1469,0.7165853658536585,1.2943055349797337
