file,nrBest,proportionBest,entropyNrActions
nr_65_id_21_020c39e42181f3c409afab81f04c5a4449884c0b_FromBaseTable_GTSPOON.csv,117,0.05707317073170732,2.776115685421294
