file,nrBest,proportionBest,entropyNrActions
nr_237_id_9_02cd56a46561d00b69b6282b04fbb9c4747e43e3_Tokenizer_GTSPOON.csv,914,0.4458536585365854,2.1012292832799675
