file,nrBest,proportionBest,entropyNrActions
nr_115_id_20_0250b5000af30f1ed1d0194ff69b0df9eee5b73a_RPGItem_GTSPOON.csv,1298,0.6331707317073171,1.5217229777801855
