file,nrBest,proportionBest,entropyNrActions
nr_16_id_1_002b6d073955bce98258e31f6e7cf7e6dd904bb9_Model_GTSPOON.csv,992,0.48390243902439023,2.3559317546786285
