file,nrBest,proportionBest,entropyNrActions
nr_90_id_1_00fd99cd499690c064d8065f36b84eacabb56b5e_SphinxClient_GTSPOON.csv,127,0.06195121951219512,2.8357763611554683
