file,nrBest,proportionBest,entropyNrActions
nr_528_id_30_2017e577b2985c89d395280f2ac3f30fb9eb0d86_EditorsView_GTSPOON.csv,140,0.06829268292682927,1.5572234760228243
