file,nrBest,proportionBest,entropyNrActions
nr_377_id_14_058aed2c1ad11d6a42a2834de95dc89ca15e30e3_Runner_GTSPOON.csv,2000,0.975609756097561,0.15434726132710583
