file,nrBest,proportionBest,entropyNrActions
nr_30_id_35_06b799e2191068cabfe37a7337e6a58844d110ad_Festival_GTSPOON.csv,1925,0.9390243902439024,0.3625586051421251
