file,nrBest,proportionBest,entropyNrActions
nr_465_id_18_08b508b39b9173a28c27ead73aaee03d97f8ab29_ChatControl_GTSPOON.csv,261,0.1273170731707317,2.5302748582030397
