file,nrBest,proportionBest,entropyNrActions
nr_259_id_30_1056cc46c01514138449d988194e2f3c3a55838d_DispatchedRequest_GTSPOON.csv,168,0.08195121951219513,1.902151787257579
