file,nrBest,proportionBest,entropyNrActions
nr_17_id_19_007cc8b53839340dfa857f6fe2210fd651d53316_DocIdEntry_GTSPOON.csv,640,0.3121951219512195,1.0200963605484286
