file,nrBest,proportionBest,entropyNrActions
nr_392_id_34_36ae060cbcedc472625813415fba8ad8bb24d448_PDOMCPPLinkage_GTSPOON.csv,172,0.08390243902439025,3.5923760830704063
