file,nrBest,proportionBest,entropyNrActions
nr_112_id_22_027b66733d43660e028ba396a7fc4138d86dda25_SuggestServlet_GTSPOON.csv,1609,0.7848780487804878,1.1816358960892968
