file,nrBest,proportionBest,entropyNrActions
nr_16_id_33_01d4f542a3e8acf893387de8f46935d6802e8460_TypeInference_GTSPOON.csv,144,0.0702439024390244,3.0051964298357765
