file,nrBest,proportionBest,entropyNrActions
nr_434_id_37_c5d6949e9c9adef5a531c54e594349f63b531e0e_AuraUITestingUtil_GTSPOON.csv,1451,0.7078048780487805,1.4342044456703722
