file,nrBest,proportionBest,entropyNrActions
nr_382_id_33_307b1b0121b12861e47635d5d247e72a71d1f32f_Run_GTSPOON.csv,160,0.07804878048780488,2.739597483101795
