file,nrBest,proportionBest,entropyNrActions
nr_302_id_12_034b77ef481af2baae2ab5a3264c760c079f5159_Worth_GTSPOON.csv,206,0.10048780487804879,1.6384180772974417
