file,nrBest,proportionBest,entropyNrActions
nr_432_id_37_c551b29df4c43847c6cdfb04312e89ee3871aa97_TIFFImageMetadata_GTSPOON.csv,16,0.007804878048780488,3.6978527573739592
