file,nrBest,proportionBest,entropyNrActions
nr_157_id_19_03e3bb9855df7c1e7d599715c0105328368a4b01_AbstractComponentCG_GTSPOON.csv,178,0.08682926829268292,1.4287865104406845
