file,nrBest,proportionBest,entropyNrActions
nr_150_id_20_02f7bf692e9be7679413574f410538736b430364_AbstractActivity_GTSPOON.csv,201,0.09804878048780488,0.9500460048875231
