file,nrBest,proportionBest,entropyNrActions
nr_205_id_21_0546bbc61b8cd28a6f38a315fca6763615546682_QueueManagementPanel_GTSPOON.csv,1363,0.6648780487804878,1.487808926883695
