file,nrBest,proportionBest,entropyNrActions
nr_831_id_2_01cb946793bf40e0d2d0007112773adbfe7b6e48_PerfTestController_GTSPOON.csv,1310,0.6390243902439025,1.6652390447073575
