file,nrBest,proportionBest,entropyNrActions
nr_506_id_12_05757033049bd84e44f695ca781889d44577c589_Spline_GTSPOON.csv,567,0.27658536585365856,2.461931835489272
