file,nrBest,proportionBest,entropyNrActions
nr_154_id_4_0083c42a76583417303d5795ab60e3653d326c74_TableOfContents_GTSPOON.csv,1288,0.6282926829268293,1.6265521524160136
