file,nrBest,proportionBest,entropyNrActions
nr_359_id_31_18e516317d7d131d4c26707c620f6c3d7b9258b5_serverCore_GTSPOON.csv,158,0.07707317073170732,2.694726320156455
