file,nrBest,proportionBest,entropyNrActions
nr_169_id_24_0502e530098a9ff8974da3ec07ab064ff3c90d64_SonarPublisher_GTSPOON.csv,1172,0.5717073170731707,1.7828724777716656
