file,nrBest,proportionBest,entropyNrActions
nr_313_id_18_06411779467055b1c3fbc46b182c2ab92e44c50d_SimpleSubstanceService_GTSPOON.csv,2025,0.9878048780487805,0.0908249671453873
