file,nrBest,proportionBest,entropyNrActions
nr_363_id_11_04bac38a1462b4a338d1bd275913d504c9b0d5f4_HUD_GTSPOON.csv,1735,0.8463414634146341,0.7888651085025025
