file,nrBest,proportionBest,entropyNrActions
nr_70_id_21_022163f0262d8e0fe327261ab7e63d374edf0495_Minecraft_GTSPOON.csv,29,0.014146341463414635,1.7267193633815174
