file,nrBest,proportionBest,entropyNrActions
nr_570_id_8_04966a00170bcc0318da53046171d05097b9eb46_CzshareRunner_GTSPOON.csv,600,0.2926829268292683,1.8837728458048635
