file,nrBest,proportionBest,entropyNrActions
nr_523_id_6_03381b4d0345ed84cf092674ad865a628f7dcc51_WaitForBlockingJob_GTSPOON.csv,1847,0.9009756097560976,0.5696401909128882
