file,nrBest,proportionBest,entropyNrActions
nr_829_id_2_01c9bb4f2a0c2b82d23c6336232b79b9c513ead7_CardSearch_GTSPOON.csv,1749,0.853170731707317,0.7796687263226685
