file,nrBest,proportionBest,entropyNrActions
nr_416_id_32_23c573462e583434e82f89ca83ef47e8dc56ba64_PatternScorer_GTSPOON.csv,188,0.09170731707317073,1.8989047723166395
