file,nrBest,proportionBest,entropyNrActions
nr_569_id_37_fe21d18661ab0b3f5bd799f87714f2cbf35a5712_MessageList_GTSPOON.csv,27,0.013170731707317073,3.607789389225066
