file,nrBest,proportionBest,entropyNrActions
nr_47_id_5_007674ac019c3702e8a8a7fd69c22522fc31149a_CameraActivity_GTSPOON.csv,1632,0.7960975609756098,1.0327203469142194
