file,nrBest,proportionBest,entropyNrActions
nr_389_id_11_055ba6e1c4515548004e7d5311558322e09b2f2f_EnderSpawnListener_GTSPOON.csv,1666,0.8126829268292682,0.8618669981474294
