file,nrBest,proportionBest,entropyNrActions
nr_57_id_10_008433dc22c9df74e3a29dd5773759227ed3ded8_Scene_GTSPOON.csv,1227,0.5985365853658536,1.8027461473824924
