file,nrBest,proportionBest,entropyNrActions
nr_56_id_20_0110733fb5241f53ed3f0d45580b6cbc946f73c8_MessageRenderer_GTSPOON.csv,120,0.05853658536585366,1.9785119964569053
