file,nrBest,proportionBest,entropyNrActions
nr_289_id_16_054cda3500b766846a3a5fc1e6d4f2788f5e5876_CachesOverlay_GTSPOON.csv,1469,0.7165853658536585,1.394836034548289
