file,nrBest,proportionBest,entropyNrActions
nr_597_id_7_062ad3684c421998df10a694917226e6478dc525_PedMapGenotypeDataTest_GTSPOON.csv,1397,0.6814634146341464,1.3287746019233833
