file,nrBest,proportionBest,entropyNrActions
nr_274_id_25_09381e916675a644e7c129dcdb7ab9818987e073_JavaRuntime_GTSPOON.csv,145,0.07073170731707316,2.50463947384682
