file,nrBest,proportionBest,entropyNrActions
nr_133_id_37_3db5be36fa7552cc7a74e11df4ec7c77ac852d03_Main_GTSPOON.csv,20,0.00975609756097561,1.3820167897737616
