file,nrBest,proportionBest,entropyNrActions
nr_292_id_20_05a3000ed6092c0010f996a9b7c2493124c3c134_PackageUtil_GTSPOON.csv,57,0.027804878048780488,1.0179675960390404
