file,nrBest,proportionBest,entropyNrActions
nr_460_id_18_08a82328bda0d26e3c7231a095f0f041966b560d_QuestionActivity_GTSPOON.csv,1316,0.6419512195121951,1.5424157904173725
