file,nrBest,proportionBest,entropyNrActions
nr_260_id_15_04bd16425fb49677c1ea956f0717d22173c309e4_AppCellRendererJME_GTSPOON.csv,201,0.09804878048780488,2.0174287179150845
