file,nrBest,proportionBest,entropyNrActions
nr_112_id_13_0199c38b67ad91b5dc5b930e083b57da596e72f0_Options_GTSPOON.csv,1757,0.8570731707317073,0.7287493127849501
