file,nrBest,proportionBest,entropyNrActions
nr_108_id_25_03b4858d2c212d2f60f32d6f1f3766e8986e7cc6_OAServiceTest_GTSPOON.csv,2000,0.975609756097561,0.15800874247494623
