file,nrBest,proportionBest,entropyNrActions
nr_147_id_14_01fb1e0378e2b2e5cee74c594f528f30ed0adc43_WeekView_GTSPOON.csv,1275,0.6219512195121951,1.5422205065419203
