file,nrBest,proportionBest,entropyNrActions
nr_275_id_1_0349b6b461f83a0316aaefc1f7037abf6b8da12f_CyActivator_GTSPOON.csv,19,0.009268292682926829,1.9759798874283434
