file,nrBest,proportionBest,entropyNrActions
nr_429_id_23_0d5bd4ab7a75b4865b9bea8e4189e1ff426f2630_BalanceView_GTSPOON.csv,1321,0.644390243902439,1.5787426166281784
