file,nrBest,proportionBest,entropyNrActions
nr_528_id_5_045088e8b349960b791ee06fe7cae416b1097b4b_OptionHandler_GTSPOON.csv,1756,0.8565853658536585,0.784347107996656
