file,nrBest,proportionBest,entropyNrActions
nr_161_id_26_063b2db5821144566b7aeed56f54deca4285f83f_BasicPipesTest_GTSPOON.csv,152,0.07414634146341463,2.4789941031963934
