file,nrBest,proportionBest,entropyNrActions
nr_255_id_4_00ed86fe838439b48f829bc72be553b816ae1be8_CommandAdmin_GTSPOON.csv,19,0.009268292682926829,1.822938342698252
