file,nrBest,proportionBest,entropyNrActions
nr_267_id_20_05104f9a43fa8e197c0b526c1e05503452bcdbd2_EuropePanel_GTSPOON.csv,209,0.10195121951219512,2.7772772843092626
