file,nrBest,proportionBest,entropyNrActions
nr_256_id_35_31355632ae0a47f66ab02a9cfe859fb910112eb2_DocumentView_GTSPOON.csv,120,0.05853658536585366,2.6652164257948474
