file,nrBest,proportionBest,entropyNrActions
nr_624_id_5_0546338472c5b4813a208da693471babdea3dceb_JbpmProfileImpl_GTSPOON.csv,1031,0.5029268292682927,2.0061481969328567
