file,nrBest,proportionBest,entropyNrActions
nr_526_id_35_653434f61b3e1e71f1a8e52b4c8f13279213e7f8_StreamGobbler_GTSPOON.csv,80,0.03902439024390244,1.3646293191568037
