file,nrBest,proportionBest,entropyNrActions
nr_245_id_18_04cba8e8941872ea1d66d7eeff0b8b2c5f8982d7_Shell_GTSPOON.csv,870,0.424390243902439,2.3410079088255022
