file,nrBest,proportionBest,entropyNrActions
nr_257_id_20_04ec38d01187f8973cd370914f28cc90216357dc_FunctionalUnit_GTSPOON.csv,1800,0.8780487804878049,0.652514721548261
