file,nrBest,proportionBest,entropyNrActions
nr_378_id_35_4860c72efdacfa61934e34087b4f80856edb076f_Player_GTSPOON.csv,917,0.4473170731707317,2.646160908194486
