file,nrBest,proportionBest,entropyNrActions
nr_112_id_1_01371bcfe2950453888e33c234feda59114672f7_ChildCareBusinessBean_GTSPOON.csv,195,0.0951219512195122,2.6130341488835542
