file,nrBest,proportionBest,entropyNrActions
nr_81_id_27_037c252fdec60d1b954e3da4344e636814114902_FormPanel_GTSPOON.csv,1327,0.6473170731707317,1.5740990655025038
