file,nrBest,proportionBest,entropyNrActions
nr_108_id_14_0164f3b351b412871b5c0f9dd7992b2cff25ac7a_CivAPI_GTSPOON.csv,191,0.09317073170731707,2.575250147350793
