file,nrBest,proportionBest,entropyNrActions
nr_164_id_23_050c8fe71054aeb9243737b78abec2c04d0293b7_LogFile_GTSPOON.csv,1625,0.7926829268292683,0.9913603694984299
