file,nrBest,proportionBest,entropyNrActions
nr_490_id_18_09479ba42d3b961894730a6550e26657b64f8125_FiringSystem_GTSPOON.csv,1347,0.6570731707317073,1.6040574229092708
