file,nrBest,proportionBest,entropyNrActions
nr_77_id_16_018ae39c5dd02be8d322d479b35c117b7ee2664e_GeomUtilTileTest_GTSPOON.csv,140,0.06829268292682927,1.8676897361176903
