file,nrBest,proportionBest,entropyNrActions
nr_325_id_30_14163f10725497603e4a6123c4b9dfc496b5cad3_CsvReporterTest_GTSPOON.csv,1400,0.6829268292682927,1.073479367772664
