file,nrBest,proportionBest,entropyNrActions
nr_39_id_33_0658a98f5937d4b98e845cff97d24c1848a8dc92_ContentLoader_GTSPOON.csv,532,0.25951219512195123,2.3617100856957105
