file,nrBest,proportionBest,entropyNrActions
nr_319_id_38_d0e033e478da1adab7c80901e29de8fff7f6812b_Material_GTSPOON.csv,100,0.04878048780487805,2.971682562020554
