file,nrBest,proportionBest,entropyNrActions
nr_456_id_20_08bc4d76319696b93d492a9f40865b91fe880c0f_BulkLoadVisitor_GTSPOON.csv,15,0.007317073170731708,2.4584426037782716
