file,nrBest,proportionBest,entropyNrActions
nr_31_id_30_029fcbd159c27f5fe7d149cbb96e46e04b7d217e_MainActivity_GTSPOON.csv,1807,0.8814634146341463,0.45412357176164975
