file,nrBest,proportionBest,entropyNrActions
nr_593_id_36_971486837c66bc5b98bac2719a6c87319f87c655_StorageManager_GTSPOON.csv,158,0.07707317073170732,2.808958690911021
