file,nrBest,proportionBest,entropyNrActions
nr_390_id_16_0716bb9d1d198572e09673383f647c4dfa13e037_SshFilesystem_GTSPOON.csv,1757,0.8570731707317073,0.7413224727809515
