file,nrBest,proportionBest,entropyNrActions
nr_19_id_7_002934b2a1814e041b13e045182c16eafe138c3f_RouteFragment_GTSPOON.csv,896,0.4370731707317073,2.285025192283779
