file,nrBest,proportionBest,entropyNrActions
nr_248_id_36_3e98f880a2e0f1b6862aa74e00f5f790fb2b8e80_WebViewer_GTSPOON.csv,1392,0.6790243902439025,1.405426639289327
