file,nrBest,proportionBest,entropyNrActions
nr_388_id_19_094c6a21cd9aaf295d8f5144863183d583fe93fb_OutputPanel_GTSPOON.csv,1812,0.8839024390243903,0.6347013387970971
