file,nrBest,proportionBest,entropyNrActions
nr_597_id_11_087fc7b3ef2750ca0ac17ff4758f9d9a811930d9_ZendTarget_GTSPOON.csv,1380,0.6731707317073171,1.5066983406687582
