file,nrBest,proportionBest,entropyNrActions
nr_493_id_8_0412a7b728aa1eaa440dcbc4213ac193c856af81_DBSSql_GTSPOON.csv,160,0.07804878048780488,2.976980251505985
