file,nrBest,proportionBest,entropyNrActions
nr_306_id_38_c9d716d45336f8da46822f949b9f0af7acbbabe6_MarkStyle_GTSPOON.csv,848,0.41365853658536583,2.2359032746835448
