file,nrBest,proportionBest,entropyNrActions
nr_376_id_2_00c6f8730eaa3dee011f079e9b6e41c9c8287e6e_StandardVMType_GTSPOON.csv,1028,0.5014634146341463,1.9321868321626945
