file,nrBest,proportionBest,entropyNrActions
nr_508_id_1_05a915b476eed47a866959a88b6a94a63597d410_EcoreGenmodelRegistry_GTSPOON.csv,1847,0.9009756097560976,0.5192980820168369
