file,nrBest,proportionBest,entropyNrActions
nr_10_id_6_00160921f196ce2c1e8aa6f65d5610b0261f512b_MonitorOptionDialog_GTSPOON.csv,1457,0.7107317073170731,1.3276466081465919
