file,nrBest,proportionBest,entropyNrActions
nr_140_id_32_0cb77f73d95f6cbc6050749de939f5d40c3fcbe7_Globals_GTSPOON.csv,1934,0.9434146341463414,0.3216255595292716
