file,nrBest,proportionBest,entropyNrActions
nr_6_id_33_00b60620acfadef5a9732947734abd724f9087d0_WPointActivity_GTSPOON.csv,106,0.05170731707317073,2.338783694975244
