file,nrBest,proportionBest,entropyNrActions
nr_341_id_5_02c9cf6f2db800c667a2267f9451e58e8668e2c2_IssuesTest_GTSPOON.csv,1196,0.5834146341463414,1.3147153472840596
