file,nrBest,proportionBest,entropyNrActions
nr_21_id_20_004fe38315c4216f2840bb7ff964f0867412a378_PolicyFinderModule_GTSPOON.csv,900,0.43902439024390244,2.2757338249838464
