file,nrBest,proportionBest,entropyNrActions
nr_300_id_17_06151ba85d4f430b2c03d3ff47258b65463de34b_QuantityRemoverDialog_GTSPOON.csv,5,0.0024390243902439024,0.4282303067300329
