file,nrBest,proportionBest,entropyNrActions
nr_301_id_11_03e6ec6b93aeb9988ec1d4a5be62731a02a04284_WordMatchMap_GTSPOON.csv,1835,0.8951219512195122,0.5478559195898463
