file,nrBest,proportionBest,entropyNrActions
nr_479_id_14_06dd7e509e5c51a77b5de41b9184613527efa779_PlayMenu_GTSPOON.csv,455,0.22195121951219512,3.0326463863761774
