file,nrBest,proportionBest,entropyNrActions
nr_48_id_23_01a533f8e1ba1e25205454b443f1d71a1c05d151_ClientHandler_GTSPOON.csv,1260,0.6146341463414634,1.5863536588017637
