file,nrBest,proportionBest,entropyNrActions
nr_88_id_10_00b7897827b7c5d6b94a7e77fd30d6a3916516de_ArrayValueImpl_GTSPOON.csv,105,0.05121951219512195,2.467621444868493
