file,nrBest,proportionBest,entropyNrActions
nr_401_id_13_05df1ac500fd3c911d84ab687d1a09ca18a94a44_CSSParser_GTSPOON.csv,152,0.07414634146341463,2.986603161962332
