file,nrBest,proportionBest,entropyNrActions
nr_428_id_26_0e857d02bfdf29adc90a5c73c07695815e9f1b9f_MapPage_GTSPOON.csv,1916,0.9346341463414635,0.3772900381616565
