file,nrBest,proportionBest,entropyNrActions
nr_166_id_5_016df00ee38199018b34d5b488e3099ae84f1c1f_ArchiveBuildDelegate_GTSPOON.csv,980,0.47804878048780486,2.097971028611796
