file,nrBest,proportionBest,entropyNrActions
nr_563_id_37_fceffbe870586912ab4f172546289b0c10e460dc_ObjectAdapter_GTSPOON.csv,193,0.09414634146341463,2.880585906592014
