file,nrBest,proportionBest,entropyNrActions
nr_118_id_1_0144bd71d8779d2276e052591418a36dde4946ee_TestHttpServer_GTSPOON.csv,1110,0.5414634146341464,1.8267011399051758
