file,nrBest,proportionBest,entropyNrActions
nr_346_id_13_0502c4ee9711dc2d5fb488543206128e59328ff4_IMAPHandler_GTSPOON.csv,187,0.09121951219512195,2.6596132762193867
