file,nrBest,proportionBest,entropyNrActions
nr_115_id_24_03788f437959651c4b97dd8d999626752c1146a0_NewXMLWizard_GTSPOON.csv,167,0.08146341463414634,3.3159037627449623
