file,nrBest,proportionBest,entropyNrActions
nr_355_id_31_186d32454998c1dd611eb4385e1ef7583ec2434b_CameraSwitcher_GTSPOON.csv,14,0.006829268292682927,3.3004934832199266
