file,nrBest,proportionBest,entropyNrActions
nr_573_id_30_22570528891ac79f66fc6a505be4f91a38f848d9_AllParametersDecoder_GTSPOON.csv,974,0.4751219512195122,2.3878588930322886
