file,nrBest,proportionBest,entropyNrActions
nr_99_id_7_01119d83e791ab7ddc1f909f2634bdc02084260e_WikipediaLoader_GTSPOON.csv,390,0.1902439024390244,3.171255072137133
