file,nrBest,proportionBest,entropyNrActions
nr_196_id_24_060de0df7d7e623ed953ea5b5f23d584234023e2_AppTest_GTSPOON.csv,1932,0.9424390243902439,0.29779359324780885
