file,nrBest,proportionBest,entropyNrActions
nr_495_id_8_041426463114f0e52768c38de29f5bc011c24d02_TestExistingSSTA_GTSPOON.csv,1965,0.9585365853658536,0.21306796082870555
