file,nrBest,proportionBest,entropyNrActions
nr_98_id_39_a36da7977c56652aed1ee019a4e146a5e290887f_Storage_GTSPOON.csv,167,0.08146341463414634,2.73131354503409
