file,nrBest,proportionBest,entropyNrActions
nr_292_id_36_48c10fe6150d276a4b46366ea280d82054562068_SnowballerListener_GTSPOON.csv,106,0.05170731707317073,3.849614927548127
