file,nrBest,proportionBest,entropyNrActions
nr_529_id_15_09871f20cbf40e2e195c55e6c8fc63c3d5b2ea60_WebClient_GTSPOON.csv,176,0.08585365853658537,2.5936678607345818
