file,nrBest,proportionBest,entropyNrActions
nr_401_id_35_4c1a53738f68e39d0247591c6d11734fdebf02b4_FiringSystem_GTSPOON.csv,362,0.17658536585365853,2.9993778076037914
