file,nrBest,proportionBest,entropyNrActions
nr_313_id_12_035dfc08598c0b2cb517d761b24294dadfca3f24_Store_GTSPOON.csv,1505,0.7341463414634146,1.2385660964286296
