file,nrBest,proportionBest,entropyNrActions
nr_450_id_9_05302b198a6a8205ee7035f9772629ed648bc76d_AMLoginContext_GTSPOON.csv,149,0.07268292682926829,2.9917036798349024
