file,nrBest,proportionBest,entropyNrActions
nr_235_id_15_0465f8193cf84a05b4df0bc1b135abb69321777e_JobFileInputVertex_GTSPOON.csv,426,0.20780487804878048,2.2716461379751154
