file,nrBest,proportionBest,entropyNrActions
nr_71_id_22_018467f2eb56d0cbf4677f77b98f1fa46aed466d_PortsFragment_GTSPOON.csv,1920,0.9365853658536586,0.39743025657430664
