file,nrBest,proportionBest,entropyNrActions
nr_147_id_4_007da906f3c7bd095bbf6d53f966a5773db5c8aa_WebUtilTest_GTSPOON.csv,258,0.12585365853658537,2.5810648098456044
