file,nrBest,proportionBest,entropyNrActions
nr_67_id_30_04b681efe626339f4520a092626f28916a391750_MenuPanel_GTSPOON.csv,1050,0.5121951219512195,2.2268711337283595
