file,nrBest,proportionBest,entropyNrActions
nr_117_id_16_025771c626951f5aab98636506008e9350eede94_CommandLineOptionsTest_GTSPOON.csv,1938,0.9453658536585365,0.32444870704897727
