file,nrBest,proportionBest,entropyNrActions
nr_328_id_5_02a442dab0fa9d7ab61ef38a7ac2d570d0d9c689_Station_GTSPOON.csv,1296,0.6321951219512195,1.536825036014617
