file,nrBest,proportionBest,entropyNrActions
nr_66_id_31_053ae639fe1e77437dae3ae49171689a58eac0cb_TestUserImpl_GTSPOON.csv,802,0.39121951219512197,2.2595118847686484
