file,nrBest,proportionBest,entropyNrActions
nr_246_id_11_03363482cddf1d2582f215f932841cc1dd3f4573_StudentServiceFacade_GTSPOON.csv,1900,0.926829268292683,0.43092204245453647
