file,nrBest,proportionBest,entropyNrActions
nr_314_id_3_0200197a07f3950bfc43836de66c036ee9557ac9_GameScreen_GTSPOON.csv,1735,0.8463414634146341,0.8269514328191481
