file,nrBest,proportionBest,entropyNrActions
nr_194_id_25_066a5c781f196f165db35509bb617306e53636dc_BakaTsukiWebChromeClient_GTSPOON.csv,760,0.37073170731707317,1.106000946512296
