file,nrBest,proportionBest,entropyNrActions
nr_354_id_8_02f237e6a374ebccd94423a2ca7947e360580931_RssSearchProviderManager_GTSPOON.csv,1757,0.8570731707317073,0.7464352263346764
