file,nrBest,proportionBest,entropyNrActions
nr_43_id_39_432aa458d12a0194397aa93ef1d83b9a7fbb53de_Scene_GTSPOON.csv,1204,0.5873170731707317,1.7057210531933604
