file,nrBest,proportionBest,entropyNrActions
nr_577_id_11_083b4df341bcdeb2c08496cc24530ae78cf4002a_Economy_GTSPOON.csv,1837,0.8960975609756098,0.6120580995305155
