file,nrBest,proportionBest,entropyNrActions
nr_308_id_17_06557b162b0c43e42f98a7b3b8d18eb79effa448_MainActivity_GTSPOON.csv,484,0.23609756097560974,1.852911681062357
