file,nrBest,proportionBest,entropyNrActions
nr_39_id_2_00154b24d65185f84d5a72a084046e68c733026c_ArmoryPlayer_GTSPOON.csv,1733,0.8453658536585366,0.6795731963700803
