file,nrBest,proportionBest,entropyNrActions
nr_451_id_33_374e4e7071ea7fde505ab834e8b4f8054a9f5c75_TokenStream_GTSPOON.csv,59,0.02878048780487805,3.5789143546332403
