file,nrBest,proportionBest,entropyNrActions
nr_533_id_6_03429e5af57ea5a231ff468691958cc596145cd9_Quercus_GTSPOON.csv,188,0.09170731707317073,2.350902105444492
