file,nrBest,proportionBest,entropyNrActions
nr_240_id_34_220c04531c689360b167bf9e1d3195c9094a7899_EasyPhotoUpload_GTSPOON.csv,1477,0.7204878048780488,1.372585924343971
