file,nrBest,proportionBest,entropyNrActions
nr_139_id_38_5e00bdf4c63112d953e900f82636f07968ab63e4_FontValidator_GTSPOON.csv,1908,0.9307317073170732,0.4385790380043767
