file,nrBest,proportionBest,entropyNrActions
nr_289_id_37_7f3840548afde94eee265d3338b5b3e8e446d22a_ActionReceiver_GTSPOON.csv,1904,0.9287804878048781,0.4090083027571725
