file,nrBest,proportionBest,entropyNrActions
nr_677_id_2_0174af31860532c1a57663a0f0c131cb47907303_HTTPPayload_GTSPOON.csv,1016,0.49560975609756097,1.9783366682581534
