file,nrBest,proportionBest,entropyNrActions
nr_265_id_7_02cb1721b2fa53610338acbbba22d8f57ed33922_PartManager_GTSPOON.csv,359,0.17512195121951218,1.7398751351537225
