file,nrBest,proportionBest,entropyNrActions
nr_134_id_9_01a061ca68931f06707dc65fc0ee801e32340155_RecapState_GTSPOON.csv,550,0.2682926829268293,2.4579178618075264
