file,nrBest,proportionBest,entropyNrActions
nr_233_id_14_036fd2a62a9b942812010c2e987c660137797d75_Model_GTSPOON.csv,178,0.08682926829268292,2.427289246347082
