file,nrBest,proportionBest,entropyNrActions
nr_288_id_4_011390c87d0b8acf4bd2ed38b1fe8cc924b9252d_GdxBuild_GTSPOON.csv,2014,0.9824390243902439,0.1094047907455735
