file,nrBest,proportionBest,entropyNrActions
nr_444_id_18_085ec85c3f9889815855cb7184cbb1f69c1872fe_DependencyConfig_GTSPOON.csv,2018,0.984390243902439,0.10706778824219183
