file,nrBest,proportionBest,entropyNrActions
nr_59_id_26_0272c0c094409f7488d40b76036b0e449e81ab4b_MapGenerator_GTSPOON.csv,40,0.01951219512195122,1.314503350336282
