file,nrBest,proportionBest,entropyNrActions
nr_415_id_30_195832190223666a170906e70b5060b52804d63d_Grid_GTSPOON.csv,1315,0.6414634146341464,1.6215905107930622
