file,nrBest,proportionBest,entropyNrActions
nr_7_id_18_0013b649c817c966282f75bbb5777ac7e8c109ae_ActivityMain_GTSPOON.csv,124,0.06048780487804878,2.77984061905458
