file,nrBest,proportionBest,entropyNrActions
nr_426_id_8_038b896ba774417dfcf810c0501dbadad5347816_MessageVerifier_GTSPOON.csv,1475,0.7195121951219512,1.2149050753741786
