file,nrBest,proportionBest,entropyNrActions
nr_522_id_2_01187ade99cfa962e542a03866d0b76a51517761_FolderObserver_GTSPOON.csv,1355,0.6609756097560976,1.5826192359740374
