file,nrBest,proportionBest,entropyNrActions
nr_352_id_13_050f39a4ee9638b52b4301154083a49a3b796b5a_VirtualAcquisitionDisplay_GTSPOON.csv,165,0.08048780487804878,2.6464648635596917
