file,nrBest,proportionBest,entropyNrActions
nr_406_id_15_077e8fe72e3573cf6f587f2c00c052c061636568_Shootist_GTSPOON.csv,884,0.43121951219512195,2.363026329923664
