file,nrBest,proportionBest,entropyNrActions
nr_283_id_24_08b4a400af32403b80eddbbab53523b21570282d_Backend_GTSPOON.csv,897,0.4375609756097561,1.9983978884074882
