file,nrBest,proportionBest,entropyNrActions
nr_467_id_25_109e2afd14f3344f50a99b71dc2c22fe495b64c7_InputHandler_GTSPOON.csv,1306,0.6370731707317073,1.6453712416229185
