file,nrBest,proportionBest,entropyNrActions
nr_491_id_27_164e4cec4e9b8776726c4ddd5e1a848791396227_Kernel_GTSPOON.csv,40,0.01951219512195122,2.7811413136594294
