file,nrBest,proportionBest,entropyNrActions
nr_304_id_14_048e179dfe85b47b0364bcc05bcda7a4b93407e6_VCalendar_GTSPOON.csv,1,0.0004878048780487805,3.427809376824281
