file,nrBest,proportionBest,entropyNrActions
nr_9_id_10_000ae3998500c5fd17510f984895bd6526fdad8e_WaterModule_GTSPOON.csv,1483,0.7234146341463414,1.1822251626477178
