file,nrBest,proportionBest,entropyNrActions
nr_345_id_22_089aa9413172c37b94327e1a6305d1109bbd592a_ConnectorSipgate_GTSPOON.csv,957,0.46682926829268295,2.1352805136139494
