file,nrBest,proportionBest,entropyNrActions
nr_5_id_26_002e2a43d31f24b06281dae8e9e19079c460ae42_World_GTSPOON.csv,1253,0.6112195121951219,1.5666959838524206
