file,nrBest,proportionBest,entropyNrActions
nr_122_id_16_0260680935ebb239ebe039157625a0471377bb88_ApartmentChoresFragment_GTSPOON.csv,550,0.2682926829268293,3.0408182778615864
