file,nrBest,proportionBest,entropyNrActions
nr_287_id_15_0559d5c900ab164879b653779641d1eda2b37a47_CorespringClientTest_GTSPOON.csv,296,0.144390243902439,2.479533381711898
