file,nrBest,proportionBest,entropyNrActions
nr_410_id_11_0592324200e44e7686dc40859c6c15fed59f5a24_FxGroupData_GTSPOON.csv,183,0.08926829268292683,2.526321953003321
