file,nrBest,proportionBest,entropyNrActions
nr_322_id_5_029db916344446f6c73e6d781aa609a876c8c316_MetadataUtils_GTSPOON.csv,1015,0.4951219512195122,2.021750308248947
