file,nrBest,proportionBest,entropyNrActions
nr_147_id_38_67005decefc84e7e3b4479fea841a117d33e754c_createVoucher_GTSPOON.csv,60,0.02926829268292683,3.9266436848026087
