file,nrBest,proportionBest,entropyNrActions
nr_362_id_3_0265547e01dee85c69767ea16714e361637f2857_ErrorManager_GTSPOON.csv,1192,0.5814634146341463,1.7489321590995388
