file,nrBest,proportionBest,entropyNrActions
nr_299_id_35_388342f78b3f432608af7536f19d5434e4647c10_Grid_GTSPOON.csv,147,0.07170731707317073,2.9481530292288403
