file,nrBest,proportionBest,entropyNrActions
nr_292_id_8_026d55d44c10d177775050e76ae3bd49b33b330e_FTCommunication_GTSPOON.csv,937,0.45707317073170733,1.9734365820578699
