file,nrBest,proportionBest,entropyNrActions
nr_100_id_33_0c99693ec0d63c86f6aa19d3c407b07946b50580_OrderedLock_GTSPOON.csv,20,0.00975609756097561,1.2313285368868823
