file,nrBest,proportionBest,entropyNrActions
nr_319_id_30_139ae05509ed2dba5a1b82926824641ba5e19c4d_UniqueArrayList_GTSPOON.csv,247,0.12048780487804878,1.103041570814517
