file,nrBest,proportionBest,entropyNrActions
nr_429_id_12_04a435044afafcf9f530ef058ca32d7e43848140_XMLPatch_GTSPOON.csv,6,0.002926829268292683,2.84070991726267
