file,nrBest,proportionBest,entropyNrActions
nr_263_id_16_04d5558002f818b3f2bf38194e238404461fb4cb_VideoType_GTSPOON.csv,1160,0.5658536585365853,1.0082930666456986
