file,nrBest,proportionBest,entropyNrActions
nr_171_id_12_01e6ad771cb0a34079694e48d25f6c6f3920361a_MagicWidget_GTSPOON.csv,2015,0.9829268292682927,0.10520570474832268
