file,nrBest,proportionBest,entropyNrActions
nr_415_id_8_03676f5a334eb15ae0eae756c30906e330983bc2_TransportProtokoll_GTSPOON.csv,1461,0.7126829268292683,1.3357856332313334
