file,nrBest,proportionBest,entropyNrActions
nr_235_id_27_0a8597dd176712828d8051f53a32c6331008d81c_TileEntityTransformer_GTSPOON.csv,1407,0.6863414634146342,1.525138711564527
