file,nrBest,proportionBest,entropyNrActions
nr_220_id_22_058a590b5b193e396632430e52c34b1ca35fe2e6_Game_GTSPOON.csv,220,0.1073170731707317,2.205785000253235
