file,nrBest,proportionBest,entropyNrActions
nr_175_id_5_018572cbf7ae33abbc6075181b705ceca8bc0523_URIUtils_GTSPOON.csv,165,0.08048780487804878,0.8528742458574226
