file,nrBest,proportionBest,entropyNrActions
nr_241_id_33_1e57188f3832fc48229d9230b9fe45fa9a807ab4_MessagingController_GTSPOON.csv,146,0.07121951219512195,3.345731427809434
