file,nrBest,proportionBest,entropyNrActions
nr_547_id_28_18681719b39ed57e1ff0ccbc0bc991f9d7685d36_RegisterFragment_GTSPOON.csv,57,0.027804878048780488,1.714316715823144
