file,nrBest,proportionBest,entropyNrActions
nr_386_id_21_0a18a03b7694c7b7fa126f4846a9f6acb999e660_Logic_GTSPOON.csv,1648,0.8039024390243903,0.9037354022357083
