file,nrBest,proportionBest,entropyNrActions
nr_262_id_36_41a629437ea983b769df7d08042b7054a53c4f99_Database_GTSPOON.csv,1331,0.6492682926829269,1.6769446713384317
