file,nrBest,proportionBest,entropyNrActions
nr_306_id_21_0809463b4dfc5488ee6271f8b9a737aba9a43f72_TestTwoPush_GTSPOON.csv,1335,0.651219512195122,1.219821610522218
