file,nrBest,proportionBest,entropyNrActions
nr_187_id_25_06222d8ea2918eae49ebe3f324d41e00f01cf169_JUnitEEServlet_GTSPOON.csv,1564,0.7629268292682927,1.1372627368894968
