file,nrBest,proportionBest,entropyNrActions
nr_120_id_29_06da78d8704f401b94e832622a88c36de3ebeae5_ShapefileTile_GTSPOON.csv,900,0.43902439024390244,2.3851136077959034
