file,nrBest,proportionBest,entropyNrActions
nr_283_id_28_0cc86675c50a795b3246ff2a9b5ce10e9932608a_SoarEaterIL_GTSPOON.csv,207,0.10097560975609757,3.6332167345343596
