file,nrBest,proportionBest,entropyNrActions
nr_222_id_19_056d2f5f83ef902968e5e2aff640d517e14b816f_JAXBContextImpl_GTSPOON.csv,755,0.36829268292682926,2.1888302999335094
