file,nrBest,proportionBest,entropyNrActions
nr_254_id_21_06a7414a817fd88146aa009967b5e8183c8d49c5_IndexReader_GTSPOON.csv,448,0.21853658536585366,2.3393821143576714
