file,nrBest,proportionBest,entropyNrActions
nr_309_id_19_075817ff689b7dd12b137bd625f5807df1a29d5a_MessageListFragment_GTSPOON.csv,183,0.08926829268292683,2.8676692057283626
