file,nrBest,proportionBest,entropyNrActions
nr_403_id_28_11ce0d5974263b7b698c9c2e4c2f0f79464e8148_CustomClientCommandTest_GTSPOON.csv,569,0.2775609756097561,1.8094853616681512
