file,nrBest,proportionBest,entropyNrActions
nr_220_id_23_07378367e1f33311ccc2a1fd621097ad5853dba7_ID3Parser_GTSPOON.csv,170,0.08292682926829269,2.3110288968710706
