file,nrBest,proportionBest,entropyNrActions
nr_254_id_3_01b04915a610fcd689ff777c0f30c8216bfa4ddb_AllTest_GTSPOON.csv,2013,0.9819512195121951,0.11250639522925096
