file,nrBest,proportionBest,entropyNrActions
nr_14_id_10_001d11e03ba322e9c2f73ec820249cd8434380e0_Engine_GTSPOON.csv,1300,0.6341463414634146,1.8581111813689413
