file,nrBest,proportionBest,entropyNrActions
nr_535_id_3_03783cefff3c318724605a2cccdf04a79d929033_Criterion_GTSPOON.csv,1876,0.9151219512195122,0.4605877686186438
