file,nrBest,proportionBest,entropyNrActions
nr_539_id_35_66fd449e098a79b46836c11250ab63e4477c6fe3_ParticleSystem_GTSPOON.csv,1120,0.5463414634146342,1.6982155918521245
