file,nrBest,proportionBest,entropyNrActions
nr_249_id_27_0af55e46a08e0d572d894a5411d68f396f2fc341_CommitContextAction_GTSPOON.csv,106,0.05170731707317073,0.628217418778565
