file,nrBest,proportionBest,entropyNrActions
nr_343_id_26_0bc17a23e3e859076be9648a162a234793e3fb2c_AudioTool_GTSPOON.csv,180,0.08780487804878048,2.601679003113202
