file,nrBest,proportionBest,entropyNrActions
nr_484_id_15_08f6cee2afa0d765c766c08162c78ecb3695d556_PlayGameActivity_GTSPOON.csv,17,0.008292682926829269,3.286387758421826
