file,nrBest,proportionBest,entropyNrActions
nr_82_id_18_018e3d8f54a86d79d7da72f8d1ab21c519e678a2_ServerUser_GTSPOON.csv,54,0.026341463414634145,1.5629657457925878
