file,nrBest,proportionBest,entropyNrActions
nr_74_id_26_02c9232ebf2a4eb71349a901584f8b6db0669054_UserListResource_GTSPOON.csv,976,0.47609756097560973,0.41101493828241287
