file,nrBest,proportionBest,entropyNrActions
nr_243_id_22_0659a23109d7b3b74a6663d70df2e2e95d110f3d_DynJS_GTSPOON.csv,1465,0.7146341463414634,1.3271607796516705
