file,nrBest,proportionBest,entropyNrActions
nr_8_id_30_00824973ca9366dd090a6e1189d682de1a9a02d1_ConfigurationGenerator_GTSPOON.csv,167,0.08146341463414634,2.7799657093902144
