file,nrBest,proportionBest,entropyNrActions
nr_553_id_11_07f245f576158857a2d5fb588869926720d6e2f0_HelloDbResponse_GTSPOON.csv,91,0.04439024390243902,1.1068599245521273
