file,nrBest,proportionBest,entropyNrActions
nr_12_id_29_00c451923022bee961fe4c9651672f4db9b11af6_R_GTSPOON.csv,1120,0.5463414634146342,1.7371758789000327
