file,nrBest,proportionBest,entropyNrActions
nr_110_id_30_072581b300f03859d303b9de25b56d065f3395ee_OMETiffWriter_GTSPOON.csv,1206,0.5882926829268292,1.893668453348408
