file,nrBest,proportionBest,entropyNrActions
nr_62_id_27_02d72bcbc9d234377d57a7a3f17b40ff2b114278_ReaderView_GTSPOON.csv,91,0.04439024390243902,4.005473044680575
