file,nrBest,proportionBest,entropyNrActions
nr_285_id_34_284f9e3ae314b8dd1857b3f2a553d82a71190068_InteractionEvent_GTSPOON.csv,797,0.38878048780487806,2.3425371646362314
