file,nrBest,proportionBest,entropyNrActions
nr_169_id_11_022bbed0d89acdee3725c9a2e4860efc509a2ac9_Letters_GTSPOON.csv,1445,0.7048780487804878,1.1585583804768569
