file,nrBest,proportionBest,entropyNrActions
nr_104_id_6_00ba27dc1c48a64c8cf51344b53171df3aee7f85_VddLogToHTML_GTSPOON.csv,284,0.13853658536585367,3.221302792757901
