file,nrBest,proportionBest,entropyNrActions
nr_25_id_24_00bdab32dd89eb397fe77766818199b88d5b1f25_Server_GTSPOON.csv,1816,0.8858536585365854,0.5727638023854266
