file,nrBest,proportionBest,entropyNrActions
nr_131_id_27_05ad6b2f1dfc0a667fdae4160212ce3cf4f8151a_DnsServer_GTSPOON.csv,80,0.03902439024390244,0.9074143344464604
