file,nrBest,proportionBest,entropyNrActions
nr_603_id_11_08bdb71add4714aaaa88d2aa3e7e59649c819801_PhoneBase_GTSPOON.csv,210,0.1024390243902439,2.1925612022857046
