file,nrBest,proportionBest,entropyNrActions
nr_34_id_38_1634731aa1325e5c90be3be2b08384414b77f77e_RunAndTrack_GTSPOON.csv,60,0.02926829268292683,0.5984149410276088
