file,nrBest,proportionBest,entropyNrActions
nr_426_id_9_04df153f47886a341122f50e11b775c6852c52ed_SelectVariants_GTSPOON.csv,15,0.007317073170731708,2.42950154065189
