file,nrBest,proportionBest,entropyNrActions
nr_405_id_36_691d088e60c0b8efb1f530a6aab4c0fb5cb52bf6_RVisitor_GTSPOON.csv,937,0.45707317073170733,1.9184348520007148
