file,nrBest,proportionBest,entropyNrActions
nr_92_id_16_01c7b3736249cf1fb4b39ffaff1b35784024b257_MapResult_GTSPOON.csv,25,0.012195121951219513,1.45880724390116
