file,nrBest,proportionBest,entropyNrActions
nr_558_id_9_06685dc5617240a594e4d59448f7fddb221bc2ab_IrcAddressTest_GTSPOON.csv,361,0.17609756097560975,1.175418787466098
