file,nrBest,proportionBest,entropyNrActions
nr_99_id_9_0131d31b5185e639632c935f74f9ffacbc4ec176_TileEntityFirepit_GTSPOON.csv,135,0.06585365853658537,3.3760674961288464
