file,nrBest,proportionBest,entropyNrActions
nr_435_id_20_0864f80b49dbc7ebbebb51a0b18834e5e91abd74_Command_GTSPOON.csv,1666,0.8126829268292682,0.860229798575813
