file,nrBest,proportionBest,entropyNrActions
nr_411_id_18_07c33f52a8e60c71e6e403f66880d23c70cbd417_MainPanel_GTSPOON.csv,1400,0.6829268292682927,1.3388291659920368
