file,nrBest,proportionBest,entropyNrActions
nr_370_id_10_0387d973b454d49ace0cf55e15aa107d765e52e8_Calculator_GTSPOON.csv,5,0.0024390243902439024,1.6899021387397135
