file,nrBest,proportionBest,entropyNrActions
nr_171_id_17_036f18859b3f2881dc8542d0984c64c7ccdd894e_AbstractOslcClient_GTSPOON.csv,1,0.0004878048780487805,2.9071887205131812
