file,nrBest,proportionBest,entropyNrActions
nr_160_id_23_04ee833feafb35691b10da5431aa887b75ceeb49_Workspace_GTSPOON.csv,188,0.09170731707317073,2.587938083232795
