file,nrBest,proportionBest,entropyNrActions
nr_229_id_15_0441957292082f4d93f2784bec7b3eaa14dfdf12_TimerService_GTSPOON.csv,1119,0.5458536585365854,1.7702310186160646
