file,nrBest,proportionBest,entropyNrActions
nr_282_id_34_27a94f5c71179af37df078bc90597bc2f9470b4f_MPD_GTSPOON.csv,145,0.07073170731707316,2.9143159345962815
