file,nrBest,proportionBest,entropyNrActions
nr_87_id_4_004b3d6afb69cc721700a53661a9aab4a87d89b6_CaldavBWIntf_GTSPOON.csv,177,0.08634146341463414,3.061747402366744
