file,nrBest,proportionBest,entropyNrActions
nr_127_id_28_05da28023be007afa760339c2567a453e6411486_ScopedLocalizableError_GTSPOON.csv,765,0.37317073170731707,1.7122990673902785
