file,nrBest,proportionBest,entropyNrActions
nr_554_id_37_f7ce38e94d659904b040cb2af7c3833394a8fddb_ScmRealm_GTSPOON.csv,20,0.00975609756097561,2.3049327581207493
