file,nrBest,proportionBest,entropyNrActions
nr_20_id_37_06b799a3ce475c514e3fe435e486e81612fac224_AuthzMapLineParser_GTSPOON.csv,188,0.09170731707317073,1.801337385587763
