file,nrBest,proportionBest,entropyNrActions
nr_490_id_14_06f896be09e17fe8b243da8a648d62bca5d9c099_Any_GTSPOON.csv,162,0.07902439024390244,2.571491007640602
