file,nrBest,proportionBest,entropyNrActions
nr_302_id_26_0a7d33ce21c392e719b9af07b9f10d730ad49a4d_FavoritesActivity_GTSPOON.csv,1007,0.49121951219512194,0.26034666461207623
