file,nrBest,proportionBest,entropyNrActions
nr_441_id_17_08e5ac52fcdbd278593905400b8523c5248e3749_TestNG_GTSPOON.csv,195,0.0951219512195122,2.785549166223057
