file,nrBest,proportionBest,entropyNrActions
nr_254_id_34_242da55d4037753daa128a729e3ebe4f079b9ede_SymbolRule_GTSPOON.csv,2000,0.975609756097561,0.16272188448741154
