file,nrBest,proportionBest,entropyNrActions
nr_275_id_29_101924106d0dfb9d1b92b91a0701abdc980d93a9_DCCPlugin_GTSPOON.csv,95,0.046341463414634146,3.644653736795478
