file,nrBest,proportionBest,entropyNrActions
nr_309_id_15_05ada6ce7f00c4acc85fcfe50b143f24cff6a046_Post_GTSPOON.csv,1925,0.9390243902439024,0.394268057282828
