file,nrBest,proportionBest,entropyNrActions
nr_386_id_12_04272e335a8987b6a4cad733200a6126e389b491_OntologyService_GTSPOON.csv,2010,0.9804878048780488,0.12227325313775385
