file,nrBest,proportionBest,entropyNrActions
nr_178_id_3_01414855bca9abed082040a7ed4090f610cb367f_HttpServer_GTSPOON.csv,1405,0.6853658536585366,1.4346506363371012
