file,nrBest,proportionBest,entropyNrActions
nr_262_id_33_213b1d6dbb81e19480400186f6db227c2d767204_AuraResourceServletTest_GTSPOON.csv,830,0.40487804878048783,0.8610596028753983
