file,nrBest,proportionBest,entropyNrActions
nr_334_id_9_040122d5676eae7fed4553a5df1d4ee0e8f41e0b_HungerGames_GTSPOON.csv,176,0.08585365853658537,2.7225265741962126
