file,nrBest,proportionBest,entropyNrActions
nr_398_id_29_17157a63ca62abea07b959d03ef9c1bc822e0a6f_LEView_GTSPOON.csv,2000,0.975609756097561,0.15297964710607115
