file,nrBest,proportionBest,entropyNrActions
nr_863_id_2_01dd3898674950117bf9952343ff8cf971d4c253_GasChamber_GTSPOON.csv,1163,0.5673170731707317,1.8496700678037876
