file,nrBest,proportionBest,entropyNrActions
nr_351_id_30_158d8202d88be6fca9a9153aa0bfa34041eb65c8_ReadStream_GTSPOON.csv,114,0.055609756097560976,2.9766571842107306
