file,nrBest,proportionBest,entropyNrActions
nr_387_id_14_05a89d651ad33a64dbb721a88e2508ba59b36da1_BugzillaImages_GTSPOON.csv,1570,0.7658536585365854,1.035935613973904
