file,nrBest,proportionBest,entropyNrActions
nr_388_id_27_117e1048d0e2db6df3faed02a60c87587cc54844_QuikitAssembler_GTSPOON.csv,1924,0.9385365853658536,0.38736480375515175
