file,nrBest,proportionBest,entropyNrActions
nr_134_id_39_dca7559951ba4555b8364bac7e39bec35005ee6f_SearchRequest_GTSPOON.csv,1247,0.6082926829268293,1.6545924581842832
