file,nrBest,proportionBest,entropyNrActions
nr_552_id_14_07eec3f58e2781c9a6e128611c0e80f7cd49ad91_TreeNode_GTSPOON.csv,539,0.2629268292682927,2.520916558224883
