file,nrBest,proportionBest,entropyNrActions
nr_210_id_14_0307fba70b8278171bafb3c70a151530f1bb5cd3_HNFeedTaskMainFeed_GTSPOON.csv,1928,0.9404878048780487,0.36483648952756037
