file,nrBest,proportionBest,entropyNrActions
nr_359_id_23_0b7c7eebad1a41af4455619fd7556057d6ea6364_AlertActivity_GTSPOON.csv,891,0.4346341463414634,1.8101889057652323
