file,nrBest,proportionBest,entropyNrActions
nr_193_id_25_065f795332c97689974638693465a2cb553684c6_AddADFSupportHelper_GTSPOON.csv,128,0.0624390243902439,1.6921111393310382
