file,nrBest,proportionBest,entropyNrActions
nr_328_id_7_0357dc4458c993e889d984cf761627464e539eb9_SweetHomeLoginAlgorithm_GTSPOON.csv,1934,0.9434146341463414,0.3420846007992189
