file,nrBest,proportionBest,entropyNrActions
nr_117_id_13_01a24454c93667f233df84888788288be3c54c9d_RequireCSRFCheckAction_GTSPOON.csv,1279,0.6239024390243902,1.1564408943970232
