file,nrBest,proportionBest,entropyNrActions
nr_81_id_18_0175da493e5926e9b9cd2f17820557cebe6ba9a5_Run_GTSPOON.csv,483,0.23560975609756096,2.244767814952994
