file,nrBest,proportionBest,entropyNrActions
nr_252_id_35_308be9e3027cf9b153b426f54dd3d4778a12263a_HRMController_GTSPOON.csv,177,0.08634146341463414,3.1475391820438805
