file,nrBest,proportionBest,entropyNrActions
nr_71_id_36_110372973b2ebf9e089d2b53734d279822484d6d_XmlCompilerHelper_GTSPOON.csv,1020,0.4975609756097561,2.0534660761815497
