file,nrBest,proportionBest,entropyNrActions
nr_196_id_21_0515df331453c97ff76821809d0e5feff05fdd11_MatchesFuncTest_GTSPOON.csv,180,0.08780487804878048,2.5229020829661355
