file,nrBest,proportionBest,entropyNrActions
nr_280_id_24_08a33782cb33652048d3aaceb6e701f956037fb5_AbstractUIHandler_GTSPOON.csv,1820,0.8878048780487805,0.41800885747222777
