file,nrBest,proportionBest,entropyNrActions
nr_163_id_2_005024fec854f07dd193e828ecd0e3786c06fd97_NodeCounters_GTSPOON.csv,1577,0.7692682926829268,1.0982413867466447
