file,nrBest,proportionBest,entropyNrActions
nr_99_id_30_0652ca21c2802dad97f4b011088af40113f02ccb_JaxbSerializer_GTSPOON.csv,1817,0.8863414634146342,0.6286225506793585
