file,nrBest,proportionBest,entropyNrActions
nr_187_id_6_0144ecfb7792b13df6605fc5f75e5521777271b1_XSGrammarBucket_GTSPOON.csv,1636,0.7980487804878049,0.9536986928474003
