file,nrBest,proportionBest,entropyNrActions
nr_485_id_1_0550d6896120f277a7565495cd9b0d58234cf782_IndicatorController_GTSPOON.csv,1020,0.4975609756097561,1.982808527976637
