file,nrBest,proportionBest,entropyNrActions
nr_92_id_27_04041a892207f2e58213b7b10d7c574ddcfc92d2_XMLDoclet_GTSPOON.csv,191,0.09317073170731707,2.6024396781593513
