file,nrBest,proportionBest,entropyNrActions
nr_234_id_22_05e656eae5256c41773a63515877ee84e3c1ebdf_TerminalPanel_GTSPOON.csv,120,0.05853658536585366,2.7617800971522826
