file,nrBest,proportionBest,entropyNrActions
nr_115_id_31_085dc4d889b7fd3f416dd887faeaa34c26557244_MessageCompose_GTSPOON.csv,126,0.06146341463414634,3.4036485529302047
