file,nrBest,proportionBest,entropyNrActions
nr_56_id_14_00bc4f557dfb5e464961935f2ecd9341a2c104d7_YaohaActivity_GTSPOON.csv,1368,0.6673170731707317,1.436188765619347
