file,nrBest,proportionBest,entropyNrActions
nr_255_id_10_025cf9417c0ccb89d6a865278e2b129fc958ce50_HSpiceOut_GTSPOON.csv,5,0.0024390243902439024,3.5185022820560157
