file,nrBest,proportionBest,entropyNrActions
nr_301_id_13_045ce5ed85c8e0b1dc224aa365c668ed2413d1b0_MyData_GTSPOON.csv,2000,0.975609756097561,0.15189987615592046
