file,nrBest,proportionBest,entropyNrActions
nr_146_id_10_014034550457675cb3c172741308519933420837_BlockPoolSliceScanner_GTSPOON.csv,242,0.11804878048780487,2.9577827233918343
