file,nrBest,proportionBest,entropyNrActions
nr_423_id_18_07e620fd35df1e7e49a71a5394a85307252a8df9_J2MC_Tournament_GTSPOON.csv,36,0.0175609756097561,1.948253268270968
