file,nrBest,proportionBest,entropyNrActions
nr_271_id_26_0991121609d76e7c15bcdb1fec7ea0d09c81c368_IssueState_GTSPOON.csv,194,0.09463414634146342,2.4377748648297786
