file,nrBest,proportionBest,entropyNrActions
nr_197_id_13_02ce811bf1233be065ec5c8ad43514910b507d46_FieldsController_GTSPOON.csv,1925,0.9390243902439024,0.4019414015556371
