file,nrBest,proportionBest,entropyNrActions
nr_232_id_16_0448b7da11830010beb8382dc7cb9d6c6d4748dc_JsonFormat_GTSPOON.csv,157,0.07658536585365854,2.523323138120613
