file,nrBest,proportionBest,entropyNrActions
nr_480_id_24_0e885ecf7513893cf1a013ce8a566626e4299b51_Experiment_GTSPOON.csv,1112,0.5424390243902439,2.1789501431814395
