file,nrBest,proportionBest,entropyNrActions
nr_314_id_9_03b8d1625d1c3023e7b4579567a85fd2e6066839_TasksUiPreferencePage_GTSPOON.csv,542,0.26439024390243904,2.7445228432797126
