file,nrBest,proportionBest,entropyNrActions
nr_308_id_8_029c85aa8262f7271e9bd121356879c5ae95c0a7_RefControl_GTSPOON.csv,1211,0.5907317073170731,1.6036652840597387
