file,nrBest,proportionBest,entropyNrActions
nr_359_id_35_4447c8b9975704462fb2fae75f9cb6737b06bfa4_TypeConverterFactory_GTSPOON.csv,2000,0.975609756097561,0.15724534992299077
