file,nrBest,proportionBest,entropyNrActions
nr_279_id_24_08a1204397bd05e629b7f894feef2699fe11d4dd_URLRewriteFilter_GTSPOON.csv,1834,0.8946341463414634,0.6039695825567677
