file,nrBest,proportionBest,entropyNrActions
nr_244_id_15_04993540b42393056e540f2b71b9043607566a9b_NativeArray_GTSPOON.csv,191,0.09317073170731707,2.612507958906273
