file,nrBest,proportionBest,entropyNrActions
nr_234_id_24_074ed22382305d6a1e6ef797ad1272491f12fbe5_ContextManager_GTSPOON.csv,1331,0.6492682926829269,1.3250141860059852
