file,nrBest,proportionBest,entropyNrActions
nr_552_id_10_056447ddcdde3c189d8763c460d495ab25f03570_ProtobufComparator_GTSPOON.csv,1642,0.8009756097560976,0.9309885458282311
