file,nrBest,proportionBest,entropyNrActions
nr_366_id_7_03cc4f0f7091e3eec9b5575814a8d46399287b91_JoeBot_GTSPOON.csv,1935,0.9439024390243902,0.3678638875310086
