file,nrBest,proportionBest,entropyNrActions
nr_107_id_8_00ef8103102211061f7354cd2649de38e1ead916_Factorials_GTSPOON.csv,1919,0.9360975609756098,0.39654319642848895
