file,nrBest,proportionBest,entropyNrActions
nr_422_id_5_0384e03150772a43a16ae1390ad3061dada92b67_PcapCallbackImpl_GTSPOON.csv,2014,0.9824390243902439,0.1220363825445876
