file,nrBest,proportionBest,entropyNrActions
nr_213_id_35_295a495de2f603dc52f3e827a63be205df1b182f_JSPStepManager_GTSPOON.csv,1373,0.6697560975609756,1.5112340179995472
