file,nrBest,proportionBest,entropyNrActions
nr_452_id_23_0e13da3c7f7680e45c2f6f38171729af88f899ff_NewsRepositoryImpl_GTSPOON.csv,40,0.01951219512195122,0.4547429615639397
