file,nrBest,proportionBest,entropyNrActions
nr_278_id_19_06be098d11d4bbd3bd45188424c7e7629619103b_SamplingPointPosition_GTSPOON.csv,15,0.007317073170731708,0.6416620465198566
