file,nrBest,proportionBest,entropyNrActions
nr_201_id_3_0165f21c321bf57a9d196cbb557ed5f842e7aa83_FreeVoteBot_GTSPOON.csv,473,0.23073170731707318,2.4316366039977186
