file,nrBest,proportionBest,entropyNrActions
nr_27_id_27_016de5f6193b3acb8a799e05c738a8fa6b6f963f_Admin_GTSPOON.csv,1757,0.8570731707317073,0.7157080531874169
