file,nrBest,proportionBest,entropyNrActions
nr_286_id_36_47792ac125f1a728db53b08314c0e468fbe3b089_Cluster_GTSPOON.csv,307,0.1497560975609756,1.910416455152739
