file,nrBest,proportionBest,entropyNrActions
nr_171_id_1_021376c40fba35903db82c5bfed2d264d50b3aea_DetailsArea_GTSPOON.csv,1747,0.8521951219512195,0.7169045584431762
