file,nrBest,proportionBest,entropyNrActions
nr_164_id_2_0050362fff214d613ffbdc19d218c9658a396171_TextSoap_GTSPOON.csv,26,0.012682926829268294,1.8219305453388888
