file,nrBest,proportionBest,entropyNrActions
nr_114_id_13_019b136b85d77a7f5ca31b1438fdd195e7b9f73d_MVPlayerListener_GTSPOON.csv,1436,0.7004878048780487,1.4144284085303127
