file,nrBest,proportionBest,entropyNrActions
nr_165_id_15_033ae6314cbc46b1317eb94063dcbe0626ad4153_Codegen_GTSPOON.csv,136,0.06634146341463415,3.0085028790050923
