file,nrBest,proportionBest,entropyNrActions
nr_149_id_22_039c91c8c0ddb551c572e14a6985a96ed5105706_MachineOnboardParameters_GTSPOON.csv,721,0.3517073170731707,2.3175658065161597
