file,nrBest,proportionBest,entropyNrActions
nr_477_id_10_0496f65350ca9370420e9a1dd6ae0353098d8d3e_TableComponent_GTSPOON.csv,195,0.0951219512195122,2.824576917176372
