file,nrBest,proportionBest,entropyNrActions
nr_415_id_20_07f0b3edc877d6233e0a7320711f3141f2674b39_Injector_GTSPOON.csv,1744,0.8507317073170731,0.81763163412852
