file,nrBest,proportionBest,entropyNrActions
nr_294_id_34_293666e29d38e7edbf706256329353799c7c827a_BXNotificationService_GTSPOON.csv,1438,0.7014634146341463,1.5682537011300464
