file,nrBest,proportionBest,entropyNrActions
nr_260_id_16_04c4e97c3d093d3fbd4e116caf635227f0b0a0f4_Monster_GTSPOON.csv,1079,0.5263414634146342,1.8885505213370684
