file,nrBest,proportionBest,entropyNrActions
nr_435_id_17_08c61ca9b0a5c44fa7145505676d2541e1da366d_EnabledManager_GTSPOON.csv,1676,0.817560975609756,1.004600748468084
