file,nrBest,proportionBest,entropyNrActions
nr_509_id_3_034d9ceeb909380cf5d751ac470fab5f558a1543_Model_GTSPOON.csv,937,0.45707317073170733,1.9789246250091461
