file,nrBest,proportionBest,entropyNrActions
nr_384_id_28_1108d316f768bed1f29ac7705ff371a830ac0dc6_App_GTSPOON.csv,68,0.033170731707317075,2.6886574262341103
