file,nrBest,proportionBest,entropyNrActions
nr_219_id_37_6110b06c7cccda8db5d0b58e5989ba3065ef95a3_MuAction_GTSPOON.csv,1484,0.7239024390243902,1.2075619608156332
