file,nrBest,proportionBest,entropyNrActions
nr_113_id_25_03cf605b4ff46024953eb3b3a4400b899c9473b9_BeanNameRegistrar_GTSPOON.csv,1743,0.8502439024390244,0.8227230830551917
