file,nrBest,proportionBest,entropyNrActions
nr_296_id_30_1263831e003ed8011927c88a3170a356196ea52f_SignManager_GTSPOON.csv,1833,0.8941463414634147,0.6642035805211064
