file,nrBest,proportionBest,entropyNrActions
nr_474_id_33_39edaf4a718b3cb22960c9a2f45cf9ea840c8cc9_BazaarSCM_GTSPOON.csv,189,0.09219512195121951,2.359166863994229
