file,nrBest,proportionBest,entropyNrActions
nr_304_id_9_039bb70673e3c5876aa24fb82592625be060d1bb_MapViewGameState_GTSPOON.csv,142,0.06926829268292684,2.745737703034128
