file,nrBest,proportionBest,entropyNrActions
nr_459_id_19_0ae33d73220af80be51e990505dd767f9b2714ce_DataFragment_GTSPOON.csv,1539,0.7507317073170732,1.1538822878523132
