file,nrBest,proportionBest,entropyNrActions
nr_267_id_34_25cd7d5108367298a01507807b1dc7657281ffc1_Choosine_GTSPOON.csv,1120,0.5463414634146342,2.2176725035286577
