file,nrBest,proportionBest,entropyNrActions
nr_377_id_31_1a2384614eaf1c99a0f36510259009c689534040_VoogaLevelEditor_GTSPOON.csv,57,0.027804878048780488,2.830969293795911
