file,nrBest,proportionBest,entropyNrActions
nr_566_id_11_0814873bcc5c32eb2dc5442c142fbb80fc7b7fc5_HttpAccessBase_GTSPOON.csv,2010,0.9804878048780488,0.13390582764751507
