file,nrBest,proportionBest,entropyNrActions
nr_385_id_22_09482b0473dfa774529208a5d73eda3d39fe2b40_Player_GTSPOON.csv,106,0.05170731707317073,1.5540111941995969
