file,nrBest,proportionBest,entropyNrActions
nr_563_id_35_6bac29b52858b01f71cef97726601ad343469368_Jsonize_GTSPOON.csv,60,0.02926829268292683,1.2884424267762289
