file,nrBest,proportionBest,entropyNrActions
nr_84_id_10_00ae3eb61017c10de01b6e4987893c9b945dc40d_ExecutionSite_GTSPOON.csv,171,0.08341463414634147,2.8889339793336957
