file,nrBest,proportionBest,entropyNrActions
nr_403_id_2_00d6a1dd0b7af9d87af5992240328eea6ea780d8_User_GTSPOON.csv,180,0.08780487804878048,2.5959807442604648
