file,nrBest,proportionBest,entropyNrActions
nr_327_id_13_04b94dcfeb2f559cfff10d7294285b333d2f186f_IDateField_GTSPOON.csv,1575,0.7682926829268293,1.0568956871491528
