file,nrBest,proportionBest,entropyNrActions
nr_117_id_34_130379392653893f06cc41d644171177061aea75_JDBCHistoryCache_GTSPOON.csv,99,0.04829268292682927,2.635370979126698
