file,nrBest,proportionBest,entropyNrActions
nr_330_id_22_0845160b26072545e4325f2b19648936a31d3cf6_AuthInfo_GTSPOON.csv,2030,0.9902439024390244,0.07248504681001734
