file,nrBest,proportionBest,entropyNrActions
nr_331_id_12_038ebc32395088a4edc38cf33d70798523c69e70_GenePatternClientImpl_GTSPOON.csv,870,0.424390243902439,2.2462427999269305
