file,nrBest,proportionBest,entropyNrActions
nr_427_id_26_0e7e0d78b2a1ebf71e7a305c15d289612485ed75_DocModelFactory_GTSPOON.csv,727,0.3546341463414634,2.626130608959989
