file,nrBest,proportionBest,entropyNrActions
nr_159_id_27_07342a60fc2a36fe9b5e61609c0e22f8e27b20c9_Game_GTSPOON.csv,134,0.06536585365853659,2.8899325792416857
