file,nrBest,proportionBest,entropyNrActions
nr_416_id_19_09fb0083cb77e6be72401150f500ebdd71c8702e_test_GTSPOON.csv,2000,0.975609756097561,0.14499674187246636
