file,nrBest,proportionBest,entropyNrActions
nr_269_id_11_0388fff127a2f9970bda4bc9665a6328c56422e9_ConsoleNetworkObserver_GTSPOON.csv,1929,0.9409756097560975,0.3461164103788808
