file,nrBest,proportionBest,entropyNrActions
nr_656_id_1_076d806b7efeb4f18b2ef73295190df731191e7e_Messages_GTSPOON.csv,2015,0.9829268292682927,0.11452054623556383
