file,nrBest,proportionBest,entropyNrActions
nr_109_id_14_0168c27a4e16ed72c88f477ced69832b26eee4b2_ResourceReference_GTSPOON.csv,1920,0.9365853658536586,0.3910063646891056
