file,nrBest,proportionBest,entropyNrActions
nr_54_id_34_07c0ddd3d6669207692eb49c61902cc2a151cd6e_SMSEntry_GTSPOON.csv,155,0.07560975609756097,2.8580248585316905
