file,nrBest,proportionBest,entropyNrActions
nr_220_id_35_2a64cb38d18ffc8b449c2a8c6ab11d6cb77460e0_SchemaPanel_GTSPOON.csv,22,0.010731707317073172,2.2249356333077652
