file,nrBest,proportionBest,entropyNrActions
nr_50_id_25_019734d2c59f27addcffe4c6edfcc48c58457aa1_Poker_GTSPOON.csv,156,0.07609756097560975,2.741296700040773
