file,nrBest,proportionBest,entropyNrActions
nr_306_id_27_0d563889f3964d279472789deaf23b6a6a275ee1_IncludeModel_GTSPOON.csv,600,0.2926829268292683,2.4539365467967142
