file,nrBest,proportionBest,entropyNrActions
nr_229_id_3_01926b854b3c1e919e6bc8f595be7561ae8b560c_PlayerEventListener_GTSPOON.csv,1287,0.6278048780487805,1.4947403670056403
