file,nrBest,proportionBest,entropyNrActions
nr_239_id_35_2e40d756675c05062eb9f337a3f38ab688254f1c_DevenvBuilder_GTSPOON.csv,1626,0.7931707317073171,0.9617992999636438
