file,nrBest,proportionBest,entropyNrActions
nr_444_id_27_1464cbe903409c43841e4bef28c27833205f05d9_RefreshFeedTask_GTSPOON.csv,134,0.06536585365853659,3.631478231518145
