file,nrBest,proportionBest,entropyNrActions
nr_259_id_26_093e04769082f682845b66216f471ef4a5914963_Controller_GTSPOON.csv,452,0.22048780487804878,2.993467807980721
