file,nrBest,proportionBest,entropyNrActions
nr_155_id_5_015db34e2d2638ce7f6436449175c3610374fe87_Registration_GTSPOON.csv,180,0.08780487804878048,2.2297941162685615
