file,nrBest,proportionBest,entropyNrActions
nr_430_id_14_063e7cb23634da0280993a56486ee6d9d4c6c2c3_WorkerImpl_GTSPOON.csv,165,0.08048780487804878,2.8791653568610567
