file,nrBest,proportionBest,entropyNrActions
nr_471_id_32_29928a2b799230c6bc222152823cec0b6887695e_LogCatReceiverFactory_GTSPOON.csv,1800,0.8780487804878049,0.4832156376699
