file,nrBest,proportionBest,entropyNrActions
nr_177_id_13_02959c0d02709ec4903d3c7f45e806d222d95220_GameScene_GTSPOON.csv,1474,0.7190243902439024,1.3390451651619575
