file,nrBest,proportionBest,entropyNrActions
nr_155_id_2_004df58a3e95fd81c334390af7850517ce02e51a_UrlHandler_GTSPOON.csv,1392,0.6790243902439025,1.4150388794655337
