file,nrBest,proportionBest,entropyNrActions
nr_247_id_26_08f89425486815b98ad1a4a95fb8f80acaac89ba_Game_GTSPOON.csv,998,0.4868292682926829,1.9669764456411245
