file,nrBest,proportionBest,entropyNrActions
nr_265_id_18_0560917431f753d377a91b0e7dfb26acf28b16c5_ChangeUserRequestForm_GTSPOON.csv,2020,0.9853658536585366,0.09866743938616579
