file,nrBest,proportionBest,entropyNrActions
nr_606_id_8_04cc6ebdad8042c2fd38b132327f6f40f93f6694_TraceImpl_GTSPOON.csv,1069,0.5214634146341464,1.5476683642455964
