file,nrBest,proportionBest,entropyNrActions
nr_11_id_17_003a088d618996477a2e780b118add8576456716_PerfTestController_GTSPOON.csv,1515,0.7390243902439024,1.259662362310646
