file,nrBest,proportionBest,entropyNrActions
nr_398_id_19_099f6a88c25cd6a06d16c2d04b0f7cf4dc72095d_RouterVersion_GTSPOON.csv,1827,0.891219512195122,0.3994775151922721
