file,nrBest,proportionBest,entropyNrActions
nr_491_id_26_1095ef1ba4a57747a0a42b28f9eba15e589d6f86_LDAPClient_GTSPOON.csv,90,0.04390243902439024,3.0053974964830372
