file,nrBest,proportionBest,entropyNrActions
nr_20_id_40_38713a10321bf4580c15833bd1571703d958009c_SQLTest_GTSPOON.csv,210,0.1024390243902439,2.309203674524082
