file,nrBest,proportionBest,entropyNrActions
nr_29_id_3_0043963b5d4a5e617117abcfff19b8f3d2dec796_API_GTSPOON.csv,1656,0.8078048780487805,1.0174895210119794
