file,nrBest,proportionBest,entropyNrActions
nr_343_id_29_142de24c5328308a8fbd79b66811358b1c08c725_TreeWalker_GTSPOON.csv,189,0.09219512195121951,3.14573604569543
