file,nrBest,proportionBest,entropyNrActions
nr_158_id_24_04bc7214008bf15be8873cfd8012eee603ed6512_NodeCreateCommand_GTSPOON.csv,220,0.1073170731707317,1.2134844387139414
