file,nrBest,proportionBest,entropyNrActions
nr_697_id_3_04c7a837f173d668ca4f3cccd79bc9bc5662e57d_GuiBoard_GTSPOON.csv,187,0.09121951219512195,2.772629965906678
