file,nrBest,proportionBest,entropyNrActions
nr_52_id_31_0407c3a86db7213697d3308b5a00e5f4c43d48aa_Updater_GTSPOON.csv,1663,0.811219512195122,0.9563292005000055
