file,nrBest,proportionBest,entropyNrActions
nr_450_id_23_0e0f30e46a6a94936b8d3df6a662168bcc6132ea_ProxyBranchImpl_GTSPOON.csv,470,0.22926829268292684,2.6397560980475276
