file,nrBest,proportionBest,entropyNrActions
nr_361_id_36_5c4921b6bf13059596ad9793fcfa204aad25b370_MarkupBuilder_GTSPOON.csv,1305,0.6365853658536585,1.741050861809108
