file,nrBest,proportionBest,entropyNrActions
nr_405_id_14_05e2986381d215792e1cf09291358ec34c0a5cd1_SubCommand_GTSPOON.csv,836,0.40780487804878046,2.386805076549408
