file,nrBest,proportionBest,entropyNrActions
nr_399_id_30_188a6c4158a439720c59bd8c2f3b9f095e8c7bd4_ConfigurationTest_GTSPOON.csv,1757,0.8570731707317073,0.7329193571046299
