file,nrBest,proportionBest,entropyNrActions
nr_304_id_32_19daa08b7dcbcc1f16695b26ab1864d8a3ce4a42_JexlTest_GTSPOON.csv,25,0.012195121951219513,1.7779477587736565
