file,nrBest,proportionBest,entropyNrActions
nr_93_id_23_02aa263207588b732cc35d65e2f47465ddd5fd36_Wordpool_GTSPOON.csv,1848,0.9014634146341464,0.5539102228891676
