file,nrBest,proportionBest,entropyNrActions
nr_39_id_10_005b47cb4696c7241b33002c11610da8edea50fe_Controller_GTSPOON.csv,1936,0.944390243902439,0.35558287885087264
