file,nrBest,proportionBest,entropyNrActions
nr_251_id_26_091622a47e746b38fadb514b49d3147b442985e5_Censor_GTSPOON.csv,1939,0.9458536585365853,0.29721024567292653
