file,nrBest,proportionBest,entropyNrActions
nr_332_id_20_066dfb7793ce742c47094e80e456d60f9bf25400_GraphFactory_GTSPOON.csv,1538,0.7502439024390244,1.183236276087427
