file,nrBest,proportionBest,entropyNrActions
nr_243_id_35_2f7818dd6c87b88702b4c957b94845413e37cb68_Dungeon_GTSPOON.csv,865,0.4219512195121951,2.1357000650852185
