file,nrBest,proportionBest,entropyNrActions
nr_313_id_33_2883ef7d8cd80f1cf52cc8b927440f3967bbaaca_WorldTest_GTSPOON.csv,1477,0.7204878048780488,1.1266700158128558
