file,nrBest,proportionBest,entropyNrActions
nr_363_id_11_04bac38a1462b4a338d1bd275913d504c9b0d5f4_TrailScene_GTSPOON.csv,1652,0.8058536585365854,1.0659772290461165
