file,nrBest,proportionBest,entropyNrActions
nr_61_id_15_00f98fb395b8526a6c74285d1d51cdc3867b6b96_ArenaBlock_GTSPOON.csv,1807,0.8814634146341463,0.6547247485342711
