file,nrBest,proportionBest,entropyNrActions
nr_420_id_28_128df85cc71a6b3146ef623d83479fdc19683b99_TraceMethodVisitor_GTSPOON.csv,938,0.4575609756097561,1.7478695960451165
