file,nrBest,proportionBest,entropyNrActions
nr_161_id_6_01204b225a8487b8b67747c3f8967bbe42954119_RotateLoadingLayout_GTSPOON.csv,1918,0.935609756097561,0.40106599287275546
