file,nrBest,proportionBest,entropyNrActions
nr_504_id_27_16f57195449431fae13afd933f886929f5e9b41d_TestGeneral_GTSPOON.csv,117,0.05707317073170732,2.918828914918012
