file,nrBest,proportionBest,entropyNrActions
nr_200_id_12_023a59db8392589d9825a2323aa6047717ea4b85_ContactListTreeCellRenderer_GTSPOON.csv,122,0.05951219512195122,2.584618839517301
