file,nrBest,proportionBest,entropyNrActions
nr_138_id_35_1c3425f97244c0094de2f8fc7a308ced2141e4ac_NBTDump_GTSPOON.csv,1815,0.8853658536585366,0.6879464108691026
