file,nrBest,proportionBest,entropyNrActions
nr_189_id_12_021c2c4ff016a45ad27ef88566e69929be25cf2f_TaskListView_GTSPOON.csv,110,0.05365853658536585,3.060169148926448
