file,nrBest,proportionBest,entropyNrActions
nr_131_id_20_02bf9d5cfe97da176518a7de7ae08fc1582ea415_Audit_GTSPOON.csv,1736,0.8468292682926829,0.6865772469718309
