file,nrBest,proportionBest,entropyNrActions
nr_361_id_8_02fe37e6b2fa0f191ebd92cdf687305f1f3b29f2_SOARecord_GTSPOON.csv,1412,0.688780487804878,1.2772085536388995
