file,nrBest,proportionBest,entropyNrActions
nr_560_id_4_022eb04a0b3cd76c0514e8f853f9310821b90e2f_FileRead_GTSPOON.csv,2025,0.9878048780487805,0.08685159394150946
