file,nrBest,proportionBest,entropyNrActions
nr_431_id_14_064147a14430aef9fb97f27517b9d7b9ef244967_AbstractRDBTest_GTSPOON.csv,2000,0.975609756097561,0.16692546829619462
