file,nrBest,proportionBest,entropyNrActions
nr_242_id_15_04906c85663c66498f35de45d3661374278585f3_BaseListener_GTSPOON.csv,210,0.1024390243902439,2.0461405014120375
