file,nrBest,proportionBest,entropyNrActions
nr_75_id_22_018d7627be695faca2084415070ec9d7c8235000_Main_GTSPOON.csv,210,0.1024390243902439,2.322628634924411
