file,nrBest,proportionBest,entropyNrActions
nr_6_id_12_000493aae92190a0da3d356d1d203465acaa88dd_ExpressionTest_GTSPOON.csv,1729,0.8434146341463414,0.7083451508120069
