file,nrBest,proportionBest,entropyNrActions
nr_194_id_15_03b1bd86a456f2f5ce0fae09372ff613b5da5523_PlaceRequest_GTSPOON.csv,1807,0.8814634146341463,0.6593545138105323
