file,nrBest,proportionBest,entropyNrActions
nr_560_id_3_03a5d6dba905c6ca299c0fcae6304dbc56a54264_StackFrame_GTSPOON.csv,391,0.19073170731707317,2.535201722327976
