file,nrBest,proportionBest,entropyNrActions
nr_359_id_19_0878d4fa043b2220317e5c7f931aea23f0b07a88_PomConstructionTest_GTSPOON.csv,20,0.00975609756097561,2.3284183399105927
