file,nrBest,proportionBest,entropyNrActions
nr_459_id_3_030839c166209779aec2a7ae3c2c6fdba87c6903_GraphicsUtils_GTSPOON.csv,519,0.2531707317073171,2.3710443914321306
