file,nrBest,proportionBest,entropyNrActions
nr_178_id_23_05afd5f9bc42159f9887e905326ed8d5bf73c5b6_SyntacticSugar_GTSPOON.csv,66,0.03219512195121951,1.9994657723922162
