file,nrBest,proportionBest,entropyNrActions
nr_210_id_1_028b562a61e7698ab02a3524c4e51c0570e3cf1e_WoTMessageManager_GTSPOON.csv,1387,0.6765853658536586,1.4248523654632363
