file,nrBest,proportionBest,entropyNrActions
nr_124_id_23_03a931d0b5b0b939ff8e220211682e2ea2474d11_JSLintTest_GTSPOON.csv,1007,0.49121951219512194,1.987853010847465
