file,nrBest,proportionBest,entropyNrActions
nr_91_id_13_015724bc749cf50903781c05499a6a6bfd14b2cb_TestsMake_GTSPOON.csv,508,0.24780487804878049,2.589181195272212
