file,nrBest,proportionBest,entropyNrActions
nr_32_id_8_00428e726e72d4a5f98e44b2f723b9431bd1b419_ThreadContext_GTSPOON.csv,6,0.002926829268292683,2.4302254313402996
