file,nrBest,proportionBest,entropyNrActions
nr_251_id_24_07d55f5658c9150ecfecffd2939d6368105b4ec4_Tester_GTSPOON.csv,2025,0.9878048780487805,0.08031158664077977
