file,nrBest,proportionBest,entropyNrActions
nr_184_id_17_03a8ea507abb3ad99fe2e20a75f282d340206557_PaperRecordServiceIT_GTSPOON.csv,1710,0.8341463414634146,0.7335661729381419
