file,nrBest,proportionBest,entropyNrActions
nr_188_id_35_246ee01c0c146962e9050ad2b30fc7729acd9acc_Bookmarks_GTSPOON.csv,140,0.06829268292682927,1.8598086432738228
