file,nrBest,proportionBest,entropyNrActions
nr_473_id_32_29ccfc95af8ac07323155b60a389a1de55d9f640_MapActivity_GTSPOON.csv,1234,0.6019512195121951,1.8019993913301788
