file,nrBest,proportionBest,entropyNrActions
nr_507_id_31_23626238322b4d9bd35624add56178de1d14e59c_NodeTypes_GTSPOON.csv,1142,0.5570731707317074,2.0271977348313674
