file,nrBest,proportionBest,entropyNrActions
nr_454_id_31_1fbba101d80654874564a318d3521c471a4d55a9_DeploymentDescriptorEditor_GTSPOON.csv,1364,0.6653658536585366,1.4921986464390384
