file,nrBest,proportionBest,entropyNrActions
nr_244_id_22_0660ab1d15bd65a00bf34bb196834dbe08ae6b7b_WireFormat_GTSPOON.csv,880,0.4292682926829268,2.6097724409906924
