file,nrBest,proportionBest,entropyNrActions
nr_298_id_36_4bbf20430ffcfd125516f2c4127b1904bb54211a_LoaderFactory_GTSPOON.csv,487,0.2375609756097561,2.768732362025818
