file,nrBest,proportionBest,entropyNrActions
nr_223_id_7_02696b3130c0a62a5559ec2971263daf51c4b045_CustomChatFilter_GTSPOON.csv,1295,0.6317073170731707,1.7247644311660775
