file,nrBest,proportionBest,entropyNrActions
nr_97_id_24_030d4b9cfbfef3dab1680c01e8ef94a29217d945_WebMap_GTSPOON.csv,1846,0.9004878048780488,0.5542778777705545
