file,nrBest,proportionBest,entropyNrActions
nr_246_id_15_049fce0708953d9426a661e17238395821bb2a64_ConvergedSessionDelegate_GTSPOON.csv,1718,0.8380487804878048,0.8901750130730525
