file,nrBest,proportionBest,entropyNrActions
nr_6_id_7_0007cfb94d604bcd650a657dab1dfa765b034fd3_Linker_GTSPOON.csv,1379,0.6726829268292683,1.3906011143452943
