file,nrBest,proportionBest,entropyNrActions
nr_81_id_24_026878ae4c5377e267a7f135699cca35d0f6b70b_LayerVisibility_GTSPOON.csv,40,0.01951219512195122,2.2379606084444577
