file,nrBest,proportionBest,entropyNrActions
nr_287_id_29_110311a5e853ff2e7530a13c25194c1b9f358a65_HeapBasedVariableCompiler_GTSPOON.csv,168,0.08195121951219513,2.2629321455063347
