file,nrBest,proportionBest,entropyNrActions
nr_136_id_31_09a89dd00546a5c48d5f0a8e37bdd13e74c0d13b_BasicPMDTest_GTSPOON.csv,80,0.03902439024390244,0.7601394198608675
