file,nrBest,proportionBest,entropyNrActions
nr_254_id_12_02c1dfd80738c2770af26b91d20fb3c6f6d93d95_Rule_GTSPOON.csv,1709,0.8336585365853658,0.8555228449548541
