file,nrBest,proportionBest,entropyNrActions
nr_163_id_27_074caf7f4ee2bad03e3c2a6fcb6a10187c75934a_Hub_GTSPOON.csv,120,0.05853658536585366,1.6590843620156428
