file,nrBest,proportionBest,entropyNrActions
nr_491_id_31_222e79947ce604c87188419613d9715a5723ab61_MainActivity_GTSPOON.csv,64,0.03121951219512195,2.6539039698082503
