file,nrBest,proportionBest,entropyNrActions
nr_302_id_19_073eeeec2f45c96c1706e484d569ce9656fbae8a_TFactory_GTSPOON.csv,638,0.31121951219512195,2.2318723899984176
