file,nrBest,proportionBest,entropyNrActions
nr_335_id_17_06a7b109b3daf50d7080578bbcc6ea6587937789_LiteralElement_GTSPOON.csv,1381,0.6736585365853659,1.5413578901619789
