file,nrBest,proportionBest,entropyNrActions
nr_281_id_8_0256e6aa26ebb51416d290d772897caf84a1cd82_Constants_GTSPOON.csv,1155,0.5634146341463414,1.6378538158035438
