file,nrBest,proportionBest,entropyNrActions
nr_210_id_29_0bed93ee950bbe317e6942bc4e67d1626c15964a_JSTypeTest_GTSPOON.csv,176,0.08585365853658537,2.381301788138222
