file,nrBest,proportionBest,entropyNrActions
nr_548_id_30_20d4cafc665f9a0d67a024e5ac611798c46ee471_InvoiceDAS_GTSPOON.csv,1666,0.8126829268292682,0.8407658903654451
