file,nrBest,proportionBest,entropyNrActions
nr_414_id_5_03763727d6939a7985ae23948c2e759263cafd8b_Programme_GTSPOON.csv,1800,0.8780487804878049,0.668389623067281
