file,nrBest,proportionBest,entropyNrActions
nr_452_id_16_081d4360d77999bad3685e222d116278781fc31e_MacTest_GTSPOON.csv,171,0.08341463414634147,2.4789401544012017
