file,nrBest,proportionBest,entropyNrActions
nr_170_id_30_0ab2a58836b5a5a1b8e9154920faf8b279710b1d_ImmutableList_GTSPOON.csv,600,0.2926829268292683,2.3213387375408074
