file,nrBest,proportionBest,entropyNrActions
nr_313_id_9_03b4c2794c4c0f5e11ec9a24b52b523d8746fbb5_SelectStatement_GTSPOON.csv,143,0.06975609756097562,2.7987937508524183
