file,nrBest,proportionBest,entropyNrActions
nr_11_id_4_000b8fa39ac15915ab876f319283f7158f0aee85_LiveWebAccessPoint_GTSPOON.csv,1370,0.6682926829268293,1.5316305911595973
