file,nrBest,proportionBest,entropyNrActions
nr_12_id_36_0388db71de54be028118f42fd7e73d3e0c6e9498_PStmtKey_GTSPOON.csv,40,0.01951219512195122,1.6847134937958694
