file,nrBest,proportionBest,entropyNrActions
nr_95_id_15_01724a506d409a74ae0807c32a7fae2961046642_ArrayHandling_GTSPOON.csv,200,0.0975609756097561,2.6597407225702443
