file,nrBest,proportionBest,entropyNrActions
nr_231_id_18_047503e200147731424a2141147bbb3919941a3c_StreamListener_GTSPOON.csv,1818,0.8868292682926829,0.6800308630564217
