file,nrBest,proportionBest,entropyNrActions
nr_7_id_14_0024a65b013dfd9e13c18b2c1203c5a1d71317ab_TRListener_GTSPOON.csv,630,0.3073170731707317,2.242882079014687
