file,nrBest,proportionBest,entropyNrActions
nr_332_id_4_014c00730849705647bb85a12e561a8c066d456a_SoftwareUnitsJPanel_GTSPOON.csv,1559,0.7604878048780488,1.1631239898844887
