file,nrBest,proportionBest,entropyNrActions
nr_190_id_15_038e3c8c032e267c4e4dff279421ab06b52d1b75_AbstractSimon_GTSPOON.csv,1473,0.7185365853658536,1.2861868850429083
