file,nrBest,proportionBest,entropyNrActions
nr_343_id_23_0b2019b6f3e6976b75ae94c665894b3e0ab4c185_ImageFilterCurves_GTSPOON.csv,1544,0.7531707317073171,1.1795354095501338
