file,nrBest,proportionBest,entropyNrActions
nr_274_id_14_040faba5d1a5084f80a0a9f6932c3889655a3f72_Environment_GTSPOON.csv,147,0.07170731707317073,0.6827912147117258
