file,nrBest,proportionBest,entropyNrActions
nr_276_id_29_101a29c83c53d107a147070960efbb445c390633_Messenger_GTSPOON.csv,640,0.3121951219512195,1.4517968062182132
