file,nrBest,proportionBest,entropyNrActions
nr_321_id_4_0139ffca5052595b002d0b38982cd371dc439d47_Controller_GTSPOON.csv,1848,0.9014634146341464,0.5377324123300437
