file,nrBest,proportionBest,entropyNrActions
nr_172_id_33_15cb429e968b6e0681c9de43b0559f5ee428dc71_PlotControl_GTSPOON.csv,166,0.08097560975609756,3.201584966468702
