file,nrBest,proportionBest,entropyNrActions
nr_96_id_13_0169047110926d5e99181f834c089468f928dad5_DicomAnonymizer_GTSPOON.csv,61,0.02975609756097561,1.2625428939993908
