file,nrBest,proportionBest,entropyNrActions
nr_147_id_18_02dee391664e5a5bdb696a6eafde5bc57627c494_TupleRef_GTSPOON.csv,1843,0.8990243902439025,0.5801505097549235
