file,nrBest,proportionBest,entropyNrActions
nr_454_id_14_0693d64e91f692874029c1d8ef33446d613ad424_SuspiciousEventBean_GTSPOON.csv,1923,0.9380487804878048,0.3861364815841346
