file,nrBest,proportionBest,entropyNrActions
nr_453_id_15_0869945513739d6423ddd9eca547a3ea63af7e9c_RDFBuilding_GTSPOON.csv,1380,0.6731707317073171,1.5004154125488616
