file,nrBest,proportionBest,entropyNrActions
nr_219_id_29_0c8f8b84fecc59b9b008a797eb5d15342e991b06_LoginForm_GTSPOON.csv,8,0.003902439024390244,3.1014123630743775
