file,nrBest,proportionBest,entropyNrActions
nr_482_id_13_070a97889615f625bfaa3f7194e6830a4ac189a1_CuckooAgentLoader_GTSPOON.csv,1934,0.9434146341463414,0.35456253768020657
