file,nrBest,proportionBest,entropyNrActions
nr_387_id_35_4a246c1f919e927ac015e9f62c7d58783c462c4b_BlockLamp_GTSPOON.csv,1144,0.5580487804878049,1.951394003847834
