file,nrBest,proportionBest,entropyNrActions
nr_440_id_4_01c20602518435bc3fb70066e2c79c8b25f33939_ConceptPropertyType_GTSPOON.csv,725,0.35365853658536583,1.2103495214597992
