file,nrBest,proportionBest,entropyNrActions
nr_472_id_3_031a77e75b0ebdda91109087c02f63563fa2edc3_DatastoreTest_GTSPOON.csv,152,0.07414634146341463,2.4527259596020974
