file,nrBest,proportionBest,entropyNrActions
nr_201_id_24_0644eb191164ae0339a06e190010aab17139945f_HistorialViewsManager_GTSPOON.csv,1848,0.9014634146341464,0.543160322781723
