file,nrBest,proportionBest,entropyNrActions
nr_329_id_26_0b6a39bc6f2d5558af144a16e47004953371b16f_DroidGap_GTSPOON.csv,158,0.07707317073170732,3.031703764852776
