file,nrBest,proportionBest,entropyNrActions
nr_28_id_21_00e964ecf199e767d09aa024d69f3207e7ceb729_SyslogEventHandler_GTSPOON.csv,1800,0.8780487804878049,0.7284682776127424
