file,nrBest,proportionBest,entropyNrActions
nr_292_id_21_07ae0a7c3cc6271cbd17c300478d04a191063482_FitNesseContext_GTSPOON.csv,1627,0.7936585365853659,1.00532706995849
