file,nrBest,proportionBest,entropyNrActions
nr_506_id_28_16ba4fd11a22fc7fb8f787bc4516dc578b2282f4_OnlineUpdater_GTSPOON.csv,120,0.05853658536585366,2.0401961045894415
