file,nrBest,proportionBest,entropyNrActions
nr_518_id_6_032ea061a4006277f1cd4ddba30242373c57a4cf_ImageAreaLayout_GTSPOON.csv,761,0.37121951219512195,2.64627934323718
