file,nrBest,proportionBest,entropyNrActions
nr_24_id_31_01b7bc9c8893c60939981be052b135651ca8808a_DefaultPolicyParser_GTSPOON.csv,11,0.005365853658536586,2.0734319935631467
