file,nrBest,proportionBest,entropyNrActions
nr_607_id_4_025be6b84685c9a1603738c5e9eed21b0c0a86b8_PageDrawer_GTSPOON.csv,1226,0.5980487804878049,1.753567007130654
