file,nrBest,proportionBest,entropyNrActions
nr_448_id_32_26af21a8eabf516dd2426be412dc6ba7117221c9_TaskView_GTSPOON.csv,20,0.00975609756097561,2.26155978594251
