file,nrBest,proportionBest,entropyNrActions
nr_220_id_26_082e20c9ac0601f3f2eb400dba995b0357b13a08_CategoryBusiness_GTSPOON.csv,1231,0.6004878048780488,1.7224083392893998
