file,nrBest,proportionBest,entropyNrActions
nr_269_id_10_0279241b87384f8bf2c84479aa4d011e5d6c32fa_KeysScrolling_GTSPOON.csv,1263,0.6160975609756097,1.4955528703764798
