file,nrBest,proportionBest,entropyNrActions
nr_263_id_32_16d7a8259d92cf68b36aa558eb33b15473e8273b_AbstractProperties_GTSPOON.csv,194,0.09463414634146342,2.537967486794178
