file,nrBest,proportionBest,entropyNrActions
nr_142_id_33_1220e9b651e9c5c1c33eb125a788aa9d3f7c7931_AbstractNoticeMojo_GTSPOON.csv,40,0.01951219512195122,2.0228952026139884
