file,nrBest,proportionBest,entropyNrActions
nr_189_id_22_048e0bdefa11046269e45718c16168d23fb93bc6_TextEditViewHandler_GTSPOON.csv,259,0.12634146341463415,2.5264437646323894
