file,nrBest,proportionBest,entropyNrActions
nr_488_id_15_090af0a8e2cdff817151afb660662a516778561b_STable_GTSPOON.csv,100,0.04878048780487805,2.512248192474683
