file,nrBest,proportionBest,entropyNrActions
nr_321_id_15_0601134ef36dd12d60683e23c16e8f2ed7ab88aa_BuDDyFactory_GTSPOON.csv,1484,0.7239024390243902,1.0970039138258463
