file,nrBest,proportionBest,entropyNrActions
nr_327_id_20_065e2b8041a94f277ba6a642ffbb549fb7618bd9_HashTableTests_GTSPOON.csv,2025,0.9878048780487805,0.07360489639196653
