file,nrBest,proportionBest,entropyNrActions
nr_143_id_32_0cee4059e3b28a4643b44b375ab5e54f30502a39_FacebookUtilities_GTSPOON.csv,490,0.23902439024390243,3.1327356191122586
