file,nrBest,proportionBest,entropyNrActions
nr_224_id_17_048da854eb26354e5fd71d035916946e549be118_JcaPresenter_GTSPOON.csv,300,0.14634146341463414,2.498387227133806
