file,nrBest,proportionBest,entropyNrActions
nr_42_id_23_01665e56fdb046344385a2b006f89dd269e356fc_EObjectChangeNotifier_GTSPOON.csv,100,0.04878048780487805,2.330373666343812
