file,nrBest,proportionBest,entropyNrActions
nr_236_id_14_0378be078be668f12118db9120d35c57a2164eef_Utils_GTSPOON.csv,1219,0.5946341463414634,1.6828440986160853
