file,nrBest,proportionBest,entropyNrActions
nr_194_id_20_03bb570807f3d90b51a79efed2ef12d5aa46e6a6_ASTFactory_GTSPOON.csv,85,0.041463414634146344,1.6034091551395684
