file,nrBest,proportionBest,entropyNrActions
nr_118_id_21_034cdbb0fb45d761194463778cda41824828ff7d_DNSService_GTSPOON.csv,127,0.06195121951219512,1.4751284288388853
