file,nrBest,proportionBest,entropyNrActions
nr_682_id_2_017834c70427637efba1111768bfede5af374082_InternalAntRunner_GTSPOON.csv,444,0.21658536585365853,2.42642265187862
