file,nrBest,proportionBest,entropyNrActions
nr_175_id_4_0097859debc541a65a3294e128ea8821ce074b4d_JODB_GTSPOON.csv,1,0.0004878048780487805,2.9903923771329537
