file,nrBest,proportionBest,entropyNrActions
nr_116_id_17_02403a9e584ed3865fd75401ec34cf7e06658c90_BarometerServlet_GTSPOON.csv,825,0.4024390243902439,2.6775056635425596
