file,nrBest,proportionBest,entropyNrActions
nr_114_id_9_01640b410c64267ac303067fb16ce1cc1d0952f6_TickHandlerClient_GTSPOON.csv,2000,0.975609756097561,0.15118421194915166
