file,nrBest,proportionBest,entropyNrActions
nr_60_id_11_00ae08cf216300c6bf5e8a84e7c77874ebae8d32_Fusion_GTSPOON.csv,2012,0.9814634146341463,0.12644083633422887
