file,nrBest,proportionBest,entropyNrActions
nr_679_id_4_02a199cd143518a01b2014c303908b95dfc58afb_PhoneUtils_GTSPOON.csv,160,0.07804878048780488,2.9019206740678234
