file,nrBest,proportionBest,entropyNrActions
nr_481_id_37_d967ce573c18d574f5bbff46e950541c9265aa55_PlainView_GTSPOON.csv,1706,0.8321951219512195,0.8807782283913447
