file,nrBest,proportionBest,entropyNrActions
nr_505_id_27_170fb6f3e5163a67811b5ee3e1f40911c02cef0b_SudokuView_GTSPOON.csv,1089,0.531219512195122,2.0700806530923788
