file,nrBest,proportionBest,entropyNrActions
nr_610_id_1_06d1d867ff2e3aea80d616ddf8241b6cd5958a99_items_GTSPOON.csv,1200,0.5853658536585366,1.6359563953029348
