file,nrBest,proportionBest,entropyNrActions
nr_176_id_26_06adbcdb635cf72a7140f309fa518e9f0607ca91_JarMapping_GTSPOON.csv,1463,0.7136585365853658,1.3633178129724162
