file,nrBest,proportionBest,entropyNrActions
nr_422_id_26_0e670bba025922443a8ac79714449064a2674c57_JavaClass_GTSPOON.csv,167,0.08146341463414634,3.176061864892762
