file,nrBest,proportionBest,entropyNrActions
nr_422_id_27_130d322d5e7f720062e0be8bea0da9ff37547035_SVNFileUtil_GTSPOON.csv,299,0.14585365853658536,2.6516404431314324
