file,nrBest,proportionBest,entropyNrActions
nr_463_id_18_08b33e7964e20da25548ed2a9558f82150a3c1e9_CoreInterface_GTSPOON.csv,770,0.375609756097561,2.782015455453658
