file,nrBest,proportionBest,entropyNrActions
nr_27_id_22_009bd2c26a5a8b5935670e84b2f36244815979dc_KSMetaData_GTSPOON.csv,241,0.11756097560975609,1.739807813882881
