file,nrBest,proportionBest,entropyNrActions
nr_182_id_19_0463d0416fec9e185ef76e88a494a9a4f37b622f_NonTckTest_GTSPOON.csv,2020,0.9853658536585366,0.0961707306854274
