file,nrBest,proportionBest,entropyNrActions
nr_22_id_24_00b188bc69d10cbb06e97f56af21b2836d8b98a7_IndexWriter_GTSPOON.csv,783,0.38195121951219513,2.4155479853795296
