file,nrBest,proportionBest,entropyNrActions
nr_96_id_17_01db441d187c0f37fa5627239f653949b496e45a_TestCdiRunner_GTSPOON.csv,2011,0.9809756097560975,0.11997187155862295
