file,nrBest,proportionBest,entropyNrActions
nr_120_id_23_0382e22ed48cfbc1330e20d82f52e1f925e0e8e5_ShadowType_GTSPOON.csv,155,0.07560975609756097,2.746789049085922
