file,nrBest,proportionBest,entropyNrActions
nr_154_id_38_6b411015a3ae4d83f9ebbbe20a084eee108d9d9c_WebSMS_GTSPOON.csv,171,0.08341463414634147,3.116930322939142
