file,nrBest,proportionBest,entropyNrActions
nr_277_id_19_06afa4d2d47ba31a7586275f83f316c9a98da767_CCNNetworkManager_GTSPOON.csv,168,0.08195121951219513,2.8481904973648557
