file,nrBest,proportionBest,entropyNrActions
nr_549_id_35_684a5f010a0943cbffa579e31380d9f126ef40b5_DateTimeConverter_GTSPOON.csv,1911,0.9321951219512196,0.42032814257185214
