file,nrBest,proportionBest,entropyNrActions
nr_224_id_18_04552a411f5d76dc74b2c8794cebbce1582211b5_EncogWorkBench_GTSPOON.csv,1645,0.802439024390244,0.9729574771833115
