file,nrBest,proportionBest,entropyNrActions
nr_295_id_8_02788d096739e4a5a79e2cfb3959c187642d1f83_Device_GTSPOON.csv,1807,0.8814634146341463,0.4503506480761198
