file,nrBest,proportionBest,entropyNrActions
nr_452_id_26_0f17246dd6110fce56599e8c4d662463810e7d9f_KanbanServiceImpl_GTSPOON.csv,376,0.18341463414634146,2.4518276482531673
