file,nrBest,proportionBest,entropyNrActions
nr_461_id_16_084277604e7fe57ad84fbc441cd9af4cc6a9591b_PartHandler_GTSPOON.csv,310,0.15121951219512195,1.424761556099737
