file,nrBest,proportionBest,entropyNrActions
nr_507_id_30_1e76f04c630e43eb0178f200e341c67b4e769432_ContactManagerImplTest_GTSPOON.csv,770,0.375609756097561,2.4124447014973063
