file,nrBest,proportionBest,entropyNrActions
nr_234_id_23_079d24161741275672d81fa37957dd73bd194b83_AdminCertificados_GTSPOON.csv,128,0.0624390243902439,1.6865527144756474
