file,nrBest,proportionBest,entropyNrActions
nr_280_id_27_0c5127db546286a245fe6a490b4e035659ebca2a_AbstractOutsideFrame_GTSPOON.csv,5,0.0024390243902439024,0.44383896787572297
