file,nrBest,proportionBest,entropyNrActions
nr_94_id_22_020ce5cb202b71ec0d1663d7f722a287c4e0216f_SVNStatus_GTSPOON.csv,1418,0.6917073170731707,1.3310946776918038
