file,nrBest,proportionBest,entropyNrActions
nr_28_id_26_0100c74f97fb10994c2d2529e9cd27d7185ab5b6_HomeActivity_GTSPOON.csv,661,0.3224390243902439,1.6625678589827693
