file,nrBest,proportionBest,entropyNrActions
nr_333_id_32_1d4442a57a46544681178291411ed85b5a88831b_CVSFileRevision_GTSPOON.csv,1939,0.9458536585365853,0.3238669817842789
