file,nrBest,proportionBest,entropyNrActions
nr_481_id_32_2ac5d6aff7b0896061922ae656b9a7408066770f_CoreStubber_GTSPOON.csv,1087,0.5302439024390244,1.7864480532710543
