file,nrBest,proportionBest,entropyNrActions
nr_31_id_23_00f1200738bab69b22eb16e4f93c834b88294bd0_EgressRoutingObserver_GTSPOON.csv,1925,0.9390243902439024,0.3997855443016986
