file,nrBest,proportionBest,entropyNrActions
nr_347_id_5_02cfedc466e79f1a75974797b6d27ae885142fdc_GameLoop_GTSPOON.csv,1660,0.8097560975609757,0.9440349705702258
