file,nrBest,proportionBest,entropyNrActions
nr_322_id_11_04322ccf6972c0e3b889510aade2f0610f8330a3__TestUtil_GTSPOON.csv,60,0.02926829268292683,2.582014815017076
