file,nrBest,proportionBest,entropyNrActions
nr_220_id_32_13e71c180bf2c7b61a16a774d991a79d55ef5f68_X10PrettyPrinterVisitor_GTSPOON.csv,38,0.018536585365853658,2.963335771664893
