file,nrBest,proportionBest,entropyNrActions
nr_120_id_6_00d8195484d1cb8da48976dd48149fd4a931f210_PageView_GTSPOON.csv,1931,0.9419512195121951,0.37090165244807133
