file,nrBest,proportionBest,entropyNrActions
nr_137_id_30_089b7820759b01fff687a91fa04b82437692c1e5_Board_GTSPOON.csv,154,0.07512195121951219,2.873158940381533
