file,nrBest,proportionBest,entropyNrActions
nr_263_id_21_06eacf5b68bcda4514014717673f67f4e09e793c_Cluster_GTSPOON.csv,210,0.1024390243902439,2.336924124399457
