file,nrBest,proportionBest,entropyNrActions
nr_414_id_33_3426339f52c3d74d2931ebc58e10954262616516_LmngUtil_GTSPOON.csv,1200,0.5853658536585366,1.7528667198717662
