file,nrBest,proportionBest,entropyNrActions
nr_323_id_36_5401d56096461f4c62b8abffd1f3cd5f217f8e9d_SQLException_GTSPOON.csv,1200,0.5853658536585366,1.2951708350638729
