file,nrBest,proportionBest,entropyNrActions
nr_122_id_4_006b22a58b88112836cf799331c3ec5c74351338_LogsView_GTSPOON.csv,1938,0.9453658536585365,0.3566376027905501
