file,nrBest,proportionBest,entropyNrActions
nr_431_id_23_0d625dcb6ac5e6754e96a5c6575a8c5c9fbc0c47_Daemon_GTSPOON.csv,1277,0.6229268292682927,1.6330248672295276
