file,nrBest,proportionBest,entropyNrActions
nr_94_id_29_0575736cdc13bd08e42a954c7699d3937679b561_WifiSettings_GTSPOON.csv,172,0.08390243902439025,3.030160720741847
