file,nrBest,proportionBest,entropyNrActions
nr_691_id_8_0554e174db85cee1495580ef6f4d51ee983f9c6f_ICard_GTSPOON.csv,1743,0.8502439024390244,0.6100951871858893
