file,nrBest,proportionBest,entropyNrActions
nr_415_id_1_04c4448c37a70bdd0e09583bff4e6398d97e9c66_PrintingOffice_GTSPOON.csv,1938,0.9453658536585365,0.3479022866189757
