file,nrBest,proportionBest,entropyNrActions
nr_689_id_3_04bbbe2f3ba44957546ab155ca3afc9c1b7f1f3a_Camera_GTSPOON.csv,2020,0.9853658536585366,0.0970259475154115
