file,nrBest,proportionBest,entropyNrActions
nr_273_id_35_3319a8c4c888f755bffb74c85b15f9ddec92c405_Gate_GTSPOON.csv,156,0.07609756097560975,2.7012013928819356
