file,nrBest,proportionBest,entropyNrActions
nr_412_id_36_6b4ef979456cf7d7db3e736612c085147b6df9dd_BenchmarkRunner_GTSPOON.csv,365,0.17804878048780487,2.4064441903998057
