file,nrBest,proportionBest,entropyNrActions
nr_124_id_13_01c13944747b5fc4b2f55da27914c86d4252f85d_AnyKeyboard_GTSPOON.csv,2,0.000975609756097561,2.903464246777191
