file,nrBest,proportionBest,entropyNrActions
nr_113_id_36_1b2a09055c7428fa8220976fe7baea5bbf356b01_HandlersBehavior_GTSPOON.csv,235,0.11463414634146342,2.6205123291207775
