file,nrBest,proportionBest,entropyNrActions
nr_146_id_7_0199a5ea22e90b9395440c9c76ae96b3bb9bf8c2_CssParser_GTSPOON.csv,181,0.08829268292682926,2.665096418693124
