file,nrBest,proportionBest,entropyNrActions
nr_274_id_26_09a77ad9aebe08ae17ae1de966573a77cd099ede_Client_GTSPOON.csv,2000,0.975609756097561,0.16544099740507823
