file,nrBest,proportionBest,entropyNrActions
nr_422_id_28_12a79818517ef4dbd02cb550d0d50265d06a2715_showmap_GTSPOON.csv,344,0.1678048780487805,2.236465382962849
