file,nrBest,proportionBest,entropyNrActions
nr_251_id_9_02f88d300116e1a8d490a4391dc3b42960b58686_DataHandler_GTSPOON.csv,470,0.22926829268292684,2.257907997278382
