file,nrBest,proportionBest,entropyNrActions
nr_244_id_31_11541f86a408f9523a870e8bbb5780d0cfe96e99_MavenBuilder_GTSPOON.csv,1744,0.8507317073170731,0.79813583102177
