file,nrBest,proportionBest,entropyNrActions
nr_339_id_9_04128ad36ccdf62cb2e43f00c8154235b547c223_LastLeafFunction_GTSPOON.csv,734,0.35804878048780486,1.2758828365368213
