file,nrBest,proportionBest,entropyNrActions
nr_476_id_13_06fbb770a7d76f63c6ba09b32076fedfa353e557_SaveManager_GTSPOON.csv,179,0.0873170731707317,2.8276719316983474
