file,nrBest,proportionBest,entropyNrActions
nr_711_id_2_01847d9e7987968b666fc9135ec68a9fa380d43c_AccessTransformer_GTSPOON.csv,1180,0.5756097560975609,1.6981652292406486
