file,nrBest,proportionBest,entropyNrActions
nr_156_id_15_0315b7e80ebd8367e9b066c7e14f17577d69f12b_EnvironmentPresenter_GTSPOON.csv,1176,0.5736585365853658,1.7119452437429559
