file,nrBest,proportionBest,entropyNrActions
nr_338_id_18_069f19763bac2150524456f77139af0cc30eedcc_Server_GTSPOON.csv,60,0.02926829268292683,2.3135919386445956
