file,nrBest,proportionBest,entropyNrActions
nr_495_id_27_1665011602c6902a2609fbc639bc9e0e3b413eb1_fixToJson_GTSPOON.csv,1731,0.844390243902439,0.8418737103620355
