file,nrBest,proportionBest,entropyNrActions
nr_468_id_5_03dbfb57a5083255b5cd07f9499c078b99c46c5c_TagsControlSet_GTSPOON.csv,1384,0.6751219512195122,1.4490351450768666
