file,nrBest,proportionBest,entropyNrActions
nr_369_id_18_07034768654e24986925212a433f7b9650070920_OfflineBackupRestlet_GTSPOON.csv,1454,0.7092682926829268,1.1162302220580091
