file,nrBest,proportionBest,entropyNrActions
nr_199_id_7_022b0f726d2ab8395f007a42370cf034081aaf9c_CosmoJcrConstants_GTSPOON.csv,127,0.06195121951219512,1.6083152025452987
