file,nrBest,proportionBest,entropyNrActions
nr_378_id_6_024cf11de5e534bc53589a5450ede656cd2704ce_Projector_GTSPOON.csv,106,0.05170731707317073,2.4406174538535645
