file,nrBest,proportionBest,entropyNrActions
nr_166_id_24_04f856d623461fc0246985ed1944fa3b2c23e33d_Main_GTSPOON.csv,6,0.002926829268292683,0.8401683618635827
