file,nrBest,proportionBest,entropyNrActions
nr_246_id_37_6b0a598d234d5017dc1c2b1bb93501bd5e5563dc_XMLExpressionsUtil_GTSPOON.csv,268,0.13073170731707318,1.7175983617568424
