file,nrBest,proportionBest,entropyNrActions
nr_324_id_6_020590f476d0a1ce68b6c8dc5a3b835a04455839_EmployeesHiredBefore_GTSPOON.csv,2024,0.9873170731707317,0.09377220833493524
