file,nrBest,proportionBest,entropyNrActions
nr_229_id_11_0300a26f92ca4838a8209313e711871b9d942f1f_Event_GTSPOON.csv,1496,0.7297560975609756,1.2551970718864762
