file,nrBest,proportionBest,entropyNrActions
nr_194_id_34_1cd5b5b3275c9183711536b45180e92543abcf26_AndroidIO_GTSPOON.csv,124,0.06048780487804878,3.515597930477447
