file,nrBest,proportionBest,entropyNrActions
nr_462_id_16_0846e6c0d4ed8a5a74546477e830d38486be7ecb_MDIMenu_GTSPOON.csv,1440,0.7024390243902439,1.2881613792657507
