file,nrBest,proportionBest,entropyNrActions
nr_73_id_16_0176177208be8dc7f3ee819fbb902f7e97628286_CyberMorphy_GTSPOON.csv,8,0.003902439024390244,2.5473747726721627
