file,nrBest,proportionBest,entropyNrActions
nr_25_id_10_003cd9f6ebcd2ac85edb963a965334d4d0560467_MapView_GTSPOON.csv,1110,0.5414634146341464,1.820485198612542
