file,nrBest,proportionBest,entropyNrActions
nr_286_id_30_118c8408eb2e14c93d09cf8461899c8c4076b3d0_ContextUtil_GTSPOON.csv,1848,0.9014634146341464,0.5541844874492589
