file,nrBest,proportionBest,entropyNrActions
nr_586_id_3_03dca005198006344c7574de99a3286b2ace8855_SipFactoryImpl_GTSPOON.csv,1028,0.5014634146341463,1.9653755716249706
