file,nrBest,proportionBest,entropyNrActions
nr_20_id_30_01974e50700d22bc1b67709602d7d1a76f7530ec_AdtPlugin_GTSPOON.csv,113,0.055121951219512196,3.2678424485422664
