file,nrBest,proportionBest,entropyNrActions
nr_262_id_23_0884aeb2c20fb2f2a987a505c83d175275202c97_CopyFiles_GTSPOON.csv,102,0.04975609756097561,3.3417054542882436
