file,nrBest,proportionBest,entropyNrActions
nr_516_id_26_11a32eb0c043ed65a91b73483694e1c1b1f64579_NamedResource_GTSPOON.csv,1827,0.891219512195122,0.6078692898149162
