file,nrBest,proportionBest,entropyNrActions
nr_629_id_4_0268e5bd9a44cf55f5f54114a934db1d986d14a4_Saros_GTSPOON.csv,271,0.13219512195121952,2.5957191953208847
