file,nrBest,proportionBest,entropyNrActions
nr_441_id_10_043a67181a70d0b486821b06019a24b10a304065_View_GTSPOON.csv,75,0.036585365853658534,2.951012546672708
