file,nrBest,proportionBest,entropyNrActions
nr_77_id_27_036525145c7c9a8a686060b1178a0c38a28f015b_QueryImpl_GTSPOON.csv,1577,0.7692682926829268,1.031910622183661
