file,nrBest,proportionBest,entropyNrActions
nr_395_id_12_0451be825cc87164ecb64f0f045714df4565e631_BasicAgentTest_GTSPOON.csv,165,0.08048780487804878,2.496195574330554
