file,nrBest,proportionBest,entropyNrActions
nr_344_id_8_02d7f07c35ccdfeb42d4d9c113175875e83d2e31_FunkyApplet_GTSPOON.csv,1738,0.8478048780487805,0.6675194351603618
