file,nrBest,proportionBest,entropyNrActions
nr_61_id_13_00f36171c4decb160a906d09df2d7c04d1e9123c_ScoreFileV1Writer_GTSPOON.csv,1539,0.7507317073170732,1.2709211203809772
