file,nrBest,proportionBest,entropyNrActions
nr_277_id_5_0245010e6332be547a09df75eb8f1ffcaa1d764d_VLCVideo_GTSPOON.csv,1183,0.5770731707317073,1.771398651384134
