file,nrBest,proportionBest,entropyNrActions
nr_298_id_34_29873684edff758942695567f284cba2828d6a9e_IpAddress_GTSPOON.csv,124,0.06048780487804878,2.7062708748495505
