file,nrBest,proportionBest,entropyNrActions
nr_93_id_18_01b5105931b925109cc6e756b9bb2d1394a7ce2a_NPCSpawner_GTSPOON.csv,1724,0.8409756097560975,0.8646711301007503
