file,nrBest,proportionBest,entropyNrActions
nr_420_id_5_03826dc572fd01f2d891ad013a7aa6da9f618043_Constants_GTSPOON.csv,617,0.30097560975609755,1.444440865023483
