file,nrBest,proportionBest,entropyNrActions
nr_454_id_20_08b6fa46bf34f90a0c2587982823647d6185a42c_XPathMatcher_GTSPOON.csv,489,0.23853658536585365,3.142896792595819
