file,nrBest,proportionBest,entropyNrActions
nr_523_id_6_03381b4d0345ed84cf092674ad865a628f7dcc51_BlockPartsJob_GTSPOON.csv,1929,0.9409756097560975,0.37787854443400676
