file,nrBest,proportionBest,entropyNrActions
nr_95_id_22_02113eeb09331197f09125e9614d6b494bf1fb9e_TestCircle_GTSPOON.csv,2025,0.9878048780487805,0.09011495942335714
