file,nrBest,proportionBest,entropyNrActions
nr_7_id_39_0e4bf29df3c9638b957190347751bb79931a7ac4_Coff_GTSPOON.csv,188,0.09170731707317073,2.3882782956452697
