file,nrBest,proportionBest,entropyNrActions
nr_205_id_19_04f5a176204af2aad085f723f00cab3b754ad829_CoreMockTest_GTSPOON.csv,1649,0.8043902439024391,0.9956217055845517
