file,nrBest,proportionBest,entropyNrActions
nr_28_id_21_00e964ecf199e767d09aa024d69f3207e7ceb729_Configuration_GTSPOON.csv,1484,0.7239024390243902,1.1801129850719498
