file,nrBest,proportionBest,entropyNrActions
nr_422_id_19_0a0787f511f66513101b6502783eff76ea268164_OAuth2ContextSetup_GTSPOON.csv,1434,0.6995121951219512,1.5132764365328693
