file,nrBest,proportionBest,entropyNrActions
nr_209_id_26_07ddc74804110b41b9a902735bfc509062ad2f5f_Edit_GTSPOON.csv,1508,0.735609756097561,1.3943242700952543
