file,nrBest,proportionBest,entropyNrActions
nr_417_id_18_07dc476cdfcdb0d832885371f98bf14a9d37ebd6_MultiWii211_GTSPOON.csv,1637,0.7985365853658537,1.0428878132579333
