file,nrBest,proportionBest,entropyNrActions
nr_156_id_27_071394866a0f743527b13310deb8d831cd5c0d04_JsonConfiguration_GTSPOON.csv,1756,0.8565853658536585,0.6656401119254928
