file,nrBest,proportionBest,entropyNrActions
nr_375_id_27_111e20fa876f59705c94be6dcaa9e7ee435c7e33_WebClient_GTSPOON.csv,20,0.00975609756097561,2.282323394010977
