file,nrBest,proportionBest,entropyNrActions
nr_114_id_9_01640b410c64267ac303067fb16ce1cc1d0952f6_ProxyCommon_GTSPOON.csv,2027,0.988780487804878,0.07351558643472868
