file,nrBest,proportionBest,entropyNrActions
nr_256_id_18_050e285215b08463481b16f1e4922b2a007ae580_playerListener_GTSPOON.csv,1486,0.7248780487804878,1.444057166608396
