file,nrBest,proportionBest,entropyNrActions
nr_344_id_10_0354cf42bc6f426c35c1ac201ebe700196b1272e_SmsMonitor_GTSPOON.csv,1504,0.7336585365853658,1.217750515729533
