file,nrBest,proportionBest,entropyNrActions
nr_576_id_11_0838b5c3a8a9f1dc3333b7545450c584bc53cb9b_EditCheckPointDialog_GTSPOON.csv,1632,0.7960975609756098,1.0230097196324988
