file,nrBest,proportionBest,entropyNrActions
nr_503_id_24_0f0d83864e0b9ef191837f34ecfd61bd88f1f08d_SmsMsgParser_GTSPOON.csv,545,0.2658536585365854,2.4171197914869045
