file,nrBest,proportionBest,entropyNrActions
nr_226_id_34_20ebb6f32953aa96852399fa8a604706d403bcdd_DefaultServiceRegistry_GTSPOON.csv,5,0.0024390243902439024,0.43488857795687846
