file,nrBest,proportionBest,entropyNrActions
nr_375_id_8_0317a223a2bee1bd4b42133ae78aa7dd806229f2_PGraphicsGL_GTSPOON.csv,160,0.07804878048780488,2.4598988768026944
