file,nrBest,proportionBest,entropyNrActions
nr_557_id_8_047f1b1478178fdfea8259c38006ad7b17254397_ConcurrentMapManager_GTSPOON.csv,162,0.07902439024390244,2.8849374909749415
