file,nrBest,proportionBest,entropyNrActions
nr_55_id_33_081412cc0bb5189377b0d3382493967762fa460c_WarningsDifferencerTest_GTSPOON.csv,2020,0.9853658536585366,0.0948652354725293
