file,nrBest,proportionBest,entropyNrActions
nr_855_id_2_01d60e6adf5039e034bc9a8b3bf6a15739e28c9f_RE_Test_Plugin_GTSPOON.csv,1712,0.8351219512195122,0.8624074410704412
