file,nrBest,proportionBest,entropyNrActions
nr_515_id_15_094734d11572c6b98d559e41b666a501cbcf59e8_DAVProppatchHandler_GTSPOON.csv,1361,0.6639024390243903,1.5319639268399927
