file,nrBest,proportionBest,entropyNrActions
nr_143_id_30_09141821685e31ba4459edd48d1a62eb25e3f4ca_PreparedDummyQuery_GTSPOON.csv,156,0.07609756097560975,2.7761461027617615
