file,nrBest,proportionBest,entropyNrActions
nr_446_id_23_0ded99d925e87dfdd81c5de8a0385f30d5710a44_VideoExtractor_GTSPOON.csv,944,0.4604878048780488,2.4193460171382046
