file,nrBest,proportionBest,entropyNrActions
nr_471_id_18_08c67e752385865b791af49b0ec91887b0a5e255_CommentPanel_GTSPOON.csv,1474,0.7190243902439024,1.2655616936102931
