file,nrBest,proportionBest,entropyNrActions
nr_213_id_34_1f638e32cafc614d388615297957094b8ce892e6_NIOWriteStream_GTSPOON.csv,49,0.023902439024390244,3.330562717519962
