file,nrBest,proportionBest,entropyNrActions
nr_477_id_12_052f8cc367f872121cfa63966fa350e4bf8c8cce_OptimisticSail_GTSPOON.csv,1474,0.7190243902439024,1.3506013401457688
