file,nrBest,proportionBest,entropyNrActions
nr_158_id_10_014d688824e3a5489e4a2bf56d5d416e94476b96_FearsServiceImpl_GTSPOON.csv,796,0.3882926829268293,2.268123205862753
