file,nrBest,proportionBest,entropyNrActions
nr_537_id_13_083365e8f69371ea2f4afb2b6a566b3996579512_XMLRPCServerException_GTSPOON.csv,2025,0.9878048780487805,0.08999170501398362
