file,nrBest,proportionBest,entropyNrActions
nr_675_id_5_059df8d60190252158f15dc2d396951138e94c7f_PagesEndpoint_GTSPOON.csv,737,0.3595121951219512,2.0980525402794714
