file,nrBest,proportionBest,entropyNrActions
nr_522_id_6_0335736b4f03627f1d76b28a904593a30a9ee8f0_TcpSocketLink_GTSPOON.csv,10,0.004878048780487805,2.5337633731707747
