file,nrBest,proportionBest,entropyNrActions
nr_226_id_7_0271d178f3dbc316edf3b5b2e034c728b0a88169_ParserUtils_GTSPOON.csv,196,0.09560975609756098,1.786300394178982
