file,nrBest,proportionBest,entropyNrActions
nr_300_id_2_0099118add8fb1a0efe938f990844415cdb64363_StoryInfo_GTSPOON.csv,1834,0.8946341463414634,0.5941116776758272
