file,nrBest,proportionBest,entropyNrActions
nr_327_id_13_04b94dcfeb2f559cfff10d7294285b333d2f186f_Time_GTSPOON.csv,728,0.3551219512195122,2.6541513536677486
