file,nrBest,proportionBest,entropyNrActions
nr_15_id_17_00470220648f15039ae97c5855f62d96da95e557_GUI_GTSPOON.csv,145,0.07073170731707316,2.461064543280393
