file,nrBest,proportionBest,entropyNrActions
nr_289_id_28_0d1b216a7fef9b19f531b447e2afc569d148d782_GrammarReader_GTSPOON.csv,1,0.0004878048780487805,2.717719215067328
