file,nrBest,proportionBest,entropyNrActions
nr_312_id_24_0991b8a39362fca64d4f5428a9a508be71e95ba7_ConnectionListener_GTSPOON.csv,2018,0.984390243902439,0.11009552898674209
