file,nrBest,proportionBest,entropyNrActions
nr_410_id_24_0c5f419ef316768f12f9faef4b9ce7f112f55300_BluetoothClient_GTSPOON.csv,1290,0.6292682926829268,1.6802330856737153
