file,nrBest,proportionBest,entropyNrActions
nr_194_id_21_050b2ad337b08fe1b4f688bb5f296b2326043bb1_Extractor_GTSPOON.csv,2015,0.9829268292682927,0.10520570474832268
