file,nrBest,proportionBest,entropyNrActions
nr_47_id_9_00983bd85807dcc6ef6e9c19563340232735b0ba_SecUserDaoImp_GTSPOON.csv,1928,0.9404878048780487,0.3738882097666354
