file,nrBest,proportionBest,entropyNrActions
nr_340_id_25_0b9fcf5686a24b237a1a52c13ef60ef776561b91_IconCache_GTSPOON.csv,195,0.0951219512195122,2.0051843595331853
