file,nrBest,proportionBest,entropyNrActions
nr_626_id_5_0549e4fccbe60331d21e8b13d901b5544601eef6_ScriptConsole_GTSPOON.csv,1542,0.7521951219512195,1.1701751368052018
