file,nrBest,proportionBest,entropyNrActions
nr_131_id_10_01125c7efe7cd7f2a13573312b9c2f91b70c6bd3_EntityUtilities_GTSPOON.csv,1163,0.5673170731707317,1.6980736631018747
