file,nrBest,proportionBest,entropyNrActions
nr_94_id_15_0171ed3f37c0bf3a718de596443d464f68caa80a_SoapServices_GTSPOON.csv,1518,0.7404878048780488,1.2596613163355583
