file,nrBest,proportionBest,entropyNrActions
nr_183_id_17_03a5aae5c8da09c20a78af99bbf8bf4276655532_TestEnvironment_GTSPOON.csv,937,0.45707317073170733,2.3763128386217027
