file,nrBest,proportionBest,entropyNrActions
nr_406_id_24_0c4c68e3d97bf8c03828d28dc5f0385acc7f58bb_H5iosp_GTSPOON.csv,569,0.2775609756097561,2.410155183599655
