file,nrBest,proportionBest,entropyNrActions
nr_464_id_21_0bd6d5977955e854da53a9e80dce07787ca39794_Master_GTSPOON.csv,1200,0.5853658536585366,2.015740886597566
