file,nrBest,proportionBest,entropyNrActions
nr_295_id_13_044d5514d603072090984d14367dc4cf622ff5f9_MsgInfo_GTSPOON.csv,146,0.07121951219512195,2.36539183640052
