file,nrBest,proportionBest,entropyNrActions
nr_5_id_10_0004d774d2a5b7f990a88fb11e38f7c38d408762_TextPixellatorFactory_GTSPOON.csv,1811,0.8834146341463415,0.6674868586665494
