file,nrBest,proportionBest,entropyNrActions
nr_155_id_8_01652e52634d34cd06518abf7ad3e7439f458c85_ObserverBean_GTSPOON.csv,2025,0.9878048780487805,0.09497190189509128
