file,nrBest,proportionBest,entropyNrActions
nr_190_id_20_03a62f38d27587509cc60a55b81aa1c1bc4b124b_AvrdudeUploader_GTSPOON.csv,158,0.07707317073170732,1.8246367609407206
