file,nrBest,proportionBest,entropyNrActions
nr_391_id_21_0a35f776e3a2a7f8635da345bb275e92a91d5f18_ThreadClass_GTSPOON.csv,1282,0.6253658536585366,1.554089917459569
