file,nrBest,proportionBest,entropyNrActions
nr_249_id_31_1187682a2275309adcc6f207f615666893e685ea_AppRunner_GTSPOON.csv,40,0.01951219512195122,1.9506381505196826
