file,nrBest,proportionBest,entropyNrActions
nr_279_id_16_050a49db167a4c73ea5a76f1c7ecb6645885ec25_TestAlgorithm_GTSPOON.csv,1631,0.795609756097561,1.089991624428877
