file,nrBest,proportionBest,entropyNrActions
nr_102_id_18_01d6c089d43f070a51da2fed91b6fef7b0f25790_MSP430Disassembler_GTSPOON.csv,165,0.08048780487804878,2.4093508423182306
