file,nrBest,proportionBest,entropyNrActions
nr_205_id_8_01c33570103b8b4635101a2287457d9b27d422b3_Workspace_GTSPOON.csv,140,0.06829268292682927,2.732997599146173
