file,nrBest,proportionBest,entropyNrActions
nr_92_id_29_055f1434d3685fd11e1db36df3374d2b6b467811_BaseSprite_GTSPOON.csv,429,0.20926829268292682,2.6006386972080833
