file,nrBest,proportionBest,entropyNrActions
nr_342_id_30_14e1ae2d7461de1e0b2434b18c5a139dcfb29b74_UrlHandler_GTSPOON.csv,839,0.4092682926829268,2.406764404524827
