file,nrBest,proportionBest,entropyNrActions
nr_391_id_21_0a35f776e3a2a7f8635da345bb275e92a91d5f18_KernelModule_GTSPOON.csv,80,0.03902439024390244,2.561241476285907
