file,nrBest,proportionBest,entropyNrActions
nr_327_id_22_083a6e27138d98b9d2e604d362f3859979cbff68_MethodAnalyser_GTSPOON.csv,1187,0.5790243902439024,1.7438255424244715
