file,nrBest,proportionBest,entropyNrActions
nr_295_id_9_037d2c3fada2a4df514483fa2c678c58f67ab944_SqsQueueSpout_GTSPOON.csv,1848,0.9014634146341464,0.5530968143910446
