file,nrBest,proportionBest,entropyNrActions
nr_238_id_2_0075e722ac17586093cb8c13e421aa8e4b2ca1a8_ResourceFactory_GTSPOON.csv,1832,0.8936585365853659,0.6180646275968948
