file,nrBest,proportionBest,entropyNrActions
nr_102_id_33_0d1c5e758c9788f50a9e96288c7e4d5d9943dbec_cgBase_GTSPOON.csv,18,0.00878048780487805,3.158251631386811
