file,nrBest,proportionBest,entropyNrActions
nr_153_id_34_18251738f163804dc2cd4fb51bf2589889ed4a20_NGramTokenizer_GTSPOON.csv,1820,0.8878048780487805,0.46153133335623947
