file,nrBest,proportionBest,entropyNrActions
nr_506_id_15_093d16ce4568541077e68b15fb305f3adc4dad31_FaultMediatorFactory_GTSPOON.csv,1634,0.7970731707317074,1.1854802906850619
