file,nrBest,proportionBest,entropyNrActions
nr_53_id_8_0078e5a23a3c09b043db7761ec01e2e1242f17d0_BinaryFactorNode_GTSPOON.csv,2020,0.9853658536585366,0.10067420814288279
