file,nrBest,proportionBest,entropyNrActions
nr_366_id_28_106e3ad16d2dd3a55f909fc2eb39259ae7d627c1_ProviderTests_GTSPOON.csv,210,0.1024390243902439,2.0560651995751105
