file,nrBest,proportionBest,entropyNrActions
nr_334_id_20_068289f42ecba47dcd23860948672d7faf6eee86_TagTry_GTSPOON.csv,1374,0.6702439024390244,1.560974691807571
