file,nrBest,proportionBest,entropyNrActions
nr_17_id_15_004181c7096d5a315d678059d93bc2ed9d641da4_HtmlActivityTask_GTSPOON.csv,1391,0.6785365853658537,1.3979872184686761
