file,nrBest,proportionBest,entropyNrActions
nr_418_id_18_07dda8ea8c7c2a74cb6a180392db7665518f4d22_cPickle_GTSPOON.csv,140,0.06829268292682927,3.1469243992428755
