file,nrBest,proportionBest,entropyNrActions
nr_517_id_10_04f78959bc45f35435577177746c1d1cd489372b_LycanitesMobs_GTSPOON.csv,1369,0.6678048780487805,1.402594441586176
