file,nrBest,proportionBest,entropyNrActions
nr_43_id_32_036c82d8a6f696ef286eb5745e4649527e65767f_FrameDropper_GTSPOON.csv,144,0.0702439024390244,1.2278449967975755
