file,nrBest,proportionBest,entropyNrActions
nr_336_id_16_06295c3760297d473c20b050b99f73227ca8ff03_MacUtil_GTSPOON.csv,20,0.00975609756097561,1.58145503084073
