file,nrBest,proportionBest,entropyNrActions
nr_173_id_37_4f96f18d0b462c02c26e1b7594338c40c4938ad4_OrientBaseGraph_GTSPOON.csv,157,0.07658536585365854,2.7577609497177584
