file,nrBest,proportionBest,entropyNrActions
nr_386_id_23_0c502505d9b141457f8c125e979684340d6b99a0_IScalarParameterDefn_GTSPOON.csv,1833,0.8941463414634147,0.4680549329166938
