file,nrBest,proportionBest,entropyNrActions
nr_414_id_18_07d3a6d025dae751d88bd153e2a3ee3d4609d083_ParsedIOR_GTSPOON.csv,171,0.08341463414634147,2.637883083034203
