file,nrBest,proportionBest,entropyNrActions
nr_86_id_6_009e3a07b2e9bc9e63773b71b7a075748cfe6372_Edit_GTSPOON.csv,285,0.13902439024390245,1.5803624861376402
