file,nrBest,proportionBest,entropyNrActions
nr_487_id_6_02f75ba1e5b0eb9806d5642f891940be06691747_UnwovenClassFile_GTSPOON.csv,1655,0.8073170731707318,0.9713777737630291
