file,nrBest,proportionBest,entropyNrActions
nr_338_id_8_02c846cc6253666b40dd3fa34c876cc086c86803_Run_GTSPOON.csv,1248,0.608780487804878,1.6403036533716437
