file,nrBest,proportionBest,entropyNrActions
nr_479_id_6_02e7c8d318338492c85f9c5d45ddff1b9143409b_OnedbNextwebEngineJs_GTSPOON.csv,1572,0.7668292682926829,1.0823492446776983
