file,nrBest,proportionBest,entropyNrActions
nr_106_id_28_04be08a983d0283e4c9724b1ca35001f1859f629_Duck_GTSPOON.csv,1691,0.8248780487804878,0.8698716223548535
