file,nrBest,proportionBest,entropyNrActions
nr_241_id_16_047dbdd58044e233a74104132f1771b31cccfb93_OnlineRegressionUDTF_GTSPOON.csv,649,0.31658536585365854,1.9503135138667596
