file,nrBest,proportionBest,entropyNrActions
nr_556_id_2_0131fde7e5653580af70c4e2f1f8eddd790ffa5a_Game_GTSPOON.csv,1805,0.8804878048780488,0.6728696739660599
