file,nrBest,proportionBest,entropyNrActions
nr_437_id_6_02a86291ed297ab1700daf004f515ee9614689ab_CallNotifier_GTSPOON.csv,117,0.05707317073170732,3.082208687635201
