file,nrBest,proportionBest,entropyNrActions
nr_516_id_35_63738f333a5859b82b662689d68f3cf259ccb6ea_MergeSamFiles_GTSPOON.csv,51,0.024878048780487806,1.9782268266125622
