file,nrBest,proportionBest,entropyNrActions
nr_603_id_36_9b8a565d0691d52bb57725f399bf79a334c9ccf3_AdviceInfo_GTSPOON.csv,1715,0.8365853658536585,0.8942638922781969
