file,nrBest,proportionBest,entropyNrActions
nr_405_id_10_03e066113dc84b58f03c0c4b9a3b15f538784127_StringUtil_GTSPOON.csv,1818,0.8868292682926829,0.620972116245176
