file,nrBest,proportionBest,entropyNrActions
nr_527_id_13_08111547a74a3f83ae21289b28bde86477160d64_ResourceEditorPage_GTSPOON.csv,172,0.08390243902439025,2.823339786641198
