file,nrBest,proportionBest,entropyNrActions
nr_235_id_9_02cb38c9979d096119ee7ff00d043946ea7900ce_ResizableImage_GTSPOON.csv,10,0.004878048780487805,1.264352435341778
