file,nrBest,proportionBest,entropyNrActions
nr_91_id_14_014335c705396dc03e5c7621cfeb82c3f5d7f1fe_ProtocolConstants_GTSPOON.csv,1934,0.9434146341463414,0.33165453290536956
