file,nrBest,proportionBest,entropyNrActions
nr_88_id_8_00c0565a9df1dd22cbc678bbf5374fc52095e2ed_MazeDemo_GTSPOON.csv,1703,0.8307317073170731,0.7699225366416864
