file,nrBest,proportionBest,entropyNrActions
nr_44_id_14_009c8dca41688689dd578002dd3fdcac61560801_AnnotationUtility_GTSPOON.csv,650,0.3170731707317073,2.3541008717154215
