file,nrBest,proportionBest,entropyNrActions
nr_2_id_21_000cfb547aff8c061480d720d461c6ad9a334769_Compiler_GTSPOON.csv,100,0.04878048780487805,1.5404146087707866
