file,nrBest,proportionBest,entropyNrActions
nr_70_id_23_02272ec6ab3a8dd499bd65b44b6da03615976c8a_SocketConnector_GTSPOON.csv,720,0.35121951219512193,1.7159223091596805
