file,nrBest,proportionBest,entropyNrActions
nr_84_id_18_019d149719896d4c13db0f4bc2b8bd00b528d662_PhotoResourceTest_GTSPOON.csv,1618,0.7892682926829269,0.730145269306358
