file,nrBest,proportionBest,entropyNrActions
nr_797_id_2_01b3a422892dd48310411d99db02dd21dab94a7b_UserPreferencesBase_GTSPOON.csv,1739,0.8482926829268292,0.8253080346325864
