file,nrBest,proportionBest,entropyNrActions
nr_93_id_31_073f77141a07b6e87003e01a3813bbb2fe2ce705_BPELTestsUtils_GTSPOON.csv,1625,0.7926829268292683,0.580891576104406
