file,nrBest,proportionBest,entropyNrActions
nr_162_id_15_032a1af7561121b7e485185cd429054f301328b7_MailServiceImpl_GTSPOON.csv,1933,0.9429268292682926,0.3538770990945991
