file,nrBest,proportionBest,entropyNrActions
nr_568_id_33_43dc4c0997d81bcf8f1df9e1dc20b8df8a0b97c2_Encrypt_GTSPOON.csv,279,0.13609756097560977,3.2007254102471823
