file,nrBest,proportionBest,entropyNrActions
nr_466_id_16_08589e2ce3861c2f4ba0498687e1384cac00064c_Acl_GTSPOON.csv,760,0.37073170731707317,1.6086787732388048
