file,nrBest,proportionBest,entropyNrActions
nr_22_id_18_0047f30666774604655249da62d5397120571df9_PdfUtilitiesController_GTSPOON.csv,68,0.033170731707317075,3.277568048486227
