file,nrBest,proportionBest,entropyNrActions
nr_459_id_30_1c0896d0a4d761bb8c03daf5f31b5e7e410cff4a_Entity_GTSPOON.csv,201,0.09804878048780488,0.9537602241422991
