file,nrBest,proportionBest,entropyNrActions
nr_97_id_26_0390a8ceb4636ac2c04968caba52a44f5923a243_FormPanelImpl_GTSPOON.csv,1015,0.4951219512195122,0.18200236379388152
