file,nrBest,proportionBest,entropyNrActions
nr_438_id_9_05020976f0e0e8f725be9ef9cbe75e7b3cd687f2_EntityBuilder_GTSPOON.csv,1468,0.7160975609756097,1.2475114426375018
