file,nrBest,proportionBest,entropyNrActions
nr_443_id_30_1ada08bb20c12cafa5e5183fc867e801978f1419_ProxyHandler_GTSPOON.csv,114,0.055609756097560976,3.332862517585011
