file,nrBest,proportionBest,entropyNrActions
nr_436_id_4_01be0e9f7052153ed7f3ae3416db7301b2386545_Tool_GTSPOON.csv,1800,0.8780487804878049,0.4768567559506268
