file,nrBest,proportionBest,entropyNrActions
nr_11_id_23_005e17223822d8005b611b7699b08d806187e821_BasicExecutionManager_GTSPOON.csv,788,0.38439024390243903,2.704017724990809
