file,nrBest,proportionBest,entropyNrActions
nr_580_id_1_06738e51785f23a1e0089306c2c3b22364695a3e_MoreSettingPopup_GTSPOON.csv,1574,0.7678048780487805,1.199295623057405
