file,nrBest,proportionBest,entropyNrActions
nr_274_id_17_0581f5d4822ea73e7f84f8af5ad65b707f4e86a9_HBaseAdapter_GTSPOON.csv,1077,0.5253658536585366,1.9443232514050095
