file,nrBest,proportionBest,entropyNrActions
nr_261_id_6_01a70aff3a551fd829b5a7efd554a8c92ce9367a_Helpers_GTSPOON.csv,1869,0.9117073170731708,0.5092346725510098
