file,nrBest,proportionBest,entropyNrActions
nr_242_id_19_060f24294b1d9874a5562b53861d8f52b9ed7b46_Sim_GTSPOON.csv,315,0.15365853658536585,2.8314576079029594
