file,nrBest,proportionBest,entropyNrActions
nr_129_id_19_0356c447b30e092bdc12a4b7288c08f5ef87534c_Deflater_GTSPOON.csv,630,0.3073170731707317,1.3979066150150303
