file,nrBest,proportionBest,entropyNrActions
nr_346_id_30_152473c8d20cdd2fbb3196e73703c5bb25880f90_AndroidCleerService_GTSPOON.csv,1511,0.7370731707317073,1.2477859748299152
