file,nrBest,proportionBest,entropyNrActions
nr_544_id_2_01242028e3be6dba16a926a3cbbc947c6fe07871_LuceneTestCase_GTSPOON.csv,187,0.09121951219512195,2.7032747051559696
