file,nrBest,proportionBest,entropyNrActions
nr_424_id_28_12b7c4dd855dfeba3dd06392b6fcbf91d25a0f16_Display_GTSPOON.csv,1844,0.8995121951219512,0.5470280562867067
