file,nrBest,proportionBest,entropyNrActions
nr_431_id_10_04200917365973f40989c10c811f968182b0f2a8_Client_GTSPOON.csv,1695,0.8268292682926829,0.8737976699803187
