file,nrBest,proportionBest,entropyNrActions
nr_201_id_28_08ee280f6d51d57942955b70ed119020ea80accd_CheckGlobalThis_GTSPOON.csv,1744,0.8507317073170731,0.7904931959081705
