file,nrBest,proportionBest,entropyNrActions
nr_372_id_10_0388cece40df664158d8c8bafa1fa763f785f471_PieSpy_GTSPOON.csv,679,0.33121951219512197,1.305875342924781
