file,nrBest,proportionBest,entropyNrActions
nr_66_id_11_00c4b398fedb1de44f9775f9f0c9b9919c46ee77_Test_GTSPOON.csv,1305,0.6365853658536585,1.6400919546041504
