file,nrBest,proportionBest,entropyNrActions
nr_263_id_12_02d0e581f56214b797ee44a362e07d48e5bc3d79_EncryptedDataCipher_GTSPOON.csv,1963,0.9575609756097561,0.24815925406172926
