file,nrBest,proportionBest,entropyNrActions
nr_157_id_30_09d332e72bf6201c0687479dcdf7053f0ad02052_AbstractDeviceTransformer_GTSPOON.csv,1728,0.8429268292682927,0.8042655663115221
