file,nrBest,proportionBest,entropyNrActions
nr_367_id_31_19ad3e185a262a6efca19ae55040ab472c606e7e_WaySegment_GTSPOON.csv,1302,0.6351219512195122,1.4267086718119073
