file,nrBest,proportionBest,entropyNrActions
nr_90_id_2_002a719512ba23f983e65766f1a3cb158ea475da_ManageDistribution_GTSPOON.csv,173,0.08439024390243903,2.3403540055499503
