file,nrBest,proportionBest,entropyNrActions
nr_294_id_12_033659c9ece28e515359720a7c23bf03d3303a8a_GameController_GTSPOON.csv,1650,0.8048780487804879,0.9703901391116178
