file,nrBest,proportionBest,entropyNrActions
nr_393_id_32_224143463332ee51bd4341432e48cea41336235b_ColorRGBA_GTSPOON.csv,1120,0.5463414634146342,1.6790027479231988
