file,nrBest,proportionBest,entropyNrActions
nr_390_id_28_11437b102fc96b6e1b897f3c09cc274850f05f47_GFText_GTSPOON.csv,1534,0.7482926829268293,1.2052063415222114
