file,nrBest,proportionBest,entropyNrActions
nr_82_id_10_00a997f64ffea6ca9636e6afd41b9a690cb584b5_LETools_GTSPOON.csv,1741,0.8492682926829268,0.8625971316199589
