file,nrBest,proportionBest,entropyNrActions
nr_370_id_27_10e1065b49453b68e97b75434363c004649dbc7f_TaskActivityTimingTest_GTSPOON.csv,210,0.1024390243902439,2.044531892735185
