file,nrBest,proportionBest,entropyNrActions
nr_227_id_31_101f8d28e1143914b6f51d6614d53f815d8207c5_CalendarProvider_GTSPOON.csv,167,0.08146341463414634,2.528391174336838
