file,nrBest,proportionBest,entropyNrActions
nr_456_id_15_0877293d088e45e23ce6b1cbdfdabe9c0b142cb6_MP3Player_GTSPOON.csv,1757,0.8570731707317073,0.703449928927645
