file,nrBest,proportionBest,entropyNrActions
nr_180_id_22_045a1d27514912d50484cb6ab8a02bd2665f30dd_ErrorProneProcessor_GTSPOON.csv,1703,0.8307317073170731,0.7899112858297099
