file,nrBest,proportionBest,entropyNrActions
nr_629_id_2_0159508d07186a3bf9fcc9a7227047f1bd82084d_RecipientEditTextView_GTSPOON.csv,197,0.09609756097560976,2.9187743506179027
