file,nrBest,proportionBest,entropyNrActions
nr_390_id_32_221e4356e1cbf24dd32037800601df91c3b85c6d_SecuritySettings_GTSPOON.csv,106,0.05170731707317073,3.4226497117667094
