file,nrBest,proportionBest,entropyNrActions
nr_201_id_33_187b8618603236a5750f1016ea7e28b4e3fb4e2a_DiskMemImage_GTSPOON.csv,1393,0.6795121951219513,1.351851836713291
