file,nrBest,proportionBest,entropyNrActions
nr_492_id_21_0c5ee60af37416e699426f3c4b2be62059f7f59e_BasicTermFactory_GTSPOON.csv,1263,0.6160975609756097,1.6010107969806289
