file,nrBest,proportionBest,entropyNrActions
nr_169_id_10_0176eb2c862374d1081654bb831c1eedbf791494_Unit_GTSPOON.csv,85,0.041463414634146344,3.0485012023564004
