file,nrBest,proportionBest,entropyNrActions
nr_127_id_34_148b01177a68a2805feb94bd2208ef3322257b86_DepthFirstSearch_GTSPOON.csv,277,0.1351219512195122,2.3245482457579945
