file,nrBest,proportionBest,entropyNrActions
nr_436_id_26_0eca0270967a7b63df33f90d149492e1de07ca8d_EMtlResourceImpl_GTSPOON.csv,1565,0.7634146341463415,1.1742377751364719
