file,nrBest,proportionBest,entropyNrActions
nr_114_id_19_02bb80dc2915df4572ee059c3855f8fb87dcf004_Main_GTSPOON.csv,1932,0.9424390243902439,0.37002897608826296
