file,nrBest,proportionBest,entropyNrActions
nr_303_id_1_03a7509687994e00a64e8c0371d1c3672e622b2d_GearsES1eclairAbout_GTSPOON.csv,25,0.012195121951219513,1.4708084763221114
