file,nrBest,proportionBest,entropyNrActions
nr_450_id_11_06324e3a049d759ec9833786377f0d1df24f6bca_IndexUpdater_GTSPOON.csv,937,0.45707317073170733,2.1474381173672654
