file,nrBest,proportionBest,entropyNrActions
nr_420_id_26_0e4c7a25ad5585a3253ee017573b24b642f63f08_CarBattleImpl_GTSPOON.csv,1192,0.5814634146341463,1.7640172603779578
