file,nrBest,proportionBest,entropyNrActions
nr_628_id_7_068053901bf0f43f08fd3727b5cf2b1a5d2cc6e5_AIModelHillClimb_GTSPOON.csv,1524,0.7434146341463415,1.3079087492241794
