file,nrBest,proportionBest,entropyNrActions
nr_370_id_38_f629d1648a7bcd893c40c4fa7e1567cd1d6f30e4_Reviewer_GTSPOON.csv,168,0.08195121951219513,2.602962879777426
