file,nrBest,proportionBest,entropyNrActions
nr_23_id_13_006093278e2e0fe00bea5152ba361248182ae772_CameraSettings_GTSPOON.csv,18,0.00878048780487805,3.338839925802521
