file,nrBest,proportionBest,entropyNrActions
nr_101_id_29_05f871e22d5804e27ba9237e190555a31e1a7097_XmlElemNew_GTSPOON.csv,1800,0.8780487804878049,0.4731232553200999
