file,nrBest,proportionBest,entropyNrActions
nr_11_id_7_0014961769771ff7510f9184559f91cfa6e79a21_DefaultPersister_GTSPOON.csv,2,0.000975609756097561,2.8296397771282074
