file,nrBest,proportionBest,entropyNrActions
nr_110_id_2_0034227a0bd9567a8b9162fc3ee4990d915bdf16_StudentDAO_GTSPOON.csv,20,0.00975609756097561,1.6493318971835556
