file,nrBest,proportionBest,entropyNrActions
nr_223_id_35_2b08b5b1a19621a334fd1966d75d87edc6accc32_NURBSCurve_GTSPOON.csv,745,0.36341463414634145,2.2957001164235864
