file,nrBest,proportionBest,entropyNrActions
nr_64_id_17_011d64a49974d41d063e30f0168cd9ab02e05ecc_WiseUtil_GTSPOON.csv,1455,0.7097560975609756,1.3487960989228407
