file,nrBest,proportionBest,entropyNrActions
nr_465_id_8_03dbadc914084f7893e0acf58179e2beccb67ccc_Main_GTSPOON.csv,1553,0.7575609756097561,1.1852579594614874
