file,nrBest,proportionBest,entropyNrActions
nr_325_id_38_d5ff5d717c78e7885901c7174ee2ead371566527_XMLSerializer_GTSPOON.csv,99,0.04829268292682927,2.908895362716069
