file,nrBest,proportionBest,entropyNrActions
nr_92_id_23_02a5ab856f9e576005d34de372b137916ceec3d5_GroupPageActivity_GTSPOON.csv,19,0.009268292682926829,1.0558121542450487
