file,nrBest,proportionBest,entropyNrActions
nr_438_id_30_1aa1e94da0718f5304d870f037ad8958f66dc373_SwingController_GTSPOON.csv,210,0.1024390243902439,2.011703352087026
