file,nrBest,proportionBest,entropyNrActions
nr_525_id_35_651e3b2d0a6f09758e240e175bb903ddd1a99615_Board_GTSPOON.csv,847,0.41317073170731705,1.5683060773651167
