file,nrBest,proportionBest,entropyNrActions
nr_414_id_15_079d4b99171bc6716f4613504b83102b2b72115c_FolderAdapter_GTSPOON.csv,1809,0.8824390243902439,0.7250477961262608
