file,nrBest,proportionBest,entropyNrActions
nr_475_id_1_0547f7506e445f0b0627e86efd43df36079f8129_DefaultContainer_GTSPOON.csv,1847,0.9009756097560976,0.590328977363093
