file,nrBest,proportionBest,entropyNrActions
nr_75_id_34_0b72f67b0c44b742f697a84821f1fa5c630b2a4e_ConfigurationTest_GTSPOON.csv,1938,0.9453658536585365,0.3174506149773566
