file,nrBest,proportionBest,entropyNrActions
nr_292_id_11_03cf7e792e80ec59fe5b7703341e831b464110e6_FormulaEditorPanel_GTSPOON.csv,344,0.1678048780487805,2.5312818451860912
