file,nrBest,proportionBest,entropyNrActions
nr_569_id_6_03777b9e72b7eae171beb9a1106b33b4c11558e3_MainWindow_GTSPOON.csv,300,0.14634146341463414,2.5005250249418305
