file,nrBest,proportionBest,entropyNrActions
nr_337_id_2_00b17b218d68c25862e9ab91e7c30784097d4621_NigoriPasswordStore_GTSPOON.csv,1392,0.6790243902439025,1.317902570755159
