file,nrBest,proportionBest,entropyNrActions
nr_578_id_10_059017ab042be5a6b4468a26e51e281e19994e9f_MapEditor_GTSPOON.csv,140,0.06829268292682927,2.7723360516141913
