file,nrBest,proportionBest,entropyNrActions
nr_131_id_22_02f48543b1cea5a5b42b61b98d0295ac263616dd_LinkTag_GTSPOON.csv,1261,0.6151219512195122,1.6450068189725047
