file,nrBest,proportionBest,entropyNrActions
nr_264_id_29_0f644980ddbc06d1d156716eb21bf751645fd8fd_GameComponent_GTSPOON.csv,1530,0.7463414634146341,1.2348687402815468
