file,nrBest,proportionBest,entropyNrActions
nr_223_id_27_09c611a18105d6dc9adf0947315406c1199b658c_MTel_GTSPOON.csv,266,0.12975609756097561,1.3909286895417676
