file,nrBest,proportionBest,entropyNrActions
nr_206_id_12_02455d958d3eb346c6d34b3407dc7528123db3f4_DBBackend_GTSPOON.csv,1380,0.6731707317073171,1.4500514844491716
