file,nrBest,proportionBest,entropyNrActions
nr_40_id_26_016f07dc48c775306813d2d71251d858a65adbd4_MoveToTarget_GTSPOON.csv,1280,0.624390243902439,1.1472620331396313
