file,nrBest,proportionBest,entropyNrActions
nr_489_id_10_04af723bccc0c0fd647bb26fe952032e488f57a8_PhotoActivity_GTSPOON.csv,1383,0.6746341463414635,1.5388594824753257
