file,nrBest,proportionBest,entropyNrActions
nr_386_id_1_04696e2b33b937a07953a5c9aa6db240d4e4afb2_NameTagNode_GTSPOON.csv,1290,0.6292682926829268,1.7290224284496982
