file,nrBest,proportionBest,entropyNrActions
nr_247_id_14_03a114d4458883d451536f54cb8332a844b90d34_ViewLogsSheet_GTSPOON.csv,1434,0.6995121951219512,1.3595898440723024
