file,nrBest,proportionBest,entropyNrActions
nr_335_id_21_08b45e3e27bae7686a057453161b197a80971f3f_OrganizeImports_GTSPOON.csv,1465,0.7146341463414634,1.4202580943250773
