file,nrBest,proportionBest,entropyNrActions
nr_180_id_22_045a1d27514912d50484cb6ab8a02bd2665f30dd_ASTVisitor_GTSPOON.csv,1238,0.6039024390243902,1.5336745907353424
