file,nrBest,proportionBest,entropyNrActions
nr_268_id_34_25e434b09782ea3812ea4643c5bee604434e9c81_FireSpell_GTSPOON.csv,1556,0.7590243902439024,1.1786724661296235
