file,nrBest,proportionBest,entropyNrActions
nr_683_id_1_07af99bb5671271c00e4767979bf6401682ddf8a_DataProvider_GTSPOON.csv,1496,0.7297560975609756,1.2300875998226748
