file,nrBest,proportionBest,entropyNrActions
nr_452_id_4_01d049fbdc5658570d570940544426286dbbada9_MakeCoeffs_GTSPOON.csv,650,0.3170731707317073,2.367369584218789
