file,nrBest,proportionBest,entropyNrActions
nr_306_id_18_061e876a6169c0487c7896530505fe34a42823e5_EnterpriseBean_GTSPOON.csv,139,0.06780487804878049,1.7066532710482032
