file,nrBest,proportionBest,entropyNrActions
nr_450_id_16_081c05656330b1336f8382f69fceea01cdcb1f38_RapidEnvInterpreter_GTSPOON.csv,134,0.06536585365853659,3.096728180851308
