file,nrBest,proportionBest,entropyNrActions
nr_548_id_36_8a31d2b0e7d2e7757e5e901e7e081e50a3a78003_ParamDecl_GTSPOON.csv,1846,0.9004878048780488,0.5543261194034235
