file,nrBest,proportionBest,entropyNrActions
nr_290_id_7_0309c00ba72ca19ab443753173fb143c7585696b_HiveMetaStore_GTSPOON.csv,191,0.09317073170731707,2.683910821065104
