file,nrBest,proportionBest,entropyNrActions
nr_194_id_30_0c0d31f200b1a850a6016b4d064e0bb227384e4d_Binpack_GTSPOON.csv,183,0.08926829268292683,2.556356567177679
