file,nrBest,proportionBest,entropyNrActions
nr_291_id_13_043e2b15359031fa06fbd5b6ded465c86b4066b3_MainActivity_GTSPOON.csv,1741,0.8492682926829268,0.7429847124401638
