file,nrBest,proportionBest,entropyNrActions
nr_680_id_4_02a5f56289a9430bd70437e534ef1bb186a4fc70_PhotoPage_GTSPOON.csv,116,0.05658536585365854,3.40691595906203
