file,nrBest,proportionBest,entropyNrActions
nr_308_id_21_08195a56fd2b78589c8d06fd8ad4efbf62980502_ExporterGML_GTSPOON.csv,856,0.4175609756097561,2.7548346403495323
