file,nrBest,proportionBest,entropyNrActions
nr_218_id_34_203339609958d7481ef2bf3b8d0de5dab9ba17dc_OSMDownloader_GTSPOON.csv,1398,0.6819512195121952,1.4667711059301225
