file,nrBest,proportionBest,entropyNrActions
nr_264_id_16_04d8af4f905277f02e417e60ff318778b1a94a17_Interpreter_GTSPOON.csv,15,0.007317073170731708,2.8416031601071774
