file,nrBest,proportionBest,entropyNrActions
nr_488_id_4_01f64f013fec4b7844cd78e4c7e092014717d52f_FixedBackOffPolicyTests_GTSPOON.csv,1916,0.9346341463414635,0.42181943543729467
