file,nrBest,proportionBest,entropyNrActions
nr_364_id_22_09007504347fae62ce88c36dec0df2be3a988ea1_SeanceInfo_GTSPOON.csv,10,0.004878048780487805,2.2799222919918534
