file,nrBest,proportionBest,entropyNrActions
nr_376_id_3_0270c275b6ff65d76c9cf77d2979c151c303e535_NEDGraphBuilderImpl_GTSPOON.csv,1106,0.5395121951219513,1.8933004723771936
