file,nrBest,proportionBest,entropyNrActions
nr_62_id_17_01182e359c123e67c730779c0e5faf1ae9673ddd_LRUBuffer_GTSPOON.csv,1834,0.8946341463414634,0.5942345139261792
