file,nrBest,proportionBest,entropyNrActions
nr_178_id_35_227c7b090f65b92592fb6634f9de9bff78f47779_Soap_GTSPOON.csv,4,0.001951219512195122,1.4719331626561674
