file,nrBest,proportionBest,entropyNrActions
nr_231_id_19_05bb92980b27cf8379e6a39f993ae21952ffe05d_URIish_GTSPOON.csv,100,0.04878048780487805,2.286000868460837
