file,nrBest,proportionBest,entropyNrActions
nr_668_id_5_0593668160ba74419af6770bbfb6ace34d917d13_JpaProcessor_GTSPOON.csv,1660,0.8097560975609757,0.9674257188363713
