file,nrBest,proportionBest,entropyNrActions
nr_402_id_17_07e0a48cc27cc5af2cbc433448420d4999c98e40_ExpVisitor_GTSPOON.csv,1296,0.6321951219512195,1.654780212920992
