file,nrBest,proportionBest,entropyNrActions
nr_18_id_11_00285f7b23d2ca550f85a347e46152afde2622f8_DisplayTimeReport_GTSPOON.csv,1383,0.6746341463414635,1.2849435238794378
