file,nrBest,proportionBest,entropyNrActions
nr_397_id_20_07a79bf04850095f765025a403163818c9aac3f2_TCFReverseToggleCommand_GTSPOON.csv,1745,0.8512195121951219,0.7474050009931618
