file,nrBest,proportionBest,entropyNrActions
nr_342_id_17_06c7a8c428c2e67210a646774c4b3456a406d643_DeeModelEngine_GTSPOON.csv,1390,0.6780487804878049,1.4477905784874463
