file,nrBest,proportionBest,entropyNrActions
nr_140_id_17_02b4449378db99adb472677c9c28062fb527dac4_TestScenario_GTSPOON.csv,1727,0.8424390243902439,0.8459714917773736
