file,nrBest,proportionBest,entropyNrActions
nr_355_id_2_00ba51010dda27ed2f276f7497de7b01a3aa3935_LoginPresenter_GTSPOON.csv,1477,0.7204878048780488,1.3094946569610513
