file,nrBest,proportionBest,entropyNrActions
nr_23_id_16_009fac13f0e5d80b581126bba120d2cd230148f4_RateServlet_GTSPOON.csv,1700,0.8292682926829268,0.8650392583914922
