file,nrBest,proportionBest,entropyNrActions
nr_426_id_29_18e2c6c664ab66168c5f2c30676e595c7894e683_SearchResultFactoryImpl_GTSPOON.csv,1582,0.7717073170731708,1.0763744489296339
