file,nrBest,proportionBest,entropyNrActions
nr_373_id_16_06c272190115994e0fbfa51584baaed913144586_Page_GTSPOON.csv,2020,0.9853658536585366,0.09866743938616579
