file,nrBest,proportionBest,entropyNrActions
nr_417_id_11_05acecf3567d9a730d9f12130e2928732407f1ce_ControllerDVD_GTSPOON.csv,1623,0.7917073170731708,1.048916752856741
