file,nrBest,proportionBest,entropyNrActions
nr_49_id_23_01b9e4bf5408476494f072cf7aebe7141ba6e340_Stomp11Test_GTSPOON.csv,101,0.04926829268292683,2.8952021627152678
