file,nrBest,proportionBest,entropyNrActions
nr_453_id_8_03cc1b3b9ab0563e74f3403f9088440ffc164c5b_BaseFrame_GTSPOON.csv,20,0.00975609756097561,0.6553968711767204
