file,nrBest,proportionBest,entropyNrActions
nr_373_id_17_074d9a22b0c9e2686cf2874b06a7197fdcdc13f9_State_GTSPOON.csv,157,0.07658536585365854,2.8964104803923747
