file,nrBest,proportionBest,entropyNrActions
nr_317_id_1_03bd7cf03c1f0299027ccc4a7ad5068fd884450c_Nexus511MavenDeployTest_GTSPOON.csv,2015,0.9829268292682927,0.12304770403334965
