file,nrBest,proportionBest,entropyNrActions
nr_505_id_12_056e6daa46467552c8a163956e00fa8a17d1850c_Statistics_GTSPOON.csv,1550,0.7560975609756098,0.9785668282669397
