file,nrBest,proportionBest,entropyNrActions
nr_624_id_4_0265959ddaa615ee932912a2cfc1e6474f1322a7_SipProfile_GTSPOON.csv,126,0.06146341463414634,2.357238091474739
