file,nrBest,proportionBest,entropyNrActions
nr_385_id_4_018595651f26636b32d91ec5f92afe32d4615ddd_Bulk_GTSPOON.csv,171,0.08341463414634147,2.708791155328944
