file,nrBest,proportionBest,entropyNrActions
nr_157_id_25_05128d694fc4beed5e268b6249a3db73f30f05d2_SardineImpl_GTSPOON.csv,1344,0.655609756097561,1.612660998434145
