file,nrBest,proportionBest,entropyNrActions
nr_98_id_33_0c6157365d14fb72746294994779ef89a6e1c2e9_LineFileDocs_GTSPOON.csv,280,0.13658536585365855,2.4446215434623406
