file,nrBest,proportionBest,entropyNrActions
nr_570_id_3_03bbc683fd66591e3ac599a098cf393a04a95224_ComboFieldEditor_GTSPOON.csv,1737,0.8473170731707317,0.8291485839102274
