file,nrBest,proportionBest,entropyNrActions
nr_19_id_17_004c362c90c1449ac2b28b87cbad8f2153ae0ecc_Stack_GTSPOON.csv,1393,0.6795121951219513,1.357180070241288
