file,nrBest,proportionBest,entropyNrActions
nr_269_id_15_04f75f0b30e9891cc6789de79b31c9703a45539a_EnumElementType_GTSPOON.csv,1624,0.7921951219512195,1.047861614648353
