file,nrBest,proportionBest,entropyNrActions
nr_2_id_35_005708f9ba9ba5f2132250f9a98b466dc099af05_IndexService_GTSPOON.csv,2030,0.9902439024390244,0.0715873292315576
