file,nrBest,proportionBest,entropyNrActions
nr_30_id_3_0045676a2ebbe23e4e5abd3b59f17904796da37d_Utilitaire_GTSPOON.csv,923,0.4502439024390244,1.9967654757824067
