file,nrBest,proportionBest,entropyNrActions
nr_495_id_13_07465fd17b3efd42cd0e3817b5f38a994c7df762_PlayerTableModel_GTSPOON.csv,100,0.04878048780487805,1.6968326616432474
