file,nrBest,proportionBest,entropyNrActions
nr_512_id_2_0113a2dd1e66791ae7463b55338984026d99fdf8_WorkspaceMojo_GTSPOON.csv,1464,0.7141463414634146,1.352022976151253
