file,nrBest,proportionBest,entropyNrActions
nr_476_id_1_05495c791d2eb59e6b30feb15673da054eb4f349_CSVSkeletonWriter_GTSPOON.csv,1938,0.9453658536585365,0.345828111213103
