file,nrBest,proportionBest,entropyNrActions
nr_335_id_2_00aff31d9569186f95468cee24612e1f39cf7416_Main_GTSPOON.csv,1469,0.7165853658536585,1.312009970121311
