file,nrBest,proportionBest,entropyNrActions
nr_383_id_21_0a082a4b8b7380d1d04e500f076286730e605886_AbstractUrlMapping_GTSPOON.csv,1843,0.8990243902439025,0.5485804795242395
