file,nrBest,proportionBest,entropyNrActions
nr_182_id_24_057710499a93b065288260b7dec80cb9be693d10_PacketBiomeWeather_GTSPOON.csv,1823,0.8892682926829268,0.6090430367115806
