file,nrBest,proportionBest,entropyNrActions
nr_340_id_20_06a3fb3da78df066de01452395fa6544ec71f77f_CommandRunner_GTSPOON.csv,182,0.08878048780487804,1.949343508135233
