file,nrBest,proportionBest,entropyNrActions
nr_323_id_17_0676300841773f9ca763be52714061268ce0f3f8_TemplateBuilderImpl_GTSPOON.csv,60,0.02926829268292683,2.7508441623475113
