file,nrBest,proportionBest,entropyNrActions
nr_49_id_9_009b3f48276fa68337e7b22b5e3bcefbb118559c_Properties_GTSPOON.csv,1929,0.9409756097560975,0.3668690891589393
