file,nrBest,proportionBest,entropyNrActions
nr_110_id_22_02769955955208f93d49d792d02b6402df05f46d_PointDistanceTool_GTSPOON.csv,108,0.05268292682926829,2.8156400363201435
