file,nrBest,proportionBest,entropyNrActions
nr_644_id_4_0277ef72c1053ac720c0b7a0b892fc472dffbbf0_EditorTab_GTSPOON.csv,1300,0.6341463414634146,1.6820548273703242
