file,nrBest,proportionBest,entropyNrActions
nr_66_id_20_013778516cf44364f5185d41050559bae921300e_EditFileCommand_GTSPOON.csv,1938,0.9453658536585365,0.327272420278784
