file,nrBest,proportionBest,entropyNrActions
nr_531_id_11_0794b070d4be366b93822962b9f83e80808705dd_MainActivity_GTSPOON.csv,1200,0.5853658536585366,1.8434500572333463
