file,nrBest,proportionBest,entropyNrActions
nr_284_id_10_02a69a8f61330fde7a35665f73a9e98407dee437_CppTemplateTest_GTSPOON.csv,1731,0.844390243902439,0.7055405432177806
