file,nrBest,proportionBest,entropyNrActions
nr_397_id_11_0577fb9c056d649965f0f16afdb49acd27048d5b_FeatureSetResource_GTSPOON.csv,1078,0.5258536585365854,1.9356296753213103
