file,nrBest,proportionBest,entropyNrActions
nr_311_id_2_00a134503fbc3326682335276f3c40b8783e0eb6_HtmlUnitSessionHandler_GTSPOON.csv,1192,0.5814634146341463,1.800607910072291
