file,nrBest,proportionBest,entropyNrActions
nr_233_id_32_14d767fcbe7c68ead32a6a882ea27b74bb8ea306_Hilas_GTSPOON.csv,1340,0.6536585365853659,1.3205187560099558
