file,nrBest,proportionBest,entropyNrActions
nr_408_id_9_04b98f6bc7599d04be66d365e766bb2c1e7f4392_FreeplaneStarter_GTSPOON.csv,1489,0.7263414634146341,1.3116959007568396
