file,nrBest,proportionBest,entropyNrActions
nr_396_id_8_033959b219ff7352435fcde9796add76dce5ea45_JFXC746Test_GTSPOON.csv,1577,0.7692682926829268,1.0832646590288162
