file,nrBest,proportionBest,entropyNrActions
nr_16_id_20_0033a0e7d37697b2b1ce1841b3bd820568a99589_StaxUtils_GTSPOON.csv,1789,0.8726829268292683,0.7034625420901283
