file,nrBest,proportionBest,entropyNrActions
nr_191_id_21_04fbe377707641cc8172c8872388fc34a8421229_ProvUIActivator_GTSPOON.csv,1650,0.8048780487804879,0.9740996498578114
