file,nrBest,proportionBest,entropyNrActions
nr_400_id_8_03455f54c7057e5f1df9708deabe7e2296f6b130_JSONParser_GTSPOON.csv,1520,0.7414634146341463,1.0635053956311973
