file,nrBest,proportionBest,entropyNrActions
nr_540_id_36_878072a11a4f481e99cdc499752b72d14a03090d_AccessPoint_GTSPOON.csv,1,0.0004878048780487805,2.7785962836390654
