file,nrBest,proportionBest,entropyNrActions
nr_555_id_8_047dc00a03547383ff00a5e9251914d0083e3d80_TTGrammarTester_GTSPOON.csv,1933,0.9429268292682926,0.344200166650292
