file,nrBest,proportionBest,entropyNrActions
nr_246_id_25_0804816b21151be60880fd4c16079e041ea34151_ShowRentalView_GTSPOON.csv,1566,0.7639024390243903,1.0999136059831947
