file,nrBest,proportionBest,entropyNrActions
nr_362_id_26_0c5c53a9fa5b41953857a00b349170b6669a786e_UserActionNode_GTSPOON.csv,1584,0.7726829268292683,1.0847620489059404
