file,nrBest,proportionBest,entropyNrActions
nr_512_id_14_0758d022d3bb3ba4acec92946a7624f79a76e605_AsyncHttpClient_GTSPOON.csv,938,0.4575609756097561,1.8692662262668494
