file,nrBest,proportionBest,entropyNrActions
nr_155_id_10_01488210b7b36d49964a97b9a75839d52b7369ad_NegociacaoTest_GTSPOON.csv,792,0.38634146341463416,1.1661194060290383
