file,nrBest,proportionBest,entropyNrActions
nr_366_id_7_03cc4f0f7091e3eec9b5575814a8d46399287b91_Drivetrain_GTSPOON.csv,1565,0.7634146341463415,1.1424020858781656
