file,nrBest,proportionBest,entropyNrActions
nr_234_id_22_05e656eae5256c41773a63515877ee84e3c1ebdf_TerminalSelection_GTSPOON.csv,78,0.03804878048780488,1.0822473493159928
