file,nrBest,proportionBest,entropyNrActions
nr_328_id_1_03da29d3294b76f371f8284b75965e9075c68e36_DefaultContinuumTest_GTSPOON.csv,678,0.3307317073170732,2.382479340567949
