file,nrBest,proportionBest,entropyNrActions
nr_175_id_22_0434c5db5890f45efddac9325b41f516edc9aa14_Engine_GTSPOON.csv,1652,0.8058536585365854,0.9889226839939698
