file,nrBest,proportionBest,entropyNrActions
nr_409_id_27_1254536cdb8646be1c4f979a1f10d8c8568d6eb3_KVData_GTSPOON.csv,1350,0.6585365853658537,1.479489249167482
