file,nrBest,proportionBest,entropyNrActions
nr_458_id_5_03c46339e5eb5258c5b366c22b2730b9f370e964_EEFImageViewer_GTSPOON.csv,1816,0.8858536585365854,0.653043031827378
