file,nrBest,proportionBest,entropyNrActions
nr_359_id_1_04279f63d9ac5a11664296bc7819961bb8cecb82_ArrayQueue_GTSPOON.csv,1518,0.7404878048780488,1.228921632182889
