file,nrBest,proportionBest,entropyNrActions
nr_373_id_17_074d9a22b0c9e2686cf2874b06a7197fdcdc13f9_TransitBoardAlight_GTSPOON.csv,1176,0.5736585365853658,1.7171009969914388
