file,nrBest,proportionBest,entropyNrActions
nr_367_id_14_0573e4907651eace65d83f6a64f5a63c40145846_Timer_GTSPOON.csv,1651,0.8053658536585366,0.9259835647525964
