file,nrBest,proportionBest,entropyNrActions
nr_364_id_11_04c0173021263781803245ef9070654c81e1829c_AnnotationController_GTSPOON.csv,1574,0.7678048780487805,1.0948232936055386
