file,nrBest,proportionBest,entropyNrActions
nr_501_id_27_16cd00d49b8061b177418b6909083cc767f0d1e7_IFileFileRunner_GTSPOON.csv,1040,0.5073170731707317,2.212674858385006
