file,nrBest,proportionBest,entropyNrActions
nr_96_id_14_01510a736c6c7abd8d29f2e188787a27f2295c6b_TestDateTimeFormatter_GTSPOON.csv,165,0.08048780487804878,2.4847217367066925
