file,nrBest,proportionBest,entropyNrActions
nr_259_id_31_12094f10745b3435713dcd48e00ba23e504d26d5_HttpServletResponseImpl_GTSPOON.csv,714,0.34829268292682924,2.3551783523013228
