file,nrBest,proportionBest,entropyNrActions
nr_535_id_7_0591999a8e30185d9449ec4a3a70e05b146c6337_AttributeEditorToolkit_GTSPOON.csv,1225,0.5975609756097561,1.8694380087085636
