file,nrBest,proportionBest,entropyNrActions
nr_592_id_6_03a2ca409c853ed212812c378c98cabb70c85b55_Global_GTSPOON.csv,180,0.08780487804878048,2.6534036230493054
