file,nrBest,proportionBest,entropyNrActions
nr_526_id_4_02183e3339270cc0799359627995bcb1370693b2_Sensors_GTSPOON.csv,1477,0.7204878048780488,1.2702652786995765
