file,nrBest,proportionBest,entropyNrActions
nr_450_id_24_0d79e360813a3523bf2d1235bede9f4094ff0f99_Promotion_GTSPOON.csv,1570,0.7658536585365854,1.2295318052757667
