file,nrBest,proportionBest,entropyNrActions
nr_314_id_2_00a29ef38401939e8f7be81f362c3c544e513e8f_DsPoolImpl_GTSPOON.csv,1841,0.8980487804878049,0.5909569881624073
