file,nrBest,proportionBest,entropyNrActions
nr_69_id_15_01135cd2466f965c124b4e2e9307a9194a1f88c1_UploadButton_GTSPOON.csv,1800,0.8780487804878049,0.48291247979207375
