file,nrBest,proportionBest,entropyNrActions
nr_416_id_25_0e733e525ee2e63e704b5c8c8fc150641014d4a3_UpdateMojo_GTSPOON.csv,1920,0.9365853658536586,0.412909386364372
