file,nrBest,proportionBest,entropyNrActions
nr_193_id_11_02692f5e1856274d12c4231c5d3765d9a3a7ceb6_SimpleClient_GTSPOON.csv,884,0.43121951219512195,2.457340408183633
