file,nrBest,proportionBest,entropyNrActions
nr_351_id_25_0c166f43a8e1a60416bc20f707593c2ad69b1f4a_TestUtils_GTSPOON.csv,1494,0.728780487804878,1.2810854387341974
