file,nrBest,proportionBest,entropyNrActions
nr_476_id_7_04f335f5cd683b81ea0c55e003c9e4d8ca365d07_RubyMethod_GTSPOON.csv,1848,0.9014634146341464,0.5522833935586882
