file,nrBest,proportionBest,entropyNrActions
nr_19_id_4_00107a4e7478c8ebc1d1d9db5dbabf4b35161127_DbManager_GTSPOON.csv,1527,0.7448780487804878,1.1629723510420662
