file,nrBest,proportionBest,entropyNrActions
nr_588_id_1_068e7153005076d01c433603bd2c4a332b69713a_RestState_GTSPOON.csv,2028,0.9892682926829268,0.08278695075025845
