file,nrBest,proportionBest,entropyNrActions
nr_7_id_33_00dd83eb76620dd138df4949667c23b79a587c5c_Utils_GTSPOON.csv,1054,0.5141463414634146,1.449807167216893
