file,nrBest,proportionBest,entropyNrActions
nr_684_id_2_0179619186a28aa74d38b6f2268b491f64d90e13_RosenbrockObjective_GTSPOON.csv,1926,0.9395121951219512,0.39906753320274535
