file,nrBest,proportionBest,entropyNrActions
nr_256_id_5_021603313a689fe4e265a4894f2585a1dc9f4534_NScontroller_GTSPOON.csv,1136,0.5541463414634147,1.896327751158032
