file,nrBest,proportionBest,entropyNrActions
nr_10_id_14_003188e14ee5fe1a561d6ad61216b548afcbf17e_ProposeState_GTSPOON.csv,1903,0.9282926829268293,0.4511078366045604
