file,nrBest,proportionBest,entropyNrActions
nr_220_id_18_044afb49cd12130f3ca5aa5c8aefa357a4664973_Runner_GTSPOON.csv,2005,0.9780487804878049,0.13891373614126884
