file,nrBest,proportionBest,entropyNrActions
nr_42_id_19_0115cf442074d49adaf07cd3c3301df14cc56b60_SessionCache_GTSPOON.csv,900,0.43902439024390244,2.0799403147442557
