file,nrBest,proportionBest,entropyNrActions
nr_248_id_26_0900e3655b65505d79ce64f454c24c33a2e577e2_ASTWriterVisitor_GTSPOON.csv,1473,0.7185365853658536,1.2641179012240724
