file,nrBest,proportionBest,entropyNrActions
nr_506_id_36_80e052b15a32f0b355a94f954411bc77a4047640_Wagon_GTSPOON.csv,1368,0.6673170731707317,1.4734488147092075
