file,nrBest,proportionBest,entropyNrActions
nr_319_id_21_084cd447084cfcdc3806c18381bfd646d06f26e8_HTMLReader_GTSPOON.csv,1816,0.8858536585365854,0.6302812267688074
