file,nrBest,proportionBest,entropyNrActions
nr_445_id_18_085fa28dffa4cf4f745ea1c28e945b89f9f50a61_Mailboxes_GTSPOON.csv,1910,0.9317073170731708,0.4031790961482451
