file,nrBest,proportionBest,entropyNrActions
nr_386_id_4_01862b0da932340e29796666fd1abd5fbd99b202_ShellExecScript_GTSPOON.csv,1228,0.5990243902439024,1.8847575406106558
