file,nrBest,proportionBest,entropyNrActions
nr_412_id_23_0cd6376fa14089cee42991f751962ffd7f455797_ImageSpan_GTSPOON.csv,1545,0.7536585365853659,1.0815903015674748
