file,nrBest,proportionBest,entropyNrActions
nr_369_id_27_10d4893a9f2aa23253a0e2092c7bdd83d299da21_MyPlugin_GTSPOON.csv,2016,0.9834146341463414,0.11234120742860108
