file,nrBest,proportionBest,entropyNrActions
nr_162_id_26_0652a01293545c9865d7fd457ac76c991f44a4fb_SchemaGenerator_GTSPOON.csv,1800,0.8780487804878049,0.6566324235485298
