file,nrBest,proportionBest,entropyNrActions
nr_284_id_28_0cd7d1e23f5e68407789d913657ad245b5d50417_SshScope_GTSPOON.csv,66,0.03219512195121951,2.1328231505224604
