file,nrBest,proportionBest,entropyNrActions
nr_250_id_11_0347c56c96947d7e5260b30dc884c3170c5dce64_HeaderLine_GTSPOON.csv,1240,0.6048780487804878,1.680865825768103
