file,nrBest,proportionBest,entropyNrActions
nr_223_id_15_04267bbae3b22a239d147c31bca71caed8036df6_frame1_GTSPOON.csv,95,0.046341463414634146,3.222907190973692
