file,nrBest,proportionBest,entropyNrActions
nr_342_id_21_08e1e6130f95b56c0e0002b2a551b01a2179cc64_BluetoothServiceThread_GTSPOON.csv,1284,0.6263414634146341,1.670656129670916
