file,nrBest,proportionBest,entropyNrActions
nr_218_id_28_09844e26790ca1073eb213a87c9b9bc01e6cf790_Coordinator_GTSPOON.csv,301,0.14682926829268292,2.325967563440642
