file,nrBest,proportionBest,entropyNrActions
nr_427_id_35_53b2381ad86aaaab7d93147759f7e900df33c658_AboutActivity_GTSPOON.csv,187,0.09121951219512195,2.4361019520532787
