file,nrBest,proportionBest,entropyNrActions
nr_63_id_7_00a66487a8342a1239d5dd389d8ea340a299f0ea_CopyMojo_GTSPOON.csv,937,0.45707317073170733,2.1759567951343017
