file,nrBest,proportionBest,entropyNrActions
nr_72_id_38_2fd3329d7290e0f9f4f8d7fd405b7486b5a52600_AssignmentAction_GTSPOON.csv,28,0.013658536585365854,3.5140769886197774
