file,nrBest,proportionBest,entropyNrActions
nr_94_id_21_029895faf37e80429c2795723e91a2488c802d69_GitTest_GTSPOON.csv,175,0.08536585365853659,2.476779672493269
