file,nrBest,proportionBest,entropyNrActions
nr_21_id_40_3a137415b73e7be5935919a0cc49a4214a87a3aa_SoapParmsDataSet_GTSPOON.csv,180,0.08780487804878048,1.2344215221591348
