file,nrBest,proportionBest,entropyNrActions
nr_200_id_26_079f647b144e5a4aff8a538c14eea05e52a8db59_PerforceSCM_GTSPOON.csv,22,0.010731707317073172,3.842686194024188
