file,nrBest,proportionBest,entropyNrActions
nr_255_id_17_052053457903bbb0b92fd8c482c261da9733a203_AdminArticleController_GTSPOON.csv,329,0.16048780487804878,2.595677114806121
