file,nrBest,proportionBest,entropyNrActions
nr_302_id_38_c7a22d32914a372a36b8f29436345820187c0257_PromoteBuildAction_GTSPOON.csv,985,0.48048780487804876,2.0268746663154524
