file,nrBest,proportionBest,entropyNrActions
nr_321_id_33_29beadd5983931b230024018bd1dc24183a6a2b5_StormSubmitter_GTSPOON.csv,1843,0.8990243902439025,0.5541585601240404
