file,nrBest,proportionBest,entropyNrActions
nr_318_id_26_0af6d55c871d89993464549720ccbb7937e23356_XMLSerializer_GTSPOON.csv,110,0.05365853658536585,2.739847010932298
