file,nrBest,proportionBest,entropyNrActions
nr_724_id_5_060c92b4f1c689b56d508e7a548037c894ebd7ed_Device_Test_GTSPOON.csv,969,0.47268292682926827,0.4169225892982097
