file,nrBest,proportionBest,entropyNrActions
nr_505_id_14_0731920fdf845358cc13ce78292f9e80e143f915_OpenSSLSocketImpl_GTSPOON.csv,125,0.06097560975609756,2.3923470846234665
