file,nrBest,proportionBest,entropyNrActions
nr_852_id_2_01d5b591b47c3915ee700394526fd309b24483f8_WSSecSignature_GTSPOON.csv,646,0.3151219512195122,2.6008623361543473
