file,nrBest,proportionBest,entropyNrActions
nr_170_id_32_0eebfd0d9f717e95f425c254b1645f0357a2fa6e_ProviderResource1_9_GTSPOON.csv,1848,0.9014634146341464,0.5493559244129298
