file,nrBest,proportionBest,entropyNrActions
nr_196_id_11_0271cf48239b7af1e40de687f13c8fa4c51f4501_StreamView_GTSPOON.csv,1166,0.568780487804878,1.862401638299963
