file,nrBest,proportionBest,entropyNrActions
nr_336_id_4_014dddcfd5615cb393f7c304622986919e5c2138_DOM_GTSPOON.csv,580,0.28292682926829266,2.212455384108744
