file,nrBest,proportionBest,entropyNrActions
nr_172_id_26_06945c0a8bb4b6228c6c310adc7d534c7b10999a_MessageCommand_GTSPOON.csv,1928,0.9404878048780487,0.37531080511799636
