file,nrBest,proportionBest,entropyNrActions
nr_118_id_18_023540caa8a8b0f1a8e237ba392a8b13e7bbad1d_IndexNode_GTSPOON.csv,18,0.00878048780487805,0.9126301058751123
