file,nrBest,proportionBest,entropyNrActions
nr_504_id_18_0994f7758f71db82f5b7aeb9dbdc6d061ac4fc1e_Logging_GTSPOON.csv,1737,0.8473170731707317,0.8126088342874676
