file,nrBest,proportionBest,entropyNrActions
nr_398_id_17_07d6d78b6d6a3630c9ffd4768432212de8d600ba_XulMessageBoxStub_GTSPOON.csv,1560,0.7609756097560976,1.000026034364322
