file,nrBest,proportionBest,entropyNrActions
nr_94_id_37_2b499d2d133f9f3958cae0133d00a663a6557329_About_GTSPOON.csv,20,0.00975609756097561,1.492986217100545
