file,nrBest,proportionBest,entropyNrActions
nr_745_id_2_0196b415f34d959b4d2144a56fbb095c70f49102_UIStartUp_GTSPOON.csv,1509,0.7360975609756097,1.0594718205011369
