file,nrBest,proportionBest,entropyNrActions
nr_446_id_36_742f7ba26ec8db9a118f6146e2ab556a2b043c1e_WizardRenderer_GTSPOON.csv,1144,0.5580487804878049,1.7716630405290017
