file,nrBest,proportionBest,entropyNrActions
nr_462_id_10_0467d30e27e453d5132fe32374f423b433a70c64_Wall_GTSPOON.csv,117,0.05707317073170732,2.8981827785353067
