file,nrBest,proportionBest,entropyNrActions
nr_536_id_3_0379e690803154769d68913faa29649ee6fd961e_AbstractField_GTSPOON.csv,1925,0.9390243902439024,0.3641003031019066
