file,nrBest,proportionBest,entropyNrActions
nr_23_id_10_003b33a9a0897991a16e9a2fd70ac4169db89e00_GerritFixture_GTSPOON.csv,1733,0.8453658536585366,0.6792412956813296
