file,nrBest,proportionBest,entropyNrActions
nr_341_id_21_08dfe3d7ad4ca0f94e89ed9709d8b7b156ac944b_EncFSFile_GTSPOON.csv,1493,0.7282926829268292,1.2203853857159934
