file,nrBest,proportionBest,entropyNrActions
nr_86_id_39_8eb9d0a1337e930d373692d6730ef5b67a706c94_InCallScreen_GTSPOON.csv,19,0.009268292682926829,3.355870060183474
