file,nrBest,proportionBest,entropyNrActions
nr_336_id_25_0b54ac53559a79ef0e9b1372c5b55e46e60b378f_Transactions_GTSPOON.csv,120,0.05853658536585366,3.2636466963297064
