file,nrBest,proportionBest,entropyNrActions
nr_213_id_36_36b8ee657971dff88cb2ceb29ef7bf8d08690140_Base64Test_GTSPOON.csv,1664,0.8117073170731708,0.8504443661495472
