file,nrBest,proportionBest,entropyNrActions
nr_363_id_22_08f15202c81a9125238304536ea6ddbc7cd38efb_DFEntityListener_GTSPOON.csv,1692,0.8253658536585365,0.8081054465999645
