file,nrBest,proportionBest,entropyNrActions
nr_650_id_6_040369069618e77197985cc98262e031796f4cad_SimPlayer_GTSPOON.csv,1742,0.8497560975609756,0.6943032652908823
