file,nrBest,proportionBest,entropyNrActions
nr_293_id_14_045c6227fad083b873fee3c75ee9546cf3031621_Schema_57_GTSPOON.csv,1604,0.7824390243902439,1.2291504871761236
