file,nrBest,proportionBest,entropyNrActions
nr_393_id_18_076453a34003e402faf512a3a94f56b7307d487e_ProcessCommonJSModules_GTSPOON.csv,1266,0.6175609756097561,1.7471173165999312
