file,nrBest,proportionBest,entropyNrActions
nr_349_id_20_06d066cf55763a7ae8342699ba90dc875747a5a7_AStar_GTSPOON.csv,1441,0.7029268292682926,1.3786914202544898
