file,nrBest,proportionBest,entropyNrActions
nr_255_id_8_022cb973d1f0f5875fcd03ef43e0e98066390023_SearchCompiler_GTSPOON.csv,983,0.4795121951219512,2.2340733447966534
