file,nrBest,proportionBest,entropyNrActions
nr_408_id_35_4e119ab74b8f9d674057ca40b8baf06432486b46_PrivilegeNode_GTSPOON.csv,5,0.0024390243902439024,1.6480315620897497
