file,nrBest,proportionBest,entropyNrActions
nr_672_id_3_048ec63e994801197e2933cdc23895275e909275_MusicalLibrary_GTSPOON.csv,1660,0.8097560975609757,0.9010837789908743
