file,nrBest,proportionBest,entropyNrActions
nr_415_id_22_09de985af1257d886cac57863c8740a3e452b6a2_AdminAuthenticator_GTSPOON.csv,160,0.07804878048780488,1.3993975412049546
