file,nrBest,proportionBest,entropyNrActions
nr_372_id_35_46d0b58d683b575a98ff5616ddea5c2864e1492b_WuNDaTakeoffHook_GTSPOON.csv,2000,0.975609756097561,0.15474864122225243
