file,nrBest,proportionBest,entropyNrActions
nr_472_id_14_06c1b178e787603501307b6f5c9d4bee8fbd1891_VoteBox_GTSPOON.csv,110,0.05365853658536585,3.362495542702233
