file,nrBest,proportionBest,entropyNrActions
nr_55_id_28_026794f1eb3f6df861158128334ca1fcbc6de82f_Sketch_GTSPOON.csv,87,0.042439024390243905,2.809368339159726
