file,nrBest,proportionBest,entropyNrActions
nr_52_id_39_4ee8f17198c5decb051552765d4d54085bd26cae_ResultSetDataSet_GTSPOON.csv,341,0.16634146341463416,1.5555453554734655
