file,nrBest,proportionBest,entropyNrActions
nr_490_id_9_05915403cb56e7da0720cdc388de38265d82a8d6_PlayerListener_GTSPOON.csv,1371,0.6687804878048781,1.4939411329805667
