file,nrBest,proportionBest,entropyNrActions
nr_384_id_8_032aa53f334064f05f2b13062173c38d17503513_TransactionAction_GTSPOON.csv,998,0.4868292682926829,2.351077849435176
