file,nrBest,proportionBest,entropyNrActions
nr_369_id_35_45e1300aebc8ffa8e4b9fc561610c71a4432b7bf_History_GTSPOON.csv,60,0.02926829268292683,2.317599660222781
