file,nrBest,proportionBest,entropyNrActions
nr_336_id_31_17499ce3cab5644bb8233c6b2b38dc856c5da913_JobCenter_GTSPOON.csv,884,0.43121951219512195,2.6319817406777757
