file,nrBest,proportionBest,entropyNrActions
nr_483_id_8_0407be62730a22d4b38967649008d0859b1b7f30_CombineDescriptor_GTSPOON.csv,1836,0.895609756097561,0.5255014256347014
