file,nrBest,proportionBest,entropyNrActions
nr_430_id_17_08b653f8db730e6de9203d67b5d4f879a130c4fe_Console_GTSPOON.csv,1205,0.5878048780487805,1.8355846055241334
