file,nrBest,proportionBest,entropyNrActions
nr_292_id_19_0702ae97456676c7a5f9fb726e06b028f5373c77_TaskActivity_GTSPOON.csv,204,0.09951219512195122,1.4150681655959023
