file,nrBest,proportionBest,entropyNrActions
nr_157_id_33_133553d417b9e4adb49f8da68e51d97481ce9963_FileIO_GTSPOON.csv,264,0.12878048780487805,2.0934110815846463
