file,nrBest,proportionBest,entropyNrActions
nr_526_id_6_033b909f8f00b360cfe534f70cd015a62a973596_GeometryConverter_GTSPOON.csv,283,0.1380487804878049,0.7694880386732614
