file,nrBest,proportionBest,entropyNrActions
nr_191_id_5_019b4b054e4fe1d7122811139f109b7a799d5ed3_BugzillaFixture_GTSPOON.csv,1170,0.5707317073170731,1.4674135325262294
