file,nrBest,proportionBest,entropyNrActions
nr_291_id_26_0a59916879540867cc144399b902f9a31375e72b_ObjectInputStream_GTSPOON.csv,187,0.09121951219512195,2.5739141652275688
