file,nrBest,proportionBest,entropyNrActions
nr_432_id_11_05eb7958b895aee06925d38d791db64f22f3c2f6_FrameworkConstants_GTSPOON.csv,215,0.1048780487804878,1.6583908624197088
