file,nrBest,proportionBest,entropyNrActions
nr_166_id_12_01d9d45c27b8e3154859dcc5bac5c5989a6140d1_StudentTTable_GTSPOON.csv,2010,0.9804878048780488,0.13280858834094178
