file,nrBest,proportionBest,entropyNrActions
nr_160_id_8_0177fb58981973c7f283a99a318e86c3d63e686f_JvmStateLog_GTSPOON.csv,1201,0.5858536585365853,1.8985140962436269
