file,nrBest,proportionBest,entropyNrActions
nr_577_id_4_0241a6184d7576bdf74e60a64c8487f6d457867d_ModuleNamePattern_GTSPOON.csv,1828,0.8917073170731707,0.5902234353134082
