file,nrBest,proportionBest,entropyNrActions
nr_178_id_33_1624ca41c0ac0b858a7e7135130546709c4d075e_TemplateExecutor_GTSPOON.csv,1161,0.5663414634146341,1.731858363443164
