file,nrBest,proportionBest,entropyNrActions
nr_268_id_23_08b208bb6aa0272541fb15e4f5679287cd6a4961_AdministrationView_GTSPOON.csv,111,0.054146341463414634,1.789243327927947
