file,nrBest,proportionBest,entropyNrActions
nr_497_id_26_10f85b7ea51c868af481d0dfb5329dae2e145972_RMDBean_GTSPOON.csv,1650,0.8048780487804879,0.9608317188005766
