file,nrBest,proportionBest,entropyNrActions
nr_437_id_7_04a267eee837530ef7f1742deb1d41c0db0b2eea_Main_GTSPOON.csv,140,0.06829268292682927,2.519670094688957
