file,nrBest,proportionBest,entropyNrActions
nr_224_id_9_02b5633bc431b8dc7e833e27f9fddb2a4d94db34_WavDecoder_GTSPOON.csv,300,0.14634146341463414,1.8998129305332467
