file,nrBest,proportionBest,entropyNrActions
nr_48_id_15_00beecbc60e11c69a0e6644a19578e89f7959ea0_BlankQuestPedestal_GTSPOON.csv,1908,0.9307317073170732,0.45089297347552637
