file,nrBest,proportionBest,entropyNrActions
nr_438_id_11_06121cd4ae031877753caaf27e90e90691939661_DragLayer_GTSPOON.csv,113,0.055121951219512196,2.8871310242666195
