file,nrBest,proportionBest,entropyNrActions
nr_417_id_14_060ae65cee3d367d51cb898d30fc04d88305f540_SettingsService_GTSPOON.csv,125,0.06097560975609756,2.327338478429294
