file,nrBest,proportionBest,entropyNrActions
nr_429_id_26_0e8b4b7295b8661c405fcc5978b8c106035f1b25_SDOXSDEcoreBuilder_GTSPOON.csv,437,0.21317073170731707,2.7128321087833234
