file,nrBest,proportionBest,entropyNrActions
nr_92_id_30_05e8bbb84ffb5b08c9c826f844654526d955dce1_BeanIntrospector_GTSPOON.csv,1056,0.5151219512195122,1.8180304532162503
