file,nrBest,proportionBest,entropyNrActions
nr_6_id_31_008cc32481445d886645418b6aba3b5be2b715c6_TextInter_GTSPOON.csv,1284,0.6263414634146341,1.6421348323939051
