file,nrBest,proportionBest,entropyNrActions
nr_40_id_11_0065add2e02abeb02236ed45200f1e47adf14c61_MultiboxTag_GTSPOON.csv,1658,0.8087804878048781,0.8966811517853249
