file,nrBest,proportionBest,entropyNrActions
nr_310_id_14_04b288958078f8b29870dcbb2239df448c559610_DayView_GTSPOON.csv,173,0.08439024390243903,2.585433603858149
