file,nrBest,proportionBest,entropyNrActions
nr_175_id_14_025fc6dee273013418ecb4a61278048b02660f2c_Reason_GTSPOON.csv,1635,0.7975609756097561,0.9530124642911446
