file,nrBest,proportionBest,entropyNrActions
nr_406_id_8_03587abd6035ed4e9ca1e2d89f35e150e7d22a99_XMPPTransport_GTSPOON.csv,1106,0.5395121951219513,1.453664165215816
