file,nrBest,proportionBest,entropyNrActions
nr_495_id_28_163fe9b4338f4b95748cea6cbf919486cb10c578_LhaParser_GTSPOON.csv,1710,0.8341463414634146,0.7554041676441716
