file,nrBest,proportionBest,entropyNrActions
nr_556_id_30_21559e3f629d7366e3faa9587895a79dcd8ba8d7_ClientMapTest_GTSPOON.csv,80,0.03902439024390244,2.534024699973026
