file,nrBest,proportionBest,entropyNrActions
nr_402_id_13_05e29759de0055393707450bb1a096d036fc5246_Module_GTSPOON.csv,1700,0.8292682926829268,0.895149245368266
