file,nrBest,proportionBest,entropyNrActions
nr_296_id_6_01dc66a88f6a5b7923e38e72c40f2d0f49650a51_AllTestSuitesTests_GTSPOON.csv,165,0.08048780487804878,1.8343695272131502
