file,nrBest,proportionBest,entropyNrActions
nr_342_id_6_02149ebde4856e5cb39e32d2d944111b8fb3c31f_EmbeddedOpenDS_GTSPOON.csv,152,0.07414634146341463,2.5541778067517273
