file,nrBest,proportionBest,entropyNrActions
nr_331_id_23_0aa88c6b1e45f6bf9049c73724d1174071ffb742_VerzeichnisDAO_GTSPOON.csv,1905,0.9292682926829269,0.44766543193205344
