file,nrBest,proportionBest,entropyNrActions
nr_172_id_37_4f2585c84662857e89a67f4cedbd20a9c41d3717_ChatContainer_GTSPOON.csv,187,0.09121951219512195,2.5644640217630084
