file,nrBest,proportionBest,entropyNrActions
nr_271_id_8_02436b8243317d059f512788e345ee240e60fd5d_WebService_GTSPOON.csv,1383,0.6746341463414635,1.4427928318112073
