file,nrBest,proportionBest,entropyNrActions
nr_251_id_1_02f3fd442349d4e7fdfc9c31a82bb1638db8495e_Version_GTSPOON.csv,2007,0.9790243902439024,0.1341899047091702
