file,nrBest,proportionBest,entropyNrActions
nr_249_id_20_04ac20ec80215352ac522877bfc6cae037439faa_DefaultForm_GTSPOON.csv,1666,0.8126829268292682,0.913978058933626
