file,nrBest,proportionBest,entropyNrActions
nr_269_id_31_12a5ac8365bf7926f2967644fb26f07a5ae51135_gimme_GTSPOON.csv,16,0.007804878048780488,3.6784179083582593
