file,nrBest,proportionBest,entropyNrActions
nr_581_id_11_0847bb10f276259c6bafc8db132ec8e7344fd135_TaskList_GTSPOON.csv,1330,0.6487804878048781,1.416967133986008
