file,nrBest,proportionBest,entropyNrActions
nr_304_id_10_02d5e6bbef9421066b1eb2765290da3d4a027868_MainActivity_GTSPOON.csv,467,0.2278048780487805,2.0321762085970976
