file,nrBest,proportionBest,entropyNrActions
nr_266_id_29_0f9cf389daa07846fd60e7f6f373f2fc504853c2_SegmentBuilder_GTSPOON.csv,750,0.36585365853658536,2.0486567961658046
