file,nrBest,proportionBest,entropyNrActions
nr_282_id_23_08f7333ba10bceb7e6321a5f4862132a87e5ff3f_AbstractField_GTSPOON.csv,432,0.21073170731707316,2.464594314583219
