file,nrBest,proportionBest,entropyNrActions
nr_170_id_36_29b62b03635fbfd4f6914bfd0fa29631b12f0e66_HelpDialog_GTSPOON.csv,2025,0.9878048780487805,0.08365029165113311
