file,nrBest,proportionBest,entropyNrActions
nr_415_id_28_1238bfa607433a9ab3e115e45a4990c5fd26d96b_AUIInlineDialogTest_GTSPOON.csv,1272,0.6204878048780488,1.3840236581232124
