file,nrBest,proportionBest,entropyNrActions
nr_172_id_4_0096180115fd3449577b3ccfed652b6991506b69_BCGenerator_GTSPOON.csv,1847,0.9009756097560976,0.4985272113451134
