file,nrBest,proportionBest,entropyNrActions
nr_623_id_7_0674b5eb0d46af1c639f4061a4ff2307841007b5_KeyHandler_GTSPOON.csv,1369,0.6678048780487805,1.4796513416718806
