file,nrBest,proportionBest,entropyNrActions
nr_417_id_25_0e7adf388465886cd4e9bd19ae85ae2923f5c678_WoTMessageInserter_GTSPOON.csv,1575,0.7682926829268293,1.0601299583384727
