file,nrBest,proportionBest,entropyNrActions
nr_135_id_25_04604a922c97310259e0a84b41d0922e68c9471f_LexerTest_GTSPOON.csv,1302,0.6351219512195122,1.4619177377833898
