file,nrBest,proportionBest,entropyNrActions
nr_150_id_23_04829e68191c2e0cf97504c560e0b0fd669ef5fb_FullscreenActivity_GTSPOON.csv,887,0.4326829268292683,2.2990754706397465
