file,nrBest,proportionBest,entropyNrActions
nr_58_id_19_0167d71ef5c88173d2cea54a3afb152f342c0e97_IMAP_GTSPOON.csv,20,0.00975609756097561,2.390400545673329
