file,nrBest,proportionBest,entropyNrActions
nr_382_id_24_0bb14f41f4ef603c2a4a7477d65730c049236f88_OutlineListView_GTSPOON.csv,136,0.06634146341463415,1.6872323700140406
