file,nrBest,proportionBest,entropyNrActions
nr_510_id_6_031cb0ba737148788f148f6eeb2a52e622681d77_Screen_GTSPOON.csv,386,0.18829268292682927,1.6444135361516476
