file,nrBest,proportionBest,entropyNrActions
nr_243_id_13_0379ec436d64fd6e698a5bf97c5e04158c06db87_DefaultRecordStore_GTSPOON.csv,165,0.08048780487804878,2.9665028163171887
