file,nrBest,proportionBest,entropyNrActions
nr_687_id_5_05bbf227e65b637396867f79374817a548976160_GenericDeviceAdapter_GTSPOON.csv,1201,0.5858536585365853,1.7024647796667922
