file,nrBest,proportionBest,entropyNrActions
nr_191_id_27_08aedd3e0fc744488b7c97c580ca5f178ac516b3_Connection_GTSPOON.csv,1732,0.8448780487804878,0.9157386171521342
