file,nrBest,proportionBest,entropyNrActions
nr_467_id_6_02d9187a676a3ce031c1675b59d6beaa4d368067_LinkedHashMap_GTSPOON.csv,350,0.17073170731707318,2.5158926040074694
