file,nrBest,proportionBest,entropyNrActions
nr_94_id_12_0112cab33a6c4853e9d4df1c70ea016a447cc538_InputTest_GTSPOON.csv,858,0.41853658536585364,2.3861967299349858
