file,nrBest,proportionBest,entropyNrActions
nr_253_id_23_08556ef4f5138c7bc2a019ac0ba8781b6093324f_CandidateQuery_GTSPOON.csv,1939,0.9458536585365853,0.32282247824193616
