file,nrBest,proportionBest,entropyNrActions
nr_286_id_27_0c92ecc56b95c8f089912f71c7465a5254cba409_DeviceManagerImpl_GTSPOON.csv,145,0.07073170731707316,2.679427500594719
