file,nrBest,proportionBest,entropyNrActions
nr_313_id_17_065cdf29ca0a899ef638df32700bc2863ea11884_CommandLookup_GTSPOON.csv,54,0.026341463414634145,1.3940940560567274
