file,nrBest,proportionBest,entropyNrActions
nr_219_id_26_082d2af8c0a2b36879c24ddd6c4435f4290f826c_GLClient_GTSPOON.csv,114,0.055609756097560976,3.2858462070942367
