file,nrBest,proportionBest,entropyNrActions
nr_263_id_4_00fc032ca181d6ce0acb7205be9c89a3644e978a_LockScreen_GTSPOON.csv,61,0.02975609756097561,2.529016691870564
