file,nrBest,proportionBest,entropyNrActions
nr_749_id_1_08824f04c7aca057d0812ba3b93570710f05c087_JPAEdmProperty_GTSPOON.csv,1481,0.7224390243902439,1.5049649741676692
