file,nrBest,proportionBest,entropyNrActions
nr_454_id_17_0930acd7f91e785ce5599d1d0304551b6df69bea_ScimUserEndpoints_GTSPOON.csv,1800,0.8780487804878049,0.7167166720488791
