file,nrBest,proportionBest,entropyNrActions
nr_224_id_24_06fd9b0c14e28661bee5bc7759f328671d23146d_PyJSStringWrapper_GTSPOON.csv,810,0.3951219512195122,0.9609203876809596
