file,nrBest,proportionBest,entropyNrActions
nr_215_id_25_070fe8fa4cad06c60445b6b537aef2b97932582e_NetworkImpl_GTSPOON.csv,180,0.08780487804878048,2.5645945369238463
