file,nrBest,proportionBest,entropyNrActions
nr_141_id_18_02c2e4b842a6b6a3a78f3149bb745f7767da7cab_BaseParserTest_GTSPOON.csv,1514,0.7385365853658536,1.3489837903948787
