file,nrBest,proportionBest,entropyNrActions
nr_473_id_3_031a9967a2f66744942dab298628a3ca4be63ad4_DatabaseHandler_GTSPOON.csv,178,0.08682926829268292,2.6246936191381045
