file,nrBest,proportionBest,entropyNrActions
nr_240_id_18_04b349c048b17ee9b9f75677ed1dc9c777140317_TuraelSlayer_GTSPOON.csv,25,0.012195121951219513,2.2089424684515615
