file,nrBest,proportionBest,entropyNrActions
nr_481_id_33_3a3ccd470ec83ed175099152604914035ad61dbc_Garage_GTSPOON.csv,1387,0.6765853658536586,1.164426509627552
