file,nrBest,proportionBest,entropyNrActions
nr_620_id_3_042e55788e9cdcef47454506215c766f06815c12_SessionImpl_GTSPOON.csv,905,0.44146341463414634,2.1272634413534566
