file,nrBest,proportionBest,entropyNrActions
nr_544_id_35_678301a7f3daa65a68783f1bea03ba9cea28f92f_ESBModelTest_GTSPOON.csv,1029,0.5019512195121951,1.6792414604134742
