file,nrBest,proportionBest,entropyNrActions
nr_499_id_11_06ef275c21027c8c78118c3d7c69beee5123963e_HighscoreState_GTSPOON.csv,1925,0.9390243902439024,0.38044817752876814
