file,nrBest,proportionBest,entropyNrActions
nr_460_id_17_093cc1a6b66833a7918ebb48c297655dade500cc_SimplePathFinder_GTSPOON.csv,1,0.0004878048780487805,3.0573042141376767
