file,nrBest,proportionBest,entropyNrActions
nr_354_id_27_0f8579cea16d9340785f4a855442a4e4de1816cc_ModelEditor_GTSPOON.csv,138,0.06731707317073171,3.6212257943451043
