file,nrBest,proportionBest,entropyNrActions
nr_369_id_2_00c3f9b19850dea9a9c2c31a7754a8c8d905b9a4_JajascriptSteps_GTSPOON.csv,1934,0.9434146341463414,0.36749868596519925
