file,nrBest,proportionBest,entropyNrActions
nr_444_id_15_083f0b6e957adf183cfb2d9ae73557d3625924ce_Request_GTSPOON.csv,573,0.27951219512195125,2.3658483096331056
