file,nrBest,proportionBest,entropyNrActions
nr_233_id_7_028629fb8c254a2fc11467e8c3a24a69448bcaca_HomeController_GTSPOON.csv,1915,0.9341463414634147,0.4116694496029012
