file,nrBest,proportionBest,entropyNrActions
nr_356_id_10_036b1c2d90da800e002b09f4c772d4a44bd3e70b_Bucket_GTSPOON.csv,785,0.3829268292682927,2.000842606850263
