file,nrBest,proportionBest,entropyNrActions
nr_165_id_17_03418688cb84b5809e54b36e1c4f306bb8d6f4f8_JavafxTreeMaker_GTSPOON.csv,133,0.06487804878048781,2.6240992593161208
