file,nrBest,proportionBest,entropyNrActions
nr_72_id_24_022bf7ef719d4208610fcae054f59e3a7938b54b_PlayerListener_GTSPOON.csv,1467,0.715609756097561,1.2428862069749758
