file,nrBest,proportionBest,entropyNrActions
nr_36_id_17_00b5bf30d212507781f960fea139012cf9fdea17_OJNParser_GTSPOON.csv,158,0.07707317073170732,2.1756412071124736
