file,nrBest,proportionBest,entropyNrActions
nr_342_id_33_2c13fc535d41046e3db7caf4e7a640a50de41825_BugJac593Test_GTSPOON.csv,361,0.17609756097560975,0.9630267865031789
