file,nrBest,proportionBest,entropyNrActions
nr_361_id_28_104bef3f802562b263f68884efa450fefe9e5ce8_Strategy_GTSPOON.csv,80,0.03902439024390244,1.7207837083059045
