file,nrBest,proportionBest,entropyNrActions
nr_184_id_16_0370e766f208c43fe30180bd4bc52f9bb7b4cdf0_XmlChooser_GTSPOON.csv,1013,0.49414634146341463,2.163216895317821
