file,nrBest,proportionBest,entropyNrActions
nr_240_id_7_0292dccd71c689ffba336170b157d010e7261e65_GetEntries_GTSPOON.csv,1574,0.7678048780487805,1.1391011122596657
