file,nrBest,proportionBest,entropyNrActions
nr_228_id_6_017ca061438f1bcba8bf698ce0740b036300b365_Translations_GTSPOON.csv,1415,0.6902439024390243,1.1597832694286094
