file,nrBest,proportionBest,entropyNrActions
nr_575_id_5_04cf1595102f341b3b4a8a938c0e2def698517d7_FileUpload_GTSPOON.csv,975,0.47560975609756095,0.41314172253978043
