file,nrBest,proportionBest,entropyNrActions
nr_518_id_27_177f06f87e66a8d57c2fa25cd1019647a6521b90_NewBuilder_GTSPOON.csv,119,0.05804878048780488,3.399575268337433
