file,nrBest,proportionBest,entropyNrActions
nr_493_id_12_05540527e6de22b1be63457a61e61bbbb973bcfe_FetcherService_GTSPOON.csv,114,0.055609756097560976,2.7689940823382755
