file,nrBest,proportionBest,entropyNrActions
nr_427_id_27_132b9266945ae638af4884729a83185273c4fe4b_Commands_GTSPOON.csv,320,0.15609756097560976,1.9109591850790812
