file,nrBest,proportionBest,entropyNrActions
nr_608_id_6_03bb87c1342cb5fd8189ad212b96495477a3a532_EditItemPane_GTSPOON.csv,1630,0.7951219512195122,1.0389761371990944
