file,nrBest,proportionBest,entropyNrActions
nr_537_id_9_0624325fb285d76e8c7cf307e239d8836fbe1ee8_PieControlPanel_GTSPOON.csv,1109,0.5409756097560976,1.7806281208632773
