file,nrBest,proportionBest,entropyNrActions
nr_309_id_1_03af1225a09cd20fb2f0a14ea281da5e1d81c6da_MapLoader_GTSPOON.csv,1933,0.9429268292682926,0.3575891148007075
