file,nrBest,proportionBest,entropyNrActions
nr_25_id_37_0b1a2305986895a73f267fcf0746bbb1625473bc_ChatContainer_GTSPOON.csv,187,0.09121951219512195,2.5644640217630084
