file,nrBest,proportionBest,entropyNrActions
nr_291_id_25_09cb2f8436fefc3352c793a2dae3779977051c46_GroovyCompiler_GTSPOON.csv,1658,0.8087804878048781,0.9135197347402335
