file,nrBest,proportionBest,entropyNrActions
nr_576_id_11_0838b5c3a8a9f1dc3333b7545450c584bc53cb9b_RouteActivity_GTSPOON.csv,265,0.12926829268292683,2.61147709262423
