file,nrBest,proportionBest,entropyNrActions
nr_538_id_11_07b998050ca2d6116124482a9501241f8adcbde5_AskUsActivity_GTSPOON.csv,1438,0.7014634146341463,1.591384577710127
