file,nrBest,proportionBest,entropyNrActions
nr_498_id_14_0713806c1dcb6011a127214c7686c9fba83565cb_MarkupEditor_GTSPOON.csv,173,0.08439024390243903,2.7171211221319704
