file,nrBest,proportionBest,entropyNrActions
nr_325_id_24_0a02e75a38841743099d4eb901fe53e8b0a966ce_CallComboBox_GTSPOON.csv,336,0.16390243902439025,1.1122091953969564
