file,nrBest,proportionBest,entropyNrActions
nr_44_id_39_44a91e994f28403338ab0ed06a0e195b0a56d2c9_DeferredJavaThread_GTSPOON.csv,1644,0.8019512195121952,0.8893071110326065
