file,nrBest,proportionBest,entropyNrActions
nr_419_id_13_0618a9b48c44fa592987777a9a9f325b93ae06a8_TransformVespucciV0ToV1_GTSPOON.csv,1225,0.5975609756097561,1.6018962954445874
