file,nrBest,proportionBest,entropyNrActions
nr_242_id_19_060f24294b1d9874a5562b53861d8f52b9ed7b46_BTreeSignal_GTSPOON.csv,1666,0.8126829268292682,0.9102458213913458
