file,nrBest,proportionBest,entropyNrActions
nr_62_id_4_00348de6e75558e87e74114455aa32bd86a1e97e_CompositeBuilderTest_GTSPOON.csv,1052,0.5131707317073171,2.025132537961546
