file,nrBest,proportionBest,entropyNrActions
nr_289_id_21_0799b715f37a7a85ef27ba1a509f3003ce7525bf_Country_GTSPOON.csv,1843,0.8990243902439025,0.5477318431229863
