file,nrBest,proportionBest,entropyNrActions
nr_389_id_4_0188f665238f552c68bdd863f4775a2bb8dfd6df_MainActivity_GTSPOON.csv,1719,0.8385365853658536,0.8746493845467718
