file,nrBest,proportionBest,entropyNrActions
nr_64_id_18_0105b0b343ac215e458e9e0e777cfb7c14f6e5b1_AS7SSHClient_GTSPOON.csv,1144,0.5580487804878049,1.782132336811658
