file,nrBest,proportionBest,entropyNrActions
nr_262_id_27_0b981c73ab5d5aad3234bcc96049060e98f2027b_Multimaps_GTSPOON.csv,80,0.03902439024390244,3.1305085543390527
