file,nrBest,proportionBest,entropyNrActions
nr_126_id_31_091ab91455f863862faf55c74b7c9ee0bd11956e_MainMenu_GTSPOON.csv,1,0.0004878048780487805,2.87792492088144
