file,nrBest,proportionBest,entropyNrActions
nr_205_id_35_2733c9fa5d0e067dff360409efed3a8f86a876a8_BeanUtils_GTSPOON.csv,392,0.19121951219512195,2.2990463685766587
