file,nrBest,proportionBest,entropyNrActions
nr_599_id_1_06bac2316dde1f9e46c9e209b70e0eb96159854b_BullWhip_GTSPOON.csv,2013,0.9819512195121951,0.11360363453582424
