file,nrBest,proportionBest,entropyNrActions
nr_187_id_11_025e5e68dd08c45899b5826450cd29c746c77e45_VarBlockCacheBuilder_GTSPOON.csv,5,0.0024390243902439024,2.062737394441423
