file,nrBest,proportionBest,entropyNrActions
nr_308_id_38_cd967669db6167db8743cefd5713f504c79a2bdd_SimplePlanner_GTSPOON.csv,151,0.07365853658536585,3.209874468957307
