file,nrBest,proportionBest,entropyNrActions
nr_205_id_24_0653db6182d96419370aa77d9ca8a6fc530ff65c_WebViewTest_GTSPOON.csv,60,0.02926829268292683,2.921761238911471
