file,nrBest,proportionBest,entropyNrActions
nr_207_id_13_02f091dff25edac41aad1b170ca47cfd8d045435_Item_GTSPOON.csv,1816,0.8858536585365854,0.6268146799018869
