file,nrBest,proportionBest,entropyNrActions
nr_305_id_32_19f03d440660f94088d4847f6a82b60fb6ff9f1a_HistoryGuru_GTSPOON.csv,1302,0.6351219512195122,1.4801177024236416
