file,nrBest,proportionBest,entropyNrActions
nr_119_id_31_08b60a0e8d9a54f948a3c9db048a729f953d19d9_SecurityTest_GTSPOON.csv,756,0.36878048780487804,2.074433460290791
