file,nrBest,proportionBest,entropyNrActions
nr_302_id_18_0605ebc76c9643743a3307e1dea1cb611d6176c0_ClassOrPackageDoc_GTSPOON.csv,1310,0.6390243902439025,1.6609592992029028
