file,nrBest,proportionBest,entropyNrActions
nr_92_id_5_00d974221762029715f8c7c4cbfa6bc7534946d0_ArrayPP_GTSPOON.csv,25,0.012195121951219513,3.118671533291187
