file,nrBest,proportionBest,entropyNrActions
nr_390_id_10_03b983a5365ae843bcadaba60fb8627d4416c1c3_VmeDao_GTSPOON.csv,152,0.07414634146341463,2.817933753520501
