file,nrBest,proportionBest,entropyNrActions
nr_269_id_11_0388fff127a2f9970bda4bc9665a6328c56422e9_PacketDecoder_GTSPOON.csv,2000,0.975609756097561,0.1708509266192046
