file,nrBest,proportionBest,entropyNrActions
nr_467_id_34_3ff25f53228d5f5e346f407067986fd7844b3ef0_FileBrowser_GTSPOON.csv,15,0.007317073170731708,4.35925609244801
