file,nrBest,proportionBest,entropyNrActions
nr_6_id_18_00134ad351c43ffb0f15df4b4696b6ec74f7aec8_JexlTest_GTSPOON.csv,542,0.26439024390243904,2.389293273128166
