file,nrBest,proportionBest,entropyNrActions
nr_25_id_30_021996fea6144be69893d2254172222946039535_ContactAggregatorPerformanceTest_GTSPOON.csv,1929,0.9409756097560975,0.3340904488976312
