file,nrBest,proportionBest,entropyNrActions
nr_98_id_30_063b3d657456e35a61250d9952b9691394f8876f_ExplodedExporterTestCase_GTSPOON.csv,880,0.4292682926829268,0.6582760720128837
