file,nrBest,proportionBest,entropyNrActions
nr_125_id_23_03c2c42052b699337207b5502676bc33a02ac031_QBParseInfo_GTSPOON.csv,1393,0.6795121951219513,1.340990455503527
