file,nrBest,proportionBest,entropyNrActions
nr_373_id_4_01790418d66a6d755bccb1419c8a0270b7631a02_SCPlayerListener_GTSPOON.csv,1834,0.8946341463414634,0.6152948235546429
