file,nrBest,proportionBest,entropyNrActions
nr_126_id_27_05856b34716228c5c1fc1c3dec0ca9550346c905_SQLExporter_GTSPOON.csv,150,0.07317073170731707,2.264385665917027
