file,nrBest,proportionBest,entropyNrActions
nr_349_id_8_02dff20170b280fb5d0f23591e83ad0d83d9f19f_LoginController_GTSPOON.csv,2025,0.9878048780487805,0.0870314974099621
