file,nrBest,proportionBest,entropyNrActions
nr_289_id_30_11a254c1d79bcad4985b9a046cdca220079f3293_BuildTriggerServlet_GTSPOON.csv,1539,0.7507317073170732,1.1759573975335131
