file,nrBest,proportionBest,entropyNrActions
nr_372_id_24_0b6cb408d367f3dafa9c8b6ba93f82402eaaeb15_cgData_GTSPOON.csv,5,0.0024390243902439024,3.044409356968727
