file,nrBest,proportionBest,entropyNrActions
nr_328_id_17_067c8aedbb626a7666812f098b1dc75e935daec9_BindingRipper_GTSPOON.csv,95,0.046341463414634146,1.4729197731707444
