file,nrBest,proportionBest,entropyNrActions
nr_212_id_33_19d77189823545ca2abd4418350827dd7b5fa68c_MainActivity_GTSPOON.csv,193,0.09414634146341463,1.543135133748383
