file,nrBest,proportionBest,entropyNrActions
nr_274_id_1_033e8cb2adc2d757183d55f971181302ff175988_JsCompiler_GTSPOON.csv,1331,0.6492682926829269,1.371599545393332
