file,nrBest,proportionBest,entropyNrActions
nr_312_id_38_ce2a49a884978ec0fc50356aafbca609a3816896_Evolutions_GTSPOON.csv,565,0.275609756097561,2.558396540797846
