file,nrBest,proportionBest,entropyNrActions
nr_4_id_17_0007a17dd13e8df9db9713db07519669de1e473f_ClientPanel_GTSPOON.csv,1437,0.7009756097560975,1.4164389142622085
