file,nrBest,proportionBest,entropyNrActions
nr_187_id_24_05928b7fe20e139761ed2cd9580410bf707536f9_LinkBar_GTSPOON.csv,120,0.05853658536585366,1.1578694889401104
