file,nrBest,proportionBest,entropyNrActions
nr_499_id_15_09195c9c92119edae04a09f02c54d5c266154afb_ObjectsTreeFactory_GTSPOON.csv,1666,0.8126829268292682,1.0533428107761411
