file,nrBest,proportionBest,entropyNrActions
nr_502_id_8_04205bc38386f2d02c95f56489572cc4a34872bc_Rule7Test_GTSPOON.csv,1825,0.8902439024390244,0.4058406044650293
