file,nrBest,proportionBest,entropyNrActions
nr_256_id_5_021603313a689fe4e265a4894f2585a1dc9f4534_DAcontroller_GTSPOON.csv,1915,0.9341463414634147,0.4000887555542936
