file,nrBest,proportionBest,entropyNrActions
nr_577_id_4_0241a6184d7576bdf74e60a64c8487f6d457867d_PomPropertiesFinder_GTSPOON.csv,2015,0.9829268292682927,0.11667252410023475
