file,nrBest,proportionBest,entropyNrActions
nr_116_id_37_349857dbcf8e9d468d10605d713fadd36eb63200_FilePathnameUtils_GTSPOON.csv,1757,0.8570731707317073,0.7297277750713037
