file,nrBest,proportionBest,entropyNrActions
nr_422_id_33_34ce5b443d17bd8cfeb7fd591755bf50258ddd69_Invoker_GTSPOON.csv,153,0.07463414634146341,2.917876290524843
