file,nrBest,proportionBest,entropyNrActions
nr_440_id_33_366efccbd902a7f69552a5875a58320527486218_Toc_GTSPOON.csv,162,0.07902439024390244,2.835022903210848
