file,nrBest,proportionBest,entropyNrActions
nr_397_id_36_671d4f63e07563ea90917a1e7c5f14431dc8d041_EntireGraphingPanel_GTSPOON.csv,9,0.004390243902439025,3.193051830603733
