file,nrBest,proportionBest,entropyNrActions
nr_38_id_25_013b2fa6c08be3d1489de99fa559cdc12ec5536f_Amendment_GTSPOON.csv,1510,0.7365853658536585,1.2407907210892255
