file,nrBest,proportionBest,entropyNrActions
nr_693_id_4_02b2cb0503437be51c87f5e6a3b7632c9087d3ba_FyresKeyHandler_GTSPOON.csv,1235,0.6024390243902439,1.6013589721140007
