file,nrBest,proportionBest,entropyNrActions
nr_272_id_11_038de6d922a00b2a858a40ef208f5ea259455238_RTPProxyClient_GTSPOON.csv,1743,0.8502439024390244,0.7769939061855973
