file,nrBest,proportionBest,entropyNrActions
nr_537_id_10_0534356abb73a405b3f4155c7484d4dd2504b5d6_AbstractForm_GTSPOON.csv,1525,0.7439024390243902,1.1777369695035624
