file,nrBest,proportionBest,entropyNrActions
nr_297_id_11_03dd2e46903f1c5582f96e66e13c579f8fee983a_Africa_GTSPOON.csv,1468,0.7160975609756097,1.0526042709941041
