file,nrBest,proportionBest,entropyNrActions
nr_331_id_5_02ad95cd20720cf64671c2d15e858523d7fa88d2_LaunchConfig_GTSPOON.csv,1308,0.6380487804878049,1.5667932959973525
