file,nrBest,proportionBest,entropyNrActions
nr_397_id_16_072fb3c503b387b5b80f15d2c569e3e34fd5c36d_SQLSequenceDAO_GTSPOON.csv,142,0.06926829268292684,3.8960554004558663
