file,nrBest,proportionBest,entropyNrActions
nr_165_id_36_287b785b5d266dcd27bd271e5e89685322a16483_Configuration_GTSPOON.csv,5,0.0024390243902439024,2.400547874045996
