file,nrBest,proportionBest,entropyNrActions
nr_97_id_6_00aea5306f52282f01cb3101ac2f87c9d65b498f_FileServiceImpl_GTSPOON.csv,1473,0.7185365853658536,1.1954980494967167
