file,nrBest,proportionBest,entropyNrActions
nr_254_id_12_02c1dfd80738c2770af26b91d20fb3c6f6d93d95_RuleSet_GTSPOON.csv,1826,0.8907317073170732,0.6337894851322776
