file,nrBest,proportionBest,entropyNrActions
nr_273_id_12_02f92a2195d76703c36439425b2ed75f03b7d23e_LocChart_GTSPOON.csv,1586,0.7736585365853659,0.9621199528796467
