file,nrBest,proportionBest,entropyNrActions
nr_375_id_14_058888ef383fadc6e9fe68e40f37ad5575d01d58_FilterMenuActivity_GTSPOON.csv,1715,0.8365853658536585,0.7610560904690362
