file,nrBest,proportionBest,entropyNrActions
nr_216_id_27_0998f4310f34dde9155d606c511ff90a0adfd679_BlockProjectBase_GTSPOON.csv,1937,0.9448780487804878,0.33784796803741424
