file,nrBest,proportionBest,entropyNrActions
nr_540_id_3_038085598ca6180688767f90a759a5eda30e2daa_Workspace_GTSPOON.csv,37,0.018048780487804877,2.6574501997757873
