file,nrBest,proportionBest,entropyNrActions
nr_152_id_20_0301a2f35469b267801348525e80540512b7226e_MinML2GpxParser_GTSPOON.csv,165,0.08048780487804878,2.2701051939118844
