file,nrBest,proportionBest,entropyNrActions
nr_201_id_32_122c06b9889b7870098af94fcbd67395211d734b_MojamComponent_GTSPOON.csv,17,0.008292682926829269,3.3238147739313217
