file,nrBest,proportionBest,entropyNrActions
nr_290_id_29_111770d04a2b9a4582a9bad7a14da762e3b1ba27_BetamaxHttpClient_GTSPOON.csv,2022,0.9863414634146341,0.09593129679081308
