file,nrBest,proportionBest,entropyNrActions
nr_262_id_24_08449c8e169dbe88ed5b0fe9269a9d6cffd73213_Fixer_GTSPOON.csv,1715,0.8365853658536585,0.7062910229903964
