file,nrBest,proportionBest,entropyNrActions
nr_498_id_13_0761d7e46aa54436c238f2d29ef2fae269e594dc_JDIThread_GTSPOON.csv,10,0.004878048780487805,2.8818906499869583
