file,nrBest,proportionBest,entropyNrActions
nr_401_id_21_0a657b15209de95ec2df18362480f875091c1f3b_kdtree_GTSPOON.csv,144,0.0702439024390244,1.632160278730968
