file,nrBest,proportionBest,entropyNrActions
nr_53_id_36_0d85da7740978a0f42cc9f71f1384114d57853e3_LeaderboardServlet_GTSPOON.csv,36,0.0175609756097561,2.454558445272298
