file,nrBest,proportionBest,entropyNrActions
nr_33_id_9_00681ef632d5e1ad1a3ae53ebaed1375b9286663_RunCommand_GTSPOON.csv,1907,0.9302439024390244,0.44574103609869775
