file,nrBest,proportionBest,entropyNrActions
nr_292_id_24_08fa8758ab99d3d5841b82efb541074e86a92dd1_LwjglApplet_GTSPOON.csv,2029,0.9897560975609756,0.07452703951160486
