file,nrBest,proportionBest,entropyNrActions
nr_227_id_30_0e0359bfc2906a54450cdb2a8f4e614e9e0156a9_DrawStadium_GTSPOON.csv,165,0.08048780487804878,3.0582221649952177
