file,nrBest,proportionBest,entropyNrActions
nr_297_id_24_0938b21c8283887b7d56f3a19dac1793f951695a_ShipIO_GTSPOON.csv,20,0.00975609756097561,2.358125013471612
