file,nrBest,proportionBest,entropyNrActions
nr_525_id_7_0569632fffb7ba6abda827a9973455017fd35be4_ProtocolManager_GTSPOON.csv,6,0.002926829268292683,1.8984058241263868
