file,nrBest,proportionBest,entropyNrActions
nr_312_id_23_0a05172254d230ef2666b394ddd7c512ac1423ae_SectionCursorAdapter_GTSPOON.csv,189,0.09219512195121951,1.8539672464552874
