file,nrBest,proportionBest,entropyNrActions
nr_407_id_34_394653e7a4cbd2537ff3d182e5c239dd3bd3ed1a_FieldIterator_GTSPOON.csv,10,0.004878048780487805,2.8254822563869375
