file,nrBest,proportionBest,entropyNrActions
nr_324_id_16_05f24b0b92fd00c8d9ce7b29da5594d166aa8ddc_X10TypeMixin_GTSPOON.csv,140,0.06829268292682927,2.907813773364736
