file,nrBest,proportionBest,entropyNrActions
nr_171_id_27_07c71a65386f429966892eb1e616ca86b7963f8a_VBRom_GTSPOON.csv,1620,0.7902439024390244,1.0837159213526792
