file,nrBest,proportionBest,entropyNrActions
nr_278_id_16_050798c18a8b43f73903de539c3fabddbd94e30d_PyUnicode_GTSPOON.csv,25,0.012195121951219513,2.5083536827672193
