file,nrBest,proportionBest,entropyNrActions
nr_383_id_25_0d4ce364b8ca9c3624277ae456cfe7f8a7056b04_DataTypeUtil_GTSPOON.csv,886,0.4321951219512195,2.193332591873264
