file,nrBest,proportionBest,entropyNrActions
nr_260_id_20_04f6a3503110d29aa41577a9e443a0ffd029067a_NativeApp_GTSPOON.csv,1520,0.7414634146341463,0.9620827315179538
