file,nrBest,proportionBest,entropyNrActions
nr_235_id_6_01839d5a428d7a148b553a902e06c9380ab0f553_InstallerMBeanImpl_GTSPOON.csv,1470,0.7170731707317073,1.4019785161707297
