file,nrBest,proportionBest,entropyNrActions
nr_489_id_8_040be1d4ea3156a9b0e6dda162d7c7bb89e9339c_MainView_GTSPOON.csv,171,0.08341463414634147,2.528894201517147
