file,nrBest,proportionBest,entropyNrActions
nr_610_id_5_05172bd9a0d8f054bcb27a11e8803a5319f76c49_AddAccountSettings_GTSPOON.csv,1566,0.7639024390243903,1.1130943092188526
