file,nrBest,proportionBest,entropyNrActions
nr_539_id_6_034f997b57c7ccd57f87c06ec353267ea27cbd88_SlideParser_GTSPOON.csv,1157,0.564390243902439,1.8601267573320026
