file,nrBest,proportionBest,entropyNrActions
nr_304_id_17_0635bafa92aa97a2b1dc4f080d03e26fceeb64c2_Main_GTSPOON.csv,1924,0.9385365853658536,0.38739315723678014
