file,nrBest,proportionBest,entropyNrActions
nr_260_id_21_06e46d959448cdef9011fe87f76a90504b89735d_ImageScreenTest_GTSPOON.csv,1843,0.8990243902439025,0.5373449779770157
