file,nrBest,proportionBest,entropyNrActions
nr_489_id_13_073382f061a0924377f1f1ad8add7f8e9f14d885_BasicAuthentication_GTSPOON.csv,2025,0.9878048780487805,0.08397306778862015
