file,nrBest,proportionBest,entropyNrActions
nr_434_id_8_03a69c284913bc79dad9e55038e7e6510c667e0a_GroupClient_GTSPOON.csv,1274,0.6214634146341463,1.4909380329795083
