file,nrBest,proportionBest,entropyNrActions
nr_121_id_7_0153a6cddde758441e6dd9807c1c7094d2f21701_PersistanceActions_GTSPOON.csv,394,0.19219512195121952,2.6313857654793114
