file,nrBest,proportionBest,entropyNrActions
nr_13_id_37_04431fe736902ab9b3e977b682def63c25447c18_FlowValidationTests_GTSPOON.csv,1936,0.944390243902439,0.29898433913782074
