file,nrBest,proportionBest,entropyNrActions
nr_570_id_5_04c3cbb8cc9e190b4290ec67f6f5043c066b9ce5_NavigationPane_GTSPOON.csv,1200,0.5853658536585366,1.6795094615104325
