file,nrBest,proportionBest,entropyNrActions
nr_502_id_24_0f0a355c3ee50b0e14cfe85e46ae040c09663541_Sample_GTSPOON.csv,1939,0.9458536585365853,0.3195224367035953
