file,nrBest,proportionBest,entropyNrActions
nr_473_id_16_087bf7c2a1b2df686fa680a7184ee55131619a54_PreviewFrame_GTSPOON.csv,117,0.05707317073170732,3.3208879034876126
