file,nrBest,proportionBest,entropyNrActions
nr_631_id_8_04f4faa10158d70623c11449103043a722b96f15_ContentAuditor_GTSPOON.csv,2015,0.9829268292682927,0.11358032790862843
