file,nrBest,proportionBest,entropyNrActions
nr_374_id_15_06dbcb9f229c50d886f5d3cefa27dbefb2690076_Activity_GTSPOON.csv,1938,0.9453658536585365,0.3491247711483482
