file,nrBest,proportionBest,entropyNrActions
nr_75_id_9_00dd517d9263e62e7a49f491551b1342e988de99_LazyFileHandle_GTSPOON.csv,1501,0.7321951219512195,1.4170548106107055
