file,nrBest,proportionBest,entropyNrActions
nr_11_id_11_0015386f9f07752890355f49666bad06663c0e45_SwapMutationFunctionTester_GTSPOON.csv,2025,0.9878048780487805,0.09146744172688874
