file,nrBest,proportionBest,entropyNrActions
nr_166_id_32_0ea92a9c01bd324856834120d8c2f747f5e0fc13_Select_GTSPOON.csv,1086,0.5297560975609756,1.9210699060136547
