file,nrBest,proportionBest,entropyNrActions
nr_230_id_24_072da3c6286056866e8a6276a0d244891547b7ef_SWFWriter_GTSPOON.csv,151,0.07365853658536585,2.7797486684726938
