file,nrBest,proportionBest,entropyNrActions
nr_508_id_12_057ab91a3373719c820fc6e9e0a7f7957e41e6d4_Graph_GTSPOON.csv,1631,0.795609756097561,0.8906360132613064
