file,nrBest,proportionBest,entropyNrActions
nr_172_id_34_1a41ef20cc4c0e59e506d0c9eca8e926b07b9c8c_Constants_GTSPOON.csv,880,0.4292682926829268,2.2111823298340587
