file,nrBest,proportionBest,entropyNrActions
nr_68_id_25_0228e847a75bf8c9bee1c2eed3290a9f11b335d6_SqlStatement_GTSPOON.csv,2027,0.988780487804878,0.08876265500169683
