file,nrBest,proportionBest,entropyNrActions
nr_426_id_33_34fb31a877e70c606cb69a14ae52d353127e8194_Constants_GTSPOON.csv,1542,0.7521951219512195,0.8710850319347084
