file,nrBest,proportionBest,entropyNrActions
nr_358_id_8_02f9614ce38b4dbba92412529e81094408575e94_APIClass_GTSPOON.csv,1301,0.6346341463414634,1.5686709451662642
