file,nrBest,proportionBest,entropyNrActions
nr_253_id_13_039362b5719f98b38e495d1d4b666bcc50166a68_SimpleMVIConfig_GTSPOON.csv,154,0.07512195121951219,2.122764710929816
