file,nrBest,proportionBest,entropyNrActions
nr_176_id_33_160153025b0d62b3779cc358d84492e1f7b6968a_JavaScriptJobManagerImpl_GTSPOON.csv,434,0.21170731707317073,2.1545952234111456
