file,nrBest,proportionBest,entropyNrActions
nr_228_id_38_98c89a7b7dc72a5e49716cf595801e785500a426_CombatTest_GTSPOON.csv,756,0.36878048780487804,2.0544164959887414
