file,nrBest,proportionBest,entropyNrActions
nr_681_id_2_017673a63de377e05e096f445c426ef4bec97858_GdxLwjglCursorManager_GTSPOON.csv,1920,0.9365853658536586,0.41618174893728405
