file,nrBest,proportionBest,entropyNrActions
nr_464_id_33_38748c59ca8c50028eb748035faf241bad4d9450_Pop3Store_GTSPOON.csv,24,0.011707317073170732,3.0959627348394614
