file,nrBest,proportionBest,entropyNrActions
nr_316_id_20_0629c94114894cf6a7e6de4b312a2768bc82fb46_MultiIndexScanFormatter_GTSPOON.csv,1629,0.7946341463414635,0.9353857130014954
