file,nrBest,proportionBest,entropyNrActions
nr_80_id_8_00af3ee76237de1f4392438c58f31fd3211478b7_VideoEditorActivity_GTSPOON.csv,194,0.09463414634146342,3.0078439443280334
