file,nrBest,proportionBest,entropyNrActions
nr_381_id_12_0420fd7d0bbd2752020f9663bcbea4c599d720b0_Canvas3DImpl_GTSPOON.csv,1199,0.5848780487804878,1.9017029405079082
