file,nrBest,proportionBest,entropyNrActions
nr_93_id_35_11ecf308db084a2b04466d319c924fa071330028_ContentProposerParser_GTSPOON.csv,160,0.07804878048780488,3.093188918956889
