file,nrBest,proportionBest,entropyNrActions
nr_198_id_24_062bf17ec29a1f04fb94a6ce07179400d8d08e96_LoreCommands_GTSPOON.csv,1735,0.8463414634146341,0.8026487174031168
