file,nrBest,proportionBest,entropyNrActions
nr_23_id_24_00b9d1f3d1aa5928eb773f90b8ae1bc985841a44_PreferenceDialog_GTSPOON.csv,143,0.06975609756097562,3.0095756778659437
