file,nrBest,proportionBest,entropyNrActions
nr_3_id_26_00270d9b898692de21cff8ec74491da6b53a9106_PrivateMessagesTool_GTSPOON.csv,127,0.06195121951219512,2.5236313731932967
