file,nrBest,proportionBest,entropyNrActions
nr_435_id_30_1a3a4b2ac1e6b02653c79557129202e7c64e64af_StatementTransformer_GTSPOON.csv,76,0.037073170731707315,3.577901619071017
