file,nrBest,proportionBest,entropyNrActions
nr_177_id_27_0805ae155d37aa0e83953d74619ba3380c083f2d_ChatHandler_GTSPOON.csv,114,0.055609756097560976,2.140408510904148
