file,nrBest,proportionBest,entropyNrActions
nr_50_id_9_009d0b9e46704193ef65d9b106439bbadd251474_BarPlotExampleActivity_GTSPOON.csv,1564,0.7629268292682927,1.2438142599924724
