file,nrBest,proportionBest,entropyNrActions
nr_110_id_38_4820e031e99f278482a170a07d5e5a6026dddb37_AudioService_GTSPOON.csv,15,0.007317073170731708,3.802727104964054
