file,nrBest,proportionBest,entropyNrActions
nr_139_id_39_e06dc13968961eb7aa61c8d93b30744111524847_StaticProperties_GTSPOON.csv,1393,0.6795121951219513,1.3504360660965988
