file,nrBest,proportionBest,entropyNrActions
nr_283_id_9_036665afaca74c15943846b00a25111c788b52c9_Compilatron_GTSPOON.csv,1715,0.8365853658536585,0.7416298278793555
