file,nrBest,proportionBest,entropyNrActions
nr_147_id_11_01e2ce4012fca082da948b76634484e21130ea5f_CARTDurationModeller_GTSPOON.csv,1384,0.6751219512195122,1.529519089099242
