file,nrBest,proportionBest,entropyNrActions
nr_465_id_31_206df1bd5741424e3eadd4fcbb38411547a85379_TcpTransportBindTest_GTSPOON.csv,2025,0.9878048780487805,0.08576850294553967
