file,nrBest,proportionBest,entropyNrActions
nr_223_id_28_09aef2f6450d48cf97a42b50649e3d59e07f00c2_DirectivesTest_GTSPOON.csv,1618,0.7892682926829269,0.7304342788735807
