file,nrBest,proportionBest,entropyNrActions
nr_391_id_6_0262041e4cdcfd65ae586b5e1b674a9e753d5304_BigDecimalMathUtils_GTSPOON.csv,1629,0.7946341463414635,1.0553714311867708
