file,nrBest,proportionBest,entropyNrActions
nr_159_id_3_010e878c138c20e32612557b4e95c53824722482_Pray_GTSPOON.csv,1436,0.7004878048780487,1.3586828615909747
