file,nrBest,proportionBest,entropyNrActions
nr_24_id_17_006d7e0f3b9102e593874457752ad20874fc0355_SparseIndexedVector_GTSPOON.csv,368,0.1795121951219512,2.9619014414936755
