file,nrBest,proportionBest,entropyNrActions
nr_310_id_31_158ef34fb8c7c8d95dd92606d66b8a78f98a9f4f_GLJPanel_GTSPOON.csv,188,0.09170731707317073,2.566003823435981
