file,nrBest,proportionBest,entropyNrActions
nr_240_id_22_062da8f0a7c6317993b21de94073067a90f39645_SM_VERSION_CHECK_GTSPOON.csv,1820,0.8878048780487805,0.6003411020440721
