file,nrBest,proportionBest,entropyNrActions
nr_705_id_4_02bf7c0e23c3c0b719bcd42b5a68a898d15b83e0_PopupMenu_GTSPOON.csv,375,0.18292682926829268,1.2690643258031593
