file,nrBest,proportionBest,entropyNrActions
nr_195_id_35_256574358b481bc105dd049a84976ac98e5736f4_DelegatingItemWriter_GTSPOON.csv,200,0.0975609756097561,0.46097446150911286
