file,nrBest,proportionBest,entropyNrActions
nr_108_id_23_03266b7f1b163f6729910743da3bd1dda2b60cfa_BitmapUtils_GTSPOON.csv,832,0.4058536585365854,2.459758281172494
