file,nrBest,proportionBest,entropyNrActions
nr_399_id_26_0d8ea21cb3858a52021d114ddf6a6842c9088b44_DAVPath_GTSPOON.csv,972,0.4741463414634146,2.364256695644348
