file,nrBest,proportionBest,entropyNrActions
nr_118_id_17_024342250205157f6f625809f876b769d86b364e_ImportManualJobTest_GTSPOON.csv,1284,0.6263414634146341,1.4788582944567543
