file,nrBest,proportionBest,entropyNrActions
nr_472_id_35_5a2f79298f94991713a24db1af61d4f6941d1b0e_ClassDescriptor_GTSPOON.csv,219,0.10682926829268292,2.09795065947597
