file,nrBest,proportionBest,entropyNrActions
nr_449_id_32_26c9c761051ea2c0e3a5d3aa5e800666f349e33c_HtmlSelectTest_GTSPOON.csv,1302,0.6351219512195122,1.264620736826196
