file,nrBest,proportionBest,entropyNrActions
nr_614_id_7_065c37ac7fa394cd3f70753b0d0be1eae232c94a_Generator_GTSPOON.csv,1839,0.8970731707317073,0.5960119284968733
