file,nrBest,proportionBest,entropyNrActions
nr_435_id_34_3cc9c940b0b8707f545d02721c85b98d2f125ac5_BasePersist_GTSPOON.csv,526,0.25658536585365854,1.8456765798243335
