file,nrBest,proportionBest,entropyNrActions
nr_344_id_22_089a629c6b364ece5cf0290b6fe627868566509a_HeadMojo_GTSPOON.csv,354,0.17268292682926828,1.874680207619487
