file,nrBest,proportionBest,entropyNrActions
nr_539_id_34_491dd3d5c589e3d718293718fe718949610de0c3_AppConnectionManager_GTSPOON.csv,185,0.09024390243902439,2.5563912665481183
