file,nrBest,proportionBest,entropyNrActions
nr_55_id_29_0357a3652679c4d4945faebc121b2bc82afd3dc8_SiteAction_GTSPOON.csv,6,0.002926829268292683,3.4398780026019615
