file,nrBest,proportionBest,entropyNrActions
nr_150_id_29_089eb4662d8d4d8792730b2cc3d5863f53639b35_ProxyingHelper_GTSPOON.csv,679,0.33121951219512197,1.517736821614852
