file,nrBest,proportionBest,entropyNrActions
nr_168_id_26_066f80c24e6c77d7242f2c3de32a202f4c43f200_RemoteTransfer_GTSPOON.csv,1725,0.8414634146341463,0.8721750981982037
