file,nrBest,proportionBest,entropyNrActions
nr_3_id_30_0044854ea788e4a4508521fe3915500a9d0d7e63_IncrementalLocator_GTSPOON.csv,1734,0.8458536585365853,0.8161361996690003
