file,nrBest,proportionBest,entropyNrActions
nr_139_id_27_0625f8da451b1eb7b20708602c1bb7cc0166c975_SerialPortManager_GTSPOON.csv,17,0.008292682926829269,1.5923943922692558
