file,nrBest,proportionBest,entropyNrActions
nr_11_id_17_003a088d618996477a2e780b118add8576456716_PerfTestRunnable_GTSPOON.csv,1727,0.8424390243902439,0.8332800522536629
