file,nrBest,proportionBest,entropyNrActions
nr_77_id_17_015f9c4351a9638e034eee000d6a566b344c23d4_RemotingServiceImpl_GTSPOON.csv,354,0.17268292682926828,2.3016172619402266
