file,nrBest,proportionBest,entropyNrActions
nr_203_id_1_027211b8276c408e5299eb21c0cd3f670e1f41d4_UhcMatch_GTSPOON.csv,199,0.09707317073170732,2.490824804633724
