file,nrBest,proportionBest,entropyNrActions
nr_212_id_22_05338c0e514d1a26b05b991b5d8ad2b11af66bc7_ContextType_GTSPOON.csv,1600,0.7804878048780488,0.7518996357966984
