file,nrBest,proportionBest,entropyNrActions
nr_65_id_14_00e91015e52f57522d2c45d6c143c73e44149a1e_DigitalAssetController_GTSPOON.csv,120,0.05853658536585366,3.050452925651391
