file,nrBest,proportionBest,entropyNrActions
nr_134_id_1_01794d68781dd8b327cee22bd4e038fcd6737e07_ShoppingNear_GTSPOON.csv,760,0.37073170731707317,1.3519949948904932
