file,nrBest,proportionBest,entropyNrActions
nr_399_id_21_0a620c82428b08bf648a0cedacf6df6ed0170a2f_Analyze_GTSPOON.csv,153,0.07463414634146341,2.727079081326134
