file,nrBest,proportionBest,entropyNrActions
nr_360_id_22_08e42a6c0b035ff8030ed253d9f1f56d5f908f91_SchemaChangeClient_GTSPOON.csv,517,0.2521951219512195,2.8150828584101335
