file,nrBest,proportionBest,entropyNrActions
nr_546_id_30_20cc9d93484acbef9d24d3fc98c2d344017d7630_BundleFileStore_GTSPOON.csv,352,0.17170731707317075,1.2426728370200975
