file,nrBest,proportionBest,entropyNrActions
nr_98_id_13_016ba772b5fe728f26a8341572c42a4430b190cc_TOF_GTSPOON.csv,101,0.04926829268292683,3.8254745403716686
