file,nrBest,proportionBest,entropyNrActions
nr_179_id_32_0ff1e673abe35d42e60208b8ec6c2f5f66435955_LittleEndian_GTSPOON.csv,1248,0.608780487804878,1.629618563430045
