file,nrBest,proportionBest,entropyNrActions
nr_514_id_28_17047344b446f52aef9198c744cdc5696076bff9_TestFragFile_GTSPOON.csv,2025,0.9878048780487805,0.09420617290421632
