file,nrBest,proportionBest,entropyNrActions
nr_376_id_8_031a5b4ce90e4c19fbb4ca6ad067656b04bd3507_BitString_GTSPOON.csv,5,0.0024390243902439024,1.412938775553269
