file,nrBest,proportionBest,entropyNrActions
nr_500_id_35_5f7255d76bef07013f75e7f410189ea91f80efc2_DecisionTableUtil_GTSPOON.csv,1062,0.5180487804878049,1.7301346858412205
