file,nrBest,proportionBest,entropyNrActions
nr_579_id_7_0605a0517a6d1b57d4fc027be01f5b639c81de05_SimpleSearchTest_GTSPOON.csv,2025,0.9878048780487805,0.09041270316879112
