file,nrBest,proportionBest,entropyNrActions
nr_11_id_35_0259e41bec904a4add1785eec424483747da5566_ExtensionManager_GTSPOON.csv,351,0.17121951219512196,2.846202284769006
