file,nrBest,proportionBest,entropyNrActions
nr_66_id_13_00fcb49a4cf68b973ac488520f3ed20444c02f8d_LauncherModel_GTSPOON.csv,200,0.0975609756097561,2.6152940050915583
