file,nrBest,proportionBest,entropyNrActions
nr_297_id_22_079a3c509c5cb27a5135cc78985c0f3065300343_FavoriteUserPropertyDescriptor_GTSPOON.csv,2030,0.9902439024390244,0.06746234918043406
