file,nrBest,proportionBest,entropyNrActions
nr_411_id_5_0371d3d745b82f808cb7555203e908b1309843ab_ModuleManagerWindow_GTSPOON.csv,152,0.07414634146341463,2.7844738111786285
