file,nrBest,proportionBest,entropyNrActions
nr_432_id_34_3c2f956166324087afa954289c161f5c0ffed61c_PasswordHintController_GTSPOON.csv,1727,0.8424390243902439,0.7011405487194748
