file,nrBest,proportionBest,entropyNrActions
nr_379_id_22_093124796214ba0bb7ca03d887dff63fc1e15bd1_NumericMethodsTest_GTSPOON.csv,120,0.05853658536585366,2.3450160241112004
