file,nrBest,proportionBest,entropyNrActions
nr_58_id_31_048c31efc7c2286c6d7b0bab0d2531a91c77c0f4_Main_GTSPOON.csv,2025,0.9878048780487805,0.09581389820470623
