file,nrBest,proportionBest,entropyNrActions
nr_292_id_20_05a3000ed6092c0010f996a9b7c2493124c3c134_InstallAppProgress_GTSPOON.csv,366,0.17853658536585365,1.6581513562948031
