file,nrBest,proportionBest,entropyNrActions
nr_443_id_25_0fdca2ead0161416cb5b775cd2181a02c597ec69_GhcMessages_GTSPOON.csv,1833,0.8941463414634147,0.4680549329166938
