file,nrBest,proportionBest,entropyNrActions
nr_406_id_9_04b4698187b9d697d3cc4588c891c62dd108a690_RegistryMessages_GTSPOON.csv,1833,0.8941463414634147,0.5146291403528995
