file,nrBest,proportionBest,entropyNrActions
nr_63_id_18_0104ed59a6808c1261256346d96602548552f7fa_SettingsActivity_GTSPOON.csv,2005,0.9780487804878049,0.127941343075536
