file,nrBest,proportionBest,entropyNrActions
nr_480_id_19_0b48d61257739a21f92ced672e9035210c44d698_ChatHandler_GTSPOON.csv,1484,0.7239024390243902,1.1283940372020926
