file,nrBest,proportionBest,entropyNrActions
nr_194_id_31_0da6510ee00391d5bf77a94bd970ab33b8b219fd_ProjectPanel_GTSPOON.csv,179,0.0873170731707317,3.4388615215420937
