file,nrBest,proportionBest,entropyNrActions
nr_599_id_11_0887bf9e44e2681534f2beb2fd82eb61d30b1238_Example_GTSPOON.csv,2014,0.9824390243902439,0.10898379259076602
