file,nrBest,proportionBest,entropyNrActions
nr_247_id_30_0f71d288c5323d1ad5aa4745410f47b5bc5bd153_Main_GTSPOON.csv,5,0.0024390243902439024,2.4686348901967365
