file,nrBest,proportionBest,entropyNrActions
nr_239_id_8_0202a0afd686ccf08780226e7440f95959df98c0_Field_GTSPOON.csv,1033,0.5039024390243902,1.8146311147179253
