file,nrBest,proportionBest,entropyNrActions
nr_518_id_30_1f81c0542e7850695c65309227f740fc4140469c_AccessibilitySettings_GTSPOON.csv,153,0.07463414634146341,2.2900960951358584
