file,nrBest,proportionBest,entropyNrActions
nr_39_id_28_01d7edd1212d030591768d83b1d09a65fe3f9b2d_DisplayMediator_GTSPOON.csv,1093,0.5331707317073171,1.9061176150424266
