file,nrBest,proportionBest,entropyNrActions
nr_225_id_14_03510d0e2982a5c1c3e1bbd4fc04889ef0d11c36_ClassInfoImpl_GTSPOON.csv,10,0.004878048780487805,2.761667933552517
