file,nrBest,proportionBest,entropyNrActions
nr_123_id_27_0559e2c690f9800c1b0ec2d75c1cf5d2ab80b1c5_FGearJoint_GTSPOON.csv,145,0.07073170731707316,0.9006010569257759
