file,nrBest,proportionBest,entropyNrActions
nr_468_id_7_04e7760985f09c50b3e450720c44462001b745df_StructuredFilePropertyTester_GTSPOON.csv,1913,0.9331707317073171,0.39070036862568125
