file,nrBest,proportionBest,entropyNrActions
nr_140_id_23_043cecc737d90a2f445627d3ca3a2f2278ca28c8_DispatcherHelper_GTSPOON.csv,1064,0.5190243902439025,2.0128227738264997
