file,nrBest,proportionBest,entropyNrActions
nr_231_id_20_047f49ab6702c269c30fbf80d2a8633da5efc8a9_GROneGame_GTSPOON.csv,24,0.011707317073170732,3.8876854993122456
