file,nrBest,proportionBest,entropyNrActions
nr_399_id_31_1c0e69576dc3b81ec2e76f1ec57578954965b7f8_SIPBalancerForwarder_GTSPOON.csv,117,0.05707317073170732,3.3156406574169153
