file,nrBest,proportionBest,entropyNrActions
nr_81_id_25_02aedd78653054711ce511352c4215bd27e2d155_Main_GTSPOON.csv,747,0.364390243902439,2.551349903247496
