file,nrBest,proportionBest,entropyNrActions
nr_204_id_29_0b8e8c311a2986f7650879fcb64a775c37855a37_SpielerDetailPanel_GTSPOON.csv,40,0.01951219512195122,2.7752283148384467
