file,nrBest,proportionBest,entropyNrActions
nr_30_id_27_01755b3d991f2619010ab8556939c68a7a615d57_DatabaseTestUtil_GTSPOON.csv,1565,0.7634146341463415,1.1550017354306537
