file,nrBest,proportionBest,entropyNrActions
nr_422_id_27_130d322d5e7f720062e0be8bea0da9ff37547035_SVNTranslator_GTSPOON.csv,24,0.011707317073170732,3.2632090983948685
