file,nrBest,proportionBest,entropyNrActions
nr_283_id_21_0771a7fd31fadd7772ac376c708cf670a3169f4b_Config_GTSPOON.csv,1462,0.713170731707317,1.3520555416623463
