file,nrBest,proportionBest,entropyNrActions
nr_111_id_28_04ffa9374293b5edd69f4f560b02f512a8fa9442_QRCodeEncoder_GTSPOON.csv,932,0.45463414634146343,1.9506539627260961
