file,nrBest,proportionBest,entropyNrActions
nr_158_id_2_004ed7b16db715a705e3a423b65997bde56bf384_CLProgram_GTSPOON.csv,171,0.08341463414634147,2.5676392883347647
