file,nrBest,proportionBest,entropyNrActions
nr_484_id_24_0e992cc4dbbab61d708ef366236e37d6355042c2_SearchEngine_GTSPOON.csv,431,0.21024390243902438,2.6082126115651425
