file,nrBest,proportionBest,entropyNrActions
nr_228_id_24_0722c08e21691dc02e05172f782e3586a26eef0e_AgentGroupAddViewBean_GTSPOON.csv,1393,0.6795121951219513,1.267573366335576
