file,nrBest,proportionBest,entropyNrActions
nr_111_id_19_02af61935a6beb70e3b8225fd715f35c8761d6f0_ErrorDialog_GTSPOON.csv,1269,0.6190243902439024,1.6545962954720843
