file,nrBest,proportionBest,entropyNrActions
nr_125_id_12_0170e8c55ead9783569ad9e2030a45376a30c902_UndoableAddNode_GTSPOON.csv,1718,0.8380487804878048,0.8621516131885372
