file,nrBest,proportionBest,entropyNrActions
nr_309_id_13_0487e6a238157f798398c5d6544b9a6f61dfe702_Scene_GTSPOON.csv,1062,0.5180487804878049,1.865910632008958
