file,nrBest,proportionBest,entropyNrActions
nr_97_id_28_046666a7154ca2301c7f14a569d0298e53e82851_MavenCli_GTSPOON.csv,5,0.0024390243902439024,3.193645690240609
