file,nrBest,proportionBest,entropyNrActions
nr_157_id_11_01ffdb3c422cb7a063364207764fabe5cd6df727_CombatService_GTSPOON.csv,209,0.10195121951219512,2.5441763759434086
