file,nrBest,proportionBest,entropyNrActions
nr_466_id_3_0313f56664c16bb13f74821b50087997c7ce1463_MessageView_GTSPOON.csv,197,0.09609756097560976,3.199844986920164
