file,nrBest,proportionBest,entropyNrActions
nr_546_id_28_186100f10bd9134bdb36327bd7c3141492c538a7_ApplicationMetaDataGenerator_GTSPOON.csv,216,0.10536585365853658,3.5591539791019096
