file,nrBest,proportionBest,entropyNrActions
nr_88_id_21_0278aa50b236d65d317cfbdda11b7bd0f9d83217_StreamedContent_GTSPOON.csv,2015,0.9829268292682927,0.10520570474832268
