file,nrBest,proportionBest,entropyNrActions
nr_431_id_24_0d164417f4cd2a053781a83635a1f4dc252cb643_BioDataServerPanel6_GTSPOON.csv,1,0.0004878048780487805,3.222852643708478
