file,nrBest,proportionBest,entropyNrActions
nr_527_id_8_043f31f56001bd26b328491329d9521d15c05355_NotificationController_GTSPOON.csv,180,0.08780487804878048,2.509705760554946
