file,nrBest,proportionBest,entropyNrActions
nr_337_id_26_0b9c00727fba1f647bce70513b31421dc70aa24a_SVCovergroupParser_GTSPOON.csv,1210,0.5902439024390244,1.7111897519928347
