file,nrBest,proportionBest,entropyNrActions
nr_294_id_27_0cded23777306962f92a6d9a017fe9ff4b8ea0be_BaseActivity_GTSPOON.csv,1916,0.9346341463414635,0.4131489241120236
