file,nrBest,proportionBest,entropyNrActions
nr_458_id_21_0ba6b372a22844bc058e2b0f139fbfd6181b1c2b_MobileTemplate_GTSPOON.csv,1843,0.8990243902439025,0.5486555820440765
