file,nrBest,proportionBest,entropyNrActions
nr_233_id_29_0d928cbf175f56680251eecc321c4fce9e5be152_EncogWorkBench_GTSPOON.csv,1266,0.6175609756097561,1.663299424089141
