file,nrBest,proportionBest,entropyNrActions
nr_84_id_18_019d149719896d4c13db0f4bc2b8bd00b528d662_PhotoResource_GTSPOON.csv,2000,0.975609756097561,0.16347980709030954
