file,nrBest,proportionBest,entropyNrActions
nr_195_id_2_005caf171ce1d15b96d1d07d35f78ac2711fa91b_ECUEditor_GTSPOON.csv,910,0.44390243902439025,2.1281170241138634
