file,nrBest,proportionBest,entropyNrActions
nr_216_id_32_13a7f2f059781edc7e56d548e92019f018d227b0_JacksonIntegrationTest_GTSPOON.csv,1539,0.7507317073170732,1.1402952298178568
