file,nrBest,proportionBest,entropyNrActions
nr_173_id_20_03543731bc0a843ec7336d5be4815c62f94d9932_ApolloThreadPool_GTSPOON.csv,1940,0.9463414634146341,0.2944808161991565
