file,nrBest,proportionBest,entropyNrActions
nr_517_id_37_e72d2e42a0937c82a6b36e3dc3a1d6e16b6b8605_DTDParserTest_GTSPOON.csv,2000,0.975609756097561,0.1668130979682707
