file,nrBest,proportionBest,entropyNrActions
nr_337_id_20_069292fe97592a41d539b790b32c936c8e256466_DeviceRecognitionInterceptor_GTSPOON.csv,1998,0.9746341463414634,0.1608260309251019
