file,nrBest,proportionBest,entropyNrActions
nr_472_id_34_40550c52c445cae9e0fb58008baf903891d208a9_LaserScanMotion_GTSPOON.csv,1386,0.6760975609756098,1.4419084748182045
