file,nrBest,proportionBest,entropyNrActions
nr_505_id_11_07042b918ae668e6a396da09161dcb04d2dfa38c_PanelManager_GTSPOON.csv,1474,0.7190243902439024,1.326757107228309
