file,nrBest,proportionBest,entropyNrActions
nr_1_id_24_0001fe9c55fbcc6ef311b88e32e99fce25430dcf_Node_GTSPOON.csv,106,0.05170731707317073,2.537306125885464
