file,nrBest,proportionBest,entropyNrActions
nr_408_id_2_00d993b526169c6a4afbde8f03a2018977049a8f_ClaudiaClient_GTSPOON.csv,16,0.007804878048780488,2.8147950725062083
