file,nrBest,proportionBest,entropyNrActions
nr_384_id_5_031f27ad7d510978681bec9ad365808ea4fe9312_DatabaseAccess_GTSPOON.csv,1573,0.7673170731707317,1.0783155693043216
