file,nrBest,proportionBest,entropyNrActions
nr_26_id_17_008c9a5414d57d86aa7c17e08170858263a89a09_ScheduleParamsWizardPanel_GTSPOON.csv,1819,0.8873170731707317,0.5954674380925449
