file,nrBest,proportionBest,entropyNrActions
nr_27_id_29_019c976364314aa16e53e8af31616ab902711288_PackageInstallerActivity_GTSPOON.csv,741,0.36146341463414633,2.6549760271643845
