file,nrBest,proportionBest,entropyNrActions
nr_130_id_33_10cc6d2e1a4dd82b1d283e64c73f770ae0d688e4_DutyList_GTSPOON.csv,152,0.07414634146341463,2.9961869050825483
