file,nrBest,proportionBest,entropyNrActions
nr_374_id_17_075074aefc7aadf3c00581886aa007179ec46c83_CodeGenerator_GTSPOON.csv,96,0.04682926829268293,2.9502591895654895
