file,nrBest,proportionBest,entropyNrActions
nr_287_id_18_05b5d1275664b0e1c7a0e6efd838236f47bf43ac_ResNode_GTSPOON.csv,1161,0.5663414634146341,1.7057624820732837
