file,nrBest,proportionBest,entropyNrActions
nr_477_id_2_00fc9a06b2b9ce5590bcdf3560b17ac84552f780_ComputeInfo_GTSPOON.csv,1745,0.8512195121951219,0.7641860084717523
