file,nrBest,proportionBest,entropyNrActions
nr_378_id_14_058b19fc83c5f1f0cd85015e26d386554f2fc23a_PlayerActivity_GTSPOON.csv,111,0.054146341463414634,2.571806668594814
