file,nrBest,proportionBest,entropyNrActions
nr_119_id_21_034f3b3c6b8c9f4b22563e570ed81a83c49733d8_Window_GTSPOON.csv,120,0.05853658536585366,2.7888253716850127
