file,nrBest,proportionBest,entropyNrActions
nr_22_id_5_0040185597e1590bff9c40fe66029abaf8839adb_UserEndpointTest_GTSPOON.csv,1445,0.7048780487804878,1.3674072655154497
