file,nrBest,proportionBest,entropyNrActions
nr_385_id_11_054dbcdcdd74d1e422726e7b78d0c174497e7eca_OpenOnHelper_GTSPOON.csv,1620,0.7902439024390244,0.5968894824193712
