file,nrBest,proportionBest,entropyNrActions
nr_235_id_5_01e88535476b969e63dabd50f56ebb726e42a8ae_ClueGameFactory_GTSPOON.csv,2020,0.9853658536585366,0.10448963257688838
