file,nrBest,proportionBest,entropyNrActions
nr_111_id_2_00342bb79413471ee5ffd963c87ae95b5ade1deb_LaneManager_GTSPOON.csv,1932,0.9424390243902439,0.35090028784824945
