file,nrBest,proportionBest,entropyNrActions
nr_1_id_16_00025f86bf9820db44f400c20c7a1c89fb7ac844_Maze_GTSPOON.csv,1067,0.5204878048780488,1.6994202523744526
