file,nrBest,proportionBest,entropyNrActions
nr_9_id_15_0022418ba0eedf71aeb9de10fd2c79923d0cab65_VMRuntime_GTSPOON.csv,1939,0.9458536585365853,0.31517317741060275
