file,nrBest,proportionBest,entropyNrActions
nr_392_id_8_0335655c66cf8f165c18c5d9c6c8281fbfb1f8a7_Validator_GTSPOON.csv,1810,0.8829268292682927,0.6764161399479248
