file,nrBest,proportionBest,entropyNrActions
nr_495_id_11_06cd2e6e655ada9ad882150fcabf16db1b26398d_Edit_card_GTSPOON.csv,1620,0.7902439024390244,1.028969839765434
