file,nrBest,proportionBest,entropyNrActions
nr_31_id_6_003b89f90462d2d61f073af7ab96778e7be94aaa_War_GTSPOON.csv,199,0.09707317073170732,2.5789889264898758
