file,nrBest,proportionBest,entropyNrActions
nr_484_id_15_08f6cee2afa0d765c766c08162c78ecb3695d556_GameManager_GTSPOON.csv,1201,0.5858536585365853,1.7228219720747864
