file,nrBest,proportionBest,entropyNrActions
nr_180_id_20_036e32b99d339a285a253a359c80f7f0a1c4e5a1_MapProxySupport_GTSPOON.csv,119,0.05804878048780488,2.887847288490846
