file,nrBest,proportionBest,entropyNrActions
nr_80_id_20_0181a499dcd13932cc5ade9fbc0dc796e73e6044_SettingsTest_GTSPOON.csv,1368,0.6673170731707317,1.4100741907779453
