file,nrBest,proportionBest,entropyNrActions
nr_114_id_12_0151fd8f64af33a4bebf66afa6f1b9cd436eb59c_PoolV4_GTSPOON.csv,121,0.059024390243902436,2.3804844973384798
