file,nrBest,proportionBest,entropyNrActions
nr_209_id_20_03fb71f294a1b1ca369d62a33109a020cd680ac1_MavenUtil_GTSPOON.csv,1659,0.8092682926829269,1.0704655509910634
