file,nrBest,proportionBest,entropyNrActions
nr_68_id_1_00c30876e12cce21d52f4f6b403c752697cf03a4_AlignmentState_GTSPOON.csv,1292,0.6302439024390244,1.5793603539493226
